[INFO] Scanning for projects...
[INFO] 
[INFO] ---------------------< com.objwww.pr:control-app >----------------------
[INFO] Building control-app 0.0.1-SNAPSHOT
[INFO]   from pom.xml
[INFO] --------------------------------[ jar ]---------------------------------
[INFO] 
[INFO] --- clean:3.4.1:clean (default-clean) @ control-app ---
[INFO] Deleting /opt/build/pr/control-app/target
[INFO] 
[INFO] --- resources:3.3.1:resources (default-resources) @ control-app ---
[INFO] Copying 3 resources from src/main/resources to target/classes
[INFO] Copying 36 resources from src/main/resources to target/classes
[INFO] 
[INFO] --- compiler:3.13.0:compile (default-compile) @ control-app ---
[INFO] Recompiling the module because of changed source code.
[INFO] Compiling 360 source files with javac [debug parameters release 21] to target/classes
[WARNING] /opt/build/pr/control-app/src/main/java/com/objwww/pr/control/infrastructure/model/RawHttpErrorCapture.java:[23,17] handleError(org.springframework.http.client.ClientHttpResponse) in org.springframework.web.client.ResponseErrorHandler has been deprecated and marked for removal
[INFO] /opt/build/pr/control-app/src/main/java/com/objwww/pr/control/alert/application/agent/SingleToolEvidenceAgent.java: Some input files use unchecked or unsafe operations.
[INFO] /opt/build/pr/control-app/src/main/java/com/objwww/pr/control/alert/application/agent/SingleToolEvidenceAgent.java: Recompile with -Xlint:unchecked for details.
[INFO] 
[INFO] --- resources:3.3.1:testResources (default-testResources) @ control-app ---
[INFO] Copying 5 resources from src/test/resources to target/test-classes
[INFO] 
[INFO] --- compiler:3.13.0:testCompile (default-testCompile) @ control-app ---
[INFO] Recompiling the module because of changed dependency.
[INFO] Compiling 180 source files with javac [debug parameters release 21] to target/test-classes
[INFO] /opt/build/pr/control-app/src/test/java/com/objwww/pr/control/alert/application/tool/ToolGatewayTest.java: Some input files use or override a deprecated API.
[INFO] /opt/build/pr/control-app/src/test/java/com/objwww/pr/control/alert/application/tool/ToolGatewayTest.java: Recompile with -Xlint:deprecation for details.
[INFO] /opt/build/pr/control-app/src/test/java/com/objwww/pr/control/alert/application/PlanCompilerTest.java: Some input files use unchecked or unsafe operations.
[INFO] /opt/build/pr/control-app/src/test/java/com/objwww/pr/control/alert/application/PlanCompilerTest.java: Recompile with -Xlint:unchecked for details.
[INFO] 
[INFO] --- surefire:3.5.3:test (default-test) @ control-app ---
[INFO] Using auto detected provider org.apache.maven.surefire.junitplatform.JUnitPlatformProvider
[INFO] 
[INFO] -------------------------------------------------------
[INFO]  T E S T S
[INFO] -------------------------------------------------------
[INFO] Running com.objwww.pr.control.domain.ai.CircuitBreakerTest
[INFO] Tests run: 10, Failures: 0, Errors: 0, Skipped: 0, Time elapsed: 0.381 s -- in com.objwww.pr.control.domain.ai.CircuitBreakerTest
[INFO] Running com.objwww.pr.control.domain.ai.ModelRouterTest
[INFO] Tests run: 31, Failures: 0, Errors: 0, Skipped: 0, Time elapsed: 0.089 s -- in com.objwww.pr.control.domain.ai.ModelRouterTest
[INFO] Running com.objwww.pr.control.domain.ai.PricingServiceTest
[INFO] Tests run: 7, Failures: 0, Errors: 0, Skipped: 0, Time elapsed: 0.034 s -- in com.objwww.pr.control.domain.ai.PricingServiceTest
[INFO] Running com.objwww.pr.control.domain.ai.ModelStepBudgetGuardTest
[INFO] Tests run: 7, Failures: 0, Errors: 0, Skipped: 0, Time elapsed: 0.022 s -- in com.objwww.pr.control.domain.ai.ModelStepBudgetGuardTest
[INFO] Running com.objwww.pr.control.release.domain.model.ConfigBundleTest
[INFO] Tests run: 6, Failures: 0, Errors: 0, Skipped: 0, Time elapsed: 0.073 s -- in com.objwww.pr.control.release.domain.model.ConfigBundleTest
[INFO] Running com.objwww.pr.control.release.domain.service.CanaryBucketerTest
[INFO] Tests run: 7, Failures: 0, Errors: 0, Skipped: 0, Time elapsed: 0.123 s -- in com.objwww.pr.control.release.domain.service.CanaryBucketerTest
[INFO] Running com.objwww.pr.control.release.domain.service.CanaryWindowEvaluatorTest
[INFO] Tests run: 9, Failures: 0, Errors: 0, Skipped: 0, Time elapsed: 0.049 s -- in com.objwww.pr.control.release.domain.service.CanaryWindowEvaluatorTest
[INFO] Running com.objwww.pr.control.release.application.ConfigBundleServiceTest
08:18:52.131 [main] INFO com.objwww.pr.control.release.application.ConfigBundleService -- bundle 发布: 30ad808ed98886e339611e59f7bac711638e216776d0231c3aad2a5fe468382c revision=1 by=op policy=policy-2026-09
08:18:52.135 [main] INFO com.objwww.pr.control.release.application.ConfigBundleService -- bundle 发布: be840a4ff5d98fc58380e1ed2d6501f2a7edb25711430dc0e9023b687140db80 revision=2 by=op policy=policy-2026-09
08:18:52.136 [main] INFO com.objwww.pr.control.release.application.ConfigBundleService -- activate 落位: 30ad808ed98886e339611e59f7bac711638e216776d0231c3aad2a5fe468382c revision=1 by=op
08:18:52.139 [main] INFO com.objwww.pr.control.release.application.ConfigBundleService -- bundle 发布: 30ad808ed98886e339611e59f7bac711638e216776d0231c3aad2a5fe468382c revision=1 by=op policy=policy-2026-09
08:18:52.139 [main] INFO com.objwww.pr.control.release.application.ConfigBundleService -- activate 落位: 30ad808ed98886e339611e59f7bac711638e216776d0231c3aad2a5fe468382c revision=1 by=op
08:18:52.140 [main] INFO com.objwww.pr.control.release.application.ConfigBundleService -- bundle 发布: 30ad808ed98886e339611e59f7bac711638e216776d0231c3aad2a5fe468382c revision=1 by=op policy=policy-2026-09
08:18:52.140 [main] INFO com.objwww.pr.control.release.application.ConfigBundleService -- activate 落位: 30ad808ed98886e339611e59f7bac711638e216776d0231c3aad2a5fe468382c revision=1 by=op
08:18:52.153 [main] INFO com.objwww.pr.control.release.application.ConfigBundleService -- bundle 发布: 30ad808ed98886e339611e59f7bac711638e216776d0231c3aad2a5fe468382c revision=1 by=op policy=policy-2026-09
08:18:52.153 [main] INFO com.objwww.pr.control.release.application.ConfigBundleService -- bundle 发布: be840a4ff5d98fc58380e1ed2d6501f2a7edb25711430dc0e9023b687140db80 revision=2 by=op policy=policy-2026-09
08:18:52.153 [main] INFO com.objwww.pr.control.release.application.ConfigBundleService -- activate 落位: 30ad808ed98886e339611e59f7bac711638e216776d0231c3aad2a5fe468382c revision=1 by=op
08:18:52.153 [main] INFO com.objwww.pr.control.release.application.ConfigBundleService -- activate 落位: be840a4ff5d98fc58380e1ed2d6501f2a7edb25711430dc0e9023b687140db80 revision=2 by=op
08:18:52.154 [main] INFO com.objwww.pr.control.release.application.ConfigBundleService -- rollback 落位: 30ad808ed98886e339611e59f7bac711638e216776d0231c3aad2a5fe468382c revision=1 by=release-operator
08:18:52.158 [main] INFO com.objwww.pr.control.release.application.ConfigBundleService -- bundle 发布: 30ad808ed98886e339611e59f7bac711638e216776d0231c3aad2a5fe468382c revision=1 by=release-operator policy=policy-2026-09
08:18:52.159 [main] INFO com.objwww.pr.control.release.application.ConfigBundleService -- bundle 幂等重放: 30ad808ed98886e339611e59f7bac711638e216776d0231c3aad2a5fe468382c revision=1 by=release-operator
08:18:52.159 [main] INFO com.objwww.pr.control.release.application.ConfigBundleService -- bundle 发布: be840a4ff5d98fc58380e1ed2d6501f2a7edb25711430dc0e9023b687140db80 revision=2 by=release-operator policy=policy-2026-09
08:18:52.161 [main] INFO com.objwww.pr.control.release.application.ConfigBundleService -- bundle 发布: 30ad808ed98886e339611e59f7bac711638e216776d0231c3aad2a5fe468382c revision=1 by=op policy=policy-2026-09
08:18:52.162 [main] INFO com.objwww.pr.control.release.application.ConfigBundleService -- bundle 发布: be840a4ff5d98fc58380e1ed2d6501f2a7edb25711430dc0e9023b687140db80 revision=2 by=op policy=policy-2026-09
08:18:52.162 [main] INFO com.objwww.pr.control.release.application.ConfigBundleService -- activate 落位: 30ad808ed98886e339611e59f7bac711638e216776d0231c3aad2a5fe468382c revision=1 by=release-operator
08:18:52.163 [main] INFO com.objwww.pr.control.release.application.ConfigBundleService -- activate 落位: be840a4ff5d98fc58380e1ed2d6501f2a7edb25711430dc0e9023b687140db80 revision=2 by=release-operator
[INFO] Tests run: 7, Failures: 0, Errors: 0, Skipped: 0, Time elapsed: 0.078 s -- in com.objwww.pr.control.release.application.ConfigBundleServiceTest
[INFO] Running com.objwww.pr.control.release.application.EngineComparisonRecorderTest
[INFO] Tests run: 6, Failures: 0, Errors: 0, Skipped: 0, Time elapsed: 0.248 s -- in com.objwww.pr.control.release.application.EngineComparisonRecorderTest
[INFO] Running com.objwww.pr.control.release.application.CanaryRouterTest
08:18:52.462 [main] WARN com.objwww.pr.control.release.application.CanaryRouter -- canary 爆炸半径达上限，自动停放量: nativeRuns=1 cap=1 bundle=be2802f5ee3f3cd8b48e8bc1048f8896d2f57a771f977c998321f60f5eca0d3d
08:18:52.462 [main] WARN com.objwww.pr.control.release.application.CanaryRouter -- canary 爆炸半径达上限，自动停放量: nativeRuns=1 cap=1 bundle=be2802f5ee3f3cd8b48e8bc1048f8896d2f57a771f977c998321f60f5eca0d3d
[INFO] Tests run: 11, Failures: 0, Errors: 0, Skipped: 0, Time elapsed: 0.056 s -- in com.objwww.pr.control.release.application.CanaryRouterTest
[INFO] Running com.objwww.pr.control.release.interfaces.ConfigBundleControllerTest
08:18:52.909 [main] INFO org.springframework.mock.web.MockServletContext -- Initializing Spring TestDispatcherServlet ''
08:18:52.909 [main] INFO org.springframework.test.web.servlet.TestDispatcherServlet -- Initializing Servlet ''
08:18:52.911 [main] INFO org.springframework.test.web.servlet.TestDispatcherServlet -- Completed initialization in 2 ms
08:18:53.082 [main] INFO org.springframework.mock.web.MockServletContext -- Initializing Spring TestDispatcherServlet ''
08:18:53.082 [main] INFO org.springframework.test.web.servlet.TestDispatcherServlet -- Initializing Servlet ''
08:18:53.082 [main] INFO org.springframework.test.web.servlet.TestDispatcherServlet -- Completed initialization in 0 ms
08:18:53.092 [main] INFO com.objwww.pr.control.release.application.ConfigBundleService -- bundle 发布: 30ad808ed98886e339611e59f7bac711638e216776d0231c3aad2a5fe468382c revision=1 by=release-operator policy=policy-2026-09
08:18:53.143 [main] INFO com.objwww.pr.control.release.application.ConfigBundleService -- bundle 发布: be840a4ff5d98fc58380e1ed2d6501f2a7edb25711430dc0e9023b687140db80 revision=2 by=release-operator policy=policy-2026-09
08:18:53.148 [main] INFO com.objwww.pr.control.release.interfaces.ConfigBundleController -- config-bundle activate: digest=30ad808ed98886e339611e59f7bac711638e216776d0231c3aad2a5fe468382c body-keys=[]
08:18:53.148 [main] INFO com.objwww.pr.control.release.application.ConfigBundleService -- activate 落位: 30ad808ed98886e339611e59f7bac711638e216776d0231c3aad2a5fe468382c revision=1 by=release-operator
08:18:53.152 [main] INFO com.objwww.pr.control.release.interfaces.ConfigBundleController -- config-bundle activate: digest=be840a4ff5d98fc58380e1ed2d6501f2a7edb25711430dc0e9023b687140db80 body-keys=[]
08:18:53.152 [main] INFO com.objwww.pr.control.release.application.ConfigBundleService -- activate 落位: be840a4ff5d98fc58380e1ed2d6501f2a7edb25711430dc0e9023b687140db80 revision=2 by=release-operator
08:18:53.158 [main] INFO com.objwww.pr.control.release.interfaces.ConfigBundleController -- config-bundle rollback: digest=30ad808ed98886e339611e59f7bac711638e216776d0231c3aad2a5fe468382c body-keys=[toDigest]
08:18:53.158 [main] INFO com.objwww.pr.control.release.application.ConfigBundleService -- rollback 落位: 30ad808ed98886e339611e59f7bac711638e216776d0231c3aad2a5fe468382c revision=1 by=release-operator
08:18:53.164 [main] INFO com.objwww.pr.control.release.interfaces.ConfigBundleController -- config-bundle rollback: digest=null body-keys=[]
08:18:53.179 [main] INFO org.springframework.mock.web.MockServletContext -- Initializing Spring TestDispatcherServlet ''
08:18:53.179 [main] INFO org.springframework.test.web.servlet.TestDispatcherServlet -- Initializing Servlet ''
08:18:53.179 [main] INFO org.springframework.test.web.servlet.TestDispatcherServlet -- Completed initialization in 0 ms
08:18:53.187 [main] INFO com.objwww.pr.control.release.application.ConfigBundleService -- bundle 发布: 30ad808ed98886e339611e59f7bac711638e216776d0231c3aad2a5fe468382c revision=1 by=release-operator policy=policy-2026-09
08:18:53.191 [main] INFO com.objwww.pr.control.release.interfaces.ConfigBundleController -- config-bundle activate: digest=30ad808ed98886e339611e59f7bac711638e216776d0231c3aad2a5fe468382c body-keys=[]
08:18:53.191 [main] INFO com.objwww.pr.control.release.application.ConfigBundleService -- activate 落位: 30ad808ed98886e339611e59f7bac711638e216776d0231c3aad2a5fe468382c revision=1 by=release-operator
08:18:53.208 [main] INFO org.springframework.mock.web.MockServletContext -- Initializing Spring TestDispatcherServlet ''
08:18:53.208 [main] INFO org.springframework.test.web.servlet.TestDispatcherServlet -- Initializing Servlet ''
08:18:53.208 [main] INFO org.springframework.test.web.servlet.TestDispatcherServlet -- Completed initialization in 0 ms
08:18:53.255 [main] INFO org.springframework.mock.web.MockServletContext -- Initializing Spring TestDispatcherServlet ''
08:18:53.255 [main] INFO org.springframework.test.web.servlet.TestDispatcherServlet -- Initializing Servlet ''
08:18:53.255 [main] INFO org.springframework.test.web.servlet.TestDispatcherServlet -- Completed initialization in 0 ms
08:18:53.260 [main] INFO com.objwww.pr.control.release.application.ConfigBundleService -- bundle 发布: 30ad808ed98886e339611e59f7bac711638e216776d0231c3aad2a5fe468382c revision=1 by=release-operator policy=policy-2026-09
08:18:53.269 [main] INFO com.objwww.pr.control.release.application.ConfigBundleService -- bundle 幂等重放: 30ad808ed98886e339611e59f7bac711638e216776d0231c3aad2a5fe468382c revision=1 by=release-operator
08:18:53.287 [main] INFO org.springframework.mock.web.MockServletContext -- Initializing Spring TestDispatcherServlet ''
08:18:53.287 [main] INFO org.springframework.test.web.servlet.TestDispatcherServlet -- Initializing Servlet ''
08:18:53.287 [main] INFO org.springframework.test.web.servlet.TestDispatcherServlet -- Completed initialization in 0 ms
08:18:53.294 [main] INFO com.objwww.pr.control.release.application.ConfigBundleService -- bundle 发布: 30ad808ed98886e339611e59f7bac711638e216776d0231c3aad2a5fe468382c revision=1 by=release-operator policy=policy-2026-09
08:18:53.300 [main] INFO com.objwww.pr.control.release.application.ConfigBundleService -- bundle 发布: be840a4ff5d98fc58380e1ed2d6501f2a7edb25711430dc0e9023b687140db80 revision=2 by=release-operator policy=policy-2026-09
08:18:53.314 [main] INFO com.objwww.pr.control.release.interfaces.ConfigBundleController -- config-bundle activate: digest=30ad808ed98886e339611e59f7bac711638e216776d0231c3aad2a5fe468382c body-keys=[]
08:18:53.315 [main] INFO com.objwww.pr.control.release.application.ConfigBundleService -- activate 落位: 30ad808ed98886e339611e59f7bac711638e216776d0231c3aad2a5fe468382c revision=1 by=release-operator
08:18:53.316 [main] INFO com.objwww.pr.control.release.interfaces.ConfigBundleController -- config-bundle activate: digest=be840a4ff5d98fc58380e1ed2d6501f2a7edb25711430dc0e9023b687140db80 body-keys=[]
08:18:53.316 [main] WARN com.objwww.pr.control.release.application.ConfigBundleService -- activate CAS 竞争失败: target=be840a4ff5d98fc58380e1ed2d6501f2a7edb25711430dc0e9023b687140db80 by=release-operator
08:18:53.333 [main] INFO org.springframework.mock.web.MockServletContext -- Initializing Spring TestDispatcherServlet ''
08:18:53.333 [main] INFO org.springframework.test.web.servlet.TestDispatcherServlet -- Initializing Servlet ''
08:18:53.333 [main] INFO org.springframework.test.web.servlet.TestDispatcherServlet -- Completed initialization in 0 ms
08:18:53.346 [main] INFO com.objwww.pr.control.release.application.ConfigBundleService -- bundle 发布: 30ad808ed98886e339611e59f7bac711638e216776d0231c3aad2a5fe468382c revision=1 by=release-operator policy=policy-2026-09
08:18:53.352 [main] INFO com.objwww.pr.control.release.interfaces.ConfigBundleController -- config-bundle activate: digest=30ad808ed98886e339611e59f7bac711638e216776d0231c3aad2a5fe468382c body-keys=[]
08:18:53.352 [main] INFO com.objwww.pr.control.release.application.ConfigBundleService -- activate 落位: 30ad808ed98886e339611e59f7bac711638e216776d0231c3aad2a5fe468382c revision=1 by=release-operator
08:18:53.355 [main] INFO com.objwww.pr.control.release.interfaces.ConfigBundleController -- config-bundle activate: digest=30ad808ed98886e339611e59f7bac711638e216776d0231c3aad2a5fe468382c body-keys=[]
08:18:53.360 [main] INFO com.objwww.pr.control.release.interfaces.ConfigBundleController -- config-bundle activate: digest=ead6ef03d61ee60c533d6d450c50a1e559a8a37f6b796a4094cd0dac6b744428 body-keys=[]
[INFO] Tests run: 7, Failures: 0, Errors: 0, Skipped: 0, Time elapsed: 0.884 s -- in com.objwww.pr.control.release.interfaces.ConfigBundleControllerTest
[INFO] Running com.objwww.pr.control.release.interfaces.CanaryStatusControllerTest
08:18:53.384 [main] INFO org.springframework.mock.web.MockServletContext -- Initializing Spring TestDispatcherServlet ''
08:18:53.385 [main] INFO org.springframework.test.web.servlet.TestDispatcherServlet -- Initializing Servlet ''
08:18:53.385 [main] INFO org.springframework.test.web.servlet.TestDispatcherServlet -- Completed initialization in 0 ms
08:18:53.411 [main] INFO org.springframework.mock.web.MockServletContext -- Initializing Spring TestDispatcherServlet ''
08:18:53.411 [main] INFO org.springframework.test.web.servlet.TestDispatcherServlet -- Initializing Servlet ''
08:18:53.412 [main] INFO org.springframework.test.web.servlet.TestDispatcherServlet -- Completed initialization in 1 ms
08:18:53.490 [main] INFO org.springframework.mock.web.MockServletContext -- Initializing Spring TestDispatcherServlet ''
08:18:53.490 [main] INFO org.springframework.test.web.servlet.TestDispatcherServlet -- Initializing Servlet ''
08:18:53.490 [main] INFO org.springframework.test.web.servlet.TestDispatcherServlet -- Completed initialization in 0 ms
08:18:53.517 [main] INFO org.springframework.mock.web.MockServletContext -- Initializing Spring TestDispatcherServlet ''
08:18:53.517 [main] INFO org.springframework.test.web.servlet.TestDispatcherServlet -- Initializing Servlet ''
08:18:53.517 [main] INFO org.springframework.test.web.servlet.TestDispatcherServlet -- Completed initialization in 0 ms
08:18:53.529 [main] INFO org.springframework.mock.web.MockServletContext -- Initializing Spring TestDispatcherServlet ''
08:18:53.529 [main] INFO org.springframework.test.web.servlet.TestDispatcherServlet -- Initializing Servlet ''
08:18:53.530 [main] INFO org.springframework.test.web.servlet.TestDispatcherServlet -- Completed initialization in 1 ms
[INFO] Tests run: 5, Failures: 0, Errors: 0, Skipped: 0, Time elapsed: 0.167 s -- in com.objwww.pr.control.release.interfaces.CanaryStatusControllerTest
[INFO] Running com.objwww.pr.control.eval.domain.statemachine.GoldenCandidateStateMachineTest
[INFO] Tests run: 2, Failures: 0, Errors: 0, Skipped: 0, Time elapsed: 0.013 s -- in com.objwww.pr.control.eval.domain.statemachine.GoldenCandidateStateMachineTest
[INFO] Running com.objwww.pr.control.eval.domain.ScenarioMetricsTest
[INFO] Tests run: 5, Failures: 0, Errors: 0, Skipped: 0, Time elapsed: 0.016 s -- in com.objwww.pr.control.eval.domain.ScenarioMetricsTest
[INFO] Running com.objwww.pr.control.eval.domain.SynonymLexiconTest
[INFO] Tests run: 5, Failures: 0, Errors: 0, Skipped: 0, Time elapsed: 0.089 s -- in com.objwww.pr.control.eval.domain.SynonymLexiconTest
[INFO] Running com.objwww.pr.control.eval.domain.litellm.UsageLedgerReconcilerTest
[INFO] Tests run: 12, Failures: 0, Errors: 0, Skipped: 0, Time elapsed: 0.047 s -- in com.objwww.pr.control.eval.domain.litellm.UsageLedgerReconcilerTest
[INFO] Running com.objwww.pr.control.eval.domain.GoldenScenarioRegistryTest
[INFO] Tests run: 4, Failures: 0, Errors: 0, Skipped: 0, Time elapsed: 0.037 s -- in com.objwww.pr.control.eval.domain.GoldenScenarioRegistryTest
[INFO] Running com.objwww.pr.control.eval.domain.port.DatasetAdapterTest
[INFO] Tests run: 5, Failures: 0, Errors: 0, Skipped: 0, Time elapsed: 0.012 s -- in com.objwww.pr.control.eval.domain.port.DatasetAdapterTest
[INFO] Running com.objwww.pr.control.eval.domain.model.SamplingFingerprintTest
[INFO] Tests run: 6, Failures: 0, Errors: 0, Skipped: 0, Time elapsed: 0.017 s -- in com.objwww.pr.control.eval.domain.model.SamplingFingerprintTest
[INFO] Running com.objwww.pr.control.eval.domain.model.EvalCaseV1Test
[INFO] Tests run: 3, Failures: 0, Errors: 0, Skipped: 0, Time elapsed: 0.003 s -- in com.objwww.pr.control.eval.domain.model.EvalCaseV1Test
[INFO] Running com.objwww.pr.control.eval.domain.model.DatasetVersionTest
[INFO] Tests run: 3, Failures: 0, Errors: 0, Skipped: 0, Time elapsed: 0.005 s -- in com.objwww.pr.control.eval.domain.model.DatasetVersionTest
[INFO] Running com.objwww.pr.control.eval.domain.model.CaseVersionTest
[INFO] Tests run: 4, Failures: 0, Errors: 0, Skipped: 0, Time elapsed: 0.005 s -- in com.objwww.pr.control.eval.domain.model.CaseVersionTest
[INFO] Running com.objwww.pr.control.eval.domain.EvalRunMetadataTest
[INFO] Tests run: 4, Failures: 0, Errors: 0, Skipped: 0, Time elapsed: 0.014 s -- in com.objwww.pr.control.eval.domain.EvalRunMetadataTest
[INFO] Running com.objwww.pr.control.eval.domain.EvalCaseResultTest
[INFO] Tests run: 3, Failures: 0, Errors: 0, Skipped: 0, Time elapsed: 0.008 s -- in com.objwww.pr.control.eval.domain.EvalCaseResultTest
[INFO] Running com.objwww.pr.control.eval.domain.service.SafetyGateTest
[INFO] Tests run: 8, Failures: 0, Errors: 0, Skipped: 0, Time elapsed: 0.025 s -- in com.objwww.pr.control.eval.domain.service.SafetyGateTest
[INFO] Running com.objwww.pr.control.eval.domain.service.QualityGateTest
[INFO] Tests run: 13, Failures: 0, Errors: 0, Skipped: 0, Time elapsed: 0.015 s -- in com.objwww.pr.control.eval.domain.service.QualityGateTest
[INFO] Running com.objwww.pr.control.eval.domain.service.SixDimEvaluatorTest
[INFO] Tests run: 11, Failures: 0, Errors: 0, Skipped: 0, Time elapsed: 0.013 s -- in com.objwww.pr.control.eval.domain.service.SixDimEvaluatorTest
[INFO] Running com.objwww.pr.control.eval.domain.service.HypothesisSearchServiceTest
[INFO] Tests run: 5, Failures: 0, Errors: 0, Skipped: 0, Time elapsed: 0.008 s -- in com.objwww.pr.control.eval.domain.service.HypothesisSearchServiceTest
[INFO] Running com.objwww.pr.control.eval.domain.service.PairedTrialStatsTest
[INFO] Tests run: 8, Failures: 0, Errors: 0, Skipped: 0, Time elapsed: 0.024 s -- in com.objwww.pr.control.eval.domain.service.PairedTrialStatsTest
[INFO] Running com.objwww.pr.control.eval.infrastructure.adapter.OrderArenaAdapterTest
[INFO] Tests run: 2, Failures: 0, Errors: 0, Skipped: 0, Time elapsed: 0.003 s -- in com.objwww.pr.control.eval.infrastructure.adapter.OrderArenaAdapterTest
[INFO] Running com.objwww.pr.control.eval.infrastructure.adapter.RcaEvalAdapterTest
[INFO] Tests run: 1, Failures: 0, Errors: 0, Skipped: 0, Time elapsed: 0.001 s -- in com.objwww.pr.control.eval.infrastructure.adapter.RcaEvalAdapterTest
[INFO] Running com.objwww.pr.control.eval.infrastructure.adapter.Rca100AdapterTest
[INFO] Tests run: 3, Failures: 0, Errors: 0, Skipped: 0, Time elapsed: 0.005 s -- in com.objwww.pr.control.eval.infrastructure.adapter.Rca100AdapterTest
[INFO] Running com.objwww.pr.control.eval.infrastructure.identity.DatasetPartitionAccessTest
[INFO] Tests run: 4, Failures: 0, Errors: 0, Skipped: 0, Time elapsed: 0.018 s -- in com.objwww.pr.control.eval.infrastructure.identity.DatasetPartitionAccessTest
[INFO] Running com.objwww.pr.control.eval.application.UsageLedgerServiceTest
08:18:53.950 [main] WARN com.objwww.pr.control.eval.application.UsageLedgerService -- SpendLogs 查询失败，usage 对账降级 UNMATCHED（run=4d6e6540-90b7-43e7-b87a-78b265dd883d）: LiteLLM /spend/logs 调用失败: HTTP 500
08:18:53.952 [main] WARN com.objwww.pr.control.eval.application.UsageLedgerService -- usage 对账: run=4d6e6540-90b7-43e7-b87a-78b265dd883d 取得 proxy 行数=1
08:18:53.953 [main] WARN com.objwww.pr.control.eval.application.UsageLedgerService -- LiteLLM 未配置（app.alert.eval.litellm.base-url 为空），usage 对账按 chain③ 降级 UNMATCHED/BEST_EFFORT
08:18:53.954 [main] WARN com.objwww.pr.control.eval.application.UsageLedgerService -- LiteLLM 未配置（app.alert.eval.litellm.base-url 为空），usage 对账按 chain③ 降级 UNMATCHED/BEST_EFFORT
08:18:53.957 [main] WARN com.objwww.pr.control.eval.application.UsageLedgerService -- usage_json 解析失败按 usage_missing 落账: attempt=72208bd2-ff4a-4705-9923-a26ada9780f2
08:18:53.958 [main] WARN com.objwww.pr.control.eval.application.UsageLedgerService -- LiteLLM 未配置（app.alert.eval.litellm.base-url 为空），usage 对账按 chain③ 降级 UNMATCHED/BEST_EFFORT
[INFO] Tests run: 5, Failures: 0, Errors: 0, Skipped: 0, Time elapsed: 0.016 s -- in com.objwww.pr.control.eval.application.UsageLedgerServiceTest
[INFO] Running com.objwww.pr.control.eval.application.BaselineReportGeneratorTest
[INFO] Tests run: 5, Failures: 0, Errors: 0, Skipped: 0, Time elapsed: 0.014 s -- in com.objwww.pr.control.eval.application.BaselineReportGeneratorTest
[INFO] Running com.objwww.pr.control.eval.application.EvalGateRunnerTest
[INFO] Tests run: 4, Failures: 0, Errors: 0, Skipped: 0, Time elapsed: 0.013 s -- in com.objwww.pr.control.eval.application.EvalGateRunnerTest
[INFO] Running com.objwww.pr.control.eval.application.SingleCaseScorerTest
[INFO] Tests run: 6, Failures: 0, Errors: 0, Skipped: 0, Time elapsed: 0.038 s -- in com.objwww.pr.control.eval.application.SingleCaseScorerTest
[INFO] Running com.objwww.pr.control.eval.application.FinalReportSelectorTest
[INFO] Tests run: 3, Failures: 0, Errors: 0, Skipped: 0, Time elapsed: 0.014 s -- in com.objwww.pr.control.eval.application.FinalReportSelectorTest
[INFO] Running com.objwww.pr.control.eval.application.ScenarioEvaluatorTest
[INFO] Tests run: 5, Failures: 0, Errors: 0, Skipped: 0, Time elapsed: 0.009 s -- in com.objwww.pr.control.eval.application.ScenarioEvaluatorTest
[INFO] Running com.objwww.pr.control.eval.application.EvalBatchRunnerTest
08:18:54.065 [main] WARN com.objwww.pr.control.eval.application.EvalBatchRunner -- 场景 S1 第 1 轮注入失败: flagd admin down
[INFO] Tests run: 4, Failures: 0, Errors: 0, Skipped: 0, Time elapsed: 0.038 s -- in com.objwww.pr.control.eval.application.EvalBatchRunnerTest
[INFO] Running com.objwww.pr.control.eval.application.GoldenCandidateServiceTest
[INFO] Tests run: 8, Failures: 0, Errors: 0, Skipped: 0, Time elapsed: 0.015 s -- in com.objwww.pr.control.eval.application.GoldenCandidateServiceTest
[INFO] Running com.objwww.pr.control.eval.application.EvalRunnerProfileIsolationTest
[INFO] Tests run: 2, Failures: 0, Errors: 0, Skipped: 0, Time elapsed: 0.677 s -- in com.objwww.pr.control.eval.application.EvalRunnerProfileIsolationTest
[INFO] Running com.objwww.pr.control.infrastructure.config.AlertAm4ConfigTest
[INFO] Tests run: 4, Failures: 0, Errors: 0, Skipped: 0, Time elapsed: 0.009 s -- in com.objwww.pr.control.infrastructure.config.AlertAm4ConfigTest
[INFO] Running com.objwww.pr.control.infrastructure.config.EngineComparisonRecorderWiringTest
[INFO] Tests run: 2, Failures: 0, Errors: 0, Skipped: 0, Time elapsed: 0.006 s -- in com.objwww.pr.control.infrastructure.config.EngineComparisonRecorderWiringTest
[INFO] Running com.objwww.pr.control.infrastructure.config.NativeCapabilityProbeTest
[INFO] Tests run: 5, Failures: 0, Errors: 0, Skipped: 0, Time elapsed: 0.004 s -- in com.objwww.pr.control.infrastructure.config.NativeCapabilityProbeTest
[INFO] Running com.objwww.pr.control.infrastructure.litellm.HttpLiteLlmAdminClientTest
[INFO] Tests run: 4, Failures: 0, Errors: 0, Skipped: 0, Time elapsed: 0.188 s -- in com.objwww.pr.control.infrastructure.litellm.HttpLiteLlmAdminClientTest
[INFO] Running com.objwww.pr.control.infrastructure.nativeexec.NativeInvestigationExecutorTest
08:18:55.056 [main] INFO com.objwww.pr.control.alert.application.DeterministicSupervisor -- {"event":"am4_run_reporting","ts":"2026-09-09T00:18:55.055858110Z","run_id":"75e81354-88e0-4418-9515-19c4aeb479cb"}
08:18:55.056 [main] INFO com.objwww.pr.control.alert.application.DeterministicSupervisor -- run 75e81354-88e0-4418-9515-19c4aeb479cb 全任务终态 → REPORTING（报告链组装）
08:18:55.089 [main] INFO com.objwww.pr.control.infrastructure.nativeexec.NativeInvestigationExecutor -- native 全链完成 run=75e81354-88e0-4418-9515-19c4aeb479cb reportOutcome=CONFIRMED claims=1 validation=STRUCTURE_VALIDATED 快照=6582eb7268b061d956d770afc2cfeb4f2b9435fa97143db05f1e256d97a047d7
08:18:55.096 [main] INFO com.objwww.pr.control.alert.application.RcaRunOrchestrator -- {"event":"rca_task_decision","ts":"2026-09-09T00:18:55.096241780Z","latency_ms":0,"attempt_id":"e0cc640a-acaf-4d2e-8973-c4c5d9204b52","task_id":"8083dbeb-b1d7-432a-b37a-277451c4d8e5","run_id":"75e81354-88e0-4418-9515-19c4aeb479cb","decision":"COMPLETED"}
08:18:55.101 [main] INFO com.objwww.pr.control.alert.application.DeterministicSupervisor -- {"event":"am4_plan_rejected","ts":"2026-09-09T00:18:55.101318254Z","reason":"schema_version 必须为 am4-plan.v1，实际: bogus","run_id":"8879628f-7c8b-4093-811c-4b290c67f0cf"}
08:18:55.101 [main] WARN com.objwww.pr.control.alert.application.DeterministicSupervisor -- run 8879628f-7c8b-4093-811c-4b290c67f0cf 提案被确定性拒绝 → FAILED（schema_version 必须为 am4-plan.v1，实际: bogus）
[INFO] Tests run: 3, Failures: 0, Errors: 0, Skipped: 0, Time elapsed: 0.093 s -- in com.objwww.pr.control.infrastructure.nativeexec.NativeInvestigationExecutorTest
[INFO] Running com.objwww.pr.control.infrastructure.persistence.Am5MigrationContractTest
[INFO] Tests run: 21, Failures: 0, Errors: 0, Skipped: 0, Time elapsed: 0.056 s -- in com.objwww.pr.control.infrastructure.persistence.Am5MigrationContractTest
[INFO] Running com.objwww.pr.control.infrastructure.persistence.Am6MigrationContractTest
[INFO] Tests run: 8, Failures: 0, Errors: 0, Skipped: 0, Time elapsed: 0.016 s -- in com.objwww.pr.control.infrastructure.persistence.Am6MigrationContractTest
[INFO] Running com.objwww.pr.control.infrastructure.persistence.PostgresClaimTaskKeyFilterContractTest
[INFO] Tests run: 2, Failures: 0, Errors: 0, Skipped: 0, Time elapsed: 0.006 s -- in com.objwww.pr.control.infrastructure.persistence.PostgresClaimTaskKeyFilterContractTest
[INFO] Running com.objwww.pr.control.infrastructure.persistence.M7MigrationContractTest
[INFO] Tests run: 7, Failures: 0, Errors: 0, Skipped: 0, Time elapsed: 0.019 s -- in com.objwww.pr.control.infrastructure.persistence.M7MigrationContractTest
[INFO] Running com.objwww.pr.control.infrastructure.persistence.PostgresArchiveManifestRepositoryFenceTest
[INFO] Tests run: 1, Failures: 0, Errors: 0, Skipped: 0, Time elapsed: 0.003 s -- in com.objwww.pr.control.infrastructure.persistence.PostgresArchiveManifestRepositoryFenceTest
[INFO] Running com.objwww.pr.control.infrastructure.selfcheck.ControlSelfCheckTest
08:18:55.253 [main] INFO com.objwww.pr.control.infrastructure.selfcheck.StartupSelfCheckRunner -- [control] 启动自检通过（B25 运行时门）
[INFO] Tests run: 6, Failures: 0, Errors: 0, Skipped: 0, Time elapsed: 0.020 s -- in com.objwww.pr.control.infrastructure.selfcheck.ControlSelfCheckTest
[INFO] Running com.objwww.pr.control.infrastructure.tool.PrometheusMetricsWireMockTest
[INFO] Tests run: 3, Failures: 0, Errors: 0, Skipped: 0, Time elapsed: 0.954 s -- in com.objwww.pr.control.infrastructure.tool.PrometheusMetricsWireMockTest
[INFO] Running com.objwww.pr.control.infrastructure.model.ProviderErrorClassifierTest
[INFO] Tests run: 17, Failures: 0, Errors: 0, Skipped: 0, Time elapsed: 0.016 s -- in com.objwww.pr.control.infrastructure.model.ProviderErrorClassifierTest
[INFO] Running com.objwww.pr.control.infrastructure.observability.GatusProbeConfigContractTest
[INFO] Tests run: 4, Failures: 0, Errors: 0, Skipped: 0, Time elapsed: 0.010 s -- in com.objwww.pr.control.infrastructure.observability.GatusProbeConfigContractTest
[INFO] Running com.objwww.pr.control.infrastructure.observability.StructuredLogTest
08:18:56.244 [main] INFO structured-log-test -- {"event":"e","ts":"2026-09-09T00:18:56.244377931Z","error":null}
08:18:56.245 [main] INFO structured-log-test -- {"event":"e","ts":"2026-09-09T00:18:56.245898615Z","secret_like":"quote\" and\nnewline\ttab"}
08:18:56.246 [main] INFO structured-log-test -- {"event":"rca_task_decision","ts":"2026-09-09T00:18:56.246897607Z","run_id":"r-1","decision":"COMPLETED","latency_ms":42}
08:18:56.252 [main] WARN structured-log-test -- structured log 序列化失败 event=e
[INFO] Tests run: 4, Failures: 0, Errors: 0, Skipped: 0, Time elapsed: 0.011 s -- in com.objwww.pr.control.infrastructure.observability.StructuredLogTest
[INFO] Running com.objwww.pr.control.infrastructure.observability.AlertMetricsLabelAllowlistTest
[INFO] Tests run: 3, Failures: 0, Errors: 0, Skipped: 0, Time elapsed: 0.010 s -- in com.objwww.pr.control.infrastructure.observability.AlertMetricsLabelAllowlistTest
[INFO] Running com.objwww.pr.control.infrastructure.observability.ControlCollectorConfigContractTest
[INFO] Tests run: 3, Failures: 0, Errors: 0, Skipped: 0, Time elapsed: 0.004 s -- in com.objwww.pr.control.infrastructure.observability.ControlCollectorConfigContractTest
[INFO] Running com.objwww.pr.control.infrastructure.observability.TracedTasksTest
Sep 09, 2026 8:18:56 AM brave.Tracing$LogSpanHandler end
INFO: {"traceId":"4508cca0ef718a4d","id":"4508cca0ef718a4d","name":"parent","timestamp":1788913136293612,"duration":6817,"localEndpoint":{"serviceName":"unknown","ipv4":"172.24.0.1"}}
[INFO] Tests run: 3, Failures: 0, Errors: 0, Skipped: 0, Time elapsed: 0.058 s -- in com.objwww.pr.control.infrastructure.observability.TracedTasksTest
[INFO] Running com.objwww.pr.control.ControlArchitectureTest
08:18:56.344 [main] INFO com.tngtech.archunit.core.PluginLoader -- Detected Java version 21.0.12.1
[INFO] Tests run: 19, Failures: 0, Errors: 0, Skipped: 0, Time elapsed: 3.662 s -- in com.objwww.pr.control.ControlArchitectureTest
[INFO] Running com.objwww.pr.control.alert.domain.statemachine.AlertStateMachineTest
[INFO] Tests run: 8, Failures: 0, Errors: 0, Skipped: 0, Time elapsed: 0.021 s -- in com.objwww.pr.control.alert.domain.statemachine.AlertStateMachineTest
[INFO] Running com.objwww.pr.control.alert.domain.statemachine.RcaStateContractTest
[INFO] Tests run: 8, Failures: 0, Errors: 0, Skipped: 0, Time elapsed: 0.006 s -- in com.objwww.pr.control.alert.domain.statemachine.RcaStateContractTest
[INFO] Running com.objwww.pr.control.alert.domain.agent.AgentProfileTest
[INFO] Tests run: 6, Failures: 0, Errors: 0, Skipped: 0, Time elapsed: 0.009 s -- in com.objwww.pr.control.alert.domain.agent.AgentProfileTest
[INFO] Running com.objwww.pr.control.alert.domain.dag.PlanProposalTest
[INFO] Tests run: 10, Failures: 0, Errors: 0, Skipped: 0, Time elapsed: 0.010 s -- in com.objwww.pr.control.alert.domain.dag.PlanProposalTest
[INFO] Running com.objwww.pr.control.alert.domain.dag.DagTaskStateTest
[INFO] Tests run: 3, Failures: 0, Errors: 0, Skipped: 0, Time elapsed: 0.002 s -- in com.objwww.pr.control.alert.domain.dag.DagTaskStateTest
[INFO] Running com.objwww.pr.control.alert.domain.dag.DagPromoterTest
[INFO] Tests run: 16, Failures: 0, Errors: 0, Skipped: 0, Time elapsed: 0.018 s -- in com.objwww.pr.control.alert.domain.dag.DagPromoterTest
[INFO] Running com.objwww.pr.control.alert.domain.dag.DagCycleDetectorTest
[INFO] Tests run: 10, Failures: 0, Errors: 0, Skipped: 0, Time elapsed: 0.032 s -- in com.objwww.pr.control.alert.domain.dag.DagCycleDetectorTest
[INFO] Running com.objwww.pr.control.alert.domain.tool.ToolReasonCodeTest
[INFO] Tests run: 2, Failures: 0, Errors: 0, Skipped: 0, Time elapsed: 0.002 s -- in com.objwww.pr.control.alert.domain.tool.ToolReasonCodeTest
[INFO] Running com.objwww.pr.control.alert.domain.tool.ToolArgsValidatorTest
[INFO] Tests run: 5, Failures: 0, Errors: 0, Skipped: 0, Time elapsed: 0.021 s -- in com.objwww.pr.control.alert.domain.tool.ToolArgsValidatorTest
[INFO] Running com.objwww.pr.control.alert.domain.tool.InternalCanonicalJsonV1Test
[INFO] Tests run: 9, Failures: 0, Errors: 0, Skipped: 0, Time elapsed: 0.023 s -- in com.objwww.pr.control.alert.domain.tool.InternalCanonicalJsonV1Test
[INFO] Running com.objwww.pr.control.alert.domain.tool.ActionDigestTest
[INFO] Tests run: 7, Failures: 0, Errors: 0, Skipped: 0, Time elapsed: 0.003 s -- in com.objwww.pr.control.alert.domain.tool.ActionDigestTest
[INFO] Running com.objwww.pr.control.alert.domain.tool.ToolPolicyTest
[INFO] Tests run: 3, Failures: 0, Errors: 0, Skipped: 0, Time elapsed: 0.002 s -- in com.objwww.pr.control.alert.domain.tool.ToolPolicyTest
[INFO] Running com.objwww.pr.control.alert.domain.tool.ToolDefinitionTest
[INFO] Tests run: 7, Failures: 0, Errors: 0, Skipped: 0, Time elapsed: 0.009 s -- in com.objwww.pr.control.alert.domain.tool.ToolDefinitionTest
[INFO] Running com.objwww.pr.control.alert.domain.model.EvidencePackageV2ContractTest
[INFO] Tests run: 6, Failures: 0, Errors: 0, Skipped: 0, Time elapsed: 0.011 s -- in com.objwww.pr.control.alert.domain.model.EvidencePackageV2ContractTest
[INFO] Running com.objwww.pr.control.alert.domain.budget.RunBudgetTest
[INFO] Tests run: 11, Failures: 0, Errors: 0, Skipped: 0, Time elapsed: 0.014 s -- in com.objwww.pr.control.alert.domain.budget.RunBudgetTest
[INFO] Running com.objwww.pr.control.alert.domain.budget.DoomLoopGuardTest
[INFO] Tests run: 7, Failures: 0, Errors: 0, Skipped: 0, Time elapsed: 0.011 s -- in com.objwww.pr.control.alert.domain.budget.DoomLoopGuardTest
[INFO] Running com.objwww.pr.control.alert.domain.claim.ClaimReducerTest
[INFO] Tests run: 20, Failures: 0, Errors: 0, Skipped: 0, Time elapsed: 0.018 s -- in com.objwww.pr.control.alert.domain.claim.ClaimReducerTest
[INFO] Running com.objwww.pr.control.alert.domain.claim.ClaimVerdictTest
[INFO] Tests run: 8, Failures: 0, Errors: 0, Skipped: 0, Time elapsed: 0.008 s -- in com.objwww.pr.control.alert.domain.claim.ClaimVerdictTest
[INFO] Running com.objwww.pr.control.alert.domain.claim.ClaimProjectionTest
[INFO] Tests run: 9, Failures: 0, Errors: 0, Skipped: 0, Time elapsed: 0.005 s -- in com.objwww.pr.control.alert.domain.claim.ClaimProjectionTest
[INFO] Running com.objwww.pr.control.alert.domain.claim.ReportAssemblerTest
[INFO] Tests run: 11, Failures: 0, Errors: 0, Skipped: 0, Time elapsed: 0.014 s -- in com.objwww.pr.control.alert.domain.claim.ReportAssemblerTest
[INFO] Running com.objwww.pr.control.alert.domain.claim.ClaimTest
[INFO] Tests run: 7, Failures: 0, Errors: 0, Skipped: 0, Time elapsed: 0.010 s -- in com.objwww.pr.control.alert.domain.claim.ClaimTest
[INFO] Running com.objwww.pr.control.alert.domain.evidence.EvidenceEnvelopeTest
[INFO] Tests run: 6, Failures: 0, Errors: 0, Skipped: 0, Time elapsed: 0.009 s -- in com.objwww.pr.control.alert.domain.evidence.EvidenceEnvelopeTest
[INFO] Running com.objwww.pr.control.alert.domain.evidence.EvidenceSnapshotBuilderTest
[INFO] Tests run: 5, Failures: 0, Errors: 0, Skipped: 0, Time elapsed: 0.006 s -- in com.objwww.pr.control.alert.domain.evidence.EvidenceSnapshotBuilderTest
[INFO] Running com.objwww.pr.control.alert.domain.service.AlertIdentityFactoryTest
[INFO] Tests run: 6, Failures: 0, Errors: 0, Skipped: 0, Time elapsed: 0.007 s -- in com.objwww.pr.control.alert.domain.service.AlertIdentityFactoryTest
[INFO] Running com.objwww.pr.control.alert.domain.service.SlaPolicyTest
[INFO] Tests run: 6, Failures: 0, Errors: 0, Skipped: 0, Time elapsed: 0.011 s -- in com.objwww.pr.control.alert.domain.service.SlaPolicyTest
[INFO] Running com.objwww.pr.control.alert.domain.service.DeferredPolicyTest
[INFO] Tests run: 2, Failures: 0, Errors: 0, Skipped: 0, Time elapsed: 0.002 s -- in com.objwww.pr.control.alert.domain.service.DeferredPolicyTest
[INFO] Running com.objwww.pr.control.alert.domain.service.EvidencePackageValidatorTest
[INFO] Tests run: 19, Failures: 0, Errors: 0, Skipped: 0, Time elapsed: 0.053 s -- in com.objwww.pr.control.alert.domain.service.EvidencePackageValidatorTest
[INFO] Running com.objwww.pr.control.alert.infrastructure.config.AlertConfigBridgeTest
[INFO] Tests run: 3, Failures: 0, Errors: 0, Skipped: 0, Time elapsed: 0.055 s -- in com.objwww.pr.control.alert.infrastructure.config.AlertConfigBridgeTest
[INFO] Running com.objwww.pr.control.alert.infrastructure.selfcheck.AlertSelfCheckTest
[INFO] Tests run: 6, Failures: 0, Errors: 0, Skipped: 0, Time elapsed: 0.013 s -- in com.objwww.pr.control.alert.infrastructure.selfcheck.AlertSelfCheckTest
[INFO] Running com.objwww.pr.control.alert.application.agent.MetricsAgentTest
[INFO] Tests run: 10, Failures: 0, Errors: 0, Skipped: 0, Time elapsed: 0.042 s -- in com.objwww.pr.control.alert.application.agent.MetricsAgentTest
[INFO] Running com.objwww.pr.control.alert.application.agent.ChangeAgentTest
[INFO] Tests run: 4, Failures: 0, Errors: 0, Skipped: 0, Time elapsed: 0.009 s -- in com.objwww.pr.control.alert.application.agent.ChangeAgentTest
[INFO] Running com.objwww.pr.control.alert.application.agent.AgentRegistryTest
[INFO] Tests run: 5, Failures: 0, Errors: 0, Skipped: 0, Time elapsed: 0.008 s -- in com.objwww.pr.control.alert.application.agent.AgentRegistryTest
[INFO] Running com.objwww.pr.control.alert.application.agent.NativeRcaAgentTest
[INFO] Tests run: 6, Failures: 0, Errors: 0, Skipped: 0, Time elapsed: 0.007 s -- in com.objwww.pr.control.alert.application.agent.NativeRcaAgentTest
[INFO] Running com.objwww.pr.control.alert.application.agent.LogsAgentTest
[INFO] Tests run: 5, Failures: 0, Errors: 0, Skipped: 0, Time elapsed: 0.028 s -- in com.objwww.pr.control.alert.application.agent.LogsAgentTest
[INFO] Running com.objwww.pr.control.alert.application.RcaWorkerTest
08:19:00.562 [main] INFO com.objwww.pr.control.alert.application.RcaRunOrchestrator -- {"event":"rca_task_decision","ts":"2026-09-09T00:19:00.562185042Z","latency_ms":0,"attempt_id":"12a8ec49-8d3c-46a9-b3a1-d63a66d51702","task_id":"4dbc5d0f-ff62-453a-89c2-c46bd0ad6149","run_id":"1219e222-3194-438a-a20e-46a92600b5c9","decision":"COMPLETED"}
08:19:00.562 [main] INFO com.objwww.pr.control.alert.application.RcaRunOrchestrator -- incident e890c625-ba37-48df-85a3-40d31aa39874 材料变化，铸 RERUN run
08:19:00.564 [main] INFO com.objwww.pr.control.alert.application.RcaRunOrchestrator -- {"event":"report_publication_loser","ts":"2026-09-09T00:19:00.564113435Z","generation":0,"incident_id":"e890c625-ba37-48df-85a3-40d31aa39874","run_id":"632c64a5-c0f8-44cc-ba6f-939f62ea179d","report_id":"9365971d-f785-463d-a64c-5da95dfa49e5"}
08:19:00.564 [main] INFO com.objwww.pr.control.alert.application.RcaRunOrchestrator -- report 9365971d-f785-463d-a64c-5da95dfa49e5 输给 generation 发布赢家（incident=e890c625-ba37-48df-85a3-40d31aa39874, gen=0），落档不发布
08:19:00.564 [main] INFO com.objwww.pr.control.alert.application.RcaRunOrchestrator -- {"event":"rca_task_decision","ts":"2026-09-09T00:19:00.564409402Z","latency_ms":0,"attempt_id":"0b7b2222-ad5d-44f9-b5c4-e658649cf7b4","task_id":"824fee93-3f36-46a9-9ff3-518ddf0dae11","run_id":"632c64a5-c0f8-44cc-ba6f-939f62ea179d","decision":"COMPLETED"}
08:19:00.572 [main] INFO com.objwww.pr.control.alert.application.RcaRunOrchestrator -- {"event":"rca_task_decision","ts":"2026-09-09T00:19:00.572335943Z","latency_ms":0,"attempt_id":"6991526e-ee4f-4cd9-a819-195fa3194f95","task_id":"22eed41d-2342-4340-afd9-ab11db0df9bd","run_id":"f59e0ac0-ec53-4330-aed5-d74c5357eac4","decision":"RETRY_SCHEDULED"}
08:19:00.572 [main] INFO com.objwww.pr.control.alert.application.RcaRunOrchestrator -- {"event":"rca_task_decision","ts":"2026-09-09T00:19:00.572793085Z","latency_ms":0,"attempt_id":"2e9e9100-1089-4e53-a735-2634049374dd","task_id":"22eed41d-2342-4340-afd9-ab11db0df9bd","run_id":"f59e0ac0-ec53-4330-aed5-d74c5357eac4","decision":"RETRY_SCHEDULED"}
08:19:00.573 [main] INFO com.objwww.pr.control.alert.application.RcaRunOrchestrator -- {"event":"rca_task_decision","ts":"2026-09-09T00:19:00.573136381Z","latency_ms":0,"attempt_id":"07e23071-bdc7-4ccc-8ec1-259a602b0912","task_id":"22eed41d-2342-4340-afd9-ab11db0df9bd","run_id":"f59e0ac0-ec53-4330-aed5-d74c5357eac4","decision":"DEAD"}
08:19:00.577 [main] WARN com.objwww.pr.control.alert.application.RcaWorker -- task 40cf721d-392b-49f7-8281-7cc5fd765660 租约过期回收 owner=worker-a → RETRY_WAIT
08:19:00.577 [main] WARN com.objwww.pr.control.alert.application.RcaWorker -- 悬挂账本 06cddf13-4462-4e41-80cd-dc3d8e6f3997 STARTED→UNKNOWN（崩溃回收）
08:19:00.580 [main] INFO com.objwww.pr.control.alert.application.RcaRunOrchestrator -- {"event":"rca_task_decision","ts":"2026-09-09T00:19:00.580754251Z","latency_ms":0,"attempt_id":"e0dbe922-19f0-4f1f-9a91-6b34d134db74","task_id":"c03f6b31-370e-4e97-8a79-c37ad346388a","run_id":"5bb31fee-0dca-4ec8-bb8b-89ea70ae020c","decision":"COMPLETED"}
08:19:00.583 [main] WARN com.objwww.pr.control.alert.application.RcaWorker -- 悬挂调查记录 d0db9b7d-cbbb-43c5-bca5-ddc1d49a4dae STARTED→UNKNOWN（崩溃回收）
08:19:00.588 [main] INFO com.objwww.pr.control.alert.application.RcaRunOrchestrator -- {"event":"rca_task_decision","ts":"2026-09-09T00:19:00.588236104Z","latency_ms":0,"attempt_id":"4767a665-364a-460e-b5db-ae58a55d0bff","task_id":"347e8c9c-139a-44de-b6f1-86cd9c35b32e","run_id":"b95d0a37-2f22-4300-9332-54056feb99d5","decision":"DEAD"}
08:19:00.590 [main] WARN com.objwww.pr.control.alert.application.RcaWorker -- task f292fc0c-b3db-4884-b3e6-c59ee04b351f 租约过期回收 owner=worker-a → STALE
08:19:00.592 [main] INFO com.objwww.pr.control.alert.application.RcaRunOrchestrator -- {"event":"rca_task_decision","ts":"2026-09-09T00:19:00.592387945Z","latency_ms":0,"attempt_id":"4e554729-a9f4-4af9-8e5c-ff488bdae3da","task_id":"c3395ab7-a9a9-4962-b054-b2e7f30b4b75","run_id":"16026645-7384-4fae-9e90-7f893c66217a","decision":"COMPLETED"}
08:19:00.594 [main] INFO com.objwww.pr.control.alert.application.RcaRunOrchestrator -- {"event":"rca_task_decision","ts":"2026-09-09T00:19:00.594191794Z","latency_ms":0,"attempt_id":"a9b41a1a-4463-4a08-a03d-03cfc63cc06b","task_id":"f7164ec5-755f-4214-b2ef-146e5aadf049","run_id":"da545106-def1-46eb-b08c-88292e2ef277","decision":"RETRY_SCHEDULED"}
08:19:00.594 [main] INFO com.objwww.pr.control.alert.application.RcaRunOrchestrator -- {"event":"rca_task_decision","ts":"2026-09-09T00:19:00.594599952Z","latency_ms":0,"attempt_id":"564144de-f273-4a83-a6b3-88e460d073d1","task_id":"f7164ec5-755f-4214-b2ef-146e5aadf049","run_id":"da545106-def1-46eb-b08c-88292e2ef277","decision":"COMPLETED"}
08:19:00.596 [main] INFO com.objwww.pr.control.alert.application.RcaRunOrchestrator -- {"event":"rca_task_decision","ts":"2026-09-09T00:19:00.596614437Z","latency_ms":0,"attempt_id":"76c19305-1217-4ec3-87a2-b341077356e3","task_id":"74d1dd19-596a-465b-b97e-3fce77bd21be","run_id":"6afdd788-8761-4a66-a60b-6dfa1f8412ff","decision":"COMPLETED"}
08:19:00.603 [main] INFO com.objwww.pr.control.alert.application.RcaRunOrchestrator -- {"event":"rca_task_decision","ts":"2026-09-09T00:19:00.603398807Z","run_state":"SUPERSEDED","attempt_id":"93341e40-ddb8-44b0-aa6c-abbe9d8d90a1","task_id":"8ea7ccef-29ea-4440-bb2d-ce1025213e93","run_id":"2833a525-a0f9-4743-908d-bfc70b96f6e8","decision":"STALE_GENERATION"}
08:19:00.603 [main] WARN com.objwww.pr.control.alert.application.RcaRunOrchestrator -- task 8ea7ccef-29ea-4440-bb2d-ce1025213e93 旧代结果作废（run 2833a525-a0f9-4743-908d-bfc70b96f6e8 state=SUPERSEDED），task→STALE 零落档
08:19:00.605 [main] WARN com.objwww.pr.control.alert.application.RcaWorker -- task 96d2c13c-c34e-48c1-85ef-25fee758ff09 租约过期回收 owner=worker-a → RETRY_WAIT
08:19:00.605 [main] INFO com.objwww.pr.control.alert.application.RcaRunOrchestrator -- {"event":"rca_task_decision","ts":"2026-09-09T00:19:00.605843563Z","latency_ms":0,"attempt_id":"f545bb67-2b02-4d13-9f6a-6d32be5c598a","task_id":"96d2c13c-c34e-48c1-85ef-25fee758ff09","run_id":"d43a7281-270c-4d19-adc5-6648617b8432","decision":"COMPLETED"}
08:19:00.606 [main] WARN com.objwww.pr.control.alert.application.RcaRunOrchestrator -- task 96d2c13c-c34e-48c1-85ef-25fee758ff09 旧租约提交被拒 owner=worker-a epoch=1
[INFO] Tests run: 13, Failures: 0, Errors: 0, Skipped: 0, Time elapsed: 0.063 s -- in com.objwww.pr.control.alert.application.RcaWorkerTest
[INFO] Running com.objwww.pr.control.alert.application.EventQueryServiceTest
[INFO] Tests run: 5, Failures: 0, Errors: 0, Skipped: 0, Time elapsed: 0.007 s -- in com.objwww.pr.control.alert.application.EventQueryServiceTest
[INFO] Running com.objwww.pr.control.alert.application.EventPayloadSanitizerTest
[INFO] Tests run: 6, Failures: 0, Errors: 0, Skipped: 0, Time elapsed: 0.003 s -- in com.objwww.pr.control.alert.application.EventPayloadSanitizerTest
[INFO] Running com.objwww.pr.control.alert.application.HolmesShadowWorkerTest
08:19:00.624 [main] INFO com.objwww.pr.control.alert.application.HolmesShadowWorker -- {"event":"rca_holmes_shadow_work","ts":"2026-09-09T00:19:00.624773110Z","shadow_key":"holmes-calib:b568c70f-ba97-4214-a237-cff652d6b62d","error_class":"BASELINE_MISSING","outcome":"FAILED"}
08:19:00.626 [main] INFO com.objwww.pr.control.alert.application.HolmesShadowWorker -- {"event":"rca_holmes_shadow_work","ts":"2026-09-09T00:19:00.626716962Z","shadow_run_id":"9a927751-c2b5-4982-a5f6-780c472eb2ab","shadow_key":"holmes-shadow:1bc24a56-7c2b-4c78-905c-7bceb16dcc45","outcome":"COMPARISON_LANDED"}
08:19:00.628 [main] INFO com.objwww.pr.control.alert.application.HolmesShadowWorker -- {"event":"rca_holmes_shadow_work","ts":"2026-09-09T00:19:00.628665792Z","shadow_key":"holmes-shadow:ghost","error_class":"MISSING_ANCHOR","outcome":"FAILED"}
08:19:00.634 [main] INFO com.objwww.pr.control.alert.application.HolmesShadowWorker -- {"event":"rca_holmes_shadow_work","ts":"2026-09-09T00:19:00.633954535Z","shadow_key":"holmes-shadow:9ed842a9-adcd-4bdd-8853-30d2890a18bc","outcome":"CAS_LOST"}
08:19:00.634 [main] INFO com.objwww.pr.control.alert.application.HolmesShadowWorker -- {"event":"rca_holmes_shadow_work","ts":"2026-09-09T00:19:00.634790590Z","shadow_key":"holmes-shadow:f8861596-056a-4807-a291-3935d8561c6b","error_class":"TIMEOUT","outcome":"FAILED"}
08:19:00.635 [main] INFO com.objwww.pr.control.alert.application.HolmesShadowWorker -- {"event":"rca_holmes_shadow_work","ts":"2026-09-09T00:19:00.635397403Z","shadow_key":"holmes-shadow:f8861596-056a-4807-a291-3935d8561c6b","error_class":"TIMEOUT","outcome":"FAILED"}
08:19:00.635 [main] INFO com.objwww.pr.control.alert.application.HolmesShadowWorker -- {"event":"rca_holmes_shadow_work","ts":"2026-09-09T00:19:00.635583103Z","shadow_key":"holmes-shadow:f8861596-056a-4807-a291-3935d8561c6b","error_class":"TIMEOUT","outcome":"FAILED"}
08:19:00.636 [main] INFO com.objwww.pr.control.alert.application.HolmesShadowWorker -- {"event":"rca_holmes_shadow_work","ts":"2026-09-09T00:19:00.636588336Z","shadow_run_id":"c1881408-2316-4c9f-89fc-5457c1ee3217","shadow_key":"holmes-shadow:737acadc-eb91-4c56-bd03-9c787ed4637a","outcome":"COMPARISON_LANDED"}
08:19:00.637 [main] INFO com.objwww.pr.control.alert.application.HolmesShadowWorker -- {"event":"rca_holmes_shadow_work","ts":"2026-09-09T00:19:00.637496167Z","shadow_run_id":"bcf4f776-b226-4312-b023-eaffcd35db12","shadow_key":"holmes-calib:737acadc-eb91-4c56-bd03-9c787ed4637a","outcome":"CALIBRATION_LANDED"}
[INFO] Tests run: 7, Failures: 0, Errors: 0, Skipped: 0, Time elapsed: 0.020 s -- in com.objwww.pr.control.alert.application.HolmesShadowWorkerTest
[INFO] Running com.objwww.pr.control.alert.application.holmes.HolmesEvidenceAdapterTest
[INFO] Tests run: 5, Failures: 0, Errors: 0, Skipped: 0, Time elapsed: 0.018 s -- in com.objwww.pr.control.alert.application.holmes.HolmesEvidenceAdapterTest
[INFO] Running com.objwww.pr.control.alert.application.SseStreamServiceTest
08:19:00.661 [main] WARN com.objwww.pr.control.alert.application.SseStreamService -- sse drain gap: runId=93807295-df7e-4591-87ab-0a8f94510a85 cursor=1 latestSeq=4 → resync
[INFO] Tests run: 4, Failures: 0, Errors: 0, Skipped: 0, Time elapsed: 0.003 s -- in com.objwww.pr.control.alert.application.SseStreamServiceTest
[INFO] Running com.objwww.pr.control.alert.application.PlanCompilerTest
[INFO] Tests run: 8, Failures: 0, Errors: 0, Skipped: 0, Time elapsed: 0.015 s -- in com.objwww.pr.control.alert.application.PlanCompilerTest
[INFO] Running com.objwww.pr.control.alert.application.HolmesShadowSamplerTest
08:19:00.685 [main] INFO com.objwww.pr.control.alert.application.HolmesShadowSampler -- {"event":"rca_holmes_shadow_sample","ts":"2026-09-09T00:19:00.684910562Z","run_id":"6c878ede-fa59-4c75-89f0-db18b3f77043","incident_id":"888a85b2-eecb-4760-a519-db45aa2f72e0","outcome":"DISABLED"}
08:19:00.686 [main] INFO com.objwww.pr.control.alert.application.HolmesShadowSampler -- {"event":"rca_holmes_shadow_sample","ts":"2026-09-09T00:19:00.686423602Z","run_id":"e33b2d97-2a75-4d70-b1db-ac8a41df2646","incident_id":"c989e5a8-8267-4efe-9440-507d5e28426e","outcome":"ENQUEUED"}
08:19:00.686 [main] INFO com.objwww.pr.control.alert.application.HolmesShadowSampler -- {"event":"rca_holmes_shadow_sample","ts":"2026-09-09T00:19:00.686680826Z","run_id":"e33b2d97-2a75-4d70-b1db-ac8a41df2646","incident_id":"c989e5a8-8267-4efe-9440-507d5e28426e","outcome":"ALREADY_ENQUEUED"}
08:19:00.687 [main] INFO com.objwww.pr.control.alert.application.HolmesShadowSampler -- {"event":"rca_holmes_shadow_sample","ts":"2026-09-09T00:19:00.687429817Z","run_id":"1d8ebf7c-3eab-4daf-b03d-03a981a32bb1","incident_id":"da037449-3b32-41f0-bca7-d8e6994f7135","outcome":"RATE_NOT_SELECTED"}
08:19:00.687 [main] INFO com.objwww.pr.control.alert.application.HolmesShadowSampler -- {"event":"rca_holmes_shadow_sample","ts":"2026-09-09T00:19:00.687621799Z","run_id":"1d8ebf7c-3eab-4daf-b03d-03a981a32bb1","incident_id":"da037449-3b32-41f0-bca7-d8e6994f7135","outcome":"ENQUEUED"}
08:19:00.687 [main] INFO com.objwww.pr.control.alert.application.HolmesShadowSampler -- {"event":"rca_holmes_shadow_sample","ts":"2026-09-09T00:19:00.687754339Z","run_id":"1d8ebf7c-3eab-4daf-b03d-03a981a32bb1","incident_id":"da037449-3b32-41f0-bca7-d8e6994f7135","outcome":"ALREADY_ENQUEUED"}
08:19:00.688 [main] INFO com.objwww.pr.control.alert.application.HolmesShadowSampler -- {"event":"rca_holmes_shadow_sample","ts":"2026-09-09T00:19:00.688341003Z","run_id":"91a57298-f97a-490e-92e2-56c3e09357fe","incident_id":"36c6021e-7f86-4cf2-ae2c-5a8c48b1efce","outcome":"NOT_NATIVE"}
08:19:00.689 [main] INFO com.objwww.pr.control.alert.application.HolmesShadowSampler -- {"event":"rca_holmes_shadow_sample","ts":"2026-09-09T00:19:00.689038778Z","run_id":"7daa66af-006d-45fa-8c03-075c181de99f","incident_id":"31a97bb4-41c5-4f32-b23a-e90ded82e18a","outcome":"BUDGET_EXHAUSTED"}
08:19:00.689 [main] INFO com.objwww.pr.control.alert.application.HolmesShadowSampler -- {"event":"rca_holmes_shadow_sample","ts":"2026-09-09T00:19:00.689634431Z","run_id":"aa9b9d9f-40eb-4073-944c-e621c7dbd429","incident_id":"d58b647c-ca8e-45cc-9ca8-aae68cb128e0","outcome":"NOT_TERMINAL"}
08:19:00.689 [main] INFO com.objwww.pr.control.alert.application.HolmesShadowSampler -- {"event":"rca_holmes_shadow_sample","ts":"2026-09-09T00:19:00.689779383Z","run_id":"aa9b9d9f-40eb-4073-944c-e621c7dbd429","incident_id":"d58b647c-ca8e-45cc-9ca8-aae68cb128e0","outcome":"NOT_SUCCEEDED"}
08:19:00.692 [main] INFO com.objwww.pr.control.alert.application.HolmesShadowSampler -- {"event":"rca_holmes_shadow_sample","ts":"2026-09-09T00:19:00.692363240Z","run_id":"89813b0a-c956-4984-a3eb-64c04301b553","incident_id":"aebcf570-2234-4293-b66d-9b33fd871de9","outcome":"ENQUEUED"}
[INFO] Tests run: 7, Failures: 0, Errors: 0, Skipped: 0, Time elapsed: 0.010 s -- in com.objwww.pr.control.alert.application.HolmesShadowSamplerTest
[INFO] Running com.objwww.pr.control.alert.application.ControlAlertRouterTest
08:19:00.696 [main] INFO com.objwww.pr.control.alert.application.ControlAlertRouter -- {"event":"CONTROL_ALERT_REJECTED","ts":"2026-09-09T00:19:00.696493300Z","receiver":"rca-oncall","gate":"identity"}
08:19:00.698 [main] INFO com.objwww.pr.control.alert.application.ControlAlertRouter -- {"event":"CONTROL_ALERT_ONCALL","ts":"2026-09-09T00:19:00.698726036Z","inbox_id":"f20ee201-6eaf-48d4-8ed4-d6a1dc909682","receiver":"rca-oncall","group_key":"g:RCA_SYSTEM_CollectorDown","alertnames":"RCA_SYSTEM_CollectorDown","scopes":"rca_system","alert_count":1}
08:19:00.699 [main] INFO com.objwww.pr.control.alert.application.ControlAlertRouter -- {"event":"CONTROL_ALERT_REJECTED","ts":"2026-09-09T00:19:00.699758411Z","receiver":"rca-oncall","gate":"identity"}
08:19:00.701 [main] INFO com.objwww.pr.control.alert.application.ControlAlertRouter -- {"event":"CONTROL_ALERT_REJECTED","ts":"2026-09-09T00:19:00.701103685Z","receiver":"zhongtai","gate":"route_not_allowlisted"}
08:19:00.704 [main] INFO com.objwww.pr.control.alert.application.ControlAlertRouter -- {"event":"CONTROL_ALERT_ONCALL","ts":"2026-09-09T00:19:00.704128303Z","inbox_id":"16aaa61d-d76f-47b2-a655-a5959b42a8c4","receiver":"rca-oncall","group_key":"g:Gatus_CanaryProbe","alertnames":"Gatus_CanaryProbe","scopes":"rca_system","alert_count":1}
08:19:00.705 [main] INFO com.objwww.pr.control.alert.application.ControlAlertRouter -- {"event":"CONTROL_ALERT_REJECTED","ts":"2026-09-09T00:19:00.705396652Z","receiver":"rca-oncall","gate":"scope_not_allowlisted"}
08:19:00.706 [main] INFO com.objwww.pr.control.alert.application.ControlAlertRouter -- {"event":"CONTROL_ALERT_REJECTED","ts":"2026-09-09T00:19:00.706254788Z","receiver":"rca-oncall","gate":"scope_not_allowlisted"}
08:19:00.710 [main] INFO com.objwww.pr.control.alert.application.ControlAlertRouter -- {"event":"CONTROL_ALERT_ONCALL","ts":"2026-09-09T00:19:00.710679834Z","inbox_id":"92a72e2f-844a-4802-9d5a-e18302499f84","receiver":"rca-oncall","group_key":"g:RCA_SYSTEM_X","alertnames":"RCA_SYSTEM_X","scopes":"rca_system","alert_count":1}
[INFO] Tests run: 10, Failures: 0, Errors: 0, Skipped: 0, Time elapsed: 0.019 s -- in com.objwww.pr.control.alert.application.ControlAlertRouterTest
[INFO] Running com.objwww.pr.control.alert.application.Am4ShadowFullChainG2Test
08:19:00.727 [main] INFO com.objwww.pr.control.alert.application.DeterministicSupervisor -- {"event":"am4_run_reporting","ts":"2026-09-09T00:19:00.727715725Z","run_id":"68a3dc1a-ae6c-4529-9d37-4976a08e0267"}
08:19:00.728 [main] INFO com.objwww.pr.control.alert.application.DeterministicSupervisor -- run 68a3dc1a-ae6c-4529-9d37-4976a08e0267 全任务终态 → REPORTING（报告链组装）
[INFO] Tests run: 3, Failures: 0, Errors: 0, Skipped: 0, Time elapsed: 0.024 s -- in com.objwww.pr.control.alert.application.Am4ShadowFullChainG2Test
[INFO] Running com.objwww.pr.control.alert.application.CommandServiceTest
[INFO] Tests run: 8, Failures: 0, Errors: 0, Skipped: 0, Time elapsed: 0.009 s -- in com.objwww.pr.control.alert.application.CommandServiceTest
[INFO] Running com.objwww.pr.control.alert.application.RunBudgetGateTest
[INFO] Tests run: 4, Failures: 0, Errors: 0, Skipped: 0, Time elapsed: 0.006 s -- in com.objwww.pr.control.alert.application.RunBudgetGateTest
[INFO] Running com.objwww.pr.control.alert.application.tool.ToolGatewayWireMockTest
[INFO] Tests run: 3, Failures: 0, Errors: 0, Skipped: 0, Time elapsed: 0.934 s -- in com.objwww.pr.control.alert.application.tool.ToolGatewayWireMockTest
[INFO] Running com.objwww.pr.control.alert.application.tool.ReplayToolGatewayTest
[INFO] Tests run: 8, Failures: 0, Errors: 0, Skipped: 0, Time elapsed: 0.008 s -- in com.objwww.pr.control.alert.application.tool.ReplayToolGatewayTest
[INFO] Running com.objwww.pr.control.alert.application.tool.ToolRegistryTest
[INFO] Tests run: 4, Failures: 0, Errors: 0, Skipped: 0, Time elapsed: 0.004 s -- in com.objwww.pr.control.alert.application.tool.ToolRegistryTest
[INFO] Running com.objwww.pr.control.alert.application.tool.ToolGatewayTest
[INFO] Tests run: 10, Failures: 0, Errors: 0, Skipped: 0, Time elapsed: 0.214 s -- in com.objwww.pr.control.alert.application.tool.ToolGatewayTest
[INFO] Running com.objwww.pr.control.alert.application.DagExecutionServiceTest
[INFO] Tests run: 10, Failures: 0, Errors: 0, Skipped: 0, Time elapsed: 0.007 s -- in com.objwww.pr.control.alert.application.DagExecutionServiceTest
[INFO] Running com.objwww.pr.control.alert.application.Am4ShadowTriggerTest
AM4_SHADOW_TASK=investigate-change=EVIDENCE_PRODUCED
AM4_SHADOW_TASK=investigate-metrics=EVIDENCE_PRODUCED
AM4_SHADOW_TASK=investigate-logs=EVIDENCE_PRODUCED
AM4_SHADOW_TASK=snapshot=f93a344a6b48b4fe5fd8e2734d5a146f46bd68cf8d77536ed0e2d8e2c03edd51
08:19:01.940 [main] INFO com.objwww.pr.control.alert.application.DeterministicSupervisor -- {"event":"am4_run_reporting","ts":"2026-09-09T00:19:01.940277664Z","run_id":"a8c31ce9-86d9-4e1d-8b87-45219009434b"}
08:19:01.940 [main] INFO com.objwww.pr.control.alert.application.DeterministicSupervisor -- run a8c31ce9-86d9-4e1d-8b87-45219009434b 全任务终态 → REPORTING（报告链组装）
AM4_SHADOW_RUN_ID=a8c31ce9-86d9-4e1d-8b87-45219009434b
[INFO] Tests run: 5, Failures: 0, Errors: 0, Skipped: 0, Time elapsed: 0.023 s -- in com.objwww.pr.control.alert.application.Am4ShadowTriggerTest
[INFO] Running com.objwww.pr.control.alert.application.RunQueryServiceTest
[INFO] Tests run: 4, Failures: 0, Errors: 0, Skipped: 0, Time elapsed: 0.009 s -- in com.objwww.pr.control.alert.application.RunQueryServiceTest
[INFO] Running com.objwww.pr.control.alert.application.RcaStateBackfillJobTest
08:19:01.963 [main] INFO com.objwww.pr.control.alert.application.RcaStateBackfillJob -- {"event":"rca_state_backfill_progress","ts":"2026-09-09T00:19:01.963148055Z","rows":2,"batches":1,"violations":0,"table":"rca_task"}
08:19:01.966 [main] INFO com.objwww.pr.control.alert.application.RcaStateBackfillJob -- {"event":"rca_state_backfill_progress","ts":"2026-09-09T00:19:01.966277080Z","rows":4,"batches":2,"violations":0,"table":"rca_task"}
08:19:01.966 [main] INFO com.objwww.pr.control.alert.application.RcaStateBackfillJob -- {"event":"rca_state_backfill_progress","ts":"2026-09-09T00:19:01.966605838Z","rows":5,"batches":3,"violations":0,"table":"rca_task"}
08:19:01.967 [main] INFO com.objwww.pr.control.alert.application.RcaStateBackfillJob -- {"event":"rca_state_backfill_progress","ts":"2026-09-09T00:19:01.967012845Z","rows":2,"batches":1,"violations":0,"table":"rca_run"}
08:19:01.967 [main] INFO com.objwww.pr.control.alert.application.RcaStateBackfillJob -- {"event":"rca_state_backfill_progress","ts":"2026-09-09T00:19:01.967157207Z","rows":3,"batches":2,"violations":0,"table":"rca_run"}
08:19:01.967 [main] INFO com.objwww.pr.control.alert.application.RcaStateBackfillJob -- {"event":"rca_state_backfill_reconciled","ts":"2026-09-09T00:19:01.967501535Z","task_rows":5,"digest":"4ca1357fd4b199d31c370842c907357ab131a659696953f6c76f10069f374c5d","batches":5,"run_rows":3,"violations":0}
08:19:01.968 [main] INFO com.objwww.pr.control.alert.application.RcaStateBackfillJob -- {"event":"rca_state_backfill_progress","ts":"2026-09-09T00:19:01.968164124Z","rows":2,"batches":1,"violations":0,"table":"rca_task"}
08:19:01.968 [main] INFO com.objwww.pr.control.alert.application.RcaStateBackfillJob -- {"event":"rca_state_backfill_progress","ts":"2026-09-09T00:19:01.968345465Z","rows":4,"batches":2,"violations":0,"table":"rca_task"}
08:19:01.968 [main] INFO com.objwww.pr.control.alert.application.RcaStateBackfillJob -- {"event":"rca_state_backfill_progress","ts":"2026-09-09T00:19:01.968441006Z","rows":5,"batches":3,"violations":0,"table":"rca_task"}
08:19:01.968 [main] INFO com.objwww.pr.control.alert.application.RcaStateBackfillJob -- {"event":"rca_state_backfill_progress","ts":"2026-09-09T00:19:01.968527798Z","rows":2,"batches":1,"violations":0,"table":"rca_run"}
08:19:01.968 [main] INFO com.objwww.pr.control.alert.application.RcaStateBackfillJob -- {"event":"rca_state_backfill_progress","ts":"2026-09-09T00:19:01.968613270Z","rows":3,"batches":2,"violations":0,"table":"rca_run"}
08:19:01.968 [main] INFO com.objwww.pr.control.alert.application.RcaStateBackfillJob -- {"event":"rca_state_backfill_reconciled","ts":"2026-09-09T00:19:01.968796054Z","task_rows":5,"digest":"4ca1357fd4b199d31c370842c907357ab131a659696953f6c76f10069f374c5d","batches":5,"run_rows":3,"violations":0}
08:19:01.969 [main] INFO com.objwww.pr.control.alert.application.RcaStateBackfillJob -- {"event":"rca_state_backfill_progress","ts":"2026-09-09T00:19:01.969891788Z","rows":1,"batches":1,"violations":0,"table":"rca_task"}
08:19:01.971 [main] INFO com.objwww.pr.control.alert.application.RcaStateBackfillJob -- {"event":"rca_state_backfill_progress","ts":"2026-09-09T00:19:01.970945453Z","rows":1,"batches":1,"violations":0,"table":"rca_task"}
08:19:01.971 [main] INFO com.objwww.pr.control.alert.application.RcaStateBackfillJob -- {"event":"rca_state_backfill_progress","ts":"2026-09-09T00:19:01.971135320Z","rows":2,"batches":2,"violations":0,"table":"rca_task"}
08:19:01.971 [main] INFO com.objwww.pr.control.alert.application.RcaStateBackfillJob -- {"event":"rca_state_backfill_progress","ts":"2026-09-09T00:19:01.971224859Z","rows":3,"batches":3,"violations":0,"table":"rca_task"}
08:19:01.971 [main] INFO com.objwww.pr.control.alert.application.RcaStateBackfillJob -- {"event":"rca_state_backfill_progress","ts":"2026-09-09T00:19:01.971305081Z","rows":4,"batches":4,"violations":0,"table":"rca_task"}
08:19:01.971 [main] INFO com.objwww.pr.control.alert.application.RcaStateBackfillJob -- {"event":"rca_state_backfill_progress","ts":"2026-09-09T00:19:01.971386714Z","rows":5,"batches":5,"violations":0,"table":"rca_task"}
08:19:01.971 [main] INFO com.objwww.pr.control.alert.application.RcaStateBackfillJob -- {"event":"rca_state_backfill_progress","ts":"2026-09-09T00:19:01.971471193Z","rows":6,"batches":6,"violations":0,"table":"rca_task"}
08:19:01.971 [main] INFO com.objwww.pr.control.alert.application.RcaStateBackfillJob -- {"event":"rca_state_backfill_progress","ts":"2026-09-09T00:19:01.971557256Z","rows":7,"batches":7,"violations":0,"table":"rca_task"}
08:19:01.971 [main] INFO com.objwww.pr.control.alert.application.RcaStateBackfillJob -- {"event":"rca_state_backfill_progress","ts":"2026-09-09T00:19:01.971647685Z","rows":7,"batches":8,"violations":0,"table":"rca_task"}
08:19:01.971 [main] INFO com.objwww.pr.control.alert.application.RcaStateBackfillJob -- {"event":"rca_state_backfill_progress","ts":"2026-09-09T00:19:01.971733618Z","rows":1,"batches":1,"violations":0,"table":"rca_run"}
08:19:01.971 [main] INFO com.objwww.pr.control.alert.application.RcaStateBackfillJob -- {"event":"rca_state_backfill_progress","ts":"2026-09-09T00:19:01.971819830Z","rows":1,"batches":2,"violations":0,"table":"rca_run"}
08:19:01.972 [main] INFO com.objwww.pr.control.alert.application.RcaStateBackfillJob -- {"event":"rca_state_backfill_reconciled","ts":"2026-09-09T00:19:01.971953843Z","task_rows":7,"digest":"2fdb1966afacb8c902f0e49771770522ad967f6eda2dcf5d56fb99480f565edb","batches":10,"run_rows":1,"violations":0}
08:19:01.972 [main] INFO com.objwww.pr.control.alert.application.RcaStateBackfillJob -- {"event":"rca_state_backfill_progress","ts":"2026-09-09T00:19:01.972107372Z","rows":7,"batches":1,"violations":0,"table":"rca_task"}
08:19:01.972 [main] INFO com.objwww.pr.control.alert.application.RcaStateBackfillJob -- {"event":"rca_state_backfill_progress","ts":"2026-09-09T00:19:01.972193043Z","rows":1,"batches":1,"violations":0,"table":"rca_run"}
08:19:01.972 [main] INFO com.objwww.pr.control.alert.application.RcaStateBackfillJob -- {"event":"rca_state_backfill_reconciled","ts":"2026-09-09T00:19:01.972288432Z","task_rows":7,"digest":"2fdb1966afacb8c902f0e49771770522ad967f6eda2dcf5d56fb99480f565edb","batches":2,"run_rows":1,"violations":0}
08:19:01.973 [main] INFO com.objwww.pr.control.alert.application.RcaStateBackfillJob -- {"event":"rca_state_backfill_progress","ts":"2026-09-09T00:19:01.973133494Z","rows":2,"batches":1,"violations":1,"table":"rca_task"}
08:19:01.973 [main] INFO com.objwww.pr.control.alert.application.RcaStateBackfillJob -- {"event":"rca_state_backfill_progress","ts":"2026-09-09T00:19:01.973294197Z","rows":1,"batches":1,"violations":0,"table":"rca_run"}
08:19:01.973 [main] INFO com.objwww.pr.control.alert.application.RcaStateBackfillJob -- {"event":"rca_state_backfill_reconciled","ts":"2026-09-09T00:19:01.973395057Z","task_rows":2,"digest":"266d86814df7b18c146e096c5e63a7a2140e4c5217df8b306b76267cff8357de","batches":2,"run_rows":1,"violations":1}
[INFO] Tests run: 5, Failures: 0, Errors: 0, Skipped: 0, Time elapsed: 0.014 s -- in com.objwww.pr.control.alert.application.RcaStateBackfillJobTest
[INFO] Running com.objwww.pr.control.alert.application.NativeEngineWiringTest
08:19:01.977 [main] INFO com.objwww.pr.control.alert.application.IncidentProjector -- incident f1f5c786-b40f-4032-8530-209dabd0a53c 路由决策 BUCKETED_HOLMES 为 HOLMES 意愿：第二引擎已退场，决策照记不铸 run
08:19:01.980 [main] INFO com.objwww.pr.control.alert.application.RcaRunOrchestrator -- {"event":"rca_task_decision","ts":"2026-09-09T00:19:01.980022782Z","latency_ms":0,"attempt_id":"a4cdbd7b-fefd-4fc5-b1c3-ba8ed46eafa2","task_id":"50622fac-5da4-4fa4-b7f6-ab8f2f39e539","run_id":"f0c53352-1b99-4f29-91d9-e85823d9c39d","decision":"COMPLETED"}
08:19:01.983 [main] INFO com.objwww.pr.control.alert.application.RcaRunOrchestrator -- {"event":"rca_task_decision","ts":"2026-09-09T00:19:01.983107452Z","latency_ms":0,"attempt_id":"709c558a-41aa-4913-a2e5-fe0a69de7b69","task_id":"dba1405e-ad35-4d6e-b9be-1966f9b1e2aa","run_id":"8327189c-b831-47d1-bac0-44d03711e7e8","decision":"COMPLETED"}
08:19:01.983 [main] INFO com.objwww.pr.control.alert.application.RcaRunOrchestrator -- incident 55332941-297f-4ca8-99bb-da67a86a36d1 材料变化，铸 RERUN run
08:19:01.987 [main] INFO com.objwww.pr.control.alert.application.RcaRunOrchestrator -- {"event":"rca_task_decision","ts":"2026-09-09T00:19:01.987213998Z","latency_ms":0,"attempt_id":"4388e68b-98fb-4c0c-a67e-a25b6e9be87d","task_id":"dcbfa6b8-60d7-4762-95e4-0ca844d56f76","run_id":"c7f1d2eb-0a4c-4686-a97d-a1bd70a46a95","decision":"DEAD"}
08:19:01.989 [main] INFO com.objwww.pr.control.alert.application.RcaRunOrchestrator -- {"event":"rca_task_decision","ts":"2026-09-09T00:19:01.989498181Z","latency_ms":0,"attempt_id":"1a9b7969-c808-4c4e-8914-c74335227106","task_id":"22934303-5b89-4311-ab47-163afa50ab5d","run_id":"2d65db8b-305a-4360-94a9-713e66c91aef","decision":"COMPLETED"}
08:19:01.991 [main] INFO com.objwww.pr.control.alert.application.RcaRunOrchestrator -- {"event":"rca_task_decision","ts":"2026-09-09T00:19:01.991510942Z","latency_ms":0,"attempt_id":"c3e91040-efc5-4b4a-b274-bcdbef32fdcb","task_id":"7fa9ec98-66ff-41a1-9744-b4db7f5d00bb","run_id":"7a0a534c-66e8-49ff-b076-4a7841b4d47f","decision":"DEAD"}
08:19:01.993 [main] INFO com.objwww.pr.control.alert.application.RcaRunOrchestrator -- {"event":"rca_task_decision","ts":"2026-09-09T00:19:01.993471736Z","latency_ms":0,"attempt_id":"eadfbc15-d029-4fbd-b720-7a7381b4d824","task_id":"8ab8b84e-5b80-4193-8a34-ea625ac6b9d8","run_id":"79f57aea-e181-44af-81fa-c18ac32a51c0","decision":"DEAD"}
[INFO] Tests run: 9, Failures: 0, Errors: 0, Skipped: 0, Time elapsed: 0.023 s -- in com.objwww.pr.control.alert.application.NativeEngineWiringTest
[INFO] Running com.objwww.pr.control.alert.application.FallbackServiceTest
08:19:02.008 [main] INFO com.objwww.pr.control.alert.application.FallbackService -- {"event":"rca_fallback_decision","ts":"2026-09-09T00:19:02.008328381Z","outcome":"DISABLED","error_class":"TIMEOUT","incident_id":"95c5ba60-ea3b-4fde-b70e-e8c7557e6c89","source_run_id":"65bdceca-4deb-4ae7-95a9-87aee089aff6"}
08:19:02.011 [main] WARN com.objwww.pr.control.alert.application.FallbackService -- NATIVE run f32ebecd-3682-461e-af99-fdb62cca032d 失败（PROPOSAL_MISSING）→ 恰一次铸 HOLMES fallback run 14efa028-01fc-4756-b798-32b794e86fe3
08:19:02.011 [main] INFO com.objwww.pr.control.alert.application.FallbackService -- {"event":"rca_fallback_decision","ts":"2026-09-09T00:19:02.011696937Z","outcome":"CAST","error_class":"PROPOSAL_MISSING","incident_id":"0039568e-339d-4224-9d6c-b03ae96e10a8","source_run_id":"f32ebecd-3682-461e-af99-fdb62cca032d"}
08:19:02.015 [main] INFO com.objwww.pr.control.alert.application.FallbackService -- {"event":"rca_fallback_decision","ts":"2026-09-09T00:19:02.015111419Z","outcome":"INELIGIBLE_ERROR_CLASS","error_class":"ADAPTER_PACKAGE_REJECTED","incident_id":"e1cfd18e-e78f-4ca5-b6eb-1ef068010571","source_run_id":"88981b02-3108-4de8-b8cc-73c0122cc1ff"}
08:19:02.015 [main] INFO com.objwww.pr.control.alert.application.FallbackService -- {"event":"rca_fallback_decision","ts":"2026-09-09T00:19:02.015455467Z","outcome":"INELIGIBLE_ERROR_CLASS","error_class":"PLAN_REJECTED","incident_id":"64f05c46-7dcc-4a6c-a7ef-5b4f725c9d4c","source_run_id":"24af130b-0069-4d49-a809-2a38a90abc10"}
08:19:02.015 [main] INFO com.objwww.pr.control.alert.application.FallbackService -- {"event":"rca_fallback_decision","ts":"2026-09-09T00:19:02.015597274Z","outcome":"INELIGIBLE_ERROR_CLASS","error_class":"SOME_FUTURE_CLASS","incident_id":"1068f4b8-bb72-46f8-a3f9-522fbc0d1e44","source_run_id":"045ad192-127d-4eef-b4dc-54f56701efca"}
08:19:02.016 [main] WARN com.objwww.pr.control.alert.application.FallbackService -- NATIVE run f90b7f60-22a6-46aa-bf36-8286dc0c9b1e 失败（TIMEOUT）→ 恰一次铸 HOLMES fallback run 5a3a8806-267a-4026-a1d7-7968c99f95cc
08:19:02.016 [main] INFO com.objwww.pr.control.alert.application.FallbackService -- {"event":"rca_fallback_decision","ts":"2026-09-09T00:19:02.016668522Z","outcome":"CAST","error_class":"TIMEOUT","incident_id":"ff9b2f84-9398-49f9-a27e-5c6e1abf4f3f","source_run_id":"f90b7f60-22a6-46aa-bf36-8286dc0c9b1e"}
08:19:02.016 [main] INFO com.objwww.pr.control.alert.application.FallbackService -- {"event":"rca_fallback_decision","ts":"2026-09-09T00:19:02.016895960Z","outcome":"BUDGET_EXHAUSTED","error_class":"TIMEOUT","incident_id":"df696773-192d-437f-a50c-28eedd417dc4","source_run_id":"3ad95646-8082-44b8-990b-89ca1aa9bcc9"}
08:19:02.017 [main] WARN com.objwww.pr.control.alert.application.FallbackService -- NATIVE run 0b2ee349-619f-4b82-9e08-fb722ed66be7 失败（TIMEOUT）→ 恰一次铸 HOLMES fallback run cd76a267-fc1a-411f-9555-3709c3579a97
08:19:02.017 [main] INFO com.objwww.pr.control.alert.application.FallbackService -- {"event":"rca_fallback_decision","ts":"2026-09-09T00:19:02.017197328Z","outcome":"CAST","error_class":"TIMEOUT","incident_id":"57fabbde-1c31-4e72-a874-2828d0c012d9","source_run_id":"0b2ee349-619f-4b82-9e08-fb722ed66be7"}
08:19:02.017 [main] WARN com.objwww.pr.control.alert.application.FallbackService -- NATIVE run 9c00abd4-d1ef-4bd2-a62e-6527bac949e5 失败（EXECUTOR_ERROR）→ 恰一次铸 HOLMES fallback run 5f44c682-06e3-4bd3-9bba-1d5efe8e628e
08:19:02.018 [main] INFO com.objwww.pr.control.alert.application.FallbackService -- {"event":"rca_fallback_decision","ts":"2026-09-09T00:19:02.018035597Z","outcome":"CAST","error_class":"EXECUTOR_ERROR","incident_id":"7fefe392-a9bf-4786-bd2d-02c9c6e832d0","source_run_id":"9c00abd4-d1ef-4bd2-a62e-6527bac949e5"}
08:19:02.018 [main] INFO com.objwww.pr.control.alert.application.FallbackService -- {"event":"rca_fallback_decision","ts":"2026-09-09T00:19:02.018472611Z","outcome":"INELIGIBLE_ENGINE","error_class":"EXECUTOR_ERROR","incident_id":"7fefe392-a9bf-4786-bd2d-02c9c6e832d0","source_run_id":"5f44c682-06e3-4bd3-9bba-1d5efe8e628e"}
08:19:02.019 [main] WARN com.objwww.pr.control.alert.application.FallbackService -- NATIVE run 1077c87d-7506-4c50-ac62-48f7d7f5bc0c 失败（TIMEOUT）→ 恰一次铸 HOLMES fallback run 3888dfed-080f-4810-ad78-8d44dbbcd4c1
08:19:02.019 [main] INFO com.objwww.pr.control.alert.application.FallbackService -- {"event":"rca_fallback_decision","ts":"2026-09-09T00:19:02.019357938Z","outcome":"CAST","error_class":"TIMEOUT","incident_id":"0d30b3cb-08cc-406f-8209-fec1f1747918","source_run_id":"1077c87d-7506-4c50-ac62-48f7d7f5bc0c"}
08:19:02.019 [main] INFO com.objwww.pr.control.alert.application.FallbackService -- {"event":"rca_fallback_decision","ts":"2026-09-09T00:19:02.019496770Z","outcome":"ALREADY_CAST","error_class":"TIMEOUT","incident_id":"0d30b3cb-08cc-406f-8209-fec1f1747918","source_run_id":"1077c87d-7506-4c50-ac62-48f7d7f5bc0c"}
08:19:02.020 [main] INFO com.objwww.pr.control.alert.application.FallbackService -- {"event":"rca_fallback_decision","ts":"2026-09-09T00:19:02.020249688Z","outcome":"INCIDENT_BUSY","error_class":"TIMEOUT","incident_id":"f7e7b4c7-1094-4c0a-8fc9-ea050484b43b","source_run_id":"3f417336-0ed3-4bd7-88b5-5c9ce5f55e44"}
[INFO] Tests run: 7, Failures: 0, Errors: 0, Skipped: 0, Time elapsed: 0.023 s -- in com.objwww.pr.control.alert.application.FallbackServiceTest
[INFO] Running com.objwww.pr.control.alert.application.PublicationWinnerGateTest
08:19:02.025 [main] INFO com.objwww.pr.control.alert.application.RcaRunOrchestrator -- {"event":"rca_task_decision","ts":"2026-09-09T00:19:02.025780326Z","latency_ms":0,"attempt_id":"b2a561ca-13d9-4cac-beab-24388eb3c450","task_id":"a3edfae0-4b5c-4cde-ba83-58e28674322b","run_id":"42e840d2-636c-49e3-8907-7e542591c3fe","decision":"COMPLETED"}
08:19:02.026 [main] INFO com.objwww.pr.control.alert.application.RcaRunOrchestrator -- {"event":"report_publication_loser","ts":"2026-09-09T00:19:02.026934069Z","generation":0,"incident_id":"ea58c38b-9374-4d86-94a2-d47b01894dff","run_id":"8924a893-d0f6-4af5-ae4a-613bc62e7318","report_id":"09d86603-3b19-4006-b809-4c2c57195d63"}
08:19:02.027 [main] INFO com.objwww.pr.control.alert.application.RcaRunOrchestrator -- report 09d86603-3b19-4006-b809-4c2c57195d63 输给 generation 发布赢家（incident=ea58c38b-9374-4d86-94a2-d47b01894dff, gen=0），落档不发布
08:19:02.027 [main] INFO com.objwww.pr.control.alert.application.RcaRunOrchestrator -- {"event":"rca_task_decision","ts":"2026-09-09T00:19:02.027131291Z","latency_ms":0,"attempt_id":"3b2406a7-5de0-448c-a247-ec86c5d5ac0d","task_id":"b4413579-145b-4e79-88bc-57c821024d84","run_id":"8924a893-d0f6-4af5-ae4a-613bc62e7318","decision":"COMPLETED"}
[INFO] Tests run: 1, Failures: 0, Errors: 0, Skipped: 0, Time elapsed: 0.007 s -- in com.objwww.pr.control.alert.application.PublicationWinnerGateTest
[INFO] Running com.objwww.pr.control.alert.application.AlertInboxProcessorTest
08:19:02.033 [main] WARN com.objwww.pr.control.alert.application.AlertInboxProcessor -- alert_inbox fbb1a3f0-bb9e-48e2-ba82-d643adf2135a 死信: payload_raw JSON 解析失败: Unexpected character ('n' (code 110)): was expecting double-quote to start field name
 at [Source: REDACTED (`StreamReadFeature.INCLUDE_SOURCE_IN_LOCATION` disabled); line: 1, column: 2]
08:19:02.061 [main] WARN com.objwww.pr.control.alert.application.AlertInboxProcessor -- alert_inbox 8f7e1dd3-b350-4fa0-8b15-7637472ab49e 死信: 缺少 alertname 标签，无法铸造 incidentKey
[INFO] Tests run: 16, Failures: 0, Errors: 0, Skipped: 0, Time elapsed: 0.039 s -- in com.objwww.pr.control.alert.application.AlertInboxProcessorTest
[INFO] Running com.objwww.pr.control.alert.application.reconcile.ReconcileBudgetGateTest
[INFO] Tests run: 9, Failures: 0, Errors: 0, Skipped: 0, Time elapsed: 0.007 s -- in com.objwww.pr.control.alert.application.reconcile.ReconcileBudgetGateTest
[INFO] Running com.objwww.pr.control.alert.application.reconcile.IncidentSourceReconcilerTest
[INFO] Tests run: 6, Failures: 0, Errors: 0, Skipped: 0, Time elapsed: 0.003 s -- in com.objwww.pr.control.alert.application.reconcile.IncidentSourceReconcilerTest
[INFO] Running com.objwww.pr.control.alert.application.DeterministicSupervisorTest
08:19:02.086 [main] INFO com.objwww.pr.control.alert.application.DeterministicSupervisor -- {"event":"am4_run_reporting","ts":"2026-09-09T00:19:02.086051490Z","run_id":"e8e8ed7a-12f7-45d8-bcaa-dbe2c1482fd5"}
08:19:02.086 [main] INFO com.objwww.pr.control.alert.application.DeterministicSupervisor -- run e8e8ed7a-12f7-45d8-bcaa-dbe2c1482fd5 全任务终态 → REPORTING（报告链组装）
08:19:02.099 [main] INFO com.objwww.pr.control.alert.application.DeterministicSupervisor -- {"event":"am4_run_reporting","ts":"2026-09-09T00:19:02.099024327Z","run_id":"2b9aac01-0b0f-4c17-b981-32786234f840"}
08:19:02.099 [main] INFO com.objwww.pr.control.alert.application.DeterministicSupervisor -- run 2b9aac01-0b0f-4c17-b981-32786234f840 全任务终态 → REPORTING（报告链组装）
08:19:02.100 [main] INFO com.objwww.pr.control.alert.application.DeterministicSupervisor -- {"event":"am4_plan_rejected","ts":"2026-09-09T00:19:02.100119570Z","reason":"提案成环: a -> b -> a","run_id":"99e0eee5-c944-4416-897b-53fa5d69f614"}
08:19:02.100 [main] WARN com.objwww.pr.control.alert.application.DeterministicSupervisor -- run 99e0eee5-c944-4416-897b-53fa5d69f614 提案被确定性拒绝 → FAILED（提案成环: a -> b -> a）
08:19:02.107 [main] INFO com.objwww.pr.control.alert.application.DeterministicSupervisor -- {"event":"am4_run_reporting","ts":"2026-09-09T00:19:02.107037962Z","run_id":"46c7f63e-7c9d-4b32-ac36-da746b7cdddf"}
08:19:02.107 [main] INFO com.objwww.pr.control.alert.application.DeterministicSupervisor -- run 46c7f63e-7c9d-4b32-ac36-da746b7cdddf 全任务终态 → REPORTING（报告链组装）
[INFO] Tests run: 11, Failures: 0, Errors: 0, Skipped: 0, Time elapsed: 0.024 s -- in com.objwww.pr.control.alert.application.DeterministicSupervisorTest
[INFO] Running com.objwww.pr.control.alert.application.replay.SnapshotShadowRouterTest
[INFO] Tests run: 3, Failures: 0, Errors: 0, Skipped: 0, Time elapsed: 0.008 s -- in com.objwww.pr.control.alert.application.replay.SnapshotShadowRouterTest
[INFO] Running com.objwww.pr.control.alert.application.replay.AgentReplayRunnerTest
[INFO] Tests run: 4, Failures: 0, Errors: 0, Skipped: 0, Time elapsed: 0.012 s -- in com.objwww.pr.control.alert.application.replay.AgentReplayRunnerTest
[INFO] Running com.objwww.pr.control.alert.application.replay.ReadOnlyToolFaceTest
[INFO] Tests run: 3, Failures: 0, Errors: 0, Skipped: 0, Time elapsed: 0.011 s -- in com.objwww.pr.control.alert.application.replay.ReadOnlyToolFaceTest
[INFO] Running com.objwww.pr.control.alert.application.NativeReportAdapterTest
[INFO] Tests run: 3, Failures: 0, Errors: 0, Skipped: 0, Time elapsed: 0.004 s -- in com.objwww.pr.control.alert.application.NativeReportAdapterTest
[INFO] Running com.objwww.pr.control.alert.application.ReportCompletedNotifierTest
[INFO] Tests run: 6, Failures: 0, Errors: 0, Skipped: 0, Time elapsed: 0.007 s -- in com.objwww.pr.control.alert.application.ReportCompletedNotifierTest
[INFO] Running com.objwww.pr.control.alert.interfaces.RunCommandControllerTest
08:19:02.165 [main] INFO org.springframework.mock.web.MockServletContext -- Initializing Spring TestDispatcherServlet ''
08:19:02.165 [main] INFO org.springframework.test.web.servlet.TestDispatcherServlet -- Initializing Servlet ''
08:19:02.165 [main] INFO org.springframework.test.web.servlet.TestDispatcherServlet -- Completed initialization in 0 ms
08:19:02.175 [main] INFO org.springframework.mock.web.MockServletContext -- Initializing Spring TestDispatcherServlet ''
08:19:02.175 [main] INFO org.springframework.test.web.servlet.TestDispatcherServlet -- Initializing Servlet ''
08:19:02.175 [main] INFO org.springframework.test.web.servlet.TestDispatcherServlet -- Completed initialization in 0 ms
08:19:02.189 [main] INFO org.springframework.mock.web.MockServletContext -- Initializing Spring TestDispatcherServlet ''
08:19:02.189 [main] INFO org.springframework.test.web.servlet.TestDispatcherServlet -- Initializing Servlet ''
08:19:02.190 [main] INFO org.springframework.test.web.servlet.TestDispatcherServlet -- Completed initialization in 1 ms
08:19:02.198 [main] INFO org.springframework.mock.web.MockServletContext -- Initializing Spring TestDispatcherServlet ''
08:19:02.198 [main] INFO org.springframework.test.web.servlet.TestDispatcherServlet -- Initializing Servlet ''
08:19:02.198 [main] INFO org.springframework.test.web.servlet.TestDispatcherServlet -- Completed initialization in 0 ms
[INFO] Tests run: 4, Failures: 0, Errors: 0, Skipped: 0, Time elapsed: 0.050 s -- in com.objwww.pr.control.alert.interfaces.RunCommandControllerTest
[INFO] Running com.objwww.pr.control.alert.interfaces.AlertWebhookControllerTest
08:19:02.211 [main] INFO org.springframework.mock.web.MockServletContext -- Initializing Spring TestDispatcherServlet ''
08:19:02.211 [main] INFO org.springframework.test.web.servlet.TestDispatcherServlet -- Initializing Servlet ''
08:19:02.211 [main] INFO org.springframework.test.web.servlet.TestDispatcherServlet -- Completed initialization in 0 ms
08:19:02.218 [main] INFO org.springframework.mock.web.MockServletContext -- Initializing Spring TestDispatcherServlet ''
08:19:02.218 [main] INFO org.springframework.test.web.servlet.TestDispatcherServlet -- Initializing Servlet ''
08:19:02.218 [main] INFO org.springframework.test.web.servlet.TestDispatcherServlet -- Completed initialization in 0 ms
08:19:02.226 [main] INFO org.springframework.mock.web.MockServletContext -- Initializing Spring TestDispatcherServlet ''
08:19:02.226 [main] INFO org.springframework.test.web.servlet.TestDispatcherServlet -- Initializing Servlet ''
08:19:02.226 [main] INFO org.springframework.test.web.servlet.TestDispatcherServlet -- Completed initialization in 0 ms
08:19:02.235 [main] INFO org.springframework.mock.web.MockServletContext -- Initializing Spring TestDispatcherServlet ''
08:19:02.235 [main] INFO org.springframework.test.web.servlet.TestDispatcherServlet -- Initializing Servlet ''
08:19:02.235 [main] INFO org.springframework.test.web.servlet.TestDispatcherServlet -- Completed initialization in 0 ms
08:19:02.242 [main] INFO org.springframework.mock.web.MockServletContext -- Initializing Spring TestDispatcherServlet ''
08:19:02.242 [main] INFO org.springframework.test.web.servlet.TestDispatcherServlet -- Initializing Servlet ''
08:19:02.242 [main] INFO org.springframework.test.web.servlet.TestDispatcherServlet -- Completed initialization in 0 ms
08:19:02.245 [main] INFO org.springframework.mock.web.MockServletContext -- Initializing Spring TestDispatcherServlet ''
08:19:02.245 [main] INFO org.springframework.test.web.servlet.TestDispatcherServlet -- Initializing Servlet ''
08:19:02.245 [main] INFO org.springframework.test.web.servlet.TestDispatcherServlet -- Completed initialization in 0 ms
08:19:02.252 [main] INFO org.springframework.mock.web.MockServletContext -- Initializing Spring TestDispatcherServlet ''
08:19:02.253 [main] INFO org.springframework.test.web.servlet.TestDispatcherServlet -- Initializing Servlet ''
08:19:02.253 [main] INFO org.springframework.test.web.servlet.TestDispatcherServlet -- Completed initialization in 0 ms
08:19:02.259 [main] INFO org.springframework.mock.web.MockServletContext -- Initializing Spring TestDispatcherServlet ''
08:19:02.259 [main] INFO org.springframework.test.web.servlet.TestDispatcherServlet -- Initializing Servlet ''
08:19:02.259 [main] INFO org.springframework.test.web.servlet.TestDispatcherServlet -- Completed initialization in 0 ms
08:19:02.262 [main] INFO org.springframework.mock.web.MockServletContext -- Initializing Spring TestDispatcherServlet ''
08:19:02.262 [main] INFO org.springframework.test.web.servlet.TestDispatcherServlet -- Initializing Servlet ''
08:19:02.262 [main] INFO org.springframework.test.web.servlet.TestDispatcherServlet -- Completed initialization in 0 ms
08:19:02.268 [main] INFO org.springframework.mock.web.MockServletContext -- Initializing Spring TestDispatcherServlet ''
08:19:02.268 [main] INFO org.springframework.test.web.servlet.TestDispatcherServlet -- Initializing Servlet ''
08:19:02.268 [main] INFO org.springframework.test.web.servlet.TestDispatcherServlet -- Completed initialization in 0 ms
08:19:02.276 [main] INFO org.springframework.mock.web.MockServletContext -- Initializing Spring TestDispatcherServlet ''
08:19:02.276 [main] INFO org.springframework.test.web.servlet.TestDispatcherServlet -- Initializing Servlet ''
08:19:02.277 [main] INFO org.springframework.test.web.servlet.TestDispatcherServlet -- Completed initialization in 1 ms
08:19:02.284 [main] INFO org.springframework.mock.web.MockServletContext -- Initializing Spring TestDispatcherServlet ''
08:19:02.284 [main] INFO org.springframework.test.web.servlet.TestDispatcherServlet -- Initializing Servlet ''
08:19:02.284 [main] INFO org.springframework.test.web.servlet.TestDispatcherServlet -- Completed initialization in 0 ms
08:19:02.285 [main] INFO com.objwww.pr.control.alert.application.ControlAlertRouter -- {"event":"CONTROL_ALERT_REJECTED","ts":"2026-09-09T00:19:02.285583010Z","receiver":"control-app","gate":"identity"}
08:19:02.292 [main] INFO org.springframework.mock.web.MockServletContext -- Initializing Spring TestDispatcherServlet ''
08:19:02.292 [main] INFO org.springframework.test.web.servlet.TestDispatcherServlet -- Initializing Servlet ''
08:19:02.292 [main] INFO org.springframework.test.web.servlet.TestDispatcherServlet -- Completed initialization in 0 ms
08:19:02.299 [main] INFO org.springframework.mock.web.MockServletContext -- Initializing Spring TestDispatcherServlet ''
08:19:02.299 [main] INFO org.springframework.test.web.servlet.TestDispatcherServlet -- Initializing Servlet ''
08:19:02.300 [main] INFO org.springframework.test.web.servlet.TestDispatcherServlet -- Completed initialization in 0 ms
08:19:02.301 [main] INFO com.objwww.pr.control.alert.application.ControlAlertRouter -- {"event":"CONTROL_ALERT_ONCALL","ts":"2026-09-09T00:19:02.301757999Z","inbox_id":"c4ce953a-aa9b-4d49-88c8-ca112e3b5e6d","receiver":"rca-oncall","group_key":"g:RCA_SYSTEM:collector","alertnames":"RCA_SYSTEM_CollectorDown","scopes":"rca_system","alert_count":1}
08:19:02.306 [main] INFO org.springframework.mock.web.MockServletContext -- Initializing Spring TestDispatcherServlet ''
08:19:02.306 [main] INFO org.springframework.test.web.servlet.TestDispatcherServlet -- Initializing Servlet ''
08:19:02.307 [main] INFO org.springframework.test.web.servlet.TestDispatcherServlet -- Completed initialization in 1 ms
08:19:02.319 [main] INFO org.springframework.mock.web.MockServletContext -- Initializing Spring TestDispatcherServlet ''
08:19:02.319 [main] INFO org.springframework.test.web.servlet.TestDispatcherServlet -- Initializing Servlet ''
08:19:02.319 [main] INFO org.springframework.test.web.servlet.TestDispatcherServlet -- Completed initialization in 0 ms
08:19:02.322 [main] INFO org.springframework.mock.web.MockServletContext -- Initializing Spring TestDispatcherServlet ''
08:19:02.323 [main] INFO org.springframework.test.web.servlet.TestDispatcherServlet -- Initializing Servlet ''
08:19:02.323 [main] INFO org.springframework.test.web.servlet.TestDispatcherServlet -- Completed initialization in 0 ms
08:19:02.325 [main] WARN com.objwww.pr.control.alert.interfaces.AlertWebhookController -- 整组无法持久化，返回 503: db down
[INFO] Tests run: 13, Failures: 0, Errors: 0, Skipped: 0, Time elapsed: 0.121 s -- in com.objwww.pr.control.alert.interfaces.AlertWebhookControllerTest
[INFO] Running com.objwww.pr.control.alert.interfaces.EventQueryControllerTest
08:19:02.335 [main] INFO org.springframework.mock.web.MockServletContext -- Initializing Spring TestDispatcherServlet ''
08:19:02.335 [main] INFO org.springframework.test.web.servlet.TestDispatcherServlet -- Initializing Servlet ''
08:19:02.336 [main] INFO org.springframework.test.web.servlet.TestDispatcherServlet -- Completed initialization in 1 ms
08:19:02.359 [main] INFO org.springframework.mock.web.MockServletContext -- Initializing Spring TestDispatcherServlet ''
08:19:02.359 [main] INFO org.springframework.test.web.servlet.TestDispatcherServlet -- Initializing Servlet ''
08:19:02.359 [main] INFO org.springframework.test.web.servlet.TestDispatcherServlet -- Completed initialization in 0 ms
08:19:02.373 [main] INFO org.springframework.mock.web.MockServletContext -- Initializing Spring TestDispatcherServlet ''
08:19:02.373 [main] INFO org.springframework.test.web.servlet.TestDispatcherServlet -- Initializing Servlet ''
08:19:02.373 [main] INFO org.springframework.test.web.servlet.TestDispatcherServlet -- Completed initialization in 0 ms
08:19:02.388 [main] INFO org.springframework.mock.web.MockServletContext -- Initializing Spring TestDispatcherServlet ''
08:19:02.388 [main] INFO org.springframework.test.web.servlet.TestDispatcherServlet -- Initializing Servlet ''
08:19:02.388 [main] INFO org.springframework.test.web.servlet.TestDispatcherServlet -- Completed initialization in 0 ms
08:19:02.408 [main] INFO org.springframework.mock.web.MockServletContext -- Initializing Spring TestDispatcherServlet ''
08:19:02.409 [main] INFO org.springframework.test.web.servlet.TestDispatcherServlet -- Initializing Servlet ''
08:19:02.409 [main] INFO org.springframework.test.web.servlet.TestDispatcherServlet -- Completed initialization in 0 ms
08:19:02.429 [main] INFO org.springframework.mock.web.MockServletContext -- Initializing Spring TestDispatcherServlet ''
08:19:02.429 [main] INFO org.springframework.test.web.servlet.TestDispatcherServlet -- Initializing Servlet ''
08:19:02.429 [main] INFO org.springframework.test.web.servlet.TestDispatcherServlet -- Completed initialization in 0 ms
[INFO] Tests run: 6, Failures: 0, Errors: 0, Skipped: 0, Time elapsed: 0.105 s -- in com.objwww.pr.control.alert.interfaces.EventQueryControllerTest
[INFO] Running com.objwww.pr.control.alert.support.AlertInMemoryStoresTest
[INFO] Tests run: 6, Failures: 0, Errors: 0, Skipped: 0, Time elapsed: 0.003 s -- in com.objwww.pr.control.alert.support.AlertInMemoryStoresTest
[INFO] Running com.objwww.pr.control.application.ModelGatewayTest
08:19:02.446 [main] WARN com.objwww.pr.control.application.ModelGateway -- 账本 STARTED 写失败，零触网（D5）: RuntimeException
08:19:02.458 [main] WARN com.objwww.pr.control.application.ModelGateway -- 账本终态写失败（SUCCEEDED），转 UNKNOWN 语义: RuntimeException
[INFO] Tests run: 10, Failures: 0, Errors: 0, Skipped: 0, Time elapsed: 0.025 s -- in com.objwww.pr.control.application.ModelGatewayTest
[INFO] Running com.objwww.pr.control.ControlContextSmokeTest
08:19:02.483 [main] INFO org.springframework.test.context.support.AnnotationConfigContextLoaderUtils -- Could not detect default configuration classes for test class [com.objwww.pr.control.ControlContextSmokeTest]: ControlContextSmokeTest does not declare any static, non-private, non-final, nested classes annotated with @Configuration.
08:19:02.554 [main] INFO org.springframework.boot.test.context.SpringBootTestContextBootstrapper -- Found @SpringBootConfiguration com.objwww.pr.control.ControlApplication for test class com.objwww.pr.control.ControlContextSmokeTest

  .   ____          _            __ _ _
 /\\ / ___'_ __ _ _(_)_ __  __ _ \ \ \ \
( ( )\___ | '_ | '_| | '_ \/ _` | \ \ \ \
 \\/  ___)| |_)| | | | | || (_| |  ) ) ) )
  '  |____| .__|_| |_|_| |_\__, | / / / /
 =========|_|==============|___/=/_/_/_/

 :: Spring Boot ::                (v3.4.5)

2026-09-09T08:19:02.883+08:00  INFO 32559 --- [control-app] [           main] [                                                 ] c.o.pr.control.ControlContextSmokeTest   : Starting ControlContextSmokeTest using Java 21.0.12.1 with PID 32559 (started by root in /opt/build/pr/control-app)
2026-09-09T08:19:02.885+08:00  INFO 32559 --- [control-app] [           main] [                                                 ] c.o.pr.control.ControlContextSmokeTest   : No active profile set, falling back to 1 default profile: "default"
2026-09-09T08:19:05.005+08:00  INFO 32559 --- [control-app] [           main] [                                                 ] o.s.b.a.e.web.EndpointLinksResolver      : Exposing 3 endpoints beneath base path '/actuator'
2026-09-09T08:19:05.059+08:00  INFO 32559 --- [control-app] [           main] [                                                 ] c.o.pr.control.ControlContextSmokeTest   : Started ControlContextSmokeTest in 2.416 seconds (process running for 15.486)
Mockito is currently self-attaching to enable the inline-mock-maker. This will no longer work in future releases of the JDK. Please add Mockito as an agent to your build what is described in Mockito's documentation: https://javadoc.io/doc/org.mockito/mockito-core/latest/org/mockito/Mockito.html#0.3
OpenJDK 64-Bit Server VM warning: Sharing is only supported for boot loader classes because bootstrap classpath has been appended
WARNING: A Java agent has been loaded dynamically (/root/.m2/repository/net/bytebuddy/byte-buddy-agent/1.15.11/byte-buddy-agent-1.15.11.jar)
WARNING: If a serviceability tool is in use, please run with -XX:+EnableDynamicAgentLoading to hide this warning
WARNING: If a serviceability tool is not in use, please run with -Djdk.instrument.traceUsage for more information
WARNING: Dynamic loading of agents will be disallowed by default in a future release
[INFO] Tests run: 1, Failures: 0, Errors: 0, Skipped: 0, Time elapsed: 3.383 s -- in com.objwww.pr.control.ControlContextSmokeTest
[INFO] Running com.objwww.pr.control.ops.domain.statemachine.OperatorCaseStateMachineTest
[INFO] Tests run: 4, Failures: 0, Errors: 0, Skipped: 0, Time elapsed: 0.010 s -- in com.objwww.pr.control.ops.domain.statemachine.OperatorCaseStateMachineTest
[INFO] Running com.objwww.pr.control.ops.domain.model.RetentionPolicyTest
[INFO] Tests run: 5, Failures: 0, Errors: 0, Skipped: 0, Time elapsed: 0.003 s -- in com.objwww.pr.control.ops.domain.model.RetentionPolicyTest
[INFO] Running com.objwww.pr.control.ops.application.ArchiveServiceTest
2026-09-09T08:19:05.885+08:00  INFO 32559 --- [control-app] [           main] [                                                 ] c.o.p.c.ops.application.ArchiveService   : CONTROL_ARCHIVE_REJECTED table=rca_event partition=rca_event_2026_07 gate=verify_failed
2026-09-09T08:19:05.898+08:00  INFO 32559 --- [control-app] [           main] [                                                 ] c.o.p.c.ops.application.ArchiveService   : CONTROL_ARCHIVE_REJECTED table=rca_event partition=rca_event_2026_07 gate=legal_hold
2026-09-09T08:19:05.899+08:00  INFO 32559 --- [control-app] [           main] [                                                 ] c.o.p.c.ops.application.ArchiveService   : CONTROL_ARCHIVE_REJECTED table=rca_event partition=rca_event_2026_07 gate=export_failed
[INFO] Tests run: 7, Failures: 0, Errors: 0, Skipped: 0, Time elapsed: 0.034 s -- in com.objwww.pr.control.ops.application.ArchiveServiceTest
[INFO] Running com.objwww.pr.control.ops.application.RetentionServiceTest
[INFO] Tests run: 8, Failures: 0, Errors: 0, Skipped: 0, Time elapsed: 0.021 s -- in com.objwww.pr.control.ops.application.RetentionServiceTest
[INFO] Running com.objwww.pr.control.ops.application.OperatorCaseServiceTest
2026-09-09T08:19:05.949+08:00  INFO 32559 --- [control-app] [           main] [                                                 ] c.o.p.c.o.a.OperatorCaseService          : {"event":"operator_case_transition","ts":"2026-09-09T00:19:05.925998349Z","revision":1,"to":"OPEN","rule":"T00_CREATE","caseId":"63348a86-72e0-442b-9b6d-414866c708bd"}
2026-09-09T08:19:05.952+08:00  INFO 32559 --- [control-app] [           main] [                                                 ] c.o.p.c.o.a.OperatorCaseService          : {"event":"operator_case_transition","ts":"2026-09-09T00:19:05.951991743Z","revision":2,"to":"ACKED","rule":"T10_CLAIM","caseId":"63348a86-72e0-442b-9b6d-414866c708bd"}
2026-09-09T08:19:05.953+08:00  INFO 32559 --- [control-app] [           main] [                                                 ] c.o.p.c.o.a.OperatorCaseService          : {"event":"operator_case_transition","ts":"2026-09-09T00:19:05.953290098Z","revision":3,"to":"RESOLVED","rule":"T31_RESOLVE","caseId":"63348a86-72e0-442b-9b6d-414866c708bd"}
2026-09-09T08:19:05.954+08:00  INFO 32559 --- [control-app] [           main] [                                                 ] c.o.p.c.o.a.OperatorCaseService          : {"event":"operator_case_transition","ts":"2026-09-09T00:19:05.954761500Z","revision":1,"to":"OPEN","rule":"T00_CREATE","caseId":"4a20186e-6519-443c-afaa-547db4baab74"}
2026-09-09T08:19:05.955+08:00  INFO 32559 --- [control-app] [           main] [                                                 ] c.o.p.c.o.a.OperatorCaseService          : {"event":"operator_case_transition","ts":"2026-09-09T00:19:05.955431562Z","revision":2,"to":"OPEN","rule":"T50_MERGE","caseId":"4a20186e-6519-443c-afaa-547db4baab74"}
2026-09-09T08:19:05.956+08:00  INFO 32559 --- [control-app] [           main] [                                                 ] c.o.p.c.o.a.OperatorCaseService          : {"event":"operator_case_transition","ts":"2026-09-09T00:19:05.956569926Z","revision":1,"to":"OPEN","rule":"T00_CREATE","caseId":"ac7e470d-fdf6-4c5c-85fd-4626a916ce53"}
2026-09-09T08:19:05.959+08:00  INFO 32559 --- [control-app] [           main] [                                                 ] c.o.p.c.o.a.OperatorCaseService          : {"event":"operator_case_transition","ts":"2026-09-09T00:19:05.959457836Z","revision":2,"to":"OPEN","rule":"T40_ASSIGN","caseId":"ac7e470d-fdf6-4c5c-85fd-4626a916ce53"}
2026-09-09T08:19:05.960+08:00  INFO 32559 --- [control-app] [           main] [                                                 ] c.o.p.c.o.a.OperatorCaseService          : {"event":"operator_case_transition","ts":"2026-09-09T00:19:05.960713301Z","revision":1,"to":"OPEN","rule":"T00_CREATE","caseId":"a9282370-c861-4c1a-9189-d9223d63366e"}
2026-09-09T08:19:05.961+08:00  INFO 32559 --- [control-app] [           main] [                                                 ] c.o.p.c.o.a.OperatorCaseService          : {"event":"operator_case_transition","ts":"2026-09-09T00:19:05.961076977Z","revision":2,"to":"ACKED","rule":"T10_CLAIM","caseId":"a9282370-c861-4c1a-9189-d9223d63366e"}
2026-09-09T08:19:05.962+08:00  INFO 32559 --- [control-app] [           main] [                                                 ] c.o.p.c.o.a.OperatorCaseService          : {"event":"operator_case_transition","ts":"2026-09-09T00:19:05.962001749Z","revision":1,"to":"OPEN","rule":"T00_CREATE","caseId":"17f3e19e-8ba6-4900-8ff6-49387e8488d3"}
2026-09-09T08:19:05.962+08:00  INFO 32559 --- [control-app] [           main] [                                                 ] c.o.p.c.o.a.OperatorCaseService          : {"event":"operator_case_transition","ts":"2026-09-09T00:19:05.962304850Z","revision":2,"to":"RESOLVED","rule":"T30_RESOLVE","caseId":"17f3e19e-8ba6-4900-8ff6-49387e8488d3"}
2026-09-09T08:19:05.968+08:00  INFO 32559 --- [control-app] [           main] [                                                 ] c.o.p.c.o.a.OperatorCaseService          : {"event":"operator_case_transition","ts":"2026-09-09T00:19:05.968616088Z","revision":1,"to":"OPEN","rule":"T00_CREATE","caseId":"2c011400-31d1-479f-9d58-199f3071dc2f"}
2026-09-09T08:19:05.969+08:00  INFO 32559 --- [control-app] [           main] [                                                 ] c.o.p.c.o.a.OperatorCaseService          : {"event":"operator_case_transition","ts":"2026-09-09T00:19:05.969297342Z","revision":2,"to":"OPEN","rule":"T60_ESCALATE","caseId":"2c011400-31d1-479f-9d58-199f3071dc2f"}
2026-09-09T08:19:05.970+08:00  INFO 32559 --- [control-app] [           main] [                                                 ] c.o.p.c.o.a.OperatorCaseService          : {"event":"operator_case_transition","ts":"2026-09-09T00:19:05.970391683Z","revision":1,"to":"OPEN","rule":"T00_CREATE","caseId":"c5698b6d-edd6-43a1-90b7-b586292a9c46"}
2026-09-09T08:19:05.970+08:00  INFO 32559 --- [control-app] [           main] [                                                 ] c.o.p.c.o.a.OperatorCaseService          : {"event":"operator_case_transition","ts":"2026-09-09T00:19:05.970729439Z","revision":2,"to":"ACKED","rule":"T10_CLAIM","caseId":"c5698b6d-edd6-43a1-90b7-b586292a9c46"}
2026-09-09T08:19:05.971+08:00  INFO 32559 --- [control-app] [           main] [                                                 ] c.o.p.c.o.a.OperatorCaseService          : {"event":"operator_case_transition","ts":"2026-09-09T00:19:05.970970263Z","revision":3,"to":"RESOLVED","rule":"T31_RESOLVE","caseId":"c5698b6d-edd6-43a1-90b7-b586292a9c46"}
2026-09-09T08:19:05.971+08:00  INFO 32559 --- [control-app] [           main] [                                                 ] c.o.p.c.o.a.OperatorCaseService          : {"event":"operator_case_transition","ts":"2026-09-09T00:19:05.971297970Z","revision":4,"to":"RESOLVED","rule":"T52_MERGE","caseId":"c5698b6d-edd6-43a1-90b7-b586292a9c46"}
2026-09-09T08:19:05.972+08:00  INFO 32559 --- [control-app] [           main] [                                                 ] c.o.p.c.o.a.OperatorCaseService          : {"event":"operator_case_transition","ts":"2026-09-09T00:19:05.972148522Z","revision":1,"to":"OPEN","rule":"T00_CREATE","caseId":"e1964fc0-f5f8-4f6c-b17a-310196e56864"}
2026-09-09T08:19:05.974+08:00  INFO 32559 --- [control-app] [           main] [                                                 ] c.o.p.c.o.a.OperatorCaseService          : {"event":"operator_case_transition","ts":"2026-09-09T00:19:05.974199957Z","revision":1,"to":"OPEN","rule":"T00_CREATE","caseId":"b104664f-9b2d-4c16-a81c-bf3c20eb1b1d"}
2026-09-09T08:19:05.974+08:00  INFO 32559 --- [control-app] [           main] [                                                 ] c.o.p.c.o.a.OperatorCaseService          : {"event":"operator_case_transition","ts":"2026-09-09T00:19:05.974688897Z","revision":2,"to":"ACKED","rule":"T10_CLAIM","caseId":"b104664f-9b2d-4c16-a81c-bf3c20eb1b1d"}
2026-09-09T08:19:05.976+08:00  INFO 32559 --- [control-app] [           main] [                                                 ] c.o.p.c.o.a.OperatorCaseService          : {"event":"operator_case_transition","ts":"2026-09-09T00:19:05.975993375Z","revision":1,"to":"OPEN","rule":"T00_CREATE","caseId":"c58ef802-19de-4dd1-b459-db2672ce99e0"}
2026-09-09T08:19:05.976+08:00  INFO 32559 --- [control-app] [           main] [                                                 ] c.o.p.c.o.a.OperatorCaseService          : {"event":"operator_case_transition","ts":"2026-09-09T00:19:05.976325831Z","revision":2,"to":"ACKED","rule":"T10_CLAIM","caseId":"c58ef802-19de-4dd1-b459-db2672ce99e0"}
2026-09-09T08:19:05.977+08:00  INFO 32559 --- [control-app] [           main] [                                                 ] c.o.p.c.o.a.OperatorCaseService          : {"event":"operator_case_transition","ts":"2026-09-09T00:19:05.977069091Z","revision":1,"to":"OPEN","rule":"T00_CREATE","caseId":"a4dd9341-dc9f-4002-9bac-379e88d5f7a9"}
2026-09-09T08:19:05.977+08:00  INFO 32559 --- [control-app] [           main] [                                                 ] c.o.p.c.o.a.OperatorCaseService          : {"event":"operator_case_transition","ts":"2026-09-09T00:19:05.977374907Z","revision":2,"to":"OPEN","rule":"T50_MERGE","caseId":"a4dd9341-dc9f-4002-9bac-379e88d5f7a9"}
2026-09-09T08:19:05.977+08:00  INFO 32559 --- [control-app] [           main] [                                                 ] c.o.p.c.o.a.OperatorCaseService          : {"event":"operator_case_transition","ts":"2026-09-09T00:19:05.977629126Z","revision":3,"to":"OPEN","rule":"T50_MERGE","caseId":"a4dd9341-dc9f-4002-9bac-379e88d5f7a9"}
2026-09-09T08:19:05.978+08:00  INFO 32559 --- [control-app] [           main] [                                                 ] c.o.p.c.o.a.OperatorCaseService          : {"event":"operator_case_transition","ts":"2026-09-09T00:19:05.978433391Z","revision":1,"to":"OPEN","rule":"T00_CREATE","caseId":"c83d46b4-d364-4e11-b21d-b87fdf54560e"}
2026-09-09T08:19:05.978+08:00  INFO 32559 --- [control-app] [           main] [                                                 ] c.o.p.c.o.a.OperatorCaseService          : {"event":"operator_case_transition","ts":"2026-09-09T00:19:05.978704702Z","revision":2,"to":"OPEN","rule":"T60_ESCALATE","caseId":"c83d46b4-d364-4e11-b21d-b87fdf54560e"}
2026-09-09T08:19:05.979+08:00  INFO 32559 --- [control-app] [           main] [                                                 ] c.o.p.c.o.a.OperatorCaseService          : {"event":"operator_case_transition","ts":"2026-09-09T00:19:05.979864097Z","revision":1,"to":"OPEN","rule":"T00_CREATE","caseId":"9c0c382d-98b0-4ae8-be92-22c9da1bcfce"}
2026-09-09T08:19:05.980+08:00  INFO 32559 --- [control-app] [           main] [                                                 ] c.o.p.c.o.a.OperatorCaseService          : {"event":"operator_case_transition","ts":"2026-09-09T00:19:05.980163771Z","revision":2,"to":"ACKED","rule":"T10_CLAIM","caseId":"9c0c382d-98b0-4ae8-be92-22c9da1bcfce"}
2026-09-09T08:19:05.987+08:00  INFO 32559 --- [control-app] [           main] [                                                 ] c.o.p.c.o.a.OperatorCaseService          : {"event":"operator_case_transition","ts":"2026-09-09T00:19:05.987429026Z","revision":3,"to":"RESOLVED","rule":"T31_RESOLVE","caseId":"9c0c382d-98b0-4ae8-be92-22c9da1bcfce"}
2026-09-09T08:19:05.989+08:00  INFO 32559 --- [control-app] [           main] [                                                 ] c.o.p.c.o.a.OperatorCaseService          : {"event":"operator_case_transition","ts":"2026-09-09T00:19:05.988878186Z","revision":1,"to":"OPEN","rule":"T00_CREATE","caseId":"eb24873b-d3f3-41e8-b258-54789cb437ac"}
2026-09-09T08:19:05.989+08:00  INFO 32559 --- [control-app] [           main] [                                                 ] c.o.p.c.o.a.OperatorCaseService          : {"event":"operator_case_transition","ts":"2026-09-09T00:19:05.989230119Z","revision":2,"to":"OPEN","rule":"T40_ASSIGN","caseId":"eb24873b-d3f3-41e8-b258-54789cb437ac"}
2026-09-09T08:19:05.991+08:00  INFO 32559 --- [control-app] [           main] [                                                 ] c.o.p.c.o.a.OperatorCaseService          : {"event":"operator_case_transition","ts":"2026-09-09T00:19:05.990886880Z","revision":1,"to":"OPEN","rule":"T00_CREATE","caseId":"5baff62c-8844-485c-9572-d4a00dce6c40"}
2026-09-09T08:19:05.991+08:00  INFO 32559 --- [control-app] [           main] [                                                 ] c.o.p.c.o.a.OperatorCaseService          : {"event":"operator_case_transition","ts":"2026-09-09T00:19:05.991213896Z","revision":2,"to":"ACKED","rule":"T10_CLAIM","caseId":"5baff62c-8844-485c-9572-d4a00dce6c40"}
[INFO] Tests run: 16, Failures: 0, Errors: 0, Skipped: 0, Time elapsed: 0.087 s -- in com.objwww.pr.control.ops.application.OperatorCaseServiceTest
[INFO] Running com.objwww.pr.control.ops.interfaces.OperatorApiControllerTest
2026-09-09T08:19:06.025+08:00  INFO 32559 --- [control-app] [           main] [                                                 ] o.s.mock.web.MockServletContext          : Initializing Spring TestDispatcherServlet ''
2026-09-09T08:19:06.025+08:00  INFO 32559 --- [control-app] [           main] [                                                 ] o.s.t.web.servlet.TestDispatcherServlet  : Initializing Servlet ''
2026-09-09T08:19:06.026+08:00  INFO 32559 --- [control-app] [           main] [                                                 ] o.s.t.web.servlet.TestDispatcherServlet  : Completed initialization in 1 ms
2026-09-09T08:19:06.036+08:00  INFO 32559 --- [control-app] [           main] [                                                 ] o.s.mock.web.MockServletContext          : Initializing Spring TestDispatcherServlet ''
2026-09-09T08:19:06.036+08:00  INFO 32559 --- [control-app] [           main] [                                                 ] o.s.t.web.servlet.TestDispatcherServlet  : Initializing Servlet ''
2026-09-09T08:19:06.036+08:00  INFO 32559 --- [control-app] [           main] [                                                 ] o.s.t.web.servlet.TestDispatcherServlet  : Completed initialization in 0 ms
2026-09-09T08:19:06.055+08:00  INFO 32559 --- [control-app] [           main] [                                                 ] o.s.mock.web.MockServletContext          : Initializing Spring TestDispatcherServlet ''
2026-09-09T08:19:06.055+08:00  INFO 32559 --- [control-app] [           main] [                                                 ] o.s.t.web.servlet.TestDispatcherServlet  : Initializing Servlet ''
2026-09-09T08:19:06.055+08:00  INFO 32559 --- [control-app] [           main] [                                                 ] o.s.t.web.servlet.TestDispatcherServlet  : Completed initialization in 0 ms
2026-09-09T08:19:06.056+08:00  INFO 32559 --- [control-app] [           main] [                                                 ] c.o.p.c.o.a.OperatorCaseService          : {"event":"operator_case_transition","ts":"2026-09-09T00:19:06.056480259Z","revision":1,"to":"OPEN","rule":"T00_CREATE","caseId":"02ab198a-431a-48b4-8f40-d19eed0a2708"}
2026-09-09T08:19:06.056+08:00  INFO 32559 --- [control-app] [           main] [                                                 ] c.o.p.c.o.a.OperatorCaseService          : {"event":"operator_case_transition","ts":"2026-09-09T00:19:06.056910229Z","revision":1,"to":"OPEN","rule":"T00_CREATE","caseId":"6588cb44-40bd-4544-acca-ed7a4243afe8"}
2026-09-09T08:19:06.057+08:00  INFO 32559 --- [control-app] [           main] [                                                 ] c.o.p.c.o.a.OperatorCaseService          : {"event":"operator_case_transition","ts":"2026-09-09T00:19:06.057122660Z","revision":2,"to":"ACKED","rule":"T10_CLAIM","caseId":"6588cb44-40bd-4544-acca-ed7a4243afe8"}
2026-09-09T08:19:06.057+08:00  INFO 32559 --- [control-app] [           main] [                                                 ] c.o.p.c.o.a.OperatorCaseService          : {"event":"operator_case_transition","ts":"2026-09-09T00:19:06.057400443Z","revision":1,"to":"OPEN","rule":"T00_CREATE","caseId":"be66a784-6940-44fc-9877-bd198e721e13"}
2026-09-09T08:19:06.057+08:00  INFO 32559 --- [control-app] [           main] [                                                 ] c.o.p.c.o.a.OperatorCaseService          : {"event":"operator_case_transition","ts":"2026-09-09T00:19:06.057647749Z","revision":1,"to":"OPEN","rule":"T00_CREATE","caseId":"007ff7ca-54fa-4992-bd61-1ae0daa60c2a"}
2026-09-09T08:19:06.057+08:00  INFO 32559 --- [control-app] [           main] [                                                 ] c.o.p.c.o.a.OperatorCaseService          : {"event":"operator_case_transition","ts":"2026-09-09T00:19:06.057826274Z","revision":2,"to":"ACKED","rule":"T10_CLAIM","caseId":"007ff7ca-54fa-4992-bd61-1ae0daa60c2a"}
2026-09-09T08:19:06.058+08:00  INFO 32559 --- [control-app] [           main] [                                                 ] c.o.p.c.o.a.OperatorCaseService          : {"event":"operator_case_transition","ts":"2026-09-09T00:19:06.058087617Z","revision":1,"to":"OPEN","rule":"T00_CREATE","caseId":"b06d3ff0-b006-4cc9-bc86-c1ff7e75c98f"}
2026-09-09T08:19:06.058+08:00  INFO 32559 --- [control-app] [           main] [                                                 ] c.o.p.c.o.a.OperatorCaseService          : {"event":"operator_case_transition","ts":"2026-09-09T00:19:06.058331416Z","revision":2,"to":"RESOLVED","rule":"T30_RESOLVE","caseId":"b06d3ff0-b006-4cc9-bc86-c1ff7e75c98f"}
2026-09-09T08:19:06.094+08:00  INFO 32559 --- [control-app] [           main] [                                                 ] o.s.mock.web.MockServletContext          : Initializing Spring TestDispatcherServlet ''
2026-09-09T08:19:06.094+08:00  INFO 32559 --- [control-app] [           main] [                                                 ] o.s.t.web.servlet.TestDispatcherServlet  : Initializing Servlet ''
2026-09-09T08:19:06.094+08:00  INFO 32559 --- [control-app] [           main] [                                                 ] o.s.t.web.servlet.TestDispatcherServlet  : Completed initialization in 0 ms
2026-09-09T08:19:06.095+08:00  INFO 32559 --- [control-app] [           main] [                                                 ] c.o.p.c.o.a.OperatorCaseService          : {"event":"operator_case_transition","ts":"2026-09-09T00:19:06.095024064Z","revision":1,"to":"OPEN","rule":"T00_CREATE","caseId":"5415601c-b9e5-42f9-a5a6-93c0b3e12f34"}
2026-09-09T08:19:06.095+08:00  INFO 32559 --- [control-app] [           main] [                                                 ] c.o.p.c.o.a.OperatorCaseService          : {"event":"operator_case_transition","ts":"2026-09-09T00:19:06.095285437Z","revision":2,"to":"ACKED","rule":"T10_CLAIM","caseId":"5415601c-b9e5-42f9-a5a6-93c0b3e12f34"}
2026-09-09T08:19:06.115+08:00  INFO 32559 --- [control-app] [           main] [                                                 ] c.o.p.c.o.i.OperatorApiController        : operator-case resolve: case=5415601c-b9e5-42f9-a5a6-93c0b3e12f34 idem-key=ui-5 operator=operator-a
2026-09-09T08:19:06.116+08:00  INFO 32559 --- [control-app] [           main] [                                                 ] c.o.p.c.o.a.OperatorCaseService          : {"event":"operator_case_transition","ts":"2026-09-09T00:19:06.116149268Z","revision":3,"to":"RESOLVED","rule":"T31_RESOLVE","caseId":"5415601c-b9e5-42f9-a5a6-93c0b3e12f34"}
2026-09-09T08:19:06.134+08:00  INFO 32559 --- [control-app] [           main] [                                                 ] o.s.mock.web.MockServletContext          : Initializing Spring TestDispatcherServlet ''
2026-09-09T08:19:06.135+08:00  INFO 32559 --- [control-app] [           main] [                                                 ] o.s.t.web.servlet.TestDispatcherServlet  : Initializing Servlet ''
2026-09-09T08:19:06.135+08:00  INFO 32559 --- [control-app] [           main] [                                                 ] o.s.t.web.servlet.TestDispatcherServlet  : Completed initialization in 0 ms
2026-09-09T08:19:06.135+08:00  INFO 32559 --- [control-app] [           main] [                                                 ] c.o.p.c.o.a.OperatorCaseService          : {"event":"operator_case_transition","ts":"2026-09-09T00:19:06.135880256Z","revision":1,"to":"OPEN","rule":"T00_CREATE","caseId":"6e553fdf-5e86-443f-a653-383af7967d85"}
2026-09-09T08:19:06.152+08:00  INFO 32559 --- [control-app] [           main] [                                                 ] c.o.p.c.o.i.OperatorApiController        : operator-case assign: case=6e553fdf-5e86-443f-a653-383af7967d85 idem-key=ui-6 operator=dispatcher
2026-09-09T08:19:06.153+08:00  INFO 32559 --- [control-app] [           main] [                                                 ] c.o.p.c.o.a.OperatorCaseService          : {"event":"operator_case_transition","ts":"2026-09-09T00:19:06.153413934Z","revision":2,"to":"OPEN","rule":"T40_ASSIGN","caseId":"6e553fdf-5e86-443f-a653-383af7967d85"}
2026-09-09T08:19:06.156+08:00  INFO 32559 --- [control-app] [           main] [                                                 ] c.o.p.c.o.i.OperatorApiController        : operator-case assign: case=6e553fdf-5e86-443f-a653-383af7967d85 idem-key=ui-7 operator=dispatcher
2026-09-09T08:19:06.156+08:00  INFO 32559 --- [control-app] [           main] [                                                 ] c.o.p.c.o.a.OperatorCaseService          : {"event":"operator_case_transition","ts":"2026-09-09T00:19:06.156427211Z","revision":3,"to":"OPEN","rule":"T40_ASSIGN","caseId":"6e553fdf-5e86-443f-a653-383af7967d85"}
2026-09-09T08:19:06.163+08:00  INFO 32559 --- [control-app] [           main] [                                                 ] o.s.mock.web.MockServletContext          : Initializing Spring TestDispatcherServlet ''
2026-09-09T08:19:06.163+08:00  INFO 32559 --- [control-app] [           main] [                                                 ] o.s.t.web.servlet.TestDispatcherServlet  : Initializing Servlet ''
2026-09-09T08:19:06.163+08:00  INFO 32559 --- [control-app] [           main] [                                                 ] o.s.t.web.servlet.TestDispatcherServlet  : Completed initialization in 0 ms
2026-09-09T08:19:06.164+08:00  INFO 32559 --- [control-app] [           main] [                                                 ] c.o.p.c.o.a.OperatorCaseService          : {"event":"operator_case_transition","ts":"2026-09-09T00:19:06.164284671Z","revision":1,"to":"OPEN","rule":"T00_CREATE","caseId":"e2276049-feff-44ed-b0c5-18802309d4f1"}
2026-09-09T08:19:06.164+08:00  INFO 32559 --- [control-app] [           main] [                                                 ] c.o.p.c.o.a.OperatorCaseService          : {"event":"operator_case_transition","ts":"2026-09-09T00:19:06.164576612Z","revision":2,"to":"ACKED","rule":"T10_CLAIM","caseId":"e2276049-feff-44ed-b0c5-18802309d4f1"}
2026-09-09T08:19:06.179+08:00  INFO 32559 --- [control-app] [           main] [                                                 ] o.s.mock.web.MockServletContext          : Initializing Spring TestDispatcherServlet ''
2026-09-09T08:19:06.180+08:00  INFO 32559 --- [control-app] [           main] [                                                 ] o.s.t.web.servlet.TestDispatcherServlet  : Initializing Servlet ''
2026-09-09T08:19:06.180+08:00  INFO 32559 --- [control-app] [           main] [                                                 ] o.s.t.web.servlet.TestDispatcherServlet  : Completed initialization in 0 ms
2026-09-09T08:19:06.180+08:00  INFO 32559 --- [control-app] [           main] [                                                 ] c.o.p.c.o.a.OperatorCaseService          : {"event":"operator_case_transition","ts":"2026-09-09T00:19:06.180617317Z","revision":1,"to":"OPEN","rule":"T00_CREATE","caseId":"b7a56abb-5118-4659-96ee-24f74f01558b"}
2026-09-09T08:19:06.180+08:00  INFO 32559 --- [control-app] [           main] [                                                 ] c.o.p.c.o.a.OperatorCaseService          : {"event":"operator_case_transition","ts":"2026-09-09T00:19:06.180882438Z","revision":2,"to":"RESOLVED","rule":"T30_RESOLVE","caseId":"b7a56abb-5118-4659-96ee-24f74f01558b"}
2026-09-09T08:19:06.187+08:00  INFO 32559 --- [control-app] [           main] [                                                 ] c.o.p.c.o.i.OperatorApiController        : operator-case claim: case=b7a56abb-5118-4659-96ee-24f74f01558b idem-key=ui-8 operator=sre-b
2026-09-09T08:19:06.190+08:00  INFO 32559 --- [control-app] [           main] [                                                 ] c.o.p.c.o.i.OperatorApiController        : operator-case claim: case=c64ce37d-e866-4ee8-8269-e27f6fd4d0b5 idem-key=ui-9 operator=operator
2026-09-09T08:19:06.196+08:00  INFO 32559 --- [control-app] [           main] [                                                 ] o.s.mock.web.MockServletContext          : Initializing Spring TestDispatcherServlet ''
2026-09-09T08:19:06.196+08:00  INFO 32559 --- [control-app] [           main] [                                                 ] o.s.t.web.servlet.TestDispatcherServlet  : Initializing Servlet ''
2026-09-09T08:19:06.196+08:00  INFO 32559 --- [control-app] [           main] [                                                 ] o.s.t.web.servlet.TestDispatcherServlet  : Completed initialization in 0 ms
2026-09-09T08:19:06.197+08:00  INFO 32559 --- [control-app] [           main] [                                                 ] c.o.p.c.o.a.OperatorCaseService          : {"event":"operator_case_transition","ts":"2026-09-09T00:19:06.197040975Z","revision":1,"to":"OPEN","rule":"T00_CREATE","caseId":"bd9f8c7e-0e0a-433e-aa13-52bcdf3c5cbc"}
2026-09-09T08:19:06.197+08:00  INFO 32559 --- [control-app] [           main] [                                                 ] c.o.p.c.o.a.OperatorCaseService          : {"event":"operator_case_transition","ts":"2026-09-09T00:19:06.197406884Z","revision":1,"to":"OPEN","rule":"T00_CREATE","caseId":"f4d5f5e7-a063-4e31-b6ed-43c8cbc34364"}
2026-09-09T08:19:06.197+08:00  INFO 32559 --- [control-app] [           main] [                                                 ] c.o.p.c.o.a.OperatorCaseService          : {"event":"operator_case_transition","ts":"2026-09-09T00:19:06.197625937Z","revision":1,"to":"OPEN","rule":"T00_CREATE","caseId":"9e806b43-3bda-48c9-82aa-e52a4fc02651"}
2026-09-09T08:19:06.219+08:00  INFO 32559 --- [control-app] [           main] [                                                 ] o.s.mock.web.MockServletContext          : Initializing Spring TestDispatcherServlet ''
2026-09-09T08:19:06.219+08:00  INFO 32559 --- [control-app] [           main] [                                                 ] o.s.t.web.servlet.TestDispatcherServlet  : Initializing Servlet ''
2026-09-09T08:19:06.219+08:00  INFO 32559 --- [control-app] [           main] [                                                 ] o.s.t.web.servlet.TestDispatcherServlet  : Completed initialization in 0 ms
2026-09-09T08:19:06.223+08:00  INFO 32559 --- [control-app] [           main] [                                                 ] c.o.p.c.o.a.OperatorCaseService          : {"event":"operator_case_transition","ts":"2026-09-09T00:19:06.223090625Z","revision":1,"to":"OPEN","rule":"T00_CREATE","caseId":"816b281a-3903-460e-9426-46b3e2e4adaf"}
2026-09-09T08:19:06.225+08:00  INFO 32559 --- [control-app] [           main] [                                                 ] c.o.p.c.o.i.OperatorApiController        : operator-case claim: case=816b281a-3903-460e-9426-46b3e2e4adaf idem-key=ui-1 operator=sre-li
2026-09-09T08:19:06.227+08:00  INFO 32559 --- [control-app] [           main] [                                                 ] c.o.p.c.o.a.OperatorCaseService          : {"event":"operator_case_transition","ts":"2026-09-09T00:19:06.227551979Z","revision":2,"to":"ACKED","rule":"T10_CLAIM","caseId":"816b281a-3903-460e-9426-46b3e2e4adaf"}
2026-09-09T08:19:06.250+08:00  INFO 32559 --- [control-app] [           main] [                                                 ] o.s.mock.web.MockServletContext          : Initializing Spring TestDispatcherServlet ''
2026-09-09T08:19:06.250+08:00  INFO 32559 --- [control-app] [           main] [                                                 ] o.s.t.web.servlet.TestDispatcherServlet  : Initializing Servlet ''
2026-09-09T08:19:06.250+08:00  INFO 32559 --- [control-app] [           main] [                                                 ] o.s.t.web.servlet.TestDispatcherServlet  : Completed initialization in 0 ms
2026-09-09T08:19:06.250+08:00  INFO 32559 --- [control-app] [           main] [                                                 ] c.o.p.c.o.a.OperatorCaseService          : {"event":"operator_case_transition","ts":"2026-09-09T00:19:06.250795213Z","revision":1,"to":"OPEN","rule":"T00_CREATE","caseId":"1192e55d-8814-412b-8519-318bde947a30"}
2026-09-09T08:19:06.251+08:00  INFO 32559 --- [control-app] [           main] [                                                 ] c.o.p.c.o.a.OperatorCaseService          : {"event":"operator_case_transition","ts":"2026-09-09T00:19:06.251021760Z","revision":2,"to":"ACKED","rule":"T10_CLAIM","caseId":"1192e55d-8814-412b-8519-318bde947a30"}
2026-09-09T08:19:06.255+08:00  INFO 32559 --- [control-app] [           main] [                                                 ] c.o.p.c.o.i.OperatorApiController        : operator-case resolve: case=1192e55d-8814-412b-8519-318bde947a30 idem-key=ui-4 operator=operator-a
2026-09-09T08:19:06.255+08:00  INFO 32559 --- [control-app] [           main] [                                                 ] c.o.p.c.o.a.OperatorCaseService          : {"event":"operator_case_transition","ts":"2026-09-09T00:19:06.255580066Z","revision":3,"to":"RESOLVED","rule":"T31_RESOLVE","caseId":"1192e55d-8814-412b-8519-318bde947a30"}
2026-09-09T08:19:06.272+08:00  INFO 32559 --- [control-app] [           main] [                                                 ] o.s.mock.web.MockServletContext          : Initializing Spring TestDispatcherServlet ''
2026-09-09T08:19:06.273+08:00  INFO 32559 --- [control-app] [           main] [                                                 ] o.s.t.web.servlet.TestDispatcherServlet  : Initializing Servlet ''
2026-09-09T08:19:06.273+08:00  INFO 32559 --- [control-app] [           main] [                                                 ] o.s.t.web.servlet.TestDispatcherServlet  : Completed initialization in 0 ms
2026-09-09T08:19:06.273+08:00  INFO 32559 --- [control-app] [           main] [                                                 ] c.o.p.c.o.a.OperatorCaseService          : {"event":"operator_case_transition","ts":"2026-09-09T00:19:06.273743251Z","revision":1,"to":"OPEN","rule":"T00_CREATE","caseId":"6c974092-b3e3-42c6-993e-14394dbd69b7"}
2026-09-09T08:19:06.274+08:00  INFO 32559 --- [control-app] [           main] [                                                 ] c.o.p.c.o.a.OperatorCaseService          : {"event":"operator_case_transition","ts":"2026-09-09T00:19:06.273998371Z","revision":2,"to":"OPEN","rule":"T40_ASSIGN","caseId":"6c974092-b3e3-42c6-993e-14394dbd69b7"}
2026-09-09T08:19:06.276+08:00  INFO 32559 --- [control-app] [           main] [                                                 ] c.o.p.c.o.i.OperatorApiController        : operator-case claim: case=6c974092-b3e3-42c6-993e-14394dbd69b7 idem-key=ui-2 operator=sre-b
2026-09-09T08:19:06.294+08:00  INFO 32559 --- [control-app] [           main] [                                                 ] o.s.mock.web.MockServletContext          : Initializing Spring TestDispatcherServlet ''
2026-09-09T08:19:06.294+08:00  INFO 32559 --- [control-app] [           main] [                                                 ] o.s.t.web.servlet.TestDispatcherServlet  : Initializing Servlet ''
2026-09-09T08:19:06.294+08:00  INFO 32559 --- [control-app] [           main] [                                                 ] o.s.t.web.servlet.TestDispatcherServlet  : Completed initialization in 0 ms
2026-09-09T08:19:06.295+08:00  INFO 32559 --- [control-app] [           main] [                                                 ] c.o.p.c.o.a.OperatorCaseService          : {"event":"operator_case_transition","ts":"2026-09-09T00:19:06.295075884Z","revision":1,"to":"OPEN","rule":"T00_CREATE","caseId":"7553bca6-080c-4c81-b480-27786622f4ad"}
2026-09-09T08:19:06.295+08:00  INFO 32559 --- [control-app] [           main] [                                                 ] c.o.p.c.o.a.OperatorCaseService          : {"event":"operator_case_transition","ts":"2026-09-09T00:19:06.295326426Z","revision":2,"to":"ACKED","rule":"T10_CLAIM","caseId":"7553bca6-080c-4c81-b480-27786622f4ad"}
2026-09-09T08:19:06.295+08:00  INFO 32559 --- [control-app] [           main] [                                                 ] c.o.p.c.o.a.OperatorCaseService          : {"event":"operator_case_transition","ts":"2026-09-09T00:19:06.295537544Z","revision":1,"to":"OPEN","rule":"T00_CREATE","caseId":"5cd8d21b-8a61-4a72-acdf-9d16473110f3"}
[INFO] Tests run: 12, Failures: 0, Errors: 0, Skipped: 0, Time elapsed: 0.294 s -- in com.objwww.pr.control.ops.interfaces.OperatorApiControllerTest
2026-09-09T08:19:06.313+08:00  INFO 32559 --- [control-app] [           main] [                                                 ] org.testcontainers.DockerClientFactory   : Testcontainers version: 1.20.4
2026-09-09T08:19:06.483+08:00  INFO 32559 --- [control-app] [           main] [                                                 ] o.t.d.DockerClientProviderStrategy       : Loaded org.testcontainers.dockerclient.UnixSocketClientProviderStrategy from ~/.testcontainers.properties, will try it first
2026-09-09T08:19:06.742+08:00  INFO 32559 --- [control-app] [           main] [                                                 ] o.t.d.DockerClientProviderStrategy       : Found Docker environment with local Unix socket (unix:///var/run/docker.sock)
2026-09-09T08:19:06.743+08:00  INFO 32559 --- [control-app] [           main] [                                                 ] org.testcontainers.DockerClientFactory   : Docker host IP address is localhost
2026-09-09T08:19:06.761+08:00  INFO 32559 --- [control-app] [           main] [                                                 ] org.testcontainers.DockerClientFactory   : Connected to docker: 
  Server Version: 26.1.4
  API Version: 1.45
  Operating System: CentOS Linux 7 (Core)
  Total Memory: 7725 MB
2026-09-09T08:19:06.771+08:00  INFO 32559 --- [control-app] [           main] [                                                 ] org.testcontainers.images.PullPolicy     : Image pull policy will be performed by: DefaultPullPolicy()
2026-09-09T08:19:06.772+08:00  INFO 32559 --- [control-app] [           main] [                                                 ] o.t.utility.ImageNameSubstitutor         : Image name substitution will be performed by: DefaultImageNameSubstitutor (composite of 'ConfigurationFileImageNameSubstitutor' and 'PrefixingImageNameSubstitutor')
2026-09-09T08:19:06.848+08:00  INFO 32559 --- [control-app] [           main] [                                                 ] tc.testcontainers/ryuk:0.11.0            : Creating container for image: testcontainers/ryuk:0.11.0
2026-09-09T08:19:06.859+08:00  INFO 32559 --- [control-app] [           main] [                                                 ] o.t.utility.RegistryAuthLocator          : Failure when attempting to lookup auth config. Please ignore if you don't have images in an authenticated registry. Details: (dockerImageName: testcontainers/ryuk:0.11.0, configFile: /root/.docker/config.json, configEnv: DOCKER_AUTH_CONFIG). Falling back to docker-java default behaviour. Exception message: Status 404: No config supplied. Checked in order: /root/.docker/config.json (file not found), DOCKER_AUTH_CONFIG (not set)
2026-09-09T08:19:06.979+08:00  INFO 32559 --- [control-app] [           main] [                                                 ] tc.testcontainers/ryuk:0.11.0            : Container testcontainers/ryuk:0.11.0 is starting: 9469b81c84d2c2a94a038cf1dc5c53dabf78fd6ee7acb598399b24424af954e7
2026-09-09T08:19:07.255+08:00  INFO 32559 --- [control-app] [           main] [                                                 ] tc.testcontainers/ryuk:0.11.0            : Container testcontainers/ryuk:0.11.0 started in PT0.406618012S
2026-09-09T08:19:07.259+08:00  INFO 32559 --- [control-app] [           main] [                                                 ] o.t.utility.RyukResourceReaper           : Ryuk started - will monitor and terminate Testcontainers containers on JVM exit
2026-09-09T08:19:07.259+08:00  INFO 32559 --- [control-app] [           main] [                                                 ] org.testcontainers.DockerClientFactory   : Checking the system...
2026-09-09T08:19:07.260+08:00  INFO 32559 --- [control-app] [           main] [                                                 ] org.testcontainers.DockerClientFactory   : ✔︎ Docker server version should be at least 1.6.0
[INFO] Running com.objwww.pr.control.it.PostgresDatasetPartitionAccessTest
2026-09-09T08:19:07.268+08:00  INFO 32559 --- [control-app] [           main] [                                                 ] tc.postgres:16-alpine                    : Creating container for image: postgres:16-alpine
2026-09-09T08:19:07.322+08:00  INFO 32559 --- [control-app] [           main] [                                                 ] tc.postgres:16-alpine                    : Container postgres:16-alpine is starting: 1c6974ecea7fe486045fa6b6cfbfadb3fcfd429511e50e88a1f722fa4e23c72f
2026-09-09T08:19:08.570+08:00  INFO 32559 --- [control-app] [           main] [                                                 ] tc.postgres:16-alpine                    : Container postgres:16-alpine started in PT1.301707774S
2026-09-09T08:19:08.570+08:00  INFO 32559 --- [control-app] [           main] [                                                 ] tc.postgres:16-alpine                    : Container is started (JDBC URL: jdbc:postgresql://localhost:33300/test?loggerLevel=OFF)
2026-09-09T08:19:08.575+08:00  INFO 32559 --- [control-app] [           main] [                                                 ] com.zaxxer.hikari.HikariDataSource       : HikariPool-1 - Starting...
2026-09-09T08:19:08.696+08:00  INFO 32559 --- [control-app] [           main] [                                                 ] com.zaxxer.hikari.pool.HikariPool        : HikariPool-1 - Added connection org.postgresql.jdbc.PgConnection@31bfcf02
2026-09-09T08:19:08.698+08:00  INFO 32559 --- [control-app] [           main] [                                                 ] com.zaxxer.hikari.HikariDataSource       : HikariPool-1 - Start completed.
2026-09-09T08:19:08.875+08:00  INFO 32559 --- [control-app] [           main] [                                                 ] org.flywaydb.core.FlywayExecutor         : Database: jdbc:postgresql://localhost:33300/test?loggerLevel=OFF (PostgreSQL 16.15)
2026-09-09T08:19:08.923+08:00  INFO 32559 --- [control-app] [           main] [                                                 ] o.f.c.i.s.JdbcTableSchemaHistory         : Schema history table "public"."flyway_schema_history" does not exist yet
2026-09-09T08:19:08.926+08:00  INFO 32559 --- [control-app] [           main] [                                                 ] o.f.core.internal.command.DbValidate     : Successfully validated 34 migrations (execution time 00:00.027s)
2026-09-09T08:19:08.939+08:00  INFO 32559 --- [control-app] [           main] [                                                 ] o.f.c.i.s.JdbcTableSchemaHistory         : Creating Schema History table "public"."flyway_schema_history" ...
2026-09-09T08:19:08.970+08:00  INFO 32559 --- [control-app] [           main] [                                                 ] o.f.core.internal.command.DbMigrate      : Current version of schema "public": << Empty Schema >>
2026-09-09T08:19:09.001+08:00  INFO 32559 --- [control-app] [           main] [                                                 ] o.f.core.internal.command.DbMigrate      : Migrating schema "public" to version "1 - m0 schema"
2026-09-09T08:19:09.084+08:00  INFO 32559 --- [control-app] [           main] [                                                 ] o.f.core.internal.command.DbMigrate      : Migrating schema "public" to version "2 - grants"
2026-09-09T08:19:09.104+08:00  INFO 32559 --- [control-app] [           main] [                                                 ] o.f.core.internal.command.DbMigrate      : Migrating schema "public" to version "3 - m1 inbox reconcile"
2026-09-09T08:19:09.133+08:00  INFO 32559 --- [control-app] [           main] [                                                 ] o.f.core.internal.command.DbMigrate      : Migrating schema "public" to version "4 - m2 checkpoint repair"
2026-09-09T08:19:09.174+08:00  INFO 32559 --- [control-app] [           main] [                                                 ] o.f.core.internal.command.DbMigrate      : Migrating schema "public" to version "5 - m3 model governance"
2026-09-09T08:19:09.230+08:00  INFO 32559 --- [control-app] [           main] [                                                 ] o.f.core.internal.command.DbMigrate      : Migrating schema "public" to version "6 - m4 sandbox"
2026-09-09T08:19:09.275+08:00  INFO 32559 --- [control-app] [           main] [                                                 ] o.f.core.internal.command.DbMigrate      : Migrating schema "public" to version "7 - am1 alert domain"
2026-09-09T08:19:09.338+08:00  INFO 32559 --- [control-app] [           main] [                                                 ] o.f.core.internal.command.DbMigrate      : Migrating schema "public" to version "8 - am1 dag reserve"
2026-09-09T08:19:09.370+08:00  INFO 32559 --- [control-app] [           main] [                                                 ] o.f.core.internal.command.DbMigrate      : Migrating schema "public" to version "9 - am3 eval notify"
2026-09-09T08:19:09.420+08:00  INFO 32559 --- [control-app] [           main] [                                                 ] o.f.core.internal.command.DbMigrate      : Migrating schema "public" to version "10 - am3 eval run"
2026-09-09T08:19:09.440+08:00  INFO 32559 --- [control-app] [           main] [                                                 ] o.f.core.internal.command.DbMigrate      : Migrating schema "public" to version "11 - am3 eval readonly"
2026-09-09T08:19:09.447+08:00  INFO 32559 --- [control-app] [           main] [                                                 ] o.f.core.internal.command.DbMigrate      : Migrating schema "public" to version "12 - am4 state expansion"
2026-09-09T08:19:09.462+08:00  INFO 32559 --- [control-app] [           main] [                                                 ] o.f.core.internal.command.DbMigrate      : Migrating schema "public" to version "13 - am4 budget ledger"
2026-09-09T08:19:09.476+08:00  INFO 32559 --- [control-app] [           main] [                                                 ] o.f.core.internal.command.DbMigrate      : Migrating schema "public" to version "14 - am4 rca event"
2026-09-09T08:19:09.490+08:00  INFO 32559 --- [control-app] [           main] [                                                 ] o.f.core.internal.command.DbMigrate      : Migrating schema "public" to version "15 - am4 tool invocation ledger"
2026-09-09T08:19:09.501+08:00  INFO 32559 --- [control-app] [           main] [                                                 ] o.f.core.internal.command.DbMigrate      : Migrating schema "public" to version "16 - am4 evidence snapshot"
2026-09-09T08:19:09.517+08:00  INFO 32559 --- [control-app] [           main] [                                                 ] o.f.core.internal.command.DbMigrate      : Migrating schema "public" to version "17 - am4 claim"
2026-09-09T08:19:09.530+08:00  INFO 32559 --- [control-app] [           main] [                                                 ] o.f.core.internal.command.DbMigrate      : Migrating schema "public" to version "18 - am4 task edge run scope"
2026-09-09T08:19:09.540+08:00  INFO 32559 --- [control-app] [           main] [                                                 ] o.f.core.internal.command.DbMigrate      : Migrating schema "public" to version "19 - am4 tool replay"
2026-09-09T08:19:09.549+08:00  INFO 32559 --- [control-app] [           main] [                                                 ] o.f.core.internal.command.DbMigrate      : Migrating schema "public" to version "20 - am5 dataset version"
2026-09-09T08:19:09.567+08:00  INFO 32559 --- [control-app] [           main] [                                                 ] o.f.core.internal.command.DbMigrate      : Migrating schema "public" to version "21 - am5 dataset partition"
2026-09-09T08:19:09.607+08:00  INFO 32559 --- [control-app] [           main] [                                                 ] o.f.core.internal.command.DbMigrate      : Migrating schema "public" to version "22 - am5 golden candidate"
2026-09-09T08:19:09.637+08:00  INFO 32559 --- [control-app] [           main] [                                                 ] o.f.core.internal.command.DbMigrate      : Migrating schema "public" to version "23 - am5 sampling fingerprint"
2026-09-09T08:19:09.654+08:00  INFO 32559 --- [control-app] [           main] [                                                 ] o.f.core.internal.command.DbMigrate      : Migrating schema "public" to version "24 - am5 config bundle"
2026-09-09T08:19:09.676+08:00  INFO 32559 --- [control-app] [           main] [                                                 ] o.f.core.internal.command.DbMigrate      : Migrating schema "public" to version "25 - am5 canary route"
2026-09-09T08:19:09.701+08:00  INFO 32559 --- [control-app] [           main] [                                                 ] o.f.core.internal.command.DbMigrate      : Migrating schema "public" to version "26 - am5 operator case"
2026-09-09T08:19:09.720+08:00  INFO 32559 --- [control-app] [           main] [                                                 ] o.f.core.internal.command.DbMigrate      : Migrating schema "public" to version "27 - am5 operator command"
2026-09-09T08:19:09.742+08:00  INFO 32559 --- [control-app] [           main] [                                                 ] o.f.core.internal.command.DbMigrate      : Migrating schema "public" to version "28 - am5 monthly partition"
2026-09-09T08:19:09.781+08:00  INFO 32559 --- [control-app] [           main] [                                                 ] o.f.core.internal.command.DbMigrate      : Migrating schema "public" to version "29 - am5 retention archive"
2026-09-09T08:19:09.809+08:00  INFO 32559 --- [control-app] [           main] [                                                 ] o.f.core.internal.command.DbMigrate      : Migrating schema "public" to version "30 - am6 canary window verdict"
2026-09-09T08:19:09.850+08:00  INFO 32559 --- [control-app] [           main] [                                                 ] o.f.core.internal.command.DbMigrate      : Migrating schema "public" to version "31 - ba52 canary decision fk deferred"
2026-09-09T08:19:09.884+08:00  INFO 32559 --- [control-app] [           main] [                                                 ] o.f.core.internal.command.DbMigrate      : Migrating schema "public" to version "32 - am6 engine comparison"
2026-09-09T08:19:09.901+08:00  INFO 32559 --- [control-app] [           main] [                                                 ] o.f.core.internal.command.DbMigrate      : Migrating schema "public" to version "33 - am6 run fallback"
2026-09-09T08:19:09.926+08:00  INFO 32559 --- [control-app] [           main] [                                                 ] o.f.core.internal.command.DbMigrate      : Migrating schema "public" to version "34 - am6 engine shadow work"
2026-09-09T08:19:09.942+08:00  INFO 32559 --- [control-app] [           main] [                                                 ] o.f.core.internal.command.DbMigrate      : Successfully applied 34 migrations to schema "public", now at version v34 (execution time 00:00.635s)
2026-09-09T08:19:09.953+08:00  INFO 32559 --- [control-app] [           main] [                                                 ] com.zaxxer.hikari.HikariDataSource       : HikariPool-2 - Starting...
2026-09-09T08:19:09.971+08:00  INFO 32559 --- [control-app] [           main] [                                                 ] com.zaxxer.hikari.pool.HikariPool        : HikariPool-2 - Added connection org.postgresql.jdbc.PgConnection@5b655e44
2026-09-09T08:19:09.971+08:00  INFO 32559 --- [control-app] [           main] [                                                 ] com.zaxxer.hikari.HikariDataSource       : HikariPool-2 - Start completed.
2026-09-09T08:19:09.971+08:00  INFO 32559 --- [control-app] [           main] [                                                 ] com.zaxxer.hikari.HikariDataSource       : HikariPool-3 - Starting...
2026-09-09T08:19:09.982+08:00  INFO 32559 --- [control-app] [           main] [                                                 ] com.zaxxer.hikari.pool.HikariPool        : HikariPool-3 - Added connection org.postgresql.jdbc.PgConnection@208ea9cf
2026-09-09T08:19:09.982+08:00  INFO 32559 --- [control-app] [           main] [                                                 ] com.zaxxer.hikari.HikariDataSource       : HikariPool-3 - Start completed.
2026-09-09T08:19:09.983+08:00  INFO 32559 --- [control-app] [           main] [                                                 ] com.zaxxer.hikari.HikariDataSource       : HikariPool-4 - Starting...
2026-09-09T08:19:10.002+08:00  INFO 32559 --- [control-app] [           main] [                                                 ] com.zaxxer.hikari.pool.HikariPool        : HikariPool-4 - Added connection org.postgresql.jdbc.PgConnection@8068d9a
2026-09-09T08:19:10.002+08:00  INFO 32559 --- [control-app] [           main] [                                                 ] com.zaxxer.hikari.HikariDataSource       : HikariPool-4 - Start completed.
2026-09-09T08:19:10.002+08:00  INFO 32559 --- [control-app] [           main] [                                                 ] com.zaxxer.hikari.HikariDataSource       : HikariPool-5 - Starting...
2026-09-09T08:19:10.015+08:00  INFO 32559 --- [control-app] [           main] [                                                 ] com.zaxxer.hikari.pool.HikariPool        : HikariPool-5 - Added connection org.postgresql.jdbc.PgConnection@5a6c64e8
2026-09-09T08:19:10.015+08:00  INFO 32559 --- [control-app] [           main] [                                                 ] com.zaxxer.hikari.HikariDataSource       : HikariPool-5 - Start completed.
2026-09-09T08:19:10.150+08:00  INFO 32559 --- [control-app] [           main] [                                                 ] com.zaxxer.hikari.HikariDataSource       : HikariPool-6 - Starting...
2026-09-09T08:19:10.160+08:00  INFO 32559 --- [control-app] [           main] [                                                 ] com.zaxxer.hikari.pool.HikariPool        : HikariPool-6 - Added connection org.postgresql.jdbc.PgConnection@3e835093
2026-09-09T08:19:10.160+08:00  INFO 32559 --- [control-app] [           main] [                                                 ] com.zaxxer.hikari.HikariDataSource       : HikariPool-6 - Start completed.
2026-09-09T08:19:10.304+08:00  INFO 32559 --- [control-app] [           main] [                                                 ] com.zaxxer.hikari.HikariDataSource       : HikariPool-7 - Starting...
2026-09-09T08:19:10.312+08:00  INFO 32559 --- [control-app] [           main] [                                                 ] com.zaxxer.hikari.pool.HikariPool        : HikariPool-7 - Added connection org.postgresql.jdbc.PgConnection@1212db8b
2026-09-09T08:19:10.312+08:00  INFO 32559 --- [control-app] [           main] [                                                 ] com.zaxxer.hikari.HikariDataSource       : HikariPool-7 - Start completed.
2026-09-09T08:19:10.414+08:00  INFO 32559 --- [control-app] [           main] [                                                 ] com.zaxxer.hikari.HikariDataSource       : HikariPool-8 - Starting...
2026-09-09T08:19:10.421+08:00  INFO 32559 --- [control-app] [           main] [                                                 ] com.zaxxer.hikari.pool.HikariPool        : HikariPool-8 - Added connection org.postgresql.jdbc.PgConnection@24f273b7
2026-09-09T08:19:10.421+08:00  INFO 32559 --- [control-app] [           main] [                                                 ] com.zaxxer.hikari.HikariDataSource       : HikariPool-8 - Start completed.
2026-09-09T08:19:10.507+08:00  INFO 32559 --- [control-app] [           main] [                                                 ] com.zaxxer.hikari.HikariDataSource       : HikariPool-9 - Starting...
2026-09-09T08:19:10.513+08:00  INFO 32559 --- [control-app] [           main] [                                                 ] com.zaxxer.hikari.pool.HikariPool        : HikariPool-9 - Added connection org.postgresql.jdbc.PgConnection@1ddd0459
2026-09-09T08:19:10.514+08:00  INFO 32559 --- [control-app] [           main] [                                                 ] com.zaxxer.hikari.HikariDataSource       : HikariPool-9 - Start completed.
2026-09-09T08:19:10.602+08:00  INFO 32559 --- [control-app] [           main] [                                                 ] com.zaxxer.hikari.HikariDataSource       : HikariPool-10 - Starting...
2026-09-09T08:19:10.609+08:00  INFO 32559 --- [control-app] [           main] [                                                 ] com.zaxxer.hikari.pool.HikariPool        : HikariPool-10 - Added connection org.postgresql.jdbc.PgConnection@756fd766
2026-09-09T08:19:10.609+08:00  INFO 32559 --- [control-app] [           main] [                                                 ] com.zaxxer.hikari.HikariDataSource       : HikariPool-10 - Start completed.
[INFO] Tests run: 5, Failures: 0, Errors: 0, Skipped: 0, Time elapsed: 3.353 s -- in com.objwww.pr.control.it.PostgresDatasetPartitionAccessTest
[INFO] Running com.objwww.pr.control.it.PostgresConfigBundleRepositoryTest
2026-09-09T08:19:10.697+08:00  INFO 32559 --- [control-app] [           main] [                                                 ] c.o.p.c.r.a.ConfigBundleService          : bundle 发布: 30ad808ed98886e339611e59f7bac711638e216776d0231c3aad2a5fe468382c revision=1 by=op-1 policy=policy-2026-09
2026-09-09T08:19:10.701+08:00  INFO 32559 --- [control-app] [           main] [                                                 ] c.o.p.c.r.a.ConfigBundleService          : activate 落位: 30ad808ed98886e339611e59f7bac711638e216776d0231c3aad2a5fe468382c revision=1 by=op-1
2026-09-09T08:19:10.784+08:00  INFO 32559 --- [control-app] [           main] [                                                 ] c.o.p.c.r.a.ConfigBundleService          : bundle 发布: 30ad808ed98886e339611e59f7bac711638e216776d0231c3aad2a5fe468382c revision=1 by=op-1 policy=policy-2026-09
2026-09-09T08:19:10.876+08:00  INFO 32559 --- [control-app] [           main] [                                                 ] c.o.p.c.r.a.ConfigBundleService          : bundle 发布: 30ad808ed98886e339611e59f7bac711638e216776d0231c3aad2a5fe468382c revision=1 by=op-1 policy=policy-2026-09
2026-09-09T08:19:10.878+08:00  INFO 32559 --- [control-app] [           main] [                                                 ] c.o.p.c.r.a.ConfigBundleService          : bundle 发布: be840a4ff5d98fc58380e1ed2d6501f2a7edb25711430dc0e9023b687140db80 revision=2 by=op-1 policy=policy-2026-09
2026-09-09T08:19:10.880+08:00  INFO 32559 --- [control-app] [           main] [                                                 ] c.o.p.c.r.a.ConfigBundleService          : activate 落位: 30ad808ed98886e339611e59f7bac711638e216776d0231c3aad2a5fe468382c revision=1 by=op-1
2026-09-09T08:19:10.882+08:00  INFO 32559 --- [control-app] [           main] [                                                 ] c.o.p.c.r.a.ConfigBundleService          : activate 落位: be840a4ff5d98fc58380e1ed2d6501f2a7edb25711430dc0e9023b687140db80 revision=2 by=op-1
2026-09-09T08:19:10.884+08:00  INFO 32559 --- [control-app] [           main] [                                                 ] c.o.p.c.r.a.ConfigBundleService          : rollback 落位: 30ad808ed98886e339611e59f7bac711638e216776d0231c3aad2a5fe468382c revision=1 by=op-2
2026-09-09T08:19:10.965+08:00  INFO 32559 --- [control-app] [           main] [                                                 ] c.o.p.c.r.a.ConfigBundleService          : bundle 发布: 30ad808ed98886e339611e59f7bac711638e216776d0231c3aad2a5fe468382c revision=1 by=op-1 policy=policy-2026-09
2026-09-09T08:19:10.967+08:00  INFO 32559 --- [control-app] [           main] [                                                 ] c.o.p.c.r.a.ConfigBundleService          : bundle 幂等重放: 30ad808ed98886e339611e59f7bac711638e216776d0231c3aad2a5fe468382c revision=1 by=op-2
[INFO] Tests run: 4, Failures: 0, Errors: 0, Skipped: 0, Time elapsed: 0.354 s -- in com.objwww.pr.control.it.PostgresConfigBundleRepositoryTest
[INFO] Running com.objwww.pr.control.it.PostgresModelCallLedgerRepositoryTest
[INFO] Tests run: 2, Failures: 0, Errors: 0, Skipped: 0, Time elapsed: 0.181 s -- in com.objwww.pr.control.it.PostgresModelCallLedgerRepositoryTest
[INFO] Running com.objwww.pr.control.it.PostgresGoldenCandidateRepositoryTest
2026-09-09T08:19:11.226+08:00  INFO 32559 --- [control-app] [           main] [                                                 ] com.zaxxer.hikari.HikariDataSource       : HikariPool-11 - Starting...
2026-09-09T08:19:11.232+08:00  INFO 32559 --- [control-app] [           main] [                                                 ] com.zaxxer.hikari.pool.HikariPool        : HikariPool-11 - Added connection org.postgresql.jdbc.PgConnection@74fc786
2026-09-09T08:19:11.232+08:00  INFO 32559 --- [control-app] [           main] [                                                 ] com.zaxxer.hikari.HikariDataSource       : HikariPool-11 - Start completed.
2026-09-09T08:19:11.247+08:00  INFO 32559 --- [control-app] [           main] [                                                 ] com.zaxxer.hikari.HikariDataSource       : HikariPool-11 - Shutdown initiated...
2026-09-09T08:19:11.249+08:00  INFO 32559 --- [control-app] [           main] [                                                 ] com.zaxxer.hikari.HikariDataSource       : HikariPool-11 - Shutdown completed.
2026-09-09T08:19:11.329+08:00  INFO 32559 --- [control-app] [           main] [                                                 ] com.zaxxer.hikari.HikariDataSource       : HikariPool-12 - Starting...
2026-09-09T08:19:11.338+08:00  INFO 32559 --- [control-app] [           main] [                                                 ] com.zaxxer.hikari.pool.HikariPool        : HikariPool-12 - Added connection org.postgresql.jdbc.PgConnection@1e6a42e8
2026-09-09T08:19:11.339+08:00  INFO 32559 --- [control-app] [           main] [                                                 ] com.zaxxer.hikari.HikariDataSource       : HikariPool-12 - Start completed.
2026-09-09T08:19:11.347+08:00  INFO 32559 --- [control-app] [           main] [                                                 ] com.zaxxer.hikari.HikariDataSource       : HikariPool-12 - Shutdown initiated...
2026-09-09T08:19:11.348+08:00  INFO 32559 --- [control-app] [           main] [                                                 ] com.zaxxer.hikari.HikariDataSource       : HikariPool-12 - Shutdown completed.
2026-09-09T08:19:11.425+08:00  INFO 32559 --- [control-app] [           main] [                                                 ] com.zaxxer.hikari.HikariDataSource       : HikariPool-13 - Starting...
2026-09-09T08:19:11.433+08:00  INFO 32559 --- [control-app] [           main] [                                                 ] com.zaxxer.hikari.pool.HikariPool        : HikariPool-13 - Added connection org.postgresql.jdbc.PgConnection@49f16fa8
2026-09-09T08:19:11.433+08:00  INFO 32559 --- [control-app] [           main] [                                                 ] com.zaxxer.hikari.HikariDataSource       : HikariPool-13 - Start completed.
2026-09-09T08:19:11.446+08:00  INFO 32559 --- [control-app] [           main] [                                                 ] com.zaxxer.hikari.HikariDataSource       : HikariPool-13 - Shutdown initiated...
2026-09-09T08:19:11.447+08:00  INFO 32559 --- [control-app] [           main] [                                                 ] com.zaxxer.hikari.HikariDataSource       : HikariPool-13 - Shutdown completed.
2026-09-09T08:19:11.522+08:00  INFO 32559 --- [control-app] [           main] [                                                 ] com.zaxxer.hikari.HikariDataSource       : HikariPool-14 - Starting...
2026-09-09T08:19:11.529+08:00  INFO 32559 --- [control-app] [           main] [                                                 ] com.zaxxer.hikari.pool.HikariPool        : HikariPool-14 - Added connection org.postgresql.jdbc.PgConnection@533cbc65
2026-09-09T08:19:11.529+08:00  INFO 32559 --- [control-app] [           main] [                                                 ] com.zaxxer.hikari.HikariDataSource       : HikariPool-14 - Start completed.
2026-09-09T08:19:11.546+08:00  INFO 32559 --- [control-app] [           main] [                                                 ] com.zaxxer.hikari.HikariDataSource       : HikariPool-14 - Shutdown initiated...
2026-09-09T08:19:11.546+08:00  INFO 32559 --- [control-app] [           main] [                                                 ] com.zaxxer.hikari.HikariDataSource       : HikariPool-14 - Shutdown completed.
2026-09-09T08:19:11.622+08:00  INFO 32559 --- [control-app] [           main] [                                                 ] com.zaxxer.hikari.HikariDataSource       : HikariPool-15 - Starting...
2026-09-09T08:19:11.632+08:00  INFO 32559 --- [control-app] [           main] [                                                 ] com.zaxxer.hikari.pool.HikariPool        : HikariPool-15 - Added connection org.postgresql.jdbc.PgConnection@2c276433
2026-09-09T08:19:11.632+08:00  INFO 32559 --- [control-app] [           main] [                                                 ] com.zaxxer.hikari.HikariDataSource       : HikariPool-15 - Start completed.
2026-09-09T08:19:11.647+08:00  INFO 32559 --- [control-app] [           main] [                                                 ] com.zaxxer.hikari.HikariDataSource       : HikariPool-15 - Shutdown initiated...
2026-09-09T08:19:11.648+08:00  INFO 32559 --- [control-app] [           main] [                                                 ] com.zaxxer.hikari.HikariDataSource       : HikariPool-15 - Shutdown completed.
[INFO] Tests run: 5, Failures: 0, Errors: 0, Skipped: 0, Time elapsed: 0.498 s -- in com.objwww.pr.control.it.PostgresGoldenCandidateRepositoryTest
[INFO] Running com.objwww.pr.control.it.PostgresDatasetVersionRepositoryTest
[INFO] Tests run: 5, Failures: 0, Errors: 0, Skipped: 0, Time elapsed: 0.453 s -- in com.objwww.pr.control.it.PostgresDatasetVersionRepositoryTest
[INFO] 
[INFO] Results:
[INFO] 
[INFO] Tests run: 961, Failures: 0, Errors: 0, Skipped: 0
[INFO] 
[INFO] 
[INFO] --- jar:3.4.2:jar (default-jar) @ control-app ---
[INFO] Building jar: /opt/build/pr/control-app/target/control-app-0.0.1-SNAPSHOT.jar
[INFO] 
[INFO] --- spring-boot:3.4.5:repackage (repackage) @ control-app ---
[INFO] Attaching repackaged archive /opt/build/pr/control-app/target/control-app-0.0.1-SNAPSHOT-exec.jar with classifier exec
[INFO] 
[INFO] --- failsafe:3.5.3:integration-test (default) @ control-app ---
[INFO] Using auto detected provider org.apache.maven.surefire.junitplatform.JUnitPlatformProvider
[INFO] 
[INFO] -------------------------------------------------------
[INFO]  T E S T S
[INFO] -------------------------------------------------------
08:19:15.501 [main] INFO org.testcontainers.DockerClientFactory -- Testcontainers version: 1.20.4
08:19:15.660 [main] INFO org.testcontainers.dockerclient.DockerClientProviderStrategy -- Loaded org.testcontainers.dockerclient.UnixSocketClientProviderStrategy from ~/.testcontainers.properties, will try it first
08:19:15.987 [main] INFO org.testcontainers.dockerclient.DockerClientProviderStrategy -- Found Docker environment with local Unix socket (unix:///var/run/docker.sock)
08:19:15.988 [main] INFO org.testcontainers.DockerClientFactory -- Docker host IP address is localhost
08:19:16.005 [main] INFO org.testcontainers.DockerClientFactory -- Connected to docker: 
  Server Version: 26.1.4
  API Version: 1.45
  Operating System: CentOS Linux 7 (Core)
  Total Memory: 7725 MB
08:19:16.016 [main] INFO org.testcontainers.images.PullPolicy -- Image pull policy will be performed by: DefaultPullPolicy()
08:19:16.018 [main] INFO org.testcontainers.utility.ImageNameSubstitutor -- Image name substitution will be performed by: DefaultImageNameSubstitutor (composite of 'ConfigurationFileImageNameSubstitutor' and 'PrefixingImageNameSubstitutor')
08:19:16.096 [main] INFO tc.testcontainers/ryuk:0.11.0 -- Creating container for image: testcontainers/ryuk:0.11.0
08:19:16.101 [main] INFO org.testcontainers.utility.RegistryAuthLocator -- Failure when attempting to lookup auth config. Please ignore if you don't have images in an authenticated registry. Details: (dockerImageName: testcontainers/ryuk:0.11.0, configFile: /root/.docker/config.json, configEnv: DOCKER_AUTH_CONFIG). Falling back to docker-java default behaviour. Exception message: Status 404: No config supplied. Checked in order: /root/.docker/config.json (file not found), DOCKER_AUTH_CONFIG (not set)
08:19:16.293 [main] INFO tc.testcontainers/ryuk:0.11.0 -- Container testcontainers/ryuk:0.11.0 is starting: e6dbe245025bf45d2ee585f5110c4cc89ba96db78349148250c30d7f104837b1
08:19:16.608 [main] INFO tc.testcontainers/ryuk:0.11.0 -- Container testcontainers/ryuk:0.11.0 started in PT0.51206358S
08:19:16.616 [main] INFO org.testcontainers.utility.RyukResourceReaper -- Ryuk started - will monitor and terminate Testcontainers containers on JVM exit
08:19:16.616 [main] INFO org.testcontainers.DockerClientFactory -- Checking the system...
08:19:16.617 [main] INFO org.testcontainers.DockerClientFactory -- ✔︎ Docker server version should be at least 1.6.0
[INFO] Running com.objwww.pr.control.it.PostgresOperatorCaseIT
08:19:16.658 [main] INFO tc.postgres:16-alpine -- Creating container for image: postgres:16-alpine
08:19:16.707 [main] INFO tc.postgres:16-alpine -- Container postgres:16-alpine is starting: 06565d262d662e2e8235557df017ea2291f2b3206b529562f9a25a5c3eaf9090
08:19:17.904 [main] INFO tc.postgres:16-alpine -- Container postgres:16-alpine started in PT1.245414764S
08:19:17.904 [main] INFO tc.postgres:16-alpine -- Container is started (JDBC URL: jdbc:postgresql://localhost:33302/test?loggerLevel=OFF)
08:19:17.912 [main] INFO com.zaxxer.hikari.HikariDataSource -- HikariPool-1 - Starting...
08:19:18.131 [main] INFO com.zaxxer.hikari.pool.HikariPool -- HikariPool-1 - Added connection org.postgresql.jdbc.PgConnection@309028af
08:19:18.132 [main] INFO com.zaxxer.hikari.HikariDataSource -- HikariPool-1 - Start completed.
08:19:18.473 [main] INFO org.flywaydb.core.FlywayExecutor -- Database: jdbc:postgresql://localhost:33302/test?loggerLevel=OFF (PostgreSQL 16.15)
08:19:18.553 [main] INFO org.flywaydb.core.internal.schemahistory.JdbcTableSchemaHistory -- Schema history table "public"."flyway_schema_history" does not exist yet
08:19:18.561 [main] INFO org.flywaydb.core.internal.command.DbValidate -- Successfully validated 34 migrations (execution time 00:00.058s)
08:19:18.598 [main] INFO org.flywaydb.core.internal.schemahistory.JdbcTableSchemaHistory -- Creating Schema History table "public"."flyway_schema_history" ...
08:19:18.664 [main] INFO org.flywaydb.core.internal.command.DbMigrate -- Current version of schema "public": << Empty Schema >>
08:19:18.721 [main] INFO org.flywaydb.core.internal.command.DbMigrate -- Migrating schema "public" to version "1 - m0 schema"
08:19:18.839 [main] INFO org.flywaydb.core.internal.command.DbMigrate -- Migrating schema "public" to version "2 - grants"
08:19:18.881 [main] INFO org.flywaydb.core.internal.command.DbMigrate -- Migrating schema "public" to version "3 - m1 inbox reconcile"
08:19:18.926 [main] INFO org.flywaydb.core.internal.command.DbMigrate -- Migrating schema "public" to version "4 - m2 checkpoint repair"
08:19:18.975 [main] INFO org.flywaydb.core.internal.command.DbMigrate -- Migrating schema "public" to version "5 - m3 model governance"
08:19:19.015 [main] INFO org.flywaydb.core.internal.command.DbMigrate -- Migrating schema "public" to version "6 - m4 sandbox"
08:19:19.079 [main] INFO org.flywaydb.core.internal.command.DbMigrate -- Migrating schema "public" to version "7 - am1 alert domain"
08:19:19.182 [main] INFO org.flywaydb.core.internal.command.DbMigrate -- Migrating schema "public" to version "8 - am1 dag reserve"
08:19:19.206 [main] INFO org.flywaydb.core.internal.command.DbMigrate -- Migrating schema "public" to version "9 - am3 eval notify"
08:19:19.252 [main] INFO org.flywaydb.core.internal.command.DbMigrate -- Migrating schema "public" to version "10 - am3 eval run"
08:19:19.274 [main] INFO org.flywaydb.core.internal.command.DbMigrate -- Migrating schema "public" to version "11 - am3 eval readonly"
08:19:19.282 [main] INFO org.flywaydb.core.internal.command.DbMigrate -- Migrating schema "public" to version "12 - am4 state expansion"
08:19:19.299 [main] INFO org.flywaydb.core.internal.command.DbMigrate -- Migrating schema "public" to version "13 - am4 budget ledger"
08:19:19.329 [main] INFO org.flywaydb.core.internal.command.DbMigrate -- Migrating schema "public" to version "14 - am4 rca event"
08:19:19.344 [main] INFO org.flywaydb.core.internal.command.DbMigrate -- Migrating schema "public" to version "15 - am4 tool invocation ledger"
08:19:19.360 [main] INFO org.flywaydb.core.internal.command.DbMigrate -- Migrating schema "public" to version "16 - am4 evidence snapshot"
08:19:19.378 [main] INFO org.flywaydb.core.internal.command.DbMigrate -- Migrating schema "public" to version "17 - am4 claim"
08:19:19.392 [main] INFO org.flywaydb.core.internal.command.DbMigrate -- Migrating schema "public" to version "18 - am4 task edge run scope"
08:19:19.402 [main] INFO org.flywaydb.core.internal.command.DbMigrate -- Migrating schema "public" to version "19 - am4 tool replay"
08:19:19.412 [main] INFO org.flywaydb.core.internal.command.DbMigrate -- Migrating schema "public" to version "20 - am5 dataset version"
08:19:19.431 [main] INFO org.flywaydb.core.internal.command.DbMigrate -- Migrating schema "public" to version "21 - am5 dataset partition"
08:19:19.457 [main] INFO org.flywaydb.core.internal.command.DbMigrate -- Migrating schema "public" to version "22 - am5 golden candidate"
08:19:19.477 [main] INFO org.flywaydb.core.internal.command.DbMigrate -- Migrating schema "public" to version "23 - am5 sampling fingerprint"
08:19:19.485 [main] INFO org.flywaydb.core.internal.command.DbMigrate -- Migrating schema "public" to version "24 - am5 config bundle"
08:19:19.501 [main] INFO org.flywaydb.core.internal.command.DbMigrate -- Migrating schema "public" to version "25 - am5 canary route"
08:19:19.522 [main] INFO org.flywaydb.core.internal.command.DbMigrate -- Migrating schema "public" to version "26 - am5 operator case"
08:19:19.538 [main] INFO org.flywaydb.core.internal.command.DbMigrate -- Migrating schema "public" to version "27 - am5 operator command"
08:19:19.552 [main] INFO org.flywaydb.core.internal.command.DbMigrate -- Migrating schema "public" to version "28 - am5 monthly partition"
08:19:19.584 [main] INFO org.flywaydb.core.internal.command.DbMigrate -- Migrating schema "public" to version "29 - am5 retention archive"
08:19:19.621 [main] INFO org.flywaydb.core.internal.command.DbMigrate -- Migrating schema "public" to version "30 - am6 canary window verdict"
08:19:19.645 [main] INFO org.flywaydb.core.internal.command.DbMigrate -- Migrating schema "public" to version "31 - ba52 canary decision fk deferred"
08:19:19.652 [main] INFO org.flywaydb.core.internal.command.DbMigrate -- Migrating schema "public" to version "32 - am6 engine comparison"
08:19:19.666 [main] INFO org.flywaydb.core.internal.command.DbMigrate -- Migrating schema "public" to version "33 - am6 run fallback"
08:19:19.686 [main] INFO org.flywaydb.core.internal.command.DbMigrate -- Migrating schema "public" to version "34 - am6 engine shadow work"
08:19:19.722 [main] INFO org.flywaydb.core.internal.command.DbMigrate -- Successfully applied 34 migrations to schema "public", now at version v34 (execution time 00:00.687s)
08:19:19.727 [main] INFO com.zaxxer.hikari.HikariDataSource -- HikariPool-2 - Starting...
08:19:19.746 [main] INFO com.zaxxer.hikari.pool.HikariPool -- HikariPool-2 - Added connection org.postgresql.jdbc.PgConnection@1391af3b
08:19:19.747 [main] INFO com.zaxxer.hikari.HikariDataSource -- HikariPool-2 - Start completed.
08:19:19.747 [main] INFO com.zaxxer.hikari.HikariDataSource -- HikariPool-3 - Starting...
08:19:19.762 [main] INFO com.zaxxer.hikari.pool.HikariPool -- HikariPool-3 - Added connection org.postgresql.jdbc.PgConnection@135a8c6f
08:19:19.762 [main] INFO com.zaxxer.hikari.HikariDataSource -- HikariPool-3 - Start completed.
08:19:19.763 [main] INFO com.zaxxer.hikari.HikariDataSource -- HikariPool-4 - Starting...
08:19:19.788 [main] INFO com.zaxxer.hikari.pool.HikariPool -- HikariPool-4 - Added connection org.postgresql.jdbc.PgConnection@43bf5397
08:19:19.788 [main] INFO com.zaxxer.hikari.HikariDataSource -- HikariPool-4 - Start completed.
08:19:19.789 [main] INFO com.zaxxer.hikari.HikariDataSource -- HikariPool-5 - Starting...
08:19:19.802 [main] INFO com.zaxxer.hikari.pool.HikariPool -- HikariPool-5 - Added connection org.postgresql.jdbc.PgConnection@3679d92e
08:19:19.802 [main] INFO com.zaxxer.hikari.HikariDataSource -- HikariPool-5 - Start completed.
08:19:20.019 [main] INFO com.objwww.pr.control.ops.application.OperatorCaseService -- {"event":"operator_case_transition","ts":"2026-09-09T00:19:20.018010404Z","revision":1,"to":"OPEN","rule":"T00_CREATE","caseId":"75ae5301-1f42-48cb-8025-cd5f45cb69a4"}
08:19:20.036 [main] INFO com.objwww.pr.control.ops.application.OperatorCaseService -- {"event":"operator_case_transition","ts":"2026-09-09T00:19:20.036407077Z","revision":2,"to":"OPEN","rule":"T60_ESCALATE","caseId":"75ae5301-1f42-48cb-8025-cd5f45cb69a4"}
08:19:20.182 [main] INFO com.objwww.pr.control.ops.application.OperatorCaseService -- {"event":"operator_case_transition","ts":"2026-09-09T00:19:20.182175613Z","revision":3,"to":"RESOLVED","rule":"T30_RESOLVE","caseId":"75ae5301-1f42-48cb-8025-cd5f45cb69a4"}
08:19:20.367 [main] INFO com.objwww.pr.control.ops.application.OperatorCaseService -- {"event":"operator_case_transition","ts":"2026-09-09T00:19:20.367576185Z","revision":1,"to":"OPEN","rule":"T00_CREATE","caseId":"4d1b1475-d3b6-4d06-9abc-ff0847eaa2c2"}
08:19:20.373 [pool-2-thread-2] INFO com.objwww.pr.control.ops.application.OperatorCaseService -- {"event":"operator_case_transition","ts":"2026-09-09T00:19:20.373091535Z","revision":2,"to":"ACKED","rule":"T10_CLAIM","caseId":"4d1b1475-d3b6-4d06-9abc-ff0847eaa2c2"}
08:19:20.507 [main] INFO com.objwww.pr.control.ops.application.OperatorCaseService -- {"event":"operator_case_transition","ts":"2026-09-09T00:19:20.507167505Z","revision":1,"to":"OPEN","rule":"T00_CREATE","caseId":"a00f37c3-6b21-4fd0-af06-72b0ecba14ed"}
08:19:20.511 [main] INFO com.objwww.pr.control.ops.application.OperatorCaseService -- {"event":"operator_case_transition","ts":"2026-09-09T00:19:20.511598632Z","revision":2,"to":"OPEN","rule":"T50_MERGE","caseId":"a00f37c3-6b21-4fd0-af06-72b0ecba14ed"}
08:19:20.515 [main] INFO com.objwww.pr.control.ops.application.OperatorCaseService -- {"event":"operator_case_transition","ts":"2026-09-09T00:19:20.515729413Z","revision":3,"to":"OPEN","rule":"T50_MERGE","caseId":"a00f37c3-6b21-4fd0-af06-72b0ecba14ed"}
[INFO] Tests run: 3, Failures: 0, Errors: 0, Skipped: 0, Time elapsed: 3.904 s -- in com.objwww.pr.control.it.PostgresOperatorCaseIT
[INFO] Running com.objwww.pr.control.it.AlertEvidenceIT
[INFO] Tests run: 4, Failures: 0, Errors: 0, Skipped: 0, Time elapsed: 0.403 s -- in com.objwww.pr.control.it.AlertEvidenceIT
[INFO] Running com.objwww.pr.control.it.PostgresRcaTaskRepositoryIT
[INFO] Tests run: 4, Failures: 0, Errors: 0, Skipped: 0, Time elapsed: 0.520 s -- in com.objwww.pr.control.it.PostgresRcaTaskRepositoryIT
[INFO] Running com.objwww.pr.control.it.AlertV10EvalRunIT
[INFO] Tests run: 6, Failures: 0, Errors: 0, Skipped: 0, Time elapsed: 0.771 s -- in com.objwww.pr.control.it.AlertV10EvalRunIT
[INFO] Running com.objwww.pr.control.it.AlertToolInvocationLedgerIT
[INFO] Tests run: 5, Failures: 0, Errors: 0, Skipped: 0, Time elapsed: 0.462 s -- in com.objwww.pr.control.it.AlertToolInvocationLedgerIT
[INFO] Running com.objwww.pr.control.it.AlertV18TaskEdgeRunScopeIT
[INFO] Tests run: 4, Failures: 0, Errors: 0, Skipped: 0, Time elapsed: 0.323 s -- in com.objwww.pr.control.it.AlertV18TaskEdgeRunScopeIT
[INFO] Running com.objwww.pr.control.it.PostgresHolmesShadowIT
08:19:23.237 [main] INFO com.objwww.pr.control.alert.application.HolmesShadowWorker -- {"event":"rca_holmes_shadow_work","ts":"2026-09-09T00:19:23.237688151Z","shadow_key":"holmes-shadow:8bb78fc9-32c0-4c28-9824-d4c21d5dd900","outcome":"COMPARISON_LANDED","shadow_run_id":"c2856536-fd78-49c3-9d72-df06ac5f0b26"}
[INFO] Tests run: 6, Failures: 0, Errors: 0, Skipped: 0, Time elapsed: 0.604 s -- in com.objwww.pr.control.it.PostgresHolmesShadowIT
[INFO] Running com.objwww.pr.control.it.AlertV12StateExpansionIT
[INFO] Tests run: 4, Failures: 0, Errors: 0, Skipped: 0, Time elapsed: 0.329 s -- in com.objwww.pr.control.it.AlertV12StateExpansionIT
[INFO] Running com.objwww.pr.control.it.AlertDagCycleGuardIT
[INFO] Tests run: 1, Failures: 0, Errors: 0, Skipped: 0, Time elapsed: 0.086 s -- in com.objwww.pr.control.it.AlertDagCycleGuardIT
[INFO] Running com.objwww.pr.control.it.AlertIncidentBudgetIT
[INFO] Tests run: 5, Failures: 0, Errors: 0, Skipped: 0, Time elapsed: 0.398 s -- in com.objwww.pr.control.it.AlertIncidentBudgetIT
[INFO] Running com.objwww.pr.control.it.AlertToolReplayStoreIT
[INFO] Tests run: 4, Failures: 0, Errors: 0, Skipped: 0, Time elapsed: 0.326 s -- in com.objwww.pr.control.it.AlertToolReplayStoreIT
[INFO] Running com.objwww.pr.control.it.Am4E2E06FaultDrillIT
08:19:24.895 [main] INFO com.objwww.pr.control.alert.application.RcaRunOrchestrator -- {"event":"rca_task_decision","ts":"2026-09-09T00:19:24.895634204Z","attempt_id":"fa1ab797-baeb-42f2-8404-bbf1edce7f3b","task_id":"9103f77e-d43e-4abe-9f79-141611b5880b","run_id":"04d088a7-9963-47cc-8858-0f3056c47151","decision":"COMPLETED","latency_ms":3}
08:19:24.900 [main] WARN com.objwww.pr.control.alert.application.RcaRunOrchestrator -- task 9103f77e-d43e-4abe-9f79-141611b5880b 旧租约提交被拒 owner=e06-worker epoch=1
08:19:25.139 [main] INFO com.objwww.pr.control.alert.application.RcaRunOrchestrator -- {"event":"rca_task_decision","ts":"2026-09-09T00:19:25.139277859Z","attempt_id":"81582fbe-2028-4b29-aa71-6aca65cfd276","task_id":"0309a0dc-de8f-4466-9528-bf4587cc74da","run_id":"e4b4d260-5400-4570-ad21-49b20ed96ef1","decision":"COMPLETED","latency_ms":3}
08:19:25.364 [main] INFO com.objwww.pr.control.alert.application.DeterministicSupervisor -- {"event":"am4_run_reporting","ts":"2026-09-09T00:19:25.363890836Z","run_id":"0db46cf9-647a-491a-b501-04fb49ea8281"}
08:19:25.364 [main] INFO com.objwww.pr.control.alert.application.DeterministicSupervisor -- run 0db46cf9-647a-491a-b501-04fb49ea8281 全任务终态 → REPORTING（报告链组装）
08:19:25.476 [main] INFO com.objwww.pr.control.alert.application.DeterministicSupervisor -- {"event":"am4_run_reporting","ts":"2026-09-09T00:19:25.476640453Z","run_id":"ef828072-d8e9-404a-9392-3e45c1ce1c24"}
08:19:25.476 [main] INFO com.objwww.pr.control.alert.application.DeterministicSupervisor -- run ef828072-d8e9-404a-9392-3e45c1ce1c24 全任务终态 → REPORTING（报告链组装）
08:19:25.493 [main] INFO com.objwww.pr.control.alert.application.DeterministicSupervisor -- {"event":"am4_run_reporting","ts":"2026-09-09T00:19:25.493762827Z","run_id":"fdb257fd-cdec-4f21-a747-d4a6651cc5cf"}
08:19:25.494 [main] INFO com.objwww.pr.control.alert.application.DeterministicSupervisor -- run fdb257fd-cdec-4f21-a747-d4a6651cc5cf 全任务终态 → REPORTING（报告链组装）
[INFO] Tests run: 6, Failures: 0, Errors: 0, Skipped: 0, Time elapsed: 0.732 s -- in com.objwww.pr.control.it.Am4E2E06FaultDrillIT
[INFO] Running com.objwww.pr.control.it.Am4E2E08ReplayIT
[INFO] Tests run: 2, Failures: 0, Errors: 0, Skipped: 0, Time elapsed: 0.216 s -- in com.objwww.pr.control.it.Am4E2E08ReplayIT
[INFO] Running com.objwww.pr.control.it.PostgresArchiveIT
08:19:25.798 [main] INFO com.objwww.pr.control.ops.application.ArchiveService -- CONTROL_ARCHIVE_REJECTED table=rca_event partition=rca_event_2026_10 gate=legal_hold
08:19:25.804 [main] INFO com.objwww.pr.control.ops.application.ArchiveService -- CONTROL_ARCHIVE_REJECTED table=rca_event partition=rca_event_2026_10 gate=legal_hold
08:19:25.986 [main] INFO com.objwww.pr.control.ops.application.ArchiveService -- CONTROL_ARCHIVE_REJECTED table=rca_event partition=rca_event_2026_10 gate=export_failed
08:19:26.063 [main] INFO com.objwww.pr.control.ops.application.ArchiveService -- CONTROL_ARCHIVE_REJECTED table=rca_event partition=rca_event_2026_10 gate=verify_failed
[INFO] Tests run: 5, Failures: 0, Errors: 0, Skipped: 0, Time elapsed: 0.436 s -- in com.objwww.pr.control.it.PostgresArchiveIT
[INFO] Running com.objwww.pr.control.it.AlertV7MigrationContractIT
[INFO] Tests run: 5, Failures: 0, Errors: 0, Skipped: 0, Time elapsed: 0.370 s -- in com.objwww.pr.control.it.AlertV7MigrationContractIT
[INFO] Running com.objwww.pr.control.it.AlertM3RepositoryIT
[INFO] Tests run: 9, Failures: 0, Errors: 0, Skipped: 0, Time elapsed: 0.884 s -- in com.objwww.pr.control.it.AlertM3RepositoryIT
[INFO] Running com.objwww.pr.control.it.AlertV9MigrationContractIT
[INFO] Tests run: 9, Failures: 0, Errors: 0, Skipped: 0, Time elapsed: 0.959 s -- in com.objwww.pr.control.it.AlertV9MigrationContractIT
[INFO] Running com.objwww.pr.control.it.AlertRunBudgetLedgerIT
[INFO] Tests run: 9, Failures: 0, Errors: 0, Skipped: 0, Time elapsed: 0.822 s -- in com.objwww.pr.control.it.AlertRunBudgetLedgerIT
[INFO] Running com.objwww.pr.control.it.Am6NativeFullChainIT
08:19:29.382 [main] INFO com.objwww.pr.control.alert.application.DeterministicSupervisor -- {"event":"am4_run_reporting","ts":"2026-09-09T00:19:29.382263443Z","run_id":"b2bd9eb5-0db9-43dd-b64d-dc809100296d"}
08:19:29.382 [main] INFO com.objwww.pr.control.alert.application.DeterministicSupervisor -- run b2bd9eb5-0db9-43dd-b64d-dc809100296d 全任务终态 → REPORTING（报告链组装）
08:19:29.408 [main] INFO com.objwww.pr.control.infrastructure.nativeexec.NativeInvestigationExecutor -- native 全链完成 run=b2bd9eb5-0db9-43dd-b64d-dc809100296d reportOutcome=CONFIRMED claims=1 validation=STRUCTURE_VALIDATED 快照=7f4fe07992caef0eb7c9c2612a69a720bc307e34a2f7e5b71f1ea08b9b2f3045
08:19:29.421 [main] INFO com.objwww.pr.control.alert.application.RcaRunOrchestrator -- {"event":"rca_task_decision","ts":"2026-09-09T00:19:29.421253250Z","attempt_id":"7a0c2dfb-4148-45b5-822a-73786439014d","task_id":"d124de24-c4ae-4138-bc50-86a8d2ebb450","run_id":"b2bd9eb5-0db9-43dd-b64d-dc809100296d","decision":"COMPLETED","latency_ms":85}
[INFO] Tests run: 2, Failures: 0, Errors: 0, Skipped: 0, Time elapsed: 0.322 s -- in com.objwww.pr.control.it.Am6NativeFullChainIT
[INFO] Running com.objwww.pr.control.it.AlertDagPromotionIT
[INFO] Tests run: 3, Failures: 0, Errors: 0, Skipped: 0, Time elapsed: 0.266 s -- in com.objwww.pr.control.it.AlertDagPromotionIT
[INFO] Running com.objwww.pr.control.it.PostgresCanaryRoutingIT
[INFO] Tests run: 5, Failures: 0, Errors: 0, Skipped: 0, Time elapsed: 0.502 s -- in com.objwww.pr.control.it.PostgresCanaryRoutingIT
[INFO] Running com.objwww.pr.control.it.AlertClaimIT
[INFO] Tests run: 8, Failures: 0, Errors: 0, Skipped: 0, Time elapsed: 0.687 s -- in com.objwww.pr.control.it.AlertClaimIT
[INFO] Running com.objwww.pr.control.it.PostgresRetentionIT
[INFO] Tests run: 4, Failures: 0, Errors: 0, Skipped: 0, Time elapsed: 0.300 s -- in com.objwww.pr.control.it.PostgresRetentionIT
[INFO] Running com.objwww.pr.control.it.CanaryWindowPromotionIT
[INFO] Tests run: 2, Failures: 0, Errors: 0, Skipped: 0, Time elapsed: 0.186 s -- in com.objwww.pr.control.it.CanaryWindowPromotionIT
[INFO] Running com.objwww.pr.control.it.AlertRcaEventIT
[INFO] Tests run: 7, Failures: 0, Errors: 0, Skipped: 0, Time elapsed: 0.632 s -- in com.objwww.pr.control.it.AlertRcaEventIT
[INFO] Running com.objwww.pr.control.it.PostgresEngineComparisonIT
[INFO] Tests run: 2, Failures: 0, Errors: 0, Skipped: 0, Time elapsed: 0.164 s -- in com.objwww.pr.control.it.PostgresEngineComparisonIT
[INFO] Running com.objwww.pr.control.it.PostgresRunFallbackIT
08:19:32.398 [pool-12-thread-5] WARN com.objwww.pr.control.alert.application.FallbackService -- NATIVE run fb3b8db7-1dc8-4fa1-a980-a0a6ff52ecdc 失败（TIMEOUT）→ 恰一次铸 HOLMES fallback run de90f684-191d-4b82-b925-da2661a626c7
08:19:32.399 [pool-12-thread-5] INFO com.objwww.pr.control.alert.application.FallbackService -- {"event":"rca_fallback_decision","ts":"2026-09-09T00:19:32.398971784Z","incident_id":"a95514a0-7734-4441-9e6a-c82b99f1c58e","source_run_id":"fb3b8db7-1dc8-4fa1-a980-a0a6ff52ecdc","outcome":"CAST","error_class":"TIMEOUT"}
08:19:32.400 [pool-12-thread-1] INFO com.objwww.pr.control.alert.application.FallbackService -- {"event":"rca_fallback_decision","ts":"2026-09-09T00:19:32.400633243Z","incident_id":"a95514a0-7734-4441-9e6a-c82b99f1c58e","source_run_id":"fb3b8db7-1dc8-4fa1-a980-a0a6ff52ecdc","outcome":"ALREADY_CAST","error_class":"TIMEOUT"}
08:19:32.402 [pool-12-thread-20] INFO com.objwww.pr.control.alert.application.FallbackService -- {"event":"rca_fallback_decision","ts":"2026-09-09T00:19:32.402402556Z","incident_id":"a95514a0-7734-4441-9e6a-c82b99f1c58e","source_run_id":"fb3b8db7-1dc8-4fa1-a980-a0a6ff52ecdc","outcome":"ALREADY_CAST","error_class":"TIMEOUT"}
08:19:32.404 [pool-12-thread-16] INFO com.objwww.pr.control.alert.application.FallbackService -- {"event":"rca_fallback_decision","ts":"2026-09-09T00:19:32.404122627Z","incident_id":"a95514a0-7734-4441-9e6a-c82b99f1c58e","source_run_id":"fb3b8db7-1dc8-4fa1-a980-a0a6ff52ecdc","outcome":"ALREADY_CAST","error_class":"TIMEOUT"}
08:19:32.405 [pool-12-thread-14] INFO com.objwww.pr.control.alert.application.FallbackService -- {"event":"rca_fallback_decision","ts":"2026-09-09T00:19:32.405508678Z","incident_id":"a95514a0-7734-4441-9e6a-c82b99f1c58e","source_run_id":"fb3b8db7-1dc8-4fa1-a980-a0a6ff52ecdc","outcome":"ALREADY_CAST","error_class":"TIMEOUT"}
08:19:32.406 [pool-12-thread-2] INFO com.objwww.pr.control.alert.application.FallbackService -- {"event":"rca_fallback_decision","ts":"2026-09-09T00:19:32.406824265Z","incident_id":"a95514a0-7734-4441-9e6a-c82b99f1c58e","source_run_id":"fb3b8db7-1dc8-4fa1-a980-a0a6ff52ecdc","outcome":"ALREADY_CAST","error_class":"TIMEOUT"}
08:19:32.408 [pool-12-thread-3] INFO com.objwww.pr.control.alert.application.FallbackService -- {"event":"rca_fallback_decision","ts":"2026-09-09T00:19:32.408088046Z","incident_id":"a95514a0-7734-4441-9e6a-c82b99f1c58e","source_run_id":"fb3b8db7-1dc8-4fa1-a980-a0a6ff52ecdc","outcome":"ALREADY_CAST","error_class":"TIMEOUT"}
08:19:32.409 [pool-12-thread-18] INFO com.objwww.pr.control.alert.application.FallbackService -- {"event":"rca_fallback_decision","ts":"2026-09-09T00:19:32.409381583Z","incident_id":"a95514a0-7734-4441-9e6a-c82b99f1c58e","source_run_id":"fb3b8db7-1dc8-4fa1-a980-a0a6ff52ecdc","outcome":"ALREADY_CAST","error_class":"TIMEOUT"}
08:19:32.410 [pool-12-thread-7] INFO com.objwww.pr.control.alert.application.FallbackService -- {"event":"rca_fallback_decision","ts":"2026-09-09T00:19:32.410500170Z","incident_id":"a95514a0-7734-4441-9e6a-c82b99f1c58e","source_run_id":"fb3b8db7-1dc8-4fa1-a980-a0a6ff52ecdc","outcome":"ALREADY_CAST","error_class":"TIMEOUT"}
08:19:32.411 [pool-12-thread-4] INFO com.objwww.pr.control.alert.application.FallbackService -- {"event":"rca_fallback_decision","ts":"2026-09-09T00:19:32.411659554Z","incident_id":"a95514a0-7734-4441-9e6a-c82b99f1c58e","source_run_id":"fb3b8db7-1dc8-4fa1-a980-a0a6ff52ecdc","outcome":"ALREADY_CAST","error_class":"TIMEOUT"}
08:19:32.412 [pool-12-thread-6] INFO com.objwww.pr.control.alert.application.FallbackService -- {"event":"rca_fallback_decision","ts":"2026-09-09T00:19:32.412849385Z","incident_id":"a95514a0-7734-4441-9e6a-c82b99f1c58e","source_run_id":"fb3b8db7-1dc8-4fa1-a980-a0a6ff52ecdc","outcome":"ALREADY_CAST","error_class":"TIMEOUT"}
08:19:32.414 [pool-12-thread-10] INFO com.objwww.pr.control.alert.application.FallbackService -- {"event":"rca_fallback_decision","ts":"2026-09-09T00:19:32.414035069Z","incident_id":"a95514a0-7734-4441-9e6a-c82b99f1c58e","source_run_id":"fb3b8db7-1dc8-4fa1-a980-a0a6ff52ecdc","outcome":"ALREADY_CAST","error_class":"TIMEOUT"}
08:19:32.415 [pool-12-thread-8] INFO com.objwww.pr.control.alert.application.FallbackService -- {"event":"rca_fallback_decision","ts":"2026-09-09T00:19:32.415143437Z","incident_id":"a95514a0-7734-4441-9e6a-c82b99f1c58e","source_run_id":"fb3b8db7-1dc8-4fa1-a980-a0a6ff52ecdc","outcome":"ALREADY_CAST","error_class":"TIMEOUT"}
08:19:32.416 [pool-12-thread-13] INFO com.objwww.pr.control.alert.application.FallbackService -- {"event":"rca_fallback_decision","ts":"2026-09-09T00:19:32.416387860Z","incident_id":"a95514a0-7734-4441-9e6a-c82b99f1c58e","source_run_id":"fb3b8db7-1dc8-4fa1-a980-a0a6ff52ecdc","outcome":"ALREADY_CAST","error_class":"TIMEOUT"}
08:19:32.417 [pool-12-thread-11] INFO com.objwww.pr.control.alert.application.FallbackService -- {"event":"rca_fallback_decision","ts":"2026-09-09T00:19:32.417878629Z","incident_id":"a95514a0-7734-4441-9e6a-c82b99f1c58e","source_run_id":"fb3b8db7-1dc8-4fa1-a980-a0a6ff52ecdc","outcome":"ALREADY_CAST","error_class":"TIMEOUT"}
08:19:32.419 [pool-12-thread-12] INFO com.objwww.pr.control.alert.application.FallbackService -- {"event":"rca_fallback_decision","ts":"2026-09-09T00:19:32.419233701Z","incident_id":"a95514a0-7734-4441-9e6a-c82b99f1c58e","source_run_id":"fb3b8db7-1dc8-4fa1-a980-a0a6ff52ecdc","outcome":"ALREADY_CAST","error_class":"TIMEOUT"}
08:19:32.420 [pool-12-thread-9] INFO com.objwww.pr.control.alert.application.FallbackService -- {"event":"rca_fallback_decision","ts":"2026-09-09T00:19:32.420407392Z","incident_id":"a95514a0-7734-4441-9e6a-c82b99f1c58e","source_run_id":"fb3b8db7-1dc8-4fa1-a980-a0a6ff52ecdc","outcome":"ALREADY_CAST","error_class":"TIMEOUT"}
08:19:32.421 [pool-12-thread-15] INFO com.objwww.pr.control.alert.application.FallbackService -- {"event":"rca_fallback_decision","ts":"2026-09-09T00:19:32.421587886Z","incident_id":"a95514a0-7734-4441-9e6a-c82b99f1c58e","source_run_id":"fb3b8db7-1dc8-4fa1-a980-a0a6ff52ecdc","outcome":"ALREADY_CAST","error_class":"TIMEOUT"}
08:19:32.422 [pool-12-thread-17] INFO com.objwww.pr.control.alert.application.FallbackService -- {"event":"rca_fallback_decision","ts":"2026-09-09T00:19:32.422830798Z","incident_id":"a95514a0-7734-4441-9e6a-c82b99f1c58e","source_run_id":"fb3b8db7-1dc8-4fa1-a980-a0a6ff52ecdc","outcome":"ALREADY_CAST","error_class":"TIMEOUT"}
08:19:32.424 [pool-12-thread-19] INFO com.objwww.pr.control.alert.application.FallbackService -- {"event":"rca_fallback_decision","ts":"2026-09-09T00:19:32.423945337Z","incident_id":"a95514a0-7734-4441-9e6a-c82b99f1c58e","source_run_id":"fb3b8db7-1dc8-4fa1-a980-a0a6ff52ecdc","outcome":"ALREADY_CAST","error_class":"TIMEOUT"}
08:19:32.431 [main] INFO com.objwww.pr.control.alert.application.FallbackService -- {"event":"rca_fallback_decision","ts":"2026-09-09T00:19:32.431032397Z","incident_id":"a95514a0-7734-4441-9e6a-c82b99f1c58e","source_run_id":"fb3b8db7-1dc8-4fa1-a980-a0a6ff52ecdc","outcome":"ALREADY_CAST","error_class":"TIMEOUT"}
08:19:32.517 [main] WARN com.objwww.pr.control.alert.application.FallbackService -- NATIVE run 86a850c2-cd5d-480f-bf81-43087f87aeb3 失败（TIMEOUT）→ 恰一次铸 HOLMES fallback run 47ae4afd-affe-472e-92ba-d6b065e18070
08:19:32.517 [main] INFO com.objwww.pr.control.alert.application.FallbackService -- {"event":"rca_fallback_decision","ts":"2026-09-09T00:19:32.517263291Z","incident_id":"c10a54c3-a496-415d-9afb-a806c9063d7a","source_run_id":"86a850c2-cd5d-480f-bf81-43087f87aeb3","outcome":"CAST","error_class":"TIMEOUT"}
08:19:32.701 [main] WARN com.objwww.pr.control.alert.application.FallbackService -- NATIVE run a0ef2a72-7365-4b7d-b6ee-aafe986a0108 失败（EXECUTOR_ERROR）→ 恰一次铸 HOLMES fallback run e34719c7-867a-4b8e-a4c3-b8cf4df16d0c
08:19:32.701 [main] INFO com.objwww.pr.control.alert.application.FallbackService -- {"event":"rca_fallback_decision","ts":"2026-09-09T00:19:32.701331252Z","incident_id":"24816afe-8e20-4bcc-9d32-6dfc4df71f7c","source_run_id":"a0ef2a72-7365-4b7d-b6ee-aafe986a0108","outcome":"CAST","error_class":"EXECUTOR_ERROR"}
08:19:32.702 [main] INFO com.objwww.pr.control.alert.application.FallbackService -- {"event":"rca_fallback_decision","ts":"2026-09-09T00:19:32.702815518Z","incident_id":"24816afe-8e20-4bcc-9d32-6dfc4df71f7c","source_run_id":"e34719c7-867a-4b8e-a4c3-b8cf4df16d0c","outcome":"INELIGIBLE_ENGINE","error_class":"EXECUTOR_ERROR"}
08:19:32.706 [main] INFO com.objwww.pr.control.alert.application.FallbackService -- {"event":"rca_fallback_decision","ts":"2026-09-09T00:19:32.705942549Z","incident_id":"6835b73e-1bed-4697-b9f3-f0c523c81793","source_run_id":"36643f5d-305d-4926-bfbd-80b57ca91baf","outcome":"INELIGIBLE_ERROR_CLASS","error_class":"ADAPTER_PACKAGE_REJECTED"}
[INFO] Tests run: 4, Failures: 0, Errors: 0, Skipped: 0, Time elapsed: 0.441 s -- in com.objwww.pr.control.it.PostgresRunFallbackIT
[INFO] Running com.objwww.pr.control.it.AlertGenerationFenceIT
08:19:32.902 [main] INFO com.objwww.pr.control.alert.application.RcaRunOrchestrator -- {"event":"rca_task_decision","ts":"2026-09-09T00:19:32.902673733Z","run_state":"SUPERSEDED","attempt_id":"20d32380-6cec-42fe-baf3-4028354c98cf","task_id":"c714cdea-25c2-41d1-8dfc-3251560a49f3","run_id":"38ea9bc2-e6c5-4c5e-8462-d2afacf131d7","decision":"STALE_GENERATION"}
08:19:32.903 [main] WARN com.objwww.pr.control.alert.application.RcaRunOrchestrator -- task c714cdea-25c2-41d1-8dfc-3251560a49f3 旧代结果作废（run 38ea9bc2-e6c5-4c5e-8462-d2afacf131d7 state=SUPERSEDED），task→STALE 零落档
[INFO] Tests run: 2, Failures: 0, Errors: 0, Skipped: 0, Time elapsed: 0.198 s -- in com.objwww.pr.control.it.AlertGenerationFenceIT
[INFO] Running com.objwww.pr.control.it.AlertEvidenceSnapshotIT
[INFO] Tests run: 3, Failures: 0, Errors: 0, Skipped: 0, Time elapsed: 0.218 s -- in com.objwww.pr.control.it.AlertEvidenceSnapshotIT
[INFO] 
[INFO] Results:
[INFO] 
[INFO] Tests run: 133, Failures: 0, Errors: 0, Skipped: 0
[INFO] 
[INFO] 
[INFO] --- failsafe:3.5.3:verify (default) @ control-app ---
[INFO] ------------------------------------------------------------------------
[INFO] BUILD SUCCESS
[INFO] ------------------------------------------------------------------------
[INFO] Total time:  59.908 s
[INFO] Finished at: 2026-09-09T08:19:33+08:00
[INFO] ------------------------------------------------------------------------
