[INFO] Scanning for projects...
[INFO] 
[INFO] ---------------------< com.objwww.pr:control-app >----------------------
[INFO] Building control-app 0.0.1-SNAPSHOT
[INFO]   from pom.xml
[INFO] --------------------------------[ jar ]---------------------------------
[INFO] 
[INFO] --- clean:3.4.1:clean (default-clean) @ control-app ---
[INFO] Deleting /opt/build/pr/control-app/target
[INFO] 
[INFO] --- resources:3.3.1:resources (default-resources) @ control-app ---
[INFO] Copying 3 resources from src/main/resources to target/classes
[INFO] Copying 37 resources from src/main/resources to target/classes
[INFO] 
[INFO] --- compiler:3.13.0:compile (default-compile) @ control-app ---
[INFO] Recompiling the module because of changed source code.
[INFO] Compiling 360 source files with javac [debug parameters release 21] to target/classes
[WARNING] /opt/build/pr/control-app/src/main/java/com/objwww/pr/control/infrastructure/model/RawHttpErrorCapture.java:[23,17] handleError(org.springframework.http.client.ClientHttpResponse) in org.springframework.web.client.ResponseErrorHandler has been deprecated and marked for removal
[INFO] /opt/build/pr/control-app/src/main/java/com/objwww/pr/control/alert/application/agent/SingleToolEvidenceAgent.java: Some input files use unchecked or unsafe operations.
[INFO] /opt/build/pr/control-app/src/main/java/com/objwww/pr/control/alert/application/agent/SingleToolEvidenceAgent.java: Recompile with -Xlint:unchecked for details.
[INFO] 
[INFO] --- resources:3.3.1:testResources (default-testResources) @ control-app ---
[INFO] Copying 5 resources from src/test/resources to target/test-classes
[INFO] 
[INFO] --- compiler:3.13.0:testCompile (default-testCompile) @ control-app ---
[INFO] Recompiling the module because of changed dependency.
[INFO] Compiling 180 source files with javac [debug parameters release 21] to target/test-classes
[INFO] /opt/build/pr/control-app/src/test/java/com/objwww/pr/control/alert/application/tool/ToolGatewayTest.java: Some input files use or override a deprecated API.
[INFO] /opt/build/pr/control-app/src/test/java/com/objwww/pr/control/alert/application/tool/ToolGatewayTest.java: Recompile with -Xlint:deprecation for details.
[INFO] /opt/build/pr/control-app/src/test/java/com/objwww/pr/control/alert/application/PlanCompilerTest.java: Some input files use unchecked or unsafe operations.
[INFO] /opt/build/pr/control-app/src/test/java/com/objwww/pr/control/alert/application/PlanCompilerTest.java: Recompile with -Xlint:unchecked for details.
[INFO] 
[INFO] --- surefire:3.5.3:test (default-test) @ control-app ---
[INFO] Using auto detected provider org.apache.maven.surefire.junitplatform.JUnitPlatformProvider
[INFO] 
[INFO] -------------------------------------------------------
[INFO]  T E S T S
[INFO] -------------------------------------------------------
[INFO] Running com.objwww.pr.control.domain.ai.CircuitBreakerTest
[INFO] Tests run: 10, Failures: 0, Errors: 0, Skipped: 0, Time elapsed: 0.169 s -- in com.objwww.pr.control.domain.ai.CircuitBreakerTest
[INFO] Running com.objwww.pr.control.domain.ai.ModelRouterTest
[INFO] Tests run: 31, Failures: 0, Errors: 0, Skipped: 0, Time elapsed: 0.071 s -- in com.objwww.pr.control.domain.ai.ModelRouterTest
[INFO] Running com.objwww.pr.control.domain.ai.PricingServiceTest
[INFO] Tests run: 7, Failures: 0, Errors: 0, Skipped: 0, Time elapsed: 0.031 s -- in com.objwww.pr.control.domain.ai.PricingServiceTest
[INFO] Running com.objwww.pr.control.domain.ai.ModelStepBudgetGuardTest
[INFO] Tests run: 7, Failures: 0, Errors: 0, Skipped: 0, Time elapsed: 0.020 s -- in com.objwww.pr.control.domain.ai.ModelStepBudgetGuardTest
[INFO] Running com.objwww.pr.control.release.domain.model.ConfigBundleTest
[INFO] Tests run: 6, Failures: 0, Errors: 0, Skipped: 0, Time elapsed: 0.075 s -- in com.objwww.pr.control.release.domain.model.ConfigBundleTest
[INFO] Running com.objwww.pr.control.release.domain.service.CanaryBucketerTest
[INFO] Tests run: 7, Failures: 0, Errors: 0, Skipped: 0, Time elapsed: 0.045 s -- in com.objwww.pr.control.release.domain.service.CanaryBucketerTest
[INFO] Running com.objwww.pr.control.release.domain.service.CanaryWindowEvaluatorTest
[INFO] Tests run: 9, Failures: 0, Errors: 0, Skipped: 0, Time elapsed: 0.020 s -- in com.objwww.pr.control.release.domain.service.CanaryWindowEvaluatorTest
[INFO] Running com.objwww.pr.control.release.application.ConfigBundleServiceTest
08:48:33.309 [main] INFO com.objwww.pr.control.release.application.ConfigBundleService -- bundle 发布: 30ad808ed98886e339611e59f7bac711638e216776d0231c3aad2a5fe468382c revision=1 by=op policy=policy-2026-09
08:48:33.312 [main] INFO com.objwww.pr.control.release.application.ConfigBundleService -- bundle 发布: be840a4ff5d98fc58380e1ed2d6501f2a7edb25711430dc0e9023b687140db80 revision=2 by=op policy=policy-2026-09
08:48:33.313 [main] INFO com.objwww.pr.control.release.application.ConfigBundleService -- activate 落位: 30ad808ed98886e339611e59f7bac711638e216776d0231c3aad2a5fe468382c revision=1 by=op
08:48:33.316 [main] INFO com.objwww.pr.control.release.application.ConfigBundleService -- bundle 发布: 30ad808ed98886e339611e59f7bac711638e216776d0231c3aad2a5fe468382c revision=1 by=op policy=policy-2026-09
08:48:33.316 [main] INFO com.objwww.pr.control.release.application.ConfigBundleService -- activate 落位: 30ad808ed98886e339611e59f7bac711638e216776d0231c3aad2a5fe468382c revision=1 by=op
08:48:33.317 [main] INFO com.objwww.pr.control.release.application.ConfigBundleService -- bundle 发布: 30ad808ed98886e339611e59f7bac711638e216776d0231c3aad2a5fe468382c revision=1 by=op policy=policy-2026-09
08:48:33.318 [main] INFO com.objwww.pr.control.release.application.ConfigBundleService -- activate 落位: 30ad808ed98886e339611e59f7bac711638e216776d0231c3aad2a5fe468382c revision=1 by=op
08:48:33.326 [main] INFO com.objwww.pr.control.release.application.ConfigBundleService -- bundle 发布: 30ad808ed98886e339611e59f7bac711638e216776d0231c3aad2a5fe468382c revision=1 by=op policy=policy-2026-09
08:48:33.327 [main] INFO com.objwww.pr.control.release.application.ConfigBundleService -- bundle 发布: be840a4ff5d98fc58380e1ed2d6501f2a7edb25711430dc0e9023b687140db80 revision=2 by=op policy=policy-2026-09
08:48:33.327 [main] INFO com.objwww.pr.control.release.application.ConfigBundleService -- activate 落位: 30ad808ed98886e339611e59f7bac711638e216776d0231c3aad2a5fe468382c revision=1 by=op
08:48:33.327 [main] INFO com.objwww.pr.control.release.application.ConfigBundleService -- activate 落位: be840a4ff5d98fc58380e1ed2d6501f2a7edb25711430dc0e9023b687140db80 revision=2 by=op
08:48:33.328 [main] INFO com.objwww.pr.control.release.application.ConfigBundleService -- rollback 落位: 30ad808ed98886e339611e59f7bac711638e216776d0231c3aad2a5fe468382c revision=1 by=release-operator
08:48:33.331 [main] INFO com.objwww.pr.control.release.application.ConfigBundleService -- bundle 发布: 30ad808ed98886e339611e59f7bac711638e216776d0231c3aad2a5fe468382c revision=1 by=release-operator policy=policy-2026-09
08:48:33.331 [main] INFO com.objwww.pr.control.release.application.ConfigBundleService -- bundle 幂等重放: 30ad808ed98886e339611e59f7bac711638e216776d0231c3aad2a5fe468382c revision=1 by=release-operator
08:48:33.333 [main] INFO com.objwww.pr.control.release.application.ConfigBundleService -- bundle 发布: be840a4ff5d98fc58380e1ed2d6501f2a7edb25711430dc0e9023b687140db80 revision=2 by=release-operator policy=policy-2026-09
08:48:33.339 [main] INFO com.objwww.pr.control.release.application.ConfigBundleService -- bundle 发布: 30ad808ed98886e339611e59f7bac711638e216776d0231c3aad2a5fe468382c revision=1 by=op policy=policy-2026-09
08:48:33.339 [main] INFO com.objwww.pr.control.release.application.ConfigBundleService -- bundle 发布: be840a4ff5d98fc58380e1ed2d6501f2a7edb25711430dc0e9023b687140db80 revision=2 by=op policy=policy-2026-09
08:48:33.339 [main] INFO com.objwww.pr.control.release.application.ConfigBundleService -- activate 落位: 30ad808ed98886e339611e59f7bac711638e216776d0231c3aad2a5fe468382c revision=1 by=release-operator
08:48:33.340 [main] INFO com.objwww.pr.control.release.application.ConfigBundleService -- activate 落位: be840a4ff5d98fc58380e1ed2d6501f2a7edb25711430dc0e9023b687140db80 revision=2 by=release-operator
[INFO] Tests run: 7, Failures: 0, Errors: 0, Skipped: 0, Time elapsed: 0.039 s -- in com.objwww.pr.control.release.application.ConfigBundleServiceTest
[INFO] Running com.objwww.pr.control.release.application.EngineComparisonRecorderTest
[INFO] Tests run: 6, Failures: 0, Errors: 0, Skipped: 0, Time elapsed: 0.164 s -- in com.objwww.pr.control.release.application.EngineComparisonRecorderTest
[INFO] Running com.objwww.pr.control.release.application.CanaryRouterTest
08:48:33.523 [main] WARN com.objwww.pr.control.release.application.CanaryRouter -- canary 爆炸半径达上限，自动停放量: nativeRuns=1 cap=1 bundle=be2802f5ee3f3cd8b48e8bc1048f8896d2f57a771f977c998321f60f5eca0d3d
08:48:33.523 [main] WARN com.objwww.pr.control.release.application.CanaryRouter -- canary 爆炸半径达上限，自动停放量: nativeRuns=1 cap=1 bundle=be2802f5ee3f3cd8b48e8bc1048f8896d2f57a771f977c998321f60f5eca0d3d
[INFO] Tests run: 11, Failures: 0, Errors: 0, Skipped: 0, Time elapsed: 0.019 s -- in com.objwww.pr.control.release.application.CanaryRouterTest
[INFO] Running com.objwww.pr.control.release.interfaces.ConfigBundleControllerTest
08:48:33.870 [main] INFO org.springframework.mock.web.MockServletContext -- Initializing Spring TestDispatcherServlet ''
08:48:33.871 [main] INFO org.springframework.test.web.servlet.TestDispatcherServlet -- Initializing Servlet ''
08:48:33.873 [main] INFO org.springframework.test.web.servlet.TestDispatcherServlet -- Completed initialization in 1 ms
08:48:34.019 [main] INFO org.springframework.mock.web.MockServletContext -- Initializing Spring TestDispatcherServlet ''
08:48:34.019 [main] INFO org.springframework.test.web.servlet.TestDispatcherServlet -- Initializing Servlet ''
08:48:34.019 [main] INFO org.springframework.test.web.servlet.TestDispatcherServlet -- Completed initialization in 0 ms
08:48:34.024 [main] INFO com.objwww.pr.control.release.application.ConfigBundleService -- bundle 发布: 30ad808ed98886e339611e59f7bac711638e216776d0231c3aad2a5fe468382c revision=1 by=release-operator policy=policy-2026-09
08:48:34.059 [main] INFO com.objwww.pr.control.release.application.ConfigBundleService -- bundle 发布: be840a4ff5d98fc58380e1ed2d6501f2a7edb25711430dc0e9023b687140db80 revision=2 by=release-operator policy=policy-2026-09
08:48:34.061 [main] INFO com.objwww.pr.control.release.interfaces.ConfigBundleController -- config-bundle activate: digest=30ad808ed98886e339611e59f7bac711638e216776d0231c3aad2a5fe468382c body-keys=[]
08:48:34.061 [main] INFO com.objwww.pr.control.release.application.ConfigBundleService -- activate 落位: 30ad808ed98886e339611e59f7bac711638e216776d0231c3aad2a5fe468382c revision=1 by=release-operator
08:48:34.063 [main] INFO com.objwww.pr.control.release.interfaces.ConfigBundleController -- config-bundle activate: digest=be840a4ff5d98fc58380e1ed2d6501f2a7edb25711430dc0e9023b687140db80 body-keys=[]
08:48:34.063 [main] INFO com.objwww.pr.control.release.application.ConfigBundleService -- activate 落位: be840a4ff5d98fc58380e1ed2d6501f2a7edb25711430dc0e9023b687140db80 revision=2 by=release-operator
08:48:34.065 [main] INFO com.objwww.pr.control.release.interfaces.ConfigBundleController -- config-bundle rollback: digest=30ad808ed98886e339611e59f7bac711638e216776d0231c3aad2a5fe468382c body-keys=[toDigest]
08:48:34.066 [main] INFO com.objwww.pr.control.release.application.ConfigBundleService -- rollback 落位: 30ad808ed98886e339611e59f7bac711638e216776d0231c3aad2a5fe468382c revision=1 by=release-operator
08:48:34.069 [main] INFO com.objwww.pr.control.release.interfaces.ConfigBundleController -- config-bundle rollback: digest=null body-keys=[]
08:48:34.077 [main] INFO org.springframework.mock.web.MockServletContext -- Initializing Spring TestDispatcherServlet ''
08:48:34.077 [main] INFO org.springframework.test.web.servlet.TestDispatcherServlet -- Initializing Servlet ''
08:48:34.077 [main] INFO org.springframework.test.web.servlet.TestDispatcherServlet -- Completed initialization in 0 ms
08:48:34.083 [main] INFO com.objwww.pr.control.release.application.ConfigBundleService -- bundle 发布: 30ad808ed98886e339611e59f7bac711638e216776d0231c3aad2a5fe468382c revision=1 by=release-operator policy=policy-2026-09
08:48:34.086 [main] INFO com.objwww.pr.control.release.interfaces.ConfigBundleController -- config-bundle activate: digest=30ad808ed98886e339611e59f7bac711638e216776d0231c3aad2a5fe468382c body-keys=[]
08:48:34.086 [main] INFO com.objwww.pr.control.release.application.ConfigBundleService -- activate 落位: 30ad808ed98886e339611e59f7bac711638e216776d0231c3aad2a5fe468382c revision=1 by=release-operator
08:48:34.095 [main] INFO org.springframework.mock.web.MockServletContext -- Initializing Spring TestDispatcherServlet ''
08:48:34.096 [main] INFO org.springframework.test.web.servlet.TestDispatcherServlet -- Initializing Servlet ''
08:48:34.096 [main] INFO org.springframework.test.web.servlet.TestDispatcherServlet -- Completed initialization in 0 ms
08:48:34.113 [main] INFO org.springframework.mock.web.MockServletContext -- Initializing Spring TestDispatcherServlet ''
08:48:34.113 [main] INFO org.springframework.test.web.servlet.TestDispatcherServlet -- Initializing Servlet ''
08:48:34.113 [main] INFO org.springframework.test.web.servlet.TestDispatcherServlet -- Completed initialization in 0 ms
08:48:34.116 [main] INFO com.objwww.pr.control.release.application.ConfigBundleService -- bundle 发布: 30ad808ed98886e339611e59f7bac711638e216776d0231c3aad2a5fe468382c revision=1 by=release-operator policy=policy-2026-09
08:48:34.121 [main] INFO com.objwww.pr.control.release.application.ConfigBundleService -- bundle 幂等重放: 30ad808ed98886e339611e59f7bac711638e216776d0231c3aad2a5fe468382c revision=1 by=release-operator
08:48:34.130 [main] INFO org.springframework.mock.web.MockServletContext -- Initializing Spring TestDispatcherServlet ''
08:48:34.130 [main] INFO org.springframework.test.web.servlet.TestDispatcherServlet -- Initializing Servlet ''
08:48:34.130 [main] INFO org.springframework.test.web.servlet.TestDispatcherServlet -- Completed initialization in 0 ms
08:48:34.134 [main] INFO com.objwww.pr.control.release.application.ConfigBundleService -- bundle 发布: 30ad808ed98886e339611e59f7bac711638e216776d0231c3aad2a5fe468382c revision=1 by=release-operator policy=policy-2026-09
08:48:34.137 [main] INFO com.objwww.pr.control.release.application.ConfigBundleService -- bundle 发布: be840a4ff5d98fc58380e1ed2d6501f2a7edb25711430dc0e9023b687140db80 revision=2 by=release-operator policy=policy-2026-09
08:48:34.139 [main] INFO com.objwww.pr.control.release.interfaces.ConfigBundleController -- config-bundle activate: digest=30ad808ed98886e339611e59f7bac711638e216776d0231c3aad2a5fe468382c body-keys=[]
08:48:34.140 [main] INFO com.objwww.pr.control.release.application.ConfigBundleService -- activate 落位: 30ad808ed98886e339611e59f7bac711638e216776d0231c3aad2a5fe468382c revision=1 by=release-operator
08:48:34.141 [main] INFO com.objwww.pr.control.release.interfaces.ConfigBundleController -- config-bundle activate: digest=be840a4ff5d98fc58380e1ed2d6501f2a7edb25711430dc0e9023b687140db80 body-keys=[]
08:48:34.141 [main] WARN com.objwww.pr.control.release.application.ConfigBundleService -- activate CAS 竞争失败: target=be840a4ff5d98fc58380e1ed2d6501f2a7edb25711430dc0e9023b687140db80 by=release-operator
08:48:34.147 [main] INFO org.springframework.mock.web.MockServletContext -- Initializing Spring TestDispatcherServlet ''
08:48:34.147 [main] INFO org.springframework.test.web.servlet.TestDispatcherServlet -- Initializing Servlet ''
08:48:34.147 [main] INFO org.springframework.test.web.servlet.TestDispatcherServlet -- Completed initialization in 0 ms
08:48:34.150 [main] INFO com.objwww.pr.control.release.application.ConfigBundleService -- bundle 发布: 30ad808ed98886e339611e59f7bac711638e216776d0231c3aad2a5fe468382c revision=1 by=release-operator policy=policy-2026-09
08:48:34.163 [main] INFO com.objwww.pr.control.release.interfaces.ConfigBundleController -- config-bundle activate: digest=30ad808ed98886e339611e59f7bac711638e216776d0231c3aad2a5fe468382c body-keys=[]
08:48:34.164 [main] INFO com.objwww.pr.control.release.application.ConfigBundleService -- activate 落位: 30ad808ed98886e339611e59f7bac711638e216776d0231c3aad2a5fe468382c revision=1 by=release-operator
08:48:34.165 [main] INFO com.objwww.pr.control.release.interfaces.ConfigBundleController -- config-bundle activate: digest=30ad808ed98886e339611e59f7bac711638e216776d0231c3aad2a5fe468382c body-keys=[]
08:48:34.166 [main] INFO com.objwww.pr.control.release.interfaces.ConfigBundleController -- config-bundle activate: digest=ead6ef03d61ee60c533d6d450c50a1e559a8a37f6b796a4094cd0dac6b744428 body-keys=[]
[INFO] Tests run: 7, Failures: 0, Errors: 0, Skipped: 0, Time elapsed: 0.636 s -- in com.objwww.pr.control.release.interfaces.ConfigBundleControllerTest
[INFO] Running com.objwww.pr.control.release.interfaces.CanaryStatusControllerTest
08:48:34.181 [main] INFO org.springframework.mock.web.MockServletContext -- Initializing Spring TestDispatcherServlet ''
08:48:34.181 [main] INFO org.springframework.test.web.servlet.TestDispatcherServlet -- Initializing Servlet ''
08:48:34.181 [main] INFO org.springframework.test.web.servlet.TestDispatcherServlet -- Completed initialization in 0 ms
08:48:34.193 [main] INFO org.springframework.mock.web.MockServletContext -- Initializing Spring TestDispatcherServlet ''
08:48:34.194 [main] INFO org.springframework.test.web.servlet.TestDispatcherServlet -- Initializing Servlet ''
08:48:34.194 [main] INFO org.springframework.test.web.servlet.TestDispatcherServlet -- Completed initialization in 0 ms
08:48:34.207 [main] INFO org.springframework.mock.web.MockServletContext -- Initializing Spring TestDispatcherServlet ''
08:48:34.207 [main] INFO org.springframework.test.web.servlet.TestDispatcherServlet -- Initializing Servlet ''
08:48:34.207 [main] INFO org.springframework.test.web.servlet.TestDispatcherServlet -- Completed initialization in 0 ms
08:48:34.220 [main] INFO org.springframework.mock.web.MockServletContext -- Initializing Spring TestDispatcherServlet ''
08:48:34.221 [main] INFO org.springframework.test.web.servlet.TestDispatcherServlet -- Initializing Servlet ''
08:48:34.221 [main] INFO org.springframework.test.web.servlet.TestDispatcherServlet -- Completed initialization in 0 ms
08:48:34.229 [main] INFO org.springframework.mock.web.MockServletContext -- Initializing Spring TestDispatcherServlet ''
08:48:34.229 [main] INFO org.springframework.test.web.servlet.TestDispatcherServlet -- Initializing Servlet ''
08:48:34.229 [main] INFO org.springframework.test.web.servlet.TestDispatcherServlet -- Completed initialization in 0 ms
[INFO] Tests run: 5, Failures: 0, Errors: 0, Skipped: 0, Time elapsed: 0.063 s -- in com.objwww.pr.control.release.interfaces.CanaryStatusControllerTest
[INFO] Running com.objwww.pr.control.eval.domain.statemachine.GoldenCandidateStateMachineTest
[INFO] Tests run: 2, Failures: 0, Errors: 0, Skipped: 0, Time elapsed: 0.006 s -- in com.objwww.pr.control.eval.domain.statemachine.GoldenCandidateStateMachineTest
[INFO] Running com.objwww.pr.control.eval.domain.ScenarioMetricsTest
[INFO] Tests run: 5, Failures: 0, Errors: 0, Skipped: 0, Time elapsed: 0.010 s -- in com.objwww.pr.control.eval.domain.ScenarioMetricsTest
[INFO] Running com.objwww.pr.control.eval.domain.SynonymLexiconTest
[INFO] Tests run: 5, Failures: 0, Errors: 0, Skipped: 0, Time elapsed: 0.062 s -- in com.objwww.pr.control.eval.domain.SynonymLexiconTest
[INFO] Running com.objwww.pr.control.eval.domain.litellm.UsageLedgerReconcilerTest
[INFO] Tests run: 12, Failures: 0, Errors: 0, Skipped: 0, Time elapsed: 0.047 s -- in com.objwww.pr.control.eval.domain.litellm.UsageLedgerReconcilerTest
[INFO] Running com.objwww.pr.control.eval.domain.GoldenScenarioRegistryTest
[INFO] Tests run: 4, Failures: 0, Errors: 0, Skipped: 0, Time elapsed: 0.024 s -- in com.objwww.pr.control.eval.domain.GoldenScenarioRegistryTest
[INFO] Running com.objwww.pr.control.eval.domain.port.DatasetAdapterTest
[INFO] Tests run: 5, Failures: 0, Errors: 0, Skipped: 0, Time elapsed: 0.012 s -- in com.objwww.pr.control.eval.domain.port.DatasetAdapterTest
[INFO] Running com.objwww.pr.control.eval.domain.model.SamplingFingerprintTest
[INFO] Tests run: 6, Failures: 0, Errors: 0, Skipped: 0, Time elapsed: 0.023 s -- in com.objwww.pr.control.eval.domain.model.SamplingFingerprintTest
[INFO] Running com.objwww.pr.control.eval.domain.model.EvalCaseV1Test
[INFO] Tests run: 3, Failures: 0, Errors: 0, Skipped: 0, Time elapsed: 0.008 s -- in com.objwww.pr.control.eval.domain.model.EvalCaseV1Test
[INFO] Running com.objwww.pr.control.eval.domain.model.DatasetVersionTest
[INFO] Tests run: 3, Failures: 0, Errors: 0, Skipped: 0, Time elapsed: 0.003 s -- in com.objwww.pr.control.eval.domain.model.DatasetVersionTest
[INFO] Running com.objwww.pr.control.eval.domain.model.CaseVersionTest
[INFO] Tests run: 4, Failures: 0, Errors: 0, Skipped: 0, Time elapsed: 0.015 s -- in com.objwww.pr.control.eval.domain.model.CaseVersionTest
[INFO] Running com.objwww.pr.control.eval.domain.EvalRunMetadataTest
[INFO] Tests run: 4, Failures: 0, Errors: 0, Skipped: 0, Time elapsed: 0.013 s -- in com.objwww.pr.control.eval.domain.EvalRunMetadataTest
[INFO] Running com.objwww.pr.control.eval.domain.EvalCaseResultTest
[INFO] Tests run: 3, Failures: 0, Errors: 0, Skipped: 0, Time elapsed: 0.011 s -- in com.objwww.pr.control.eval.domain.EvalCaseResultTest
[INFO] Running com.objwww.pr.control.eval.domain.service.SafetyGateTest
[INFO] Tests run: 8, Failures: 0, Errors: 0, Skipped: 0, Time elapsed: 0.018 s -- in com.objwww.pr.control.eval.domain.service.SafetyGateTest
[INFO] Running com.objwww.pr.control.eval.domain.service.QualityGateTest
[INFO] Tests run: 13, Failures: 0, Errors: 0, Skipped: 0, Time elapsed: 0.018 s -- in com.objwww.pr.control.eval.domain.service.QualityGateTest
[INFO] Running com.objwww.pr.control.eval.domain.service.SixDimEvaluatorTest
[INFO] Tests run: 11, Failures: 0, Errors: 0, Skipped: 0, Time elapsed: 0.014 s -- in com.objwww.pr.control.eval.domain.service.SixDimEvaluatorTest
[INFO] Running com.objwww.pr.control.eval.domain.service.HypothesisSearchServiceTest
[INFO] Tests run: 5, Failures: 0, Errors: 0, Skipped: 0, Time elapsed: 0.007 s -- in com.objwww.pr.control.eval.domain.service.HypothesisSearchServiceTest
[INFO] Running com.objwww.pr.control.eval.domain.service.PairedTrialStatsTest
[INFO] Tests run: 8, Failures: 0, Errors: 0, Skipped: 0, Time elapsed: 0.021 s -- in com.objwww.pr.control.eval.domain.service.PairedTrialStatsTest
[INFO] Running com.objwww.pr.control.eval.infrastructure.adapter.OrderArenaAdapterTest
[INFO] Tests run: 2, Failures: 0, Errors: 0, Skipped: 0, Time elapsed: 0.003 s -- in com.objwww.pr.control.eval.infrastructure.adapter.OrderArenaAdapterTest
[INFO] Running com.objwww.pr.control.eval.infrastructure.adapter.RcaEvalAdapterTest
[INFO] Tests run: 1, Failures: 0, Errors: 0, Skipped: 0, Time elapsed: 0.007 s -- in com.objwww.pr.control.eval.infrastructure.adapter.RcaEvalAdapterTest
[INFO] Running com.objwww.pr.control.eval.infrastructure.adapter.Rca100AdapterTest
[INFO] Tests run: 3, Failures: 0, Errors: 0, Skipped: 0, Time elapsed: 0.005 s -- in com.objwww.pr.control.eval.infrastructure.adapter.Rca100AdapterTest
[INFO] Running com.objwww.pr.control.eval.infrastructure.identity.DatasetPartitionAccessTest
[INFO] Tests run: 4, Failures: 0, Errors: 0, Skipped: 0, Time elapsed: 0.005 s -- in com.objwww.pr.control.eval.infrastructure.identity.DatasetPartitionAccessTest
[INFO] Running com.objwww.pr.control.eval.application.UsageLedgerServiceTest
08:48:34.602 [main] WARN com.objwww.pr.control.eval.application.UsageLedgerService -- SpendLogs 查询失败，usage 对账降级 UNMATCHED（run=eab179a7-ec61-4e88-8fc1-c7326eb866d5）: LiteLLM /spend/logs 调用失败: HTTP 500
08:48:34.604 [main] WARN com.objwww.pr.control.eval.application.UsageLedgerService -- usage 对账: run=eab179a7-ec61-4e88-8fc1-c7326eb866d5 取得 proxy 行数=1
08:48:34.605 [main] WARN com.objwww.pr.control.eval.application.UsageLedgerService -- LiteLLM 未配置（app.alert.eval.litellm.base-url 为空），usage 对账按 chain③ 降级 UNMATCHED/BEST_EFFORT
08:48:34.606 [main] WARN com.objwww.pr.control.eval.application.UsageLedgerService -- LiteLLM 未配置（app.alert.eval.litellm.base-url 为空），usage 对账按 chain③ 降级 UNMATCHED/BEST_EFFORT
08:48:34.612 [main] WARN com.objwww.pr.control.eval.application.UsageLedgerService -- usage_json 解析失败按 usage_missing 落账: attempt=c601ad70-3c01-4534-a148-8747df729f85
08:48:34.612 [main] WARN com.objwww.pr.control.eval.application.UsageLedgerService -- LiteLLM 未配置（app.alert.eval.litellm.base-url 为空），usage 对账按 chain③ 降级 UNMATCHED/BEST_EFFORT
[INFO] Tests run: 5, Failures: 0, Errors: 0, Skipped: 0, Time elapsed: 0.013 s -- in com.objwww.pr.control.eval.application.UsageLedgerServiceTest
[INFO] Running com.objwww.pr.control.eval.application.BaselineReportGeneratorTest
[INFO] Tests run: 5, Failures: 0, Errors: 0, Skipped: 0, Time elapsed: 0.030 s -- in com.objwww.pr.control.eval.application.BaselineReportGeneratorTest
[INFO] Running com.objwww.pr.control.eval.application.EvalGateRunnerTest
[INFO] Tests run: 4, Failures: 0, Errors: 0, Skipped: 0, Time elapsed: 0.011 s -- in com.objwww.pr.control.eval.application.EvalGateRunnerTest
[INFO] Running com.objwww.pr.control.eval.application.SingleCaseScorerTest
[INFO] Tests run: 6, Failures: 0, Errors: 0, Skipped: 0, Time elapsed: 0.033 s -- in com.objwww.pr.control.eval.application.SingleCaseScorerTest
[INFO] Running com.objwww.pr.control.eval.application.FinalReportSelectorTest
[INFO] Tests run: 3, Failures: 0, Errors: 0, Skipped: 0, Time elapsed: 0.015 s -- in com.objwww.pr.control.eval.application.FinalReportSelectorTest
[INFO] Running com.objwww.pr.control.eval.application.ScenarioEvaluatorTest
[INFO] Tests run: 5, Failures: 0, Errors: 0, Skipped: 0, Time elapsed: 0.005 s -- in com.objwww.pr.control.eval.application.ScenarioEvaluatorTest
[INFO] Running com.objwww.pr.control.eval.application.EvalBatchRunnerTest
08:48:34.741 [main] WARN com.objwww.pr.control.eval.application.EvalBatchRunner -- 场景 S1 第 1 轮注入失败: flagd admin down
[INFO] Tests run: 4, Failures: 0, Errors: 0, Skipped: 0, Time elapsed: 0.042 s -- in com.objwww.pr.control.eval.application.EvalBatchRunnerTest
[INFO] Running com.objwww.pr.control.eval.application.GoldenCandidateServiceTest
[INFO] Tests run: 8, Failures: 0, Errors: 0, Skipped: 0, Time elapsed: 0.018 s -- in com.objwww.pr.control.eval.application.GoldenCandidateServiceTest
[INFO] Running com.objwww.pr.control.eval.application.EvalRunnerProfileIsolationTest
[INFO] Tests run: 2, Failures: 0, Errors: 0, Skipped: 0, Time elapsed: 0.675 s -- in com.objwww.pr.control.eval.application.EvalRunnerProfileIsolationTest
[INFO] Running com.objwww.pr.control.infrastructure.config.AlertAm4ConfigTest
[INFO] Tests run: 4, Failures: 0, Errors: 0, Skipped: 0, Time elapsed: 0.011 s -- in com.objwww.pr.control.infrastructure.config.AlertAm4ConfigTest
[INFO] Running com.objwww.pr.control.infrastructure.config.EngineComparisonRecorderWiringTest
[INFO] Tests run: 2, Failures: 0, Errors: 0, Skipped: 0, Time elapsed: 0.005 s -- in com.objwww.pr.control.infrastructure.config.EngineComparisonRecorderWiringTest
[INFO] Running com.objwww.pr.control.infrastructure.config.NativeCapabilityProbeTest
[INFO] Tests run: 5, Failures: 0, Errors: 0, Skipped: 0, Time elapsed: 0.004 s -- in com.objwww.pr.control.infrastructure.config.NativeCapabilityProbeTest
[INFO] Running com.objwww.pr.control.infrastructure.litellm.HttpLiteLlmAdminClientTest
[INFO] Tests run: 4, Failures: 0, Errors: 0, Skipped: 0, Time elapsed: 0.191 s -- in com.objwww.pr.control.infrastructure.litellm.HttpLiteLlmAdminClientTest
[INFO] Running com.objwww.pr.control.infrastructure.nativeexec.NativeInvestigationExecutorTest
08:48:35.730 [main] INFO com.objwww.pr.control.alert.application.DeterministicSupervisor -- {"event":"am4_run_reporting","ts":"2026-09-09T00:48:35.730200925Z","run_id":"952fca04-64fb-4f2d-bdbb-a878e1c54231"}
08:48:35.730 [main] INFO com.objwww.pr.control.alert.application.DeterministicSupervisor -- run 952fca04-64fb-4f2d-bdbb-a878e1c54231 全任务终态 → REPORTING（报告链组装）
08:48:35.752 [main] INFO com.objwww.pr.control.infrastructure.nativeexec.NativeInvestigationExecutor -- native 全链完成 run=952fca04-64fb-4f2d-bdbb-a878e1c54231 reportOutcome=CONFIRMED claims=1 validation=STRUCTURE_VALIDATED 快照=6582eb7268b061d956d770afc2cfeb4f2b9435fa97143db05f1e256d97a047d7
08:48:35.758 [main] INFO com.objwww.pr.control.alert.application.RcaRunOrchestrator -- {"event":"rca_task_decision","ts":"2026-09-09T00:48:35.758020146Z","attempt_id":"846b22f4-462e-471c-892a-6d065b722041","task_id":"1b0b7104-8077-475f-93ba-1193592566f7","run_id":"952fca04-64fb-4f2d-bdbb-a878e1c54231","decision":"COMPLETED","latency_ms":0}
08:48:35.762 [main] INFO com.objwww.pr.control.alert.application.DeterministicSupervisor -- {"event":"am4_plan_rejected","ts":"2026-09-09T00:48:35.761870388Z","run_id":"c7119439-b154-4da5-8b73-25232a08f3c9","reason":"schema_version 必须为 am4-plan.v1，实际: bogus"}
08:48:35.762 [main] WARN com.objwww.pr.control.alert.application.DeterministicSupervisor -- run c7119439-b154-4da5-8b73-25232a08f3c9 提案被确定性拒绝 → FAILED（schema_version 必须为 am4-plan.v1，实际: bogus）
[INFO] Tests run: 3, Failures: 0, Errors: 0, Skipped: 0, Time elapsed: 0.069 s -- in com.objwww.pr.control.infrastructure.nativeexec.NativeInvestigationExecutorTest
[INFO] Running com.objwww.pr.control.infrastructure.persistence.Am5MigrationContractTest
[INFO] Tests run: 21, Failures: 0, Errors: 0, Skipped: 0, Time elapsed: 0.053 s -- in com.objwww.pr.control.infrastructure.persistence.Am5MigrationContractTest
[INFO] Running com.objwww.pr.control.infrastructure.persistence.Am6MigrationContractTest
[INFO] Tests run: 9, Failures: 0, Errors: 0, Skipped: 0, Time elapsed: 0.013 s -- in com.objwww.pr.control.infrastructure.persistence.Am6MigrationContractTest
[INFO] Running com.objwww.pr.control.infrastructure.persistence.PostgresClaimTaskKeyFilterContractTest
[INFO] Tests run: 2, Failures: 0, Errors: 0, Skipped: 0, Time elapsed: 0.004 s -- in com.objwww.pr.control.infrastructure.persistence.PostgresClaimTaskKeyFilterContractTest
[INFO] Running com.objwww.pr.control.infrastructure.persistence.M7MigrationContractTest
[INFO] Tests run: 7, Failures: 0, Errors: 0, Skipped: 0, Time elapsed: 0.016 s -- in com.objwww.pr.control.infrastructure.persistence.M7MigrationContractTest
[INFO] Running com.objwww.pr.control.infrastructure.persistence.PostgresArchiveManifestRepositoryFenceTest
[INFO] Tests run: 1, Failures: 0, Errors: 0, Skipped: 0, Time elapsed: 0.003 s -- in com.objwww.pr.control.infrastructure.persistence.PostgresArchiveManifestRepositoryFenceTest
[INFO] Running com.objwww.pr.control.infrastructure.selfcheck.ControlSelfCheckTest
08:48:35.868 [main] INFO com.objwww.pr.control.infrastructure.selfcheck.StartupSelfCheckRunner -- [control] 启动自检通过（B25 运行时门）
[INFO] Tests run: 6, Failures: 0, Errors: 0, Skipped: 0, Time elapsed: 0.014 s -- in com.objwww.pr.control.infrastructure.selfcheck.ControlSelfCheckTest
[INFO] Running com.objwww.pr.control.infrastructure.tool.PrometheusMetricsWireMockTest
[INFO] Tests run: 3, Failures: 0, Errors: 0, Skipped: 0, Time elapsed: 0.827 s -- in com.objwww.pr.control.infrastructure.tool.PrometheusMetricsWireMockTest
[INFO] Running com.objwww.pr.control.infrastructure.model.ProviderErrorClassifierTest
[INFO] Tests run: 17, Failures: 0, Errors: 0, Skipped: 0, Time elapsed: 0.011 s -- in com.objwww.pr.control.infrastructure.model.ProviderErrorClassifierTest
[INFO] Running com.objwww.pr.control.infrastructure.observability.GatusProbeConfigContractTest
[INFO] Tests run: 4, Failures: 0, Errors: 0, Skipped: 0, Time elapsed: 0.004 s -- in com.objwww.pr.control.infrastructure.observability.GatusProbeConfigContractTest
[INFO] Running com.objwww.pr.control.infrastructure.observability.StructuredLogTest
08:48:36.722 [main] INFO structured-log-test -- {"event":"e","ts":"2026-09-09T00:48:36.721974826Z","error":null}
08:48:36.723 [main] INFO structured-log-test -- {"event":"e","ts":"2026-09-09T00:48:36.723401102Z","secret_like":"quote\" and\nnewline\ttab"}
08:48:36.724 [main] INFO structured-log-test -- {"event":"rca_task_decision","ts":"2026-09-09T00:48:36.724726979Z","run_id":"r-1","decision":"COMPLETED","latency_ms":42}
08:48:36.728 [main] WARN structured-log-test -- structured log 序列化失败 event=e
[INFO] Tests run: 4, Failures: 0, Errors: 0, Skipped: 0, Time elapsed: 0.009 s -- in com.objwww.pr.control.infrastructure.observability.StructuredLogTest
[INFO] Running com.objwww.pr.control.infrastructure.observability.AlertMetricsLabelAllowlistTest
[INFO] Tests run: 3, Failures: 0, Errors: 0, Skipped: 0, Time elapsed: 0.006 s -- in com.objwww.pr.control.infrastructure.observability.AlertMetricsLabelAllowlistTest
[INFO] Running com.objwww.pr.control.infrastructure.observability.ControlCollectorConfigContractTest
[INFO] Tests run: 3, Failures: 0, Errors: 0, Skipped: 0, Time elapsed: 0.003 s -- in com.objwww.pr.control.infrastructure.observability.ControlCollectorConfigContractTest
[INFO] Running com.objwww.pr.control.infrastructure.observability.TracedTasksTest
Sep 09, 2026 8:48:36 AM brave.Tracing$LogSpanHandler end
INFO: {"traceId":"9a7a7797fc3c0e59","id":"9a7a7797fc3c0e59","name":"parent","timestamp":1788914916761556,"duration":5598,"localEndpoint":{"serviceName":"unknown","ipv4":"172.24.0.1"}}
[INFO] Tests run: 3, Failures: 0, Errors: 0, Skipped: 0, Time elapsed: 0.035 s -- in com.objwww.pr.control.infrastructure.observability.TracedTasksTest
[INFO] Running com.objwww.pr.control.ControlArchitectureTest
08:48:36.786 [main] INFO com.tngtech.archunit.core.PluginLoader -- Detected Java version 21.0.12.1
[INFO] Tests run: 19, Failures: 0, Errors: 0, Skipped: 0, Time elapsed: 3.059 s -- in com.objwww.pr.control.ControlArchitectureTest
[INFO] Running com.objwww.pr.control.alert.domain.statemachine.AlertStateMachineTest
[INFO] Tests run: 8, Failures: 0, Errors: 0, Skipped: 0, Time elapsed: 0.027 s -- in com.objwww.pr.control.alert.domain.statemachine.AlertStateMachineTest
[INFO] Running com.objwww.pr.control.alert.domain.statemachine.RcaStateContractTest
[INFO] Tests run: 8, Failures: 0, Errors: 0, Skipped: 0, Time elapsed: 0.008 s -- in com.objwww.pr.control.alert.domain.statemachine.RcaStateContractTest
[INFO] Running com.objwww.pr.control.alert.domain.agent.AgentProfileTest
[INFO] Tests run: 6, Failures: 0, Errors: 0, Skipped: 0, Time elapsed: 0.025 s -- in com.objwww.pr.control.alert.domain.agent.AgentProfileTest
[INFO] Running com.objwww.pr.control.alert.domain.dag.PlanProposalTest
[INFO] Tests run: 10, Failures: 0, Errors: 0, Skipped: 0, Time elapsed: 0.017 s -- in com.objwww.pr.control.alert.domain.dag.PlanProposalTest
[INFO] Running com.objwww.pr.control.alert.domain.dag.DagTaskStateTest
[INFO] Tests run: 3, Failures: 0, Errors: 0, Skipped: 0, Time elapsed: 0.001 s -- in com.objwww.pr.control.alert.domain.dag.DagTaskStateTest
[INFO] Running com.objwww.pr.control.alert.domain.dag.DagPromoterTest
[INFO] Tests run: 16, Failures: 0, Errors: 0, Skipped: 0, Time elapsed: 0.018 s -- in com.objwww.pr.control.alert.domain.dag.DagPromoterTest
[INFO] Running com.objwww.pr.control.alert.domain.dag.DagCycleDetectorTest
[INFO] Tests run: 10, Failures: 0, Errors: 0, Skipped: 0, Time elapsed: 0.005 s -- in com.objwww.pr.control.alert.domain.dag.DagCycleDetectorTest
[INFO] Running com.objwww.pr.control.alert.domain.tool.ToolReasonCodeTest
[INFO] Tests run: 2, Failures: 0, Errors: 0, Skipped: 0, Time elapsed: 0.003 s -- in com.objwww.pr.control.alert.domain.tool.ToolReasonCodeTest
[INFO] Running com.objwww.pr.control.alert.domain.tool.ToolArgsValidatorTest
[INFO] Tests run: 5, Failures: 0, Errors: 0, Skipped: 0, Time elapsed: 0.006 s -- in com.objwww.pr.control.alert.domain.tool.ToolArgsValidatorTest
[INFO] Running com.objwww.pr.control.alert.domain.tool.InternalCanonicalJsonV1Test
[INFO] Tests run: 9, Failures: 0, Errors: 0, Skipped: 0, Time elapsed: 0.008 s -- in com.objwww.pr.control.alert.domain.tool.InternalCanonicalJsonV1Test
[INFO] Running com.objwww.pr.control.alert.domain.tool.ActionDigestTest
[INFO] Tests run: 7, Failures: 0, Errors: 0, Skipped: 0, Time elapsed: 0.010 s -- in com.objwww.pr.control.alert.domain.tool.ActionDigestTest
[INFO] Running com.objwww.pr.control.alert.domain.tool.ToolPolicyTest
[INFO] Tests run: 3, Failures: 0, Errors: 0, Skipped: 0, Time elapsed: 0.002 s -- in com.objwww.pr.control.alert.domain.tool.ToolPolicyTest
[INFO] Running com.objwww.pr.control.alert.domain.tool.ToolDefinitionTest
[INFO] Tests run: 7, Failures: 0, Errors: 0, Skipped: 0, Time elapsed: 0.007 s -- in com.objwww.pr.control.alert.domain.tool.ToolDefinitionTest
[INFO] Running com.objwww.pr.control.alert.domain.model.EvidencePackageV2ContractTest
[INFO] Tests run: 6, Failures: 0, Errors: 0, Skipped: 0, Time elapsed: 0.013 s -- in com.objwww.pr.control.alert.domain.model.EvidencePackageV2ContractTest
[INFO] Running com.objwww.pr.control.alert.domain.budget.RunBudgetTest
[INFO] Tests run: 11, Failures: 0, Errors: 0, Skipped: 0, Time elapsed: 0.016 s -- in com.objwww.pr.control.alert.domain.budget.RunBudgetTest
[INFO] Running com.objwww.pr.control.alert.domain.budget.DoomLoopGuardTest
[INFO] Tests run: 7, Failures: 0, Errors: 0, Skipped: 0, Time elapsed: 0.007 s -- in com.objwww.pr.control.alert.domain.budget.DoomLoopGuardTest
[INFO] Running com.objwww.pr.control.alert.domain.claim.ClaimReducerTest
[INFO] Tests run: 20, Failures: 0, Errors: 0, Skipped: 0, Time elapsed: 0.014 s -- in com.objwww.pr.control.alert.domain.claim.ClaimReducerTest
[INFO] Running com.objwww.pr.control.alert.domain.claim.ClaimVerdictTest
[INFO] Tests run: 8, Failures: 0, Errors: 0, Skipped: 0, Time elapsed: 0.007 s -- in com.objwww.pr.control.alert.domain.claim.ClaimVerdictTest
[INFO] Running com.objwww.pr.control.alert.domain.claim.ClaimProjectionTest
[INFO] Tests run: 9, Failures: 0, Errors: 0, Skipped: 0, Time elapsed: 0.005 s -- in com.objwww.pr.control.alert.domain.claim.ClaimProjectionTest
[INFO] Running com.objwww.pr.control.alert.domain.claim.ReportAssemblerTest
[INFO] Tests run: 11, Failures: 0, Errors: 0, Skipped: 0, Time elapsed: 0.012 s -- in com.objwww.pr.control.alert.domain.claim.ReportAssemblerTest
[INFO] Running com.objwww.pr.control.alert.domain.claim.ClaimTest
[INFO] Tests run: 7, Failures: 0, Errors: 0, Skipped: 0, Time elapsed: 0.006 s -- in com.objwww.pr.control.alert.domain.claim.ClaimTest
[INFO] Running com.objwww.pr.control.alert.domain.evidence.EvidenceEnvelopeTest
[INFO] Tests run: 6, Failures: 0, Errors: 0, Skipped: 0, Time elapsed: 0.005 s -- in com.objwww.pr.control.alert.domain.evidence.EvidenceEnvelopeTest
[INFO] Running com.objwww.pr.control.alert.domain.evidence.EvidenceSnapshotBuilderTest
[INFO] Tests run: 5, Failures: 0, Errors: 0, Skipped: 0, Time elapsed: 0.002 s -- in com.objwww.pr.control.alert.domain.evidence.EvidenceSnapshotBuilderTest
[INFO] Running com.objwww.pr.control.alert.domain.service.AlertIdentityFactoryTest
[INFO] Tests run: 6, Failures: 0, Errors: 0, Skipped: 0, Time elapsed: 0.014 s -- in com.objwww.pr.control.alert.domain.service.AlertIdentityFactoryTest
[INFO] Running com.objwww.pr.control.alert.domain.service.SlaPolicyTest
[INFO] Tests run: 6, Failures: 0, Errors: 0, Skipped: 0, Time elapsed: 0.009 s -- in com.objwww.pr.control.alert.domain.service.SlaPolicyTest
[INFO] Running com.objwww.pr.control.alert.domain.service.DeferredPolicyTest
[INFO] Tests run: 2, Failures: 0, Errors: 0, Skipped: 0, Time elapsed: 0.002 s -- in com.objwww.pr.control.alert.domain.service.DeferredPolicyTest
[INFO] Running com.objwww.pr.control.alert.domain.service.EvidencePackageValidatorTest
[INFO] Tests run: 19, Failures: 0, Errors: 0, Skipped: 0, Time elapsed: 0.027 s -- in com.objwww.pr.control.alert.domain.service.EvidencePackageValidatorTest
[INFO] Running com.objwww.pr.control.alert.infrastructure.config.AlertConfigBridgeTest
[INFO] Tests run: 3, Failures: 0, Errors: 0, Skipped: 0, Time elapsed: 0.023 s -- in com.objwww.pr.control.alert.infrastructure.config.AlertConfigBridgeTest
[INFO] Running com.objwww.pr.control.alert.infrastructure.selfcheck.AlertSelfCheckTest
[INFO] Tests run: 6, Failures: 0, Errors: 0, Skipped: 0, Time elapsed: 0.004 s -- in com.objwww.pr.control.alert.infrastructure.selfcheck.AlertSelfCheckTest
[INFO] Running com.objwww.pr.control.alert.application.agent.MetricsAgentTest
[INFO] Tests run: 10, Failures: 0, Errors: 0, Skipped: 0, Time elapsed: 0.033 s -- in com.objwww.pr.control.alert.application.agent.MetricsAgentTest
[INFO] Running com.objwww.pr.control.alert.application.agent.ChangeAgentTest
[INFO] Tests run: 4, Failures: 0, Errors: 0, Skipped: 0, Time elapsed: 0.019 s -- in com.objwww.pr.control.alert.application.agent.ChangeAgentTest
[INFO] Running com.objwww.pr.control.alert.application.agent.AgentRegistryTest
[INFO] Tests run: 5, Failures: 0, Errors: 0, Skipped: 0, Time elapsed: 0.006 s -- in com.objwww.pr.control.alert.application.agent.AgentRegistryTest
[INFO] Running com.objwww.pr.control.alert.application.agent.NativeRcaAgentTest
[INFO] Tests run: 6, Failures: 0, Errors: 0, Skipped: 0, Time elapsed: 0.005 s -- in com.objwww.pr.control.alert.application.agent.NativeRcaAgentTest
[INFO] Running com.objwww.pr.control.alert.application.agent.LogsAgentTest
[INFO] Tests run: 5, Failures: 0, Errors: 0, Skipped: 0, Time elapsed: 0.010 s -- in com.objwww.pr.control.alert.application.agent.LogsAgentTest
[INFO] Running com.objwww.pr.control.alert.application.RcaWorkerTest
08:48:40.266 [main] INFO com.objwww.pr.control.alert.application.RcaRunOrchestrator -- {"event":"rca_task_decision","ts":"2026-09-09T00:48:40.266032186Z","attempt_id":"af96ee3c-a436-4d15-8e5c-3595b90af966","task_id":"2f33de59-70c3-4263-9249-c705446db7a5","run_id":"c4a10c13-5cce-45cb-90cb-bf49cb33cf00","decision":"COMPLETED","latency_ms":0}
08:48:40.266 [main] INFO com.objwww.pr.control.alert.application.RcaRunOrchestrator -- incident 4ac09721-c089-4a45-8b20-66f32287132d 材料变化，铸 RERUN run
08:48:40.267 [main] INFO com.objwww.pr.control.alert.application.RcaRunOrchestrator -- {"event":"report_publication_loser","ts":"2026-09-09T00:48:40.267806607Z","incident_id":"4ac09721-c089-4a45-8b20-66f32287132d","run_id":"c8a2a570-d524-4c1c-a559-728133a01257","report_id":"778fe050-9a2f-4bd7-b0ce-3b2223c6153c","generation":0}
08:48:40.268 [main] INFO com.objwww.pr.control.alert.application.RcaRunOrchestrator -- report 778fe050-9a2f-4bd7-b0ce-3b2223c6153c 输给 generation 发布赢家（incident=4ac09721-c089-4a45-8b20-66f32287132d, gen=0），落档不发布
08:48:40.268 [main] INFO com.objwww.pr.control.alert.application.RcaRunOrchestrator -- {"event":"rca_task_decision","ts":"2026-09-09T00:48:40.268165934Z","attempt_id":"d0804e3e-ecfb-40b2-bd24-0d26b84a1ccd","task_id":"17d6069c-8850-482d-9fc1-845c12f86a61","run_id":"c8a2a570-d524-4c1c-a559-728133a01257","decision":"COMPLETED","latency_ms":0}
08:48:40.270 [main] INFO com.objwww.pr.control.alert.application.RcaRunOrchestrator -- {"event":"rca_task_decision","ts":"2026-09-09T00:48:40.270758118Z","attempt_id":"075cbdf2-3149-4e42-9c4d-6666a22452d2","task_id":"339633fb-0973-4ca5-903f-f06ecb920956","run_id":"3523099e-4948-4794-bd6a-8e2316ab1913","decision":"RETRY_SCHEDULED","latency_ms":0}
08:48:40.271 [main] INFO com.objwww.pr.control.alert.application.RcaRunOrchestrator -- {"event":"rca_task_decision","ts":"2026-09-09T00:48:40.271230056Z","attempt_id":"be08b24b-5eb5-4dd5-a63e-007358ecb4f0","task_id":"339633fb-0973-4ca5-903f-f06ecb920956","run_id":"3523099e-4948-4794-bd6a-8e2316ab1913","decision":"RETRY_SCHEDULED","latency_ms":0}
08:48:40.271 [main] INFO com.objwww.pr.control.alert.application.RcaRunOrchestrator -- {"event":"rca_task_decision","ts":"2026-09-09T00:48:40.271576669Z","attempt_id":"9329f125-3df3-4876-9e04-16a2dc1651f5","task_id":"339633fb-0973-4ca5-903f-f06ecb920956","run_id":"3523099e-4948-4794-bd6a-8e2316ab1913","decision":"DEAD","latency_ms":0}
08:48:40.275 [main] WARN com.objwww.pr.control.alert.application.RcaWorker -- task f2e4f91b-05d7-40b3-8f80-8ba8ea641baa 租约过期回收 owner=worker-a → RETRY_WAIT
08:48:40.275 [main] WARN com.objwww.pr.control.alert.application.RcaWorker -- 悬挂账本 683a7c31-f788-42ec-b2cd-f27129e460e4 STARTED→UNKNOWN（崩溃回收）
08:48:40.278 [main] INFO com.objwww.pr.control.alert.application.RcaRunOrchestrator -- {"event":"rca_task_decision","ts":"2026-09-09T00:48:40.278465485Z","attempt_id":"4f7fdf08-86d9-40e8-8591-2ee7aa9d13ce","task_id":"5d2556ba-3f39-43bb-b862-8838d4386eb5","run_id":"f3fed8a1-03fd-4fea-9835-55bbe044fe6b","decision":"COMPLETED","latency_ms":0}
08:48:40.280 [main] WARN com.objwww.pr.control.alert.application.RcaWorker -- 悬挂调查记录 956014d8-b53f-4f3f-897d-d2d16de66a23 STARTED→UNKNOWN（崩溃回收）
08:48:40.283 [main] INFO com.objwww.pr.control.alert.application.RcaRunOrchestrator -- {"event":"rca_task_decision","ts":"2026-09-09T00:48:40.283535665Z","attempt_id":"12f9c78e-e2b1-4f62-8464-d2c5ef630b2d","task_id":"15c67e69-6e67-49e2-8163-f23f4eba9da1","run_id":"b7e2d9b4-1530-4394-ac30-91326917400c","decision":"DEAD","latency_ms":0}
08:48:40.285 [main] WARN com.objwww.pr.control.alert.application.RcaWorker -- task d3ccf751-af2c-4ffb-8e30-52461751be3f 租约过期回收 owner=worker-a → STALE
08:48:40.287 [main] INFO com.objwww.pr.control.alert.application.RcaRunOrchestrator -- {"event":"rca_task_decision","ts":"2026-09-09T00:48:40.286908419Z","attempt_id":"a11c2be7-91d1-4662-a8c9-0463f9c1fbf7","task_id":"20b9c0f0-3e32-4668-a054-fb83ad3ede41","run_id":"8663904b-6eb9-44a3-8fc0-dad4ab23475c","decision":"COMPLETED","latency_ms":0}
08:48:40.288 [main] INFO com.objwww.pr.control.alert.application.RcaRunOrchestrator -- {"event":"rca_task_decision","ts":"2026-09-09T00:48:40.288855696Z","attempt_id":"3839fcc6-d68c-4f5a-89ef-81e17d72f935","task_id":"fb8507b8-53b6-4794-ac2a-8764478a3922","run_id":"abc61566-87cb-4e7e-aef2-019b0d19a310","decision":"RETRY_SCHEDULED","latency_ms":0}
08:48:40.289 [main] INFO com.objwww.pr.control.alert.application.RcaRunOrchestrator -- {"event":"rca_task_decision","ts":"2026-09-09T00:48:40.289402947Z","attempt_id":"ba8f7d2d-8652-4578-a38d-dda90328822f","task_id":"fb8507b8-53b6-4794-ac2a-8764478a3922","run_id":"abc61566-87cb-4e7e-aef2-019b0d19a310","decision":"COMPLETED","latency_ms":0}
08:48:40.291 [main] INFO com.objwww.pr.control.alert.application.RcaRunOrchestrator -- {"event":"rca_task_decision","ts":"2026-09-09T00:48:40.291554940Z","attempt_id":"128595ab-da8a-4fb6-b25f-861bd3a86756","task_id":"f66311a3-ab25-4c44-900f-13cbc0521d9a","run_id":"92ee8467-12fb-49a3-a8ae-a1f5bd0b2380","decision":"COMPLETED","latency_ms":0}
08:48:40.293 [main] INFO com.objwww.pr.control.alert.application.RcaRunOrchestrator -- {"event":"rca_task_decision","ts":"2026-09-09T00:48:40.293437477Z","run_state":"SUPERSEDED","attempt_id":"71015a72-08e9-4780-bcef-aa3740eeaeb4","task_id":"ae61d73d-46db-4d69-95bd-baf7af33f861","run_id":"9a82422b-f7d4-4037-8493-d63c39fde9f1","decision":"STALE_GENERATION"}
08:48:40.293 [main] WARN com.objwww.pr.control.alert.application.RcaRunOrchestrator -- task ae61d73d-46db-4d69-95bd-baf7af33f861 旧代结果作废（run 9a82422b-f7d4-4037-8493-d63c39fde9f1 state=SUPERSEDED），task→STALE 零落档
08:48:40.295 [main] WARN com.objwww.pr.control.alert.application.RcaWorker -- task 5e1c50b7-8c13-4d85-93e5-729e4582548c 租约过期回收 owner=worker-a → RETRY_WAIT
08:48:40.295 [main] INFO com.objwww.pr.control.alert.application.RcaRunOrchestrator -- {"event":"rca_task_decision","ts":"2026-09-09T00:48:40.295695400Z","attempt_id":"7da602ba-e738-4d2f-8544-08a482a74492","task_id":"5e1c50b7-8c13-4d85-93e5-729e4582548c","run_id":"3533f3d7-6930-42f4-a04b-72f9a7eb0356","decision":"COMPLETED","latency_ms":0}
08:48:40.295 [main] WARN com.objwww.pr.control.alert.application.RcaRunOrchestrator -- task 5e1c50b7-8c13-4d85-93e5-729e4582548c 旧租约提交被拒 owner=worker-a epoch=1
[INFO] Tests run: 13, Failures: 0, Errors: 0, Skipped: 0, Time elapsed: 0.043 s -- in com.objwww.pr.control.alert.application.RcaWorkerTest
[INFO] Running com.objwww.pr.control.alert.application.EventQueryServiceTest
[INFO] Tests run: 5, Failures: 0, Errors: 0, Skipped: 0, Time elapsed: 0.009 s -- in com.objwww.pr.control.alert.application.EventQueryServiceTest
[INFO] Running com.objwww.pr.control.alert.application.EventPayloadSanitizerTest
[INFO] Tests run: 6, Failures: 0, Errors: 0, Skipped: 0, Time elapsed: 0.003 s -- in com.objwww.pr.control.alert.application.EventPayloadSanitizerTest
[INFO] Running com.objwww.pr.control.alert.application.HolmesShadowWorkerTest
08:48:40.316 [main] INFO com.objwww.pr.control.alert.application.HolmesShadowWorker -- {"event":"rca_holmes_shadow_work","ts":"2026-09-09T00:48:40.316260506Z","error_class":"BASELINE_MISSING","outcome":"FAILED","shadow_key":"holmes-calib:ecde1e6e-9206-4b01-b9b9-a8bbc454ab5a"}
08:48:40.318 [main] INFO com.objwww.pr.control.alert.application.HolmesShadowWorker -- {"event":"rca_holmes_shadow_work","ts":"2026-09-09T00:48:40.318639898Z","outcome":"COMPARISON_LANDED","shadow_run_id":"c5e5fd3c-76e3-4084-8c9c-a007fe706b54","shadow_key":"holmes-shadow:a4330bbd-15bc-4fff-aa03-1de19ee32aac"}
08:48:40.321 [main] INFO com.objwww.pr.control.alert.application.HolmesShadowWorker -- {"event":"rca_holmes_shadow_work","ts":"2026-09-09T00:48:40.321015714Z","error_class":"MISSING_ANCHOR","outcome":"FAILED","shadow_key":"holmes-shadow:ghost"}
08:48:40.322 [main] INFO com.objwww.pr.control.alert.application.HolmesShadowWorker -- {"event":"rca_holmes_shadow_work","ts":"2026-09-09T00:48:40.322368140Z","outcome":"CAS_LOST","shadow_key":"holmes-shadow:f24ce27a-e0fc-4936-b9b9-7bd3aa5de5e4"}
08:48:40.323 [main] INFO com.objwww.pr.control.alert.application.HolmesShadowWorker -- {"event":"rca_holmes_shadow_work","ts":"2026-09-09T00:48:40.323320104Z","error_class":"TIMEOUT","outcome":"FAILED","shadow_key":"holmes-shadow:01907a8c-8011-466f-9ae4-4e1e92996ee9"}
08:48:40.324 [main] INFO com.objwww.pr.control.alert.application.HolmesShadowWorker -- {"event":"rca_holmes_shadow_work","ts":"2026-09-09T00:48:40.324019771Z","error_class":"TIMEOUT","outcome":"FAILED","shadow_key":"holmes-shadow:01907a8c-8011-466f-9ae4-4e1e92996ee9"}
08:48:40.324 [main] INFO com.objwww.pr.control.alert.application.HolmesShadowWorker -- {"event":"rca_holmes_shadow_work","ts":"2026-09-09T00:48:40.324261196Z","error_class":"TIMEOUT","outcome":"FAILED","shadow_key":"holmes-shadow:01907a8c-8011-466f-9ae4-4e1e92996ee9"}
08:48:40.325 [main] INFO com.objwww.pr.control.alert.application.HolmesShadowWorker -- {"event":"rca_holmes_shadow_work","ts":"2026-09-09T00:48:40.325369875Z","outcome":"COMPARISON_LANDED","shadow_run_id":"56d71b7a-66e0-459f-a5a5-2c6322bc0437","shadow_key":"holmes-shadow:0f954e64-bbf8-409d-99b0-f503d840529b"}
08:48:40.326 [main] INFO com.objwww.pr.control.alert.application.HolmesShadowWorker -- {"event":"rca_holmes_shadow_work","ts":"2026-09-09T00:48:40.326493151Z","outcome":"CALIBRATION_LANDED","shadow_run_id":"a887029d-8601-4f2d-beb3-150a0db8d598","shadow_key":"holmes-calib:0f954e64-bbf8-409d-99b0-f503d840529b"}
[INFO] Tests run: 7, Failures: 0, Errors: 0, Skipped: 0, Time elapsed: 0.016 s -- in com.objwww.pr.control.alert.application.HolmesShadowWorkerTest
[INFO] Running com.objwww.pr.control.alert.application.holmes.HolmesEvidenceAdapterTest
[INFO] Tests run: 5, Failures: 0, Errors: 0, Skipped: 0, Time elapsed: 0.011 s -- in com.objwww.pr.control.alert.application.holmes.HolmesEvidenceAdapterTest
[INFO] Running com.objwww.pr.control.alert.application.SseStreamServiceTest
08:48:40.341 [main] WARN com.objwww.pr.control.alert.application.SseStreamService -- sse drain gap: runId=2d7f08ac-b371-4aab-93ca-36957d11957e cursor=1 latestSeq=4 → resync
[INFO] Tests run: 4, Failures: 0, Errors: 0, Skipped: 0, Time elapsed: 0.003 s -- in com.objwww.pr.control.alert.application.SseStreamServiceTest
[INFO] Running com.objwww.pr.control.alert.application.PlanCompilerTest
[INFO] Tests run: 8, Failures: 0, Errors: 0, Skipped: 0, Time elapsed: 0.012 s -- in com.objwww.pr.control.alert.application.PlanCompilerTest
[INFO] Running com.objwww.pr.control.alert.application.HolmesShadowSamplerTest
08:48:40.359 [main] INFO com.objwww.pr.control.alert.application.HolmesShadowSampler -- {"event":"rca_holmes_shadow_sample","ts":"2026-09-09T00:48:40.359477911Z","outcome":"DISABLED","run_id":"6e5256d0-20c1-41ad-bea2-c36037febafe","incident_id":"6c57d290-35fa-490d-9d83-53827a1640e0"}
08:48:40.361 [main] INFO com.objwww.pr.control.alert.application.HolmesShadowSampler -- {"event":"rca_holmes_shadow_sample","ts":"2026-09-09T00:48:40.361077394Z","outcome":"ENQUEUED","run_id":"5589f88f-e0af-4750-8c6e-e364702b4992","incident_id":"02faf671-b775-42e7-b2bd-030a8fc0f16c"}
08:48:40.361 [main] INFO com.objwww.pr.control.alert.application.HolmesShadowSampler -- {"event":"rca_holmes_shadow_sample","ts":"2026-09-09T00:48:40.361288511Z","outcome":"ALREADY_ENQUEUED","run_id":"5589f88f-e0af-4750-8c6e-e364702b4992","incident_id":"02faf671-b775-42e7-b2bd-030a8fc0f16c"}
08:48:40.361 [main] INFO com.objwww.pr.control.alert.application.HolmesShadowSampler -- {"event":"rca_holmes_shadow_sample","ts":"2026-09-09T00:48:40.361912236Z","outcome":"RATE_NOT_SELECTED","run_id":"dc312a72-fa3d-443e-83f1-e44958fd0143","incident_id":"f327ecfc-09f2-46a9-b253-9f1dda6e1393"}
08:48:40.362 [main] INFO com.objwww.pr.control.alert.application.HolmesShadowSampler -- {"event":"rca_holmes_shadow_sample","ts":"2026-09-09T00:48:40.362044956Z","outcome":"ENQUEUED","run_id":"dc312a72-fa3d-443e-83f1-e44958fd0143","incident_id":"f327ecfc-09f2-46a9-b253-9f1dda6e1393"}
08:48:40.362 [main] INFO com.objwww.pr.control.alert.application.HolmesShadowSampler -- {"event":"rca_holmes_shadow_sample","ts":"2026-09-09T00:48:40.362185140Z","outcome":"ALREADY_ENQUEUED","run_id":"dc312a72-fa3d-443e-83f1-e44958fd0143","incident_id":"f327ecfc-09f2-46a9-b253-9f1dda6e1393"}
08:48:40.362 [main] INFO com.objwww.pr.control.alert.application.HolmesShadowSampler -- {"event":"rca_holmes_shadow_sample","ts":"2026-09-09T00:48:40.362701623Z","outcome":"NOT_NATIVE","run_id":"97ab8d4c-32d9-476b-bc19-e4d21964817c","incident_id":"26f9dcc2-10dd-4856-9f68-4571067f20c9"}
08:48:40.363 [main] INFO com.objwww.pr.control.alert.application.HolmesShadowSampler -- {"event":"rca_holmes_shadow_sample","ts":"2026-09-09T00:48:40.363320950Z","outcome":"BUDGET_EXHAUSTED","run_id":"f0c0d740-7688-409f-af22-913ba450ec6c","incident_id":"aa91ab71-42d0-441b-bf38-a9c9f228b57c"}
08:48:40.363 [main] INFO com.objwww.pr.control.alert.application.HolmesShadowSampler -- {"event":"rca_holmes_shadow_sample","ts":"2026-09-09T00:48:40.363934446Z","outcome":"NOT_TERMINAL","run_id":"c41ab016-0bdb-46de-9dc6-323a476b55df","incident_id":"5c48217f-9f36-4e6d-86e2-9563d782e6b4"}
08:48:40.364 [main] INFO com.objwww.pr.control.alert.application.HolmesShadowSampler -- {"event":"rca_holmes_shadow_sample","ts":"2026-09-09T00:48:40.364073588Z","outcome":"NOT_SUCCEEDED","run_id":"c41ab016-0bdb-46de-9dc6-323a476b55df","incident_id":"5c48217f-9f36-4e6d-86e2-9563d782e6b4"}
08:48:40.364 [main] INFO com.objwww.pr.control.alert.application.HolmesShadowSampler -- {"event":"rca_holmes_shadow_sample","ts":"2026-09-09T00:48:40.364732408Z","outcome":"ENQUEUED","run_id":"4ee61394-f4bc-453f-8b9b-c3de4617bf30","incident_id":"2bd7d3d7-a684-4bfc-9ea0-268220055fea"}
[INFO] Tests run: 7, Failures: 0, Errors: 0, Skipped: 0, Time elapsed: 0.009 s -- in com.objwww.pr.control.alert.application.HolmesShadowSamplerTest
[INFO] Running com.objwww.pr.control.alert.application.ControlAlertRouterTest
08:48:40.367 [main] INFO com.objwww.pr.control.alert.application.ControlAlertRouter -- {"event":"CONTROL_ALERT_REJECTED","ts":"2026-09-09T00:48:40.367692896Z","receiver":"rca-oncall","gate":"identity"}
08:48:40.371 [main] INFO com.objwww.pr.control.alert.application.ControlAlertRouter -- {"event":"CONTROL_ALERT_ONCALL","ts":"2026-09-09T00:48:40.371344463Z","inbox_id":"7aa7c392-c789-4511-97be-f6e6658c2e81","receiver":"rca-oncall","group_key":"g:RCA_SYSTEM_CollectorDown","alertnames":"RCA_SYSTEM_CollectorDown","scopes":"rca_system","alert_count":1}
08:48:40.372 [main] INFO com.objwww.pr.control.alert.application.ControlAlertRouter -- {"event":"CONTROL_ALERT_REJECTED","ts":"2026-09-09T00:48:40.372519387Z","receiver":"rca-oncall","gate":"identity"}
08:48:40.374 [main] INFO com.objwww.pr.control.alert.application.ControlAlertRouter -- {"event":"CONTROL_ALERT_REJECTED","ts":"2026-09-09T00:48:40.374440385Z","receiver":"zhongtai","gate":"route_not_allowlisted"}
08:48:40.375 [main] INFO com.objwww.pr.control.alert.application.ControlAlertRouter -- {"event":"CONTROL_ALERT_ONCALL","ts":"2026-09-09T00:48:40.375185349Z","inbox_id":"283e39d6-b716-4061-8922-a70a28f7d630","receiver":"rca-oncall","group_key":"g:Gatus_CanaryProbe","alertnames":"Gatus_CanaryProbe","scopes":"rca_system","alert_count":1}
08:48:40.375 [main] INFO com.objwww.pr.control.alert.application.ControlAlertRouter -- {"event":"CONTROL_ALERT_REJECTED","ts":"2026-09-09T00:48:40.375753869Z","receiver":"rca-oncall","gate":"scope_not_allowlisted"}
08:48:40.376 [main] INFO com.objwww.pr.control.alert.application.ControlAlertRouter -- {"event":"CONTROL_ALERT_REJECTED","ts":"2026-09-09T00:48:40.376327460Z","receiver":"rca-oncall","gate":"scope_not_allowlisted"}
08:48:40.383 [main] INFO com.objwww.pr.control.alert.application.ControlAlertRouter -- {"event":"CONTROL_ALERT_ONCALL","ts":"2026-09-09T00:48:40.383464263Z","inbox_id":"be5aba44-e963-480e-8ab4-d0dea3e9acd7","receiver":"rca-oncall","group_key":"g:RCA_SYSTEM_X","alertnames":"RCA_SYSTEM_X","scopes":"rca_system","alert_count":1}
[INFO] Tests run: 10, Failures: 0, Errors: 0, Skipped: 0, Time elapsed: 0.019 s -- in com.objwww.pr.control.alert.application.ControlAlertRouterTest
[INFO] Running com.objwww.pr.control.alert.application.Am4ShadowFullChainG2Test
08:48:40.413 [main] INFO com.objwww.pr.control.alert.application.DeterministicSupervisor -- {"event":"am4_run_reporting","ts":"2026-09-09T00:48:40.413536978Z","run_id":"b7084b87-27b7-4c88-8b6b-5968a496c447"}
08:48:40.413 [main] INFO com.objwww.pr.control.alert.application.DeterministicSupervisor -- run b7084b87-27b7-4c88-8b6b-5968a496c447 全任务终态 → REPORTING（报告链组装）
[INFO] Tests run: 3, Failures: 0, Errors: 0, Skipped: 0, Time elapsed: 0.035 s -- in com.objwww.pr.control.alert.application.Am4ShadowFullChainG2Test
[INFO] Running com.objwww.pr.control.alert.application.CommandServiceTest
[INFO] Tests run: 8, Failures: 0, Errors: 0, Skipped: 0, Time elapsed: 0.007 s -- in com.objwww.pr.control.alert.application.CommandServiceTest
[INFO] Running com.objwww.pr.control.alert.application.RunBudgetGateTest
[INFO] Tests run: 4, Failures: 0, Errors: 0, Skipped: 0, Time elapsed: 0.004 s -- in com.objwww.pr.control.alert.application.RunBudgetGateTest
[INFO] Running com.objwww.pr.control.alert.application.tool.ToolGatewayWireMockTest
[INFO] Tests run: 3, Failures: 0, Errors: 0, Skipped: 0, Time elapsed: 0.857 s -- in com.objwww.pr.control.alert.application.tool.ToolGatewayWireMockTest
[INFO] Running com.objwww.pr.control.alert.application.tool.ReplayToolGatewayTest
[INFO] Tests run: 8, Failures: 0, Errors: 0, Skipped: 0, Time elapsed: 0.009 s -- in com.objwww.pr.control.alert.application.tool.ReplayToolGatewayTest
[INFO] Running com.objwww.pr.control.alert.application.tool.ToolRegistryTest
[INFO] Tests run: 4, Failures: 0, Errors: 0, Skipped: 0, Time elapsed: 0.010 s -- in com.objwww.pr.control.alert.application.tool.ToolRegistryTest
[INFO] Running com.objwww.pr.control.alert.application.tool.ToolGatewayTest
[INFO] Tests run: 10, Failures: 0, Errors: 0, Skipped: 0, Time elapsed: 0.220 s -- in com.objwww.pr.control.alert.application.tool.ToolGatewayTest
[INFO] Running com.objwww.pr.control.alert.application.DagExecutionServiceTest
[INFO] Tests run: 10, Failures: 0, Errors: 0, Skipped: 0, Time elapsed: 0.007 s -- in com.objwww.pr.control.alert.application.DagExecutionServiceTest
[INFO] Running com.objwww.pr.control.alert.application.Am4ShadowTriggerTest
AM4_SHADOW_TASK=investigate-logs=EVIDENCE_PRODUCED
AM4_SHADOW_TASK=investigate-metrics=EVIDENCE_PRODUCED
AM4_SHADOW_TASK=investigate-change=EVIDENCE_PRODUCED
AM4_SHADOW_TASK=snapshot=f93a344a6b48b4fe5fd8e2734d5a146f46bd68cf8d77536ed0e2d8e2c03edd51
08:48:41.559 [main] INFO com.objwww.pr.control.alert.application.DeterministicSupervisor -- {"event":"am4_run_reporting","ts":"2026-09-09T00:48:41.559397648Z","run_id":"1f1fde8e-c7ea-4946-8aeb-021fcc2aa974"}
08:48:41.559 [main] INFO com.objwww.pr.control.alert.application.DeterministicSupervisor -- run 1f1fde8e-c7ea-4946-8aeb-021fcc2aa974 全任务终态 → REPORTING（报告链组装）
AM4_SHADOW_RUN_ID=1f1fde8e-c7ea-4946-8aeb-021fcc2aa974
[INFO] Tests run: 5, Failures: 0, Errors: 0, Skipped: 0, Time elapsed: 0.026 s -- in com.objwww.pr.control.alert.application.Am4ShadowTriggerTest
[INFO] Running com.objwww.pr.control.alert.application.RunQueryServiceTest
[INFO] Tests run: 4, Failures: 0, Errors: 0, Skipped: 0, Time elapsed: 0.009 s -- in com.objwww.pr.control.alert.application.RunQueryServiceTest
[INFO] Running com.objwww.pr.control.alert.application.RcaStateBackfillJobTest
08:48:41.585 [main] INFO com.objwww.pr.control.alert.application.RcaStateBackfillJob -- {"event":"rca_state_backfill_progress","ts":"2026-09-09T00:48:41.584908862Z","batches":1,"violations":0,"table":"rca_task","rows":2}
08:48:41.586 [main] INFO com.objwww.pr.control.alert.application.RcaStateBackfillJob -- {"event":"rca_state_backfill_progress","ts":"2026-09-09T00:48:41.586017990Z","batches":2,"violations":0,"table":"rca_task","rows":4}
08:48:41.586 [main] INFO com.objwww.pr.control.alert.application.RcaStateBackfillJob -- {"event":"rca_state_backfill_progress","ts":"2026-09-09T00:48:41.586154507Z","batches":3,"violations":0,"table":"rca_task","rows":5}
08:48:41.586 [main] INFO com.objwww.pr.control.alert.application.RcaStateBackfillJob -- {"event":"rca_state_backfill_progress","ts":"2026-09-09T00:48:41.586528592Z","batches":1,"violations":0,"table":"rca_run","rows":2}
08:48:41.586 [main] INFO com.objwww.pr.control.alert.application.RcaStateBackfillJob -- {"event":"rca_state_backfill_progress","ts":"2026-09-09T00:48:41.586635293Z","batches":2,"violations":0,"table":"rca_run","rows":3}
08:48:41.587 [main] INFO com.objwww.pr.control.alert.application.RcaStateBackfillJob -- {"event":"rca_state_backfill_reconciled","ts":"2026-09-09T00:48:41.587007033Z","digest":"4ca1357fd4b199d31c370842c907357ab131a659696953f6c76f10069f374c5d","batches":5,"run_rows":3,"violations":0,"task_rows":5}
08:48:41.587 [main] INFO com.objwww.pr.control.alert.application.RcaStateBackfillJob -- {"event":"rca_state_backfill_progress","ts":"2026-09-09T00:48:41.587720868Z","batches":1,"violations":0,"table":"rca_task","rows":2}
08:48:41.587 [main] INFO com.objwww.pr.control.alert.application.RcaStateBackfillJob -- {"event":"rca_state_backfill_progress","ts":"2026-09-09T00:48:41.587882873Z","batches":2,"violations":0,"table":"rca_task","rows":4}
08:48:41.588 [main] INFO com.objwww.pr.control.alert.application.RcaStateBackfillJob -- {"event":"rca_state_backfill_progress","ts":"2026-09-09T00:48:41.587986188Z","batches":3,"violations":0,"table":"rca_task","rows":5}
08:48:41.588 [main] INFO com.objwww.pr.control.alert.application.RcaStateBackfillJob -- {"event":"rca_state_backfill_progress","ts":"2026-09-09T00:48:41.588112626Z","batches":1,"violations":0,"table":"rca_run","rows":2}
08:48:41.588 [main] INFO com.objwww.pr.control.alert.application.RcaStateBackfillJob -- {"event":"rca_state_backfill_progress","ts":"2026-09-09T00:48:41.588203357Z","batches":2,"violations":0,"table":"rca_run","rows":3}
08:48:41.588 [main] INFO com.objwww.pr.control.alert.application.RcaStateBackfillJob -- {"event":"rca_state_backfill_reconciled","ts":"2026-09-09T00:48:41.588313374Z","digest":"4ca1357fd4b199d31c370842c907357ab131a659696953f6c76f10069f374c5d","batches":5,"run_rows":3,"violations":0,"task_rows":5}
08:48:41.589 [main] INFO com.objwww.pr.control.alert.application.RcaStateBackfillJob -- {"event":"rca_state_backfill_progress","ts":"2026-09-09T00:48:41.589709664Z","batches":1,"violations":0,"table":"rca_task","rows":1}
08:48:41.590 [main] INFO com.objwww.pr.control.alert.application.RcaStateBackfillJob -- {"event":"rca_state_backfill_progress","ts":"2026-09-09T00:48:41.590765554Z","batches":1,"violations":0,"table":"rca_task","rows":1}
08:48:41.590 [main] INFO com.objwww.pr.control.alert.application.RcaStateBackfillJob -- {"event":"rca_state_backfill_progress","ts":"2026-09-09T00:48:41.590948398Z","batches":2,"violations":0,"table":"rca_task","rows":2}
08:48:41.591 [main] INFO com.objwww.pr.control.alert.application.RcaStateBackfillJob -- {"event":"rca_state_backfill_progress","ts":"2026-09-09T00:48:41.591040121Z","batches":3,"violations":0,"table":"rca_task","rows":3}
08:48:41.591 [main] INFO com.objwww.pr.control.alert.application.RcaStateBackfillJob -- {"event":"rca_state_backfill_progress","ts":"2026-09-09T00:48:41.591126383Z","batches":4,"violations":0,"table":"rca_task","rows":4}
08:48:41.591 [main] INFO com.objwww.pr.control.alert.application.RcaStateBackfillJob -- {"event":"rca_state_backfill_progress","ts":"2026-09-09T00:48:41.591191185Z","batches":5,"violations":0,"table":"rca_task","rows":5}
08:48:41.591 [main] INFO com.objwww.pr.control.alert.application.RcaStateBackfillJob -- {"event":"rca_state_backfill_progress","ts":"2026-09-09T00:48:41.591296774Z","batches":6,"violations":0,"table":"rca_task","rows":6}
08:48:41.591 [main] INFO com.objwww.pr.control.alert.application.RcaStateBackfillJob -- {"event":"rca_state_backfill_progress","ts":"2026-09-09T00:48:41.591403245Z","batches":7,"violations":0,"table":"rca_task","rows":7}
08:48:41.591 [main] INFO com.objwww.pr.control.alert.application.RcaStateBackfillJob -- {"event":"rca_state_backfill_progress","ts":"2026-09-09T00:48:41.591505267Z","batches":8,"violations":0,"table":"rca_task","rows":7}
08:48:41.591 [main] INFO com.objwww.pr.control.alert.application.RcaStateBackfillJob -- {"event":"rca_state_backfill_progress","ts":"2026-09-09T00:48:41.591601437Z","batches":1,"violations":0,"table":"rca_run","rows":1}
08:48:41.591 [main] INFO com.objwww.pr.control.alert.application.RcaStateBackfillJob -- {"event":"rca_state_backfill_progress","ts":"2026-09-09T00:48:41.591675467Z","batches":2,"violations":0,"table":"rca_run","rows":1}
08:48:41.591 [main] INFO com.objwww.pr.control.alert.application.RcaStateBackfillJob -- {"event":"rca_state_backfill_reconciled","ts":"2026-09-09T00:48:41.591823195Z","digest":"2fdb1966afacb8c902f0e49771770522ad967f6eda2dcf5d56fb99480f565edb","batches":10,"run_rows":1,"violations":0,"task_rows":7}
08:48:41.592 [main] INFO com.objwww.pr.control.alert.application.RcaStateBackfillJob -- {"event":"rca_state_backfill_progress","ts":"2026-09-09T00:48:41.591984539Z","batches":1,"violations":0,"table":"rca_task","rows":7}
08:48:41.592 [main] INFO com.objwww.pr.control.alert.application.RcaStateBackfillJob -- {"event":"rca_state_backfill_progress","ts":"2026-09-09T00:48:41.592080821Z","batches":1,"violations":0,"table":"rca_run","rows":1}
08:48:41.592 [main] INFO com.objwww.pr.control.alert.application.RcaStateBackfillJob -- {"event":"rca_state_backfill_reconciled","ts":"2026-09-09T00:48:41.592169147Z","digest":"2fdb1966afacb8c902f0e49771770522ad967f6eda2dcf5d56fb99480f565edb","batches":2,"run_rows":1,"violations":0,"task_rows":7}
08:48:41.592 [main] INFO com.objwww.pr.control.alert.application.RcaStateBackfillJob -- {"event":"rca_state_backfill_progress","ts":"2026-09-09T00:48:41.592906106Z","batches":1,"violations":1,"table":"rca_task","rows":2}
08:48:41.593 [main] INFO com.objwww.pr.control.alert.application.RcaStateBackfillJob -- {"event":"rca_state_backfill_progress","ts":"2026-09-09T00:48:41.593027625Z","batches":1,"violations":0,"table":"rca_run","rows":1}
08:48:41.593 [main] INFO com.objwww.pr.control.alert.application.RcaStateBackfillJob -- {"event":"rca_state_backfill_reconciled","ts":"2026-09-09T00:48:41.593155716Z","digest":"266d86814df7b18c146e096c5e63a7a2140e4c5217df8b306b76267cff8357de","batches":2,"run_rows":1,"violations":1,"task_rows":2}
[INFO] Tests run: 5, Failures: 0, Errors: 0, Skipped: 0, Time elapsed: 0.016 s -- in com.objwww.pr.control.alert.application.RcaStateBackfillJobTest
[INFO] Running com.objwww.pr.control.alert.application.NativeEngineWiringTest
08:48:41.599 [main] INFO com.objwww.pr.control.alert.application.IncidentProjector -- incident 9db2a1bf-d330-4b4e-a326-27f9df5b9c09 路由决策 BUCKETED_HOLMES 为 HOLMES 意愿：第二引擎已退场，决策照记不铸 run
08:48:41.602 [main] INFO com.objwww.pr.control.alert.application.RcaRunOrchestrator -- {"event":"rca_task_decision","ts":"2026-09-09T00:48:41.602203047Z","attempt_id":"bc8ab46d-0f6b-47f0-bd9e-22c921bd7d97","task_id":"74661095-daa6-4902-89fc-4c9ef2623cd7","run_id":"6b598d21-2438-4a6d-b7c6-9da2f05e64de","decision":"COMPLETED","latency_ms":0}
08:48:41.606 [main] INFO com.objwww.pr.control.alert.application.RcaRunOrchestrator -- {"event":"rca_task_decision","ts":"2026-09-09T00:48:41.606128Z","attempt_id":"d7208d92-0325-434b-8bf4-b16a3a9069c5","task_id":"45a8cb59-c35b-4332-a11e-8ce14841e85f","run_id":"0475e5d4-4aa6-4da8-a807-812d5ddfa711","decision":"COMPLETED","latency_ms":0}
08:48:41.606 [main] INFO com.objwww.pr.control.alert.application.RcaRunOrchestrator -- incident c594d565-720e-4d5e-b14f-a99abf34f164 材料变化，铸 RERUN run
08:48:41.609 [main] INFO com.objwww.pr.control.alert.application.RcaRunOrchestrator -- {"event":"rca_task_decision","ts":"2026-09-09T00:48:41.609525780Z","attempt_id":"4585f085-f712-4dce-a930-ff060769d902","task_id":"28563036-0020-4c08-856e-10152b3fb025","run_id":"7333cad0-cf90-4bf7-a98d-dca9b966c6cd","decision":"DEAD","latency_ms":0}
08:48:41.611 [main] INFO com.objwww.pr.control.alert.application.RcaRunOrchestrator -- {"event":"rca_task_decision","ts":"2026-09-09T00:48:41.611343114Z","attempt_id":"81a5e070-d872-4350-8d99-598d00baf865","task_id":"5aeadfbd-6cc4-4b96-b63d-1e1d1f0e2f8e","run_id":"e61da612-550b-431f-8202-c3a914332938","decision":"COMPLETED","latency_ms":0}
08:48:41.612 [main] INFO com.objwww.pr.control.alert.application.RcaRunOrchestrator -- {"event":"rca_task_decision","ts":"2026-09-09T00:48:41.612770593Z","attempt_id":"e0afda51-03e0-4e81-a66d-9e481f20e170","task_id":"8dae95fc-ee59-400a-a4dc-51d4fa7b4491","run_id":"49257fb2-9ebc-448c-ba61-66daab81168d","decision":"DEAD","latency_ms":0}
08:48:41.614 [main] INFO com.objwww.pr.control.alert.application.RcaRunOrchestrator -- {"event":"rca_task_decision","ts":"2026-09-09T00:48:41.614141295Z","attempt_id":"d8375e92-b62f-4919-924c-bf3d520d19b8","task_id":"cd67274c-a3d4-46f5-a584-591621e59c7a","run_id":"fc6c5615-4b03-43fa-a182-52d69349d8f2","decision":"DEAD","latency_ms":0}
[INFO] Tests run: 9, Failures: 0, Errors: 0, Skipped: 0, Time elapsed: 0.021 s -- in com.objwww.pr.control.alert.application.NativeEngineWiringTest
[INFO] Running com.objwww.pr.control.alert.application.FallbackServiceTest
08:48:41.623 [main] INFO com.objwww.pr.control.alert.application.FallbackService -- {"event":"rca_fallback_decision","ts":"2026-09-09T00:48:41.623230124Z","incident_id":"06dd2c6a-9c3a-4ef2-bb25-62a67340f467","source_run_id":"ff488ea9-3f52-445a-b04a-3180a4f4f8d6","outcome":"DISABLED","error_class":"TIMEOUT"}
08:48:41.625 [main] WARN com.objwww.pr.control.alert.application.FallbackService -- NATIVE run 9cb9cce4-b167-496b-8410-34a328fd0a27 失败（PROPOSAL_MISSING）→ 恰一次铸 HOLMES fallback run 722118c1-40b8-406d-8dfd-e2fef12687ac
08:48:41.625 [main] INFO com.objwww.pr.control.alert.application.FallbackService -- {"event":"rca_fallback_decision","ts":"2026-09-09T00:48:41.625340860Z","incident_id":"7b443df9-fa06-419a-a499-c9fd88f9ae03","source_run_id":"9cb9cce4-b167-496b-8410-34a328fd0a27","outcome":"CAST","error_class":"PROPOSAL_MISSING"}
08:48:41.626 [main] INFO com.objwww.pr.control.alert.application.FallbackService -- {"event":"rca_fallback_decision","ts":"2026-09-09T00:48:41.626569384Z","incident_id":"4b10e0cd-22bc-4b2f-bae0-f7dadbfae7f0","source_run_id":"d9265b5a-2152-4e90-a51b-57727a3dd2be","outcome":"INELIGIBLE_ERROR_CLASS","error_class":"ADAPTER_PACKAGE_REJECTED"}
08:48:41.626 [main] INFO com.objwww.pr.control.alert.application.FallbackService -- {"event":"rca_fallback_decision","ts":"2026-09-09T00:48:41.626794418Z","incident_id":"36c3ffea-c9fc-4d0a-bccb-1c40ebc8fbbb","source_run_id":"3732fccf-4a77-4af3-be6e-f7f63abed493","outcome":"INELIGIBLE_ERROR_CLASS","error_class":"PLAN_REJECTED"}
08:48:41.627 [main] INFO com.objwww.pr.control.alert.application.FallbackService -- {"event":"rca_fallback_decision","ts":"2026-09-09T00:48:41.626952946Z","incident_id":"04333496-4c79-4fbb-b732-5a69b87569c5","source_run_id":"c670e848-2e8b-4953-85e8-6d052d209819","outcome":"INELIGIBLE_ERROR_CLASS","error_class":"SOME_FUTURE_CLASS"}
08:48:41.627 [main] WARN com.objwww.pr.control.alert.application.FallbackService -- NATIVE run 21a59ee9-75f2-410e-aedc-ccee3dd83284 失败（TIMEOUT）→ 恰一次铸 HOLMES fallback run 6d5f027b-f845-42d3-9a19-cf81870478f8
08:48:41.627 [main] INFO com.objwww.pr.control.alert.application.FallbackService -- {"event":"rca_fallback_decision","ts":"2026-09-09T00:48:41.627698551Z","incident_id":"34b2d19a-a388-46db-9105-745265ee6f43","source_run_id":"21a59ee9-75f2-410e-aedc-ccee3dd83284","outcome":"CAST","error_class":"TIMEOUT"}
08:48:41.627 [main] INFO com.objwww.pr.control.alert.application.FallbackService -- {"event":"rca_fallback_decision","ts":"2026-09-09T00:48:41.627896324Z","incident_id":"b938bab8-9331-48ef-8652-1c5946ef412e","source_run_id":"fc38d6af-286e-4393-aba5-fc12300b0e83","outcome":"BUDGET_EXHAUSTED","error_class":"TIMEOUT"}
08:48:41.628 [main] WARN com.objwww.pr.control.alert.application.FallbackService -- NATIVE run b52c419d-7bda-4de1-8fbe-fdd78967a6bd 失败（TIMEOUT）→ 恰一次铸 HOLMES fallback run 07e74f65-c65f-4cce-9bc6-bda628f5f409
08:48:41.628 [main] INFO com.objwww.pr.control.alert.application.FallbackService -- {"event":"rca_fallback_decision","ts":"2026-09-09T00:48:41.628223600Z","incident_id":"92d81ba3-f5a4-4a32-89dc-a4a1f1b8fa5e","source_run_id":"b52c419d-7bda-4de1-8fbe-fdd78967a6bd","outcome":"CAST","error_class":"TIMEOUT"}
08:48:41.628 [main] WARN com.objwww.pr.control.alert.application.FallbackService -- NATIVE run c2c89593-b0e6-4654-a1bc-208f9639ed97 失败（EXECUTOR_ERROR）→ 恰一次铸 HOLMES fallback run 9bd9a93b-4a84-4634-9a8a-a8fb862221b6
08:48:41.629 [main] INFO com.objwww.pr.control.alert.application.FallbackService -- {"event":"rca_fallback_decision","ts":"2026-09-09T00:48:41.629040920Z","incident_id":"d347e8c7-7786-47dd-b15a-62418d5887e0","source_run_id":"c2c89593-b0e6-4654-a1bc-208f9639ed97","outcome":"CAST","error_class":"EXECUTOR_ERROR"}
08:48:41.629 [main] INFO com.objwww.pr.control.alert.application.FallbackService -- {"event":"rca_fallback_decision","ts":"2026-09-09T00:48:41.629481700Z","incident_id":"d347e8c7-7786-47dd-b15a-62418d5887e0","source_run_id":"9bd9a93b-4a84-4634-9a8a-a8fb862221b6","outcome":"INELIGIBLE_ENGINE","error_class":"EXECUTOR_ERROR"}
08:48:41.630 [main] WARN com.objwww.pr.control.alert.application.FallbackService -- NATIVE run 89b85517-d2e1-4a22-bc08-c2c2ca2d9fdf 失败（TIMEOUT）→ 恰一次铸 HOLMES fallback run 4a099519-01e0-41a1-bf9f-46edcd14e951
08:48:41.630 [main] INFO com.objwww.pr.control.alert.application.FallbackService -- {"event":"rca_fallback_decision","ts":"2026-09-09T00:48:41.630332553Z","incident_id":"c4b4ded3-efd0-4bc5-b3ef-51801cc8359c","source_run_id":"89b85517-d2e1-4a22-bc08-c2c2ca2d9fdf","outcome":"CAST","error_class":"TIMEOUT"}
08:48:41.630 [main] INFO com.objwww.pr.control.alert.application.FallbackService -- {"event":"rca_fallback_decision","ts":"2026-09-09T00:48:41.630454472Z","incident_id":"c4b4ded3-efd0-4bc5-b3ef-51801cc8359c","source_run_id":"89b85517-d2e1-4a22-bc08-c2c2ca2d9fdf","outcome":"ALREADY_CAST","error_class":"TIMEOUT"}
08:48:41.631 [main] INFO com.objwww.pr.control.alert.application.FallbackService -- {"event":"rca_fallback_decision","ts":"2026-09-09T00:48:41.631064882Z","incident_id":"9e87673d-e71b-485e-a041-e0d6886aa4cc","source_run_id":"996c0a0b-eff2-4732-8102-0ff362b51cdd","outcome":"INCIDENT_BUSY","error_class":"TIMEOUT"}
[INFO] Tests run: 7, Failures: 0, Errors: 0, Skipped: 0, Time elapsed: 0.010 s -- in com.objwww.pr.control.alert.application.FallbackServiceTest
[INFO] Running com.objwww.pr.control.alert.application.PublicationWinnerGateTest
08:48:41.635 [main] INFO com.objwww.pr.control.alert.application.RcaRunOrchestrator -- {"event":"rca_task_decision","ts":"2026-09-09T00:48:41.635012338Z","attempt_id":"069d266b-55c0-405e-a7dc-342f42594483","task_id":"04e8ad98-10c5-424a-997e-65d1fba2b765","run_id":"718423ea-3789-45fa-9a49-70cf9eda97dd","decision":"COMPLETED","latency_ms":0}
08:48:41.636 [main] INFO com.objwww.pr.control.alert.application.RcaRunOrchestrator -- {"event":"report_publication_loser","ts":"2026-09-09T00:48:41.636027699Z","incident_id":"2bb922eb-74f9-40d3-85b3-14d6f3ba78a3","run_id":"67569d81-1eca-474f-8e77-81667dc9deab","report_id":"e3a55592-ba84-4283-8798-1fe4dc6d27be","generation":0}
08:48:41.636 [main] INFO com.objwww.pr.control.alert.application.RcaRunOrchestrator -- report e3a55592-ba84-4283-8798-1fe4dc6d27be 输给 generation 发布赢家（incident=2bb922eb-74f9-40d3-85b3-14d6f3ba78a3, gen=0），落档不发布
08:48:41.636 [main] INFO com.objwww.pr.control.alert.application.RcaRunOrchestrator -- {"event":"rca_task_decision","ts":"2026-09-09T00:48:41.636186980Z","attempt_id":"1316579d-c4ad-497a-8548-44845fbb4dc8","task_id":"7ed983fd-b5b1-4a81-84b1-87ff50742414","run_id":"67569d81-1eca-474f-8e77-81667dc9deab","decision":"COMPLETED","latency_ms":0}
[INFO] Tests run: 1, Failures: 0, Errors: 0, Skipped: 0, Time elapsed: 0.005 s -- in com.objwww.pr.control.alert.application.PublicationWinnerGateTest
[INFO] Running com.objwww.pr.control.alert.application.AlertInboxProcessorTest
08:48:41.641 [main] WARN com.objwww.pr.control.alert.application.AlertInboxProcessor -- alert_inbox 153255da-ff23-4db3-9ff6-e9f429f902e4 死信: payload_raw JSON 解析失败: Unexpected character ('n' (code 110)): was expecting double-quote to start field name
 at [Source: REDACTED (`StreamReadFeature.INCLUDE_SOURCE_IN_LOCATION` disabled); line: 1, column: 2]
08:48:41.669 [main] WARN com.objwww.pr.control.alert.application.AlertInboxProcessor -- alert_inbox bb12138b-7802-4c30-9848-d2edda3241cc 死信: 缺少 alertname 标签，无法铸造 incidentKey
[INFO] Tests run: 16, Failures: 0, Errors: 0, Skipped: 0, Time elapsed: 0.067 s -- in com.objwww.pr.control.alert.application.AlertInboxProcessorTest
[INFO] Running com.objwww.pr.control.alert.application.reconcile.ReconcileBudgetGateTest
[INFO] Tests run: 9, Failures: 0, Errors: 0, Skipped: 0, Time elapsed: 0.008 s -- in com.objwww.pr.control.alert.application.reconcile.ReconcileBudgetGateTest
[INFO] Running com.objwww.pr.control.alert.application.reconcile.IncidentSourceReconcilerTest
[INFO] Tests run: 6, Failures: 0, Errors: 0, Skipped: 0, Time elapsed: 0.003 s -- in com.objwww.pr.control.alert.application.reconcile.IncidentSourceReconcilerTest
[INFO] Running com.objwww.pr.control.alert.application.DeterministicSupervisorTest
08:48:41.723 [main] INFO com.objwww.pr.control.alert.application.DeterministicSupervisor -- {"event":"am4_run_reporting","ts":"2026-09-09T00:48:41.723195911Z","run_id":"f91d988b-a92e-4fc4-94c7-ae3e16f35c5d"}
08:48:41.723 [main] INFO com.objwww.pr.control.alert.application.DeterministicSupervisor -- run f91d988b-a92e-4fc4-94c7-ae3e16f35c5d 全任务终态 → REPORTING（报告链组装）
08:48:41.731 [main] INFO com.objwww.pr.control.alert.application.DeterministicSupervisor -- {"event":"am4_run_reporting","ts":"2026-09-09T00:48:41.731601614Z","run_id":"bdd479a9-21a1-43a6-acc5-2d005738a860"}
08:48:41.731 [main] INFO com.objwww.pr.control.alert.application.DeterministicSupervisor -- run bdd479a9-21a1-43a6-acc5-2d005738a860 全任务终态 → REPORTING（报告链组装）
08:48:41.732 [main] INFO com.objwww.pr.control.alert.application.DeterministicSupervisor -- {"event":"am4_plan_rejected","ts":"2026-09-09T00:48:41.732469059Z","run_id":"32ea4484-6007-4cef-a387-87e39244add3","reason":"提案成环: a -> b -> a"}
08:48:41.732 [main] WARN com.objwww.pr.control.alert.application.DeterministicSupervisor -- run 32ea4484-6007-4cef-a387-87e39244add3 提案被确定性拒绝 → FAILED（提案成环: a -> b -> a）
08:48:41.737 [main] INFO com.objwww.pr.control.alert.application.DeterministicSupervisor -- {"event":"am4_run_reporting","ts":"2026-09-09T00:48:41.737542624Z","run_id":"571780f5-f6e0-4d5c-be1f-700f96d9944c"}
08:48:41.737 [main] INFO com.objwww.pr.control.alert.application.DeterministicSupervisor -- run 571780f5-f6e0-4d5c-be1f-700f96d9944c 全任务终态 → REPORTING（报告链组装）
[INFO] Tests run: 11, Failures: 0, Errors: 0, Skipped: 0, Time elapsed: 0.020 s -- in com.objwww.pr.control.alert.application.DeterministicSupervisorTest
[INFO] Running com.objwww.pr.control.alert.application.replay.SnapshotShadowRouterTest
[INFO] Tests run: 3, Failures: 0, Errors: 0, Skipped: 0, Time elapsed: 0.008 s -- in com.objwww.pr.control.alert.application.replay.SnapshotShadowRouterTest
[INFO] Running com.objwww.pr.control.alert.application.replay.AgentReplayRunnerTest
[INFO] Tests run: 4, Failures: 0, Errors: 0, Skipped: 0, Time elapsed: 0.009 s -- in com.objwww.pr.control.alert.application.replay.AgentReplayRunnerTest
[INFO] Running com.objwww.pr.control.alert.application.replay.ReadOnlyToolFaceTest
[INFO] Tests run: 3, Failures: 0, Errors: 0, Skipped: 0, Time elapsed: 0.012 s -- in com.objwww.pr.control.alert.application.replay.ReadOnlyToolFaceTest
[INFO] Running com.objwww.pr.control.alert.application.NativeReportAdapterTest
[INFO] Tests run: 3, Failures: 0, Errors: 0, Skipped: 0, Time elapsed: 0.004 s -- in com.objwww.pr.control.alert.application.NativeReportAdapterTest
[INFO] Running com.objwww.pr.control.alert.application.ReportCompletedNotifierTest
[INFO] Tests run: 6, Failures: 0, Errors: 0, Skipped: 0, Time elapsed: 0.006 s -- in com.objwww.pr.control.alert.application.ReportCompletedNotifierTest
[INFO] Running com.objwww.pr.control.alert.interfaces.RunCommandControllerTest
08:48:41.794 [main] INFO org.springframework.mock.web.MockServletContext -- Initializing Spring TestDispatcherServlet ''
08:48:41.795 [main] INFO org.springframework.test.web.servlet.TestDispatcherServlet -- Initializing Servlet ''
08:48:41.795 [main] INFO org.springframework.test.web.servlet.TestDispatcherServlet -- Completed initialization in 0 ms
08:48:41.806 [main] INFO org.springframework.mock.web.MockServletContext -- Initializing Spring TestDispatcherServlet ''
08:48:41.806 [main] INFO org.springframework.test.web.servlet.TestDispatcherServlet -- Initializing Servlet ''
08:48:41.806 [main] INFO org.springframework.test.web.servlet.TestDispatcherServlet -- Completed initialization in 0 ms
08:48:41.820 [main] INFO org.springframework.mock.web.MockServletContext -- Initializing Spring TestDispatcherServlet ''
08:48:41.820 [main] INFO org.springframework.test.web.servlet.TestDispatcherServlet -- Initializing Servlet ''
08:48:41.820 [main] INFO org.springframework.test.web.servlet.TestDispatcherServlet -- Completed initialization in 0 ms
08:48:41.829 [main] INFO org.springframework.mock.web.MockServletContext -- Initializing Spring TestDispatcherServlet ''
08:48:41.829 [main] INFO org.springframework.test.web.servlet.TestDispatcherServlet -- Initializing Servlet ''
08:48:41.829 [main] INFO org.springframework.test.web.servlet.TestDispatcherServlet -- Completed initialization in 0 ms
[INFO] Tests run: 4, Failures: 0, Errors: 0, Skipped: 0, Time elapsed: 0.057 s -- in com.objwww.pr.control.alert.interfaces.RunCommandControllerTest
[INFO] Running com.objwww.pr.control.alert.interfaces.AlertWebhookControllerTest
08:48:41.846 [main] INFO org.springframework.mock.web.MockServletContext -- Initializing Spring TestDispatcherServlet ''
08:48:41.846 [main] INFO org.springframework.test.web.servlet.TestDispatcherServlet -- Initializing Servlet ''
08:48:41.846 [main] INFO org.springframework.test.web.servlet.TestDispatcherServlet -- Completed initialization in 0 ms
08:48:41.854 [main] INFO org.springframework.mock.web.MockServletContext -- Initializing Spring TestDispatcherServlet ''
08:48:41.854 [main] INFO org.springframework.test.web.servlet.TestDispatcherServlet -- Initializing Servlet ''
08:48:41.854 [main] INFO org.springframework.test.web.servlet.TestDispatcherServlet -- Completed initialization in 0 ms
08:48:41.864 [main] INFO org.springframework.mock.web.MockServletContext -- Initializing Spring TestDispatcherServlet ''
08:48:41.865 [main] INFO org.springframework.test.web.servlet.TestDispatcherServlet -- Initializing Servlet ''
08:48:41.865 [main] INFO org.springframework.test.web.servlet.TestDispatcherServlet -- Completed initialization in 0 ms
08:48:41.875 [main] INFO org.springframework.mock.web.MockServletContext -- Initializing Spring TestDispatcherServlet ''
08:48:41.875 [main] INFO org.springframework.test.web.servlet.TestDispatcherServlet -- Initializing Servlet ''
08:48:41.875 [main] INFO org.springframework.test.web.servlet.TestDispatcherServlet -- Completed initialization in 0 ms
08:48:41.882 [main] INFO org.springframework.mock.web.MockServletContext -- Initializing Spring TestDispatcherServlet ''
08:48:41.882 [main] INFO org.springframework.test.web.servlet.TestDispatcherServlet -- Initializing Servlet ''
08:48:41.882 [main] INFO org.springframework.test.web.servlet.TestDispatcherServlet -- Completed initialization in 0 ms
08:48:41.885 [main] INFO org.springframework.mock.web.MockServletContext -- Initializing Spring TestDispatcherServlet ''
08:48:41.885 [main] INFO org.springframework.test.web.servlet.TestDispatcherServlet -- Initializing Servlet ''
08:48:41.885 [main] INFO org.springframework.test.web.servlet.TestDispatcherServlet -- Completed initialization in 0 ms
08:48:41.894 [main] INFO org.springframework.mock.web.MockServletContext -- Initializing Spring TestDispatcherServlet ''
08:48:41.894 [main] INFO org.springframework.test.web.servlet.TestDispatcherServlet -- Initializing Servlet ''
08:48:41.894 [main] INFO org.springframework.test.web.servlet.TestDispatcherServlet -- Completed initialization in 0 ms
08:48:41.902 [main] INFO org.springframework.mock.web.MockServletContext -- Initializing Spring TestDispatcherServlet ''
08:48:41.902 [main] INFO org.springframework.test.web.servlet.TestDispatcherServlet -- Initializing Servlet ''
08:48:41.902 [main] INFO org.springframework.test.web.servlet.TestDispatcherServlet -- Completed initialization in 0 ms
08:48:41.904 [main] INFO org.springframework.mock.web.MockServletContext -- Initializing Spring TestDispatcherServlet ''
08:48:41.905 [main] INFO org.springframework.test.web.servlet.TestDispatcherServlet -- Initializing Servlet ''
08:48:41.905 [main] INFO org.springframework.test.web.servlet.TestDispatcherServlet -- Completed initialization in 0 ms
08:48:41.910 [main] INFO org.springframework.mock.web.MockServletContext -- Initializing Spring TestDispatcherServlet ''
08:48:41.910 [main] INFO org.springframework.test.web.servlet.TestDispatcherServlet -- Initializing Servlet ''
08:48:41.910 [main] INFO org.springframework.test.web.servlet.TestDispatcherServlet -- Completed initialization in 0 ms
08:48:41.916 [main] INFO org.springframework.mock.web.MockServletContext -- Initializing Spring TestDispatcherServlet ''
08:48:41.916 [main] INFO org.springframework.test.web.servlet.TestDispatcherServlet -- Initializing Servlet ''
08:48:41.916 [main] INFO org.springframework.test.web.servlet.TestDispatcherServlet -- Completed initialization in 0 ms
08:48:41.923 [main] INFO org.springframework.mock.web.MockServletContext -- Initializing Spring TestDispatcherServlet ''
08:48:41.924 [main] INFO org.springframework.test.web.servlet.TestDispatcherServlet -- Initializing Servlet ''
08:48:41.924 [main] INFO org.springframework.test.web.servlet.TestDispatcherServlet -- Completed initialization in 0 ms
08:48:41.925 [main] INFO com.objwww.pr.control.alert.application.ControlAlertRouter -- {"event":"CONTROL_ALERT_REJECTED","ts":"2026-09-09T00:48:41.925860223Z","receiver":"control-app","gate":"identity"}
08:48:41.930 [main] INFO org.springframework.mock.web.MockServletContext -- Initializing Spring TestDispatcherServlet ''
08:48:41.930 [main] INFO org.springframework.test.web.servlet.TestDispatcherServlet -- Initializing Servlet ''
08:48:41.930 [main] INFO org.springframework.test.web.servlet.TestDispatcherServlet -- Completed initialization in 0 ms
08:48:41.937 [main] INFO org.springframework.mock.web.MockServletContext -- Initializing Spring TestDispatcherServlet ''
08:48:41.937 [main] INFO org.springframework.test.web.servlet.TestDispatcherServlet -- Initializing Servlet ''
08:48:41.938 [main] INFO org.springframework.test.web.servlet.TestDispatcherServlet -- Completed initialization in 1 ms
08:48:41.939 [main] INFO com.objwww.pr.control.alert.application.ControlAlertRouter -- {"event":"CONTROL_ALERT_ONCALL","ts":"2026-09-09T00:48:41.939801763Z","inbox_id":"1a2c3f6f-e64b-4ab2-bdc0-6d80fed045ab","receiver":"rca-oncall","group_key":"g:RCA_SYSTEM:collector","alertnames":"RCA_SYSTEM_CollectorDown","scopes":"rca_system","alert_count":1}
08:48:41.944 [main] INFO org.springframework.mock.web.MockServletContext -- Initializing Spring TestDispatcherServlet ''
08:48:41.944 [main] INFO org.springframework.test.web.servlet.TestDispatcherServlet -- Initializing Servlet ''
08:48:41.944 [main] INFO org.springframework.test.web.servlet.TestDispatcherServlet -- Completed initialization in 0 ms
08:48:41.954 [main] INFO org.springframework.mock.web.MockServletContext -- Initializing Spring TestDispatcherServlet ''
08:48:41.954 [main] INFO org.springframework.test.web.servlet.TestDispatcherServlet -- Initializing Servlet ''
08:48:41.954 [main] INFO org.springframework.test.web.servlet.TestDispatcherServlet -- Completed initialization in 0 ms
08:48:41.957 [main] INFO org.springframework.mock.web.MockServletContext -- Initializing Spring TestDispatcherServlet ''
08:48:41.957 [main] INFO org.springframework.test.web.servlet.TestDispatcherServlet -- Initializing Servlet ''
08:48:41.957 [main] INFO org.springframework.test.web.servlet.TestDispatcherServlet -- Completed initialization in 0 ms
08:48:41.960 [main] WARN com.objwww.pr.control.alert.interfaces.AlertWebhookController -- 整组无法持久化，返回 503: db down
[INFO] Tests run: 13, Failures: 0, Errors: 0, Skipped: 0, Time elapsed: 0.121 s -- in com.objwww.pr.control.alert.interfaces.AlertWebhookControllerTest
[INFO] Running com.objwww.pr.control.alert.interfaces.EventQueryControllerTest
08:48:41.968 [main] INFO org.springframework.mock.web.MockServletContext -- Initializing Spring TestDispatcherServlet ''
08:48:41.969 [main] INFO org.springframework.test.web.servlet.TestDispatcherServlet -- Initializing Servlet ''
08:48:41.969 [main] INFO org.springframework.test.web.servlet.TestDispatcherServlet -- Completed initialization in 0 ms
08:48:41.984 [main] INFO org.springframework.mock.web.MockServletContext -- Initializing Spring TestDispatcherServlet ''
08:48:41.985 [main] INFO org.springframework.test.web.servlet.TestDispatcherServlet -- Initializing Servlet ''
08:48:41.985 [main] INFO org.springframework.test.web.servlet.TestDispatcherServlet -- Completed initialization in 0 ms
08:48:41.996 [main] INFO org.springframework.mock.web.MockServletContext -- Initializing Spring TestDispatcherServlet ''
08:48:41.996 [main] INFO org.springframework.test.web.servlet.TestDispatcherServlet -- Initializing Servlet ''
08:48:41.996 [main] INFO org.springframework.test.web.servlet.TestDispatcherServlet -- Completed initialization in 0 ms
08:48:42.010 [main] INFO org.springframework.mock.web.MockServletContext -- Initializing Spring TestDispatcherServlet ''
08:48:42.010 [main] INFO org.springframework.test.web.servlet.TestDispatcherServlet -- Initializing Servlet ''
08:48:42.010 [main] INFO org.springframework.test.web.servlet.TestDispatcherServlet -- Completed initialization in 0 ms
08:48:42.026 [main] INFO org.springframework.mock.web.MockServletContext -- Initializing Spring TestDispatcherServlet ''
08:48:42.026 [main] INFO org.springframework.test.web.servlet.TestDispatcherServlet -- Initializing Servlet ''
08:48:42.026 [main] INFO org.springframework.test.web.servlet.TestDispatcherServlet -- Completed initialization in 0 ms
08:48:42.049 [main] INFO org.springframework.mock.web.MockServletContext -- Initializing Spring TestDispatcherServlet ''
08:48:42.049 [main] INFO org.springframework.test.web.servlet.TestDispatcherServlet -- Initializing Servlet ''
08:48:42.050 [main] INFO org.springframework.test.web.servlet.TestDispatcherServlet -- Completed initialization in 1 ms
[INFO] Tests run: 6, Failures: 0, Errors: 0, Skipped: 0, Time elapsed: 0.090 s -- in com.objwww.pr.control.alert.interfaces.EventQueryControllerTest
[INFO] Running com.objwww.pr.control.alert.support.AlertInMemoryStoresTest
[INFO] Tests run: 6, Failures: 0, Errors: 0, Skipped: 0, Time elapsed: 0.004 s -- in com.objwww.pr.control.alert.support.AlertInMemoryStoresTest
[INFO] Running com.objwww.pr.control.application.ModelGatewayTest
08:48:42.062 [main] WARN com.objwww.pr.control.application.ModelGateway -- 账本 STARTED 写失败，零触网（D5）: RuntimeException
08:48:42.075 [main] WARN com.objwww.pr.control.application.ModelGateway -- 账本终态写失败（SUCCEEDED），转 UNKNOWN 语义: RuntimeException
[INFO] Tests run: 10, Failures: 0, Errors: 0, Skipped: 0, Time elapsed: 0.020 s -- in com.objwww.pr.control.application.ModelGatewayTest
[INFO] Running com.objwww.pr.control.ControlContextSmokeTest
08:48:42.100 [main] INFO org.springframework.test.context.support.AnnotationConfigContextLoaderUtils -- Could not detect default configuration classes for test class [com.objwww.pr.control.ControlContextSmokeTest]: ControlContextSmokeTest does not declare any static, non-private, non-final, nested classes annotated with @Configuration.
08:48:42.190 [main] INFO org.springframework.boot.test.context.SpringBootTestContextBootstrapper -- Found @SpringBootConfiguration com.objwww.pr.control.ControlApplication for test class com.objwww.pr.control.ControlContextSmokeTest

  .   ____          _            __ _ _
 /\\ / ___'_ __ _ _(_)_ __  __ _ \ \ \ \
( ( )\___ | '_ | '_| | '_ \/ _` | \ \ \ \
 \\/  ___)| |_)| | | | | || (_| |  ) ) ) )
  '  |____| .__|_| |_|_| |_\__, | / / / /
 =========|_|==============|___/=/_/_/_/

 :: Spring Boot ::                (v3.4.5)

2026-09-09T08:48:42.470+08:00  INFO 31225 --- [control-app] [           main] [                                                 ] c.o.pr.control.ControlContextSmokeTest   : Starting ControlContextSmokeTest using Java 21.0.12.1 with PID 31225 (started by root in /opt/build/pr/control-app)
2026-09-09T08:48:42.472+08:00  INFO 31225 --- [control-app] [           main] [                                                 ] c.o.pr.control.ControlContextSmokeTest   : No active profile set, falling back to 1 default profile: "default"
2026-09-09T08:48:44.106+08:00  INFO 31225 --- [control-app] [           main] [                                                 ] o.s.b.a.e.web.EndpointLinksResolver      : Exposing 3 endpoints beneath base path '/actuator'
2026-09-09T08:48:44.191+08:00  INFO 31225 --- [control-app] [           main] [                                                 ] c.o.pr.control.ControlContextSmokeTest   : Started ControlContextSmokeTest in 1.932 seconds (process running for 12.535)
Mockito is currently self-attaching to enable the inline-mock-maker. This will no longer work in future releases of the JDK. Please add Mockito as an agent to your build what is described in Mockito's documentation: https://javadoc.io/doc/org.mockito/mockito-core/latest/org/mockito/Mockito.html#0.3
OpenJDK 64-Bit Server VM warning: Sharing is only supported for boot loader classes because bootstrap classpath has been appended
WARNING: A Java agent has been loaded dynamically (/root/.m2/repository/net/bytebuddy/byte-buddy-agent/1.15.11/byte-buddy-agent-1.15.11.jar)
WARNING: If a serviceability tool is in use, please run with -XX:+EnableDynamicAgentLoading to hide this warning
WARNING: If a serviceability tool is not in use, please run with -Djdk.instrument.traceUsage for more information
WARNING: Dynamic loading of agents will be disallowed by default in a future release
[INFO] Tests run: 1, Failures: 0, Errors: 0, Skipped: 0, Time elapsed: 2.837 s -- in com.objwww.pr.control.ControlContextSmokeTest
[INFO] Running com.objwww.pr.control.ops.domain.statemachine.OperatorCaseStateMachineTest
[INFO] Tests run: 4, Failures: 0, Errors: 0, Skipped: 0, Time elapsed: 0.013 s -- in com.objwww.pr.control.ops.domain.statemachine.OperatorCaseStateMachineTest
[INFO] Running com.objwww.pr.control.ops.domain.model.RetentionPolicyTest
[INFO] Tests run: 5, Failures: 0, Errors: 0, Skipped: 0, Time elapsed: 0.008 s -- in com.objwww.pr.control.ops.domain.model.RetentionPolicyTest
[INFO] Running com.objwww.pr.control.ops.application.ArchiveServiceTest
2026-09-09T08:48:44.948+08:00  INFO 31225 --- [control-app] [           main] [                                                 ] c.o.p.c.ops.application.ArchiveService   : CONTROL_ARCHIVE_REJECTED table=rca_event partition=rca_event_2026_07 gate=verify_failed
2026-09-09T08:48:44.951+08:00  INFO 31225 --- [control-app] [           main] [                                                 ] c.o.p.c.ops.application.ArchiveService   : CONTROL_ARCHIVE_REJECTED table=rca_event partition=rca_event_2026_07 gate=legal_hold
2026-09-09T08:48:44.951+08:00  INFO 31225 --- [control-app] [           main] [                                                 ] c.o.p.c.ops.application.ArchiveService   : CONTROL_ARCHIVE_REJECTED table=rca_event partition=rca_event_2026_07 gate=export_failed
[INFO] Tests run: 7, Failures: 0, Errors: 0, Skipped: 0, Time elapsed: 0.007 s -- in com.objwww.pr.control.ops.application.ArchiveServiceTest
[INFO] Running com.objwww.pr.control.ops.application.RetentionServiceTest
[INFO] Tests run: 8, Failures: 0, Errors: 0, Skipped: 0, Time elapsed: 0.012 s -- in com.objwww.pr.control.ops.application.RetentionServiceTest
[INFO] Running com.objwww.pr.control.ops.application.OperatorCaseServiceTest
2026-09-09T08:48:44.970+08:00  INFO 31225 --- [control-app] [           main] [                                                 ] c.o.p.c.o.a.OperatorCaseService          : {"event":"operator_case_transition","ts":"2026-09-09T00:48:44.968725680Z","revision":1,"to":"OPEN","rule":"T00_CREATE","caseId":"c987578e-3bdf-4dd7-87bd-c366cbbb2360"}
2026-09-09T08:48:44.973+08:00  INFO 31225 --- [control-app] [           main] [                                                 ] c.o.p.c.o.a.OperatorCaseService          : {"event":"operator_case_transition","ts":"2026-09-09T00:48:44.972877330Z","revision":2,"to":"ACKED","rule":"T10_CLAIM","caseId":"c987578e-3bdf-4dd7-87bd-c366cbbb2360"}
2026-09-09T08:48:44.973+08:00  INFO 31225 --- [control-app] [           main] [                                                 ] c.o.p.c.o.a.OperatorCaseService          : {"event":"operator_case_transition","ts":"2026-09-09T00:48:44.973891590Z","revision":3,"to":"RESOLVED","rule":"T31_RESOLVE","caseId":"c987578e-3bdf-4dd7-87bd-c366cbbb2360"}
2026-09-09T08:48:44.975+08:00  INFO 31225 --- [control-app] [           main] [                                                 ] c.o.p.c.o.a.OperatorCaseService          : {"event":"operator_case_transition","ts":"2026-09-09T00:48:44.975123912Z","revision":1,"to":"OPEN","rule":"T00_CREATE","caseId":"4ed00fb1-1506-48d7-945e-12705cded11e"}
2026-09-09T08:48:44.975+08:00  INFO 31225 --- [control-app] [           main] [                                                 ] c.o.p.c.o.a.OperatorCaseService          : {"event":"operator_case_transition","ts":"2026-09-09T00:48:44.975599758Z","revision":2,"to":"OPEN","rule":"T50_MERGE","caseId":"4ed00fb1-1506-48d7-945e-12705cded11e"}
2026-09-09T08:48:44.980+08:00  INFO 31225 --- [control-app] [           main] [                                                 ] c.o.p.c.o.a.OperatorCaseService          : {"event":"operator_case_transition","ts":"2026-09-09T00:48:44.980157513Z","revision":1,"to":"OPEN","rule":"T00_CREATE","caseId":"fc0be579-bfa0-4d34-ac3f-8618c2d3897b"}
2026-09-09T08:48:44.981+08:00  INFO 31225 --- [control-app] [           main] [                                                 ] c.o.p.c.o.a.OperatorCaseService          : {"event":"operator_case_transition","ts":"2026-09-09T00:48:44.981183545Z","revision":2,"to":"OPEN","rule":"T40_ASSIGN","caseId":"fc0be579-bfa0-4d34-ac3f-8618c2d3897b"}
2026-09-09T08:48:44.982+08:00  INFO 31225 --- [control-app] [           main] [                                                 ] c.o.p.c.o.a.OperatorCaseService          : {"event":"operator_case_transition","ts":"2026-09-09T00:48:44.982085996Z","revision":1,"to":"OPEN","rule":"T00_CREATE","caseId":"e7315e2c-4e58-4249-a8a4-45d18047013c"}
2026-09-09T08:48:44.982+08:00  INFO 31225 --- [control-app] [           main] [                                                 ] c.o.p.c.o.a.OperatorCaseService          : {"event":"operator_case_transition","ts":"2026-09-09T00:48:44.982305399Z","revision":2,"to":"ACKED","rule":"T10_CLAIM","caseId":"e7315e2c-4e58-4249-a8a4-45d18047013c"}
2026-09-09T08:48:44.982+08:00  INFO 31225 --- [control-app] [           main] [                                                 ] c.o.p.c.o.a.OperatorCaseService          : {"event":"operator_case_transition","ts":"2026-09-09T00:48:44.982931227Z","revision":1,"to":"OPEN","rule":"T00_CREATE","caseId":"c2701ae8-dbdc-45ad-9404-132cbc34711e"}
2026-09-09T08:48:44.983+08:00  INFO 31225 --- [control-app] [           main] [                                                 ] c.o.p.c.o.a.OperatorCaseService          : {"event":"operator_case_transition","ts":"2026-09-09T00:48:44.983127177Z","revision":2,"to":"RESOLVED","rule":"T30_RESOLVE","caseId":"c2701ae8-dbdc-45ad-9404-132cbc34711e"}
2026-09-09T08:48:44.988+08:00  INFO 31225 --- [control-app] [           main] [                                                 ] c.o.p.c.o.a.OperatorCaseService          : {"event":"operator_case_transition","ts":"2026-09-09T00:48:44.988056451Z","revision":1,"to":"OPEN","rule":"T00_CREATE","caseId":"9eb3c0a7-a8ea-42f8-9dcb-ff57071051e3"}
2026-09-09T08:48:44.988+08:00  INFO 31225 --- [control-app] [           main] [                                                 ] c.o.p.c.o.a.OperatorCaseService          : {"event":"operator_case_transition","ts":"2026-09-09T00:48:44.988472345Z","revision":2,"to":"OPEN","rule":"T60_ESCALATE","caseId":"9eb3c0a7-a8ea-42f8-9dcb-ff57071051e3"}
2026-09-09T08:48:44.989+08:00  INFO 31225 --- [control-app] [           main] [                                                 ] c.o.p.c.o.a.OperatorCaseService          : {"event":"operator_case_transition","ts":"2026-09-09T00:48:44.989111740Z","revision":1,"to":"OPEN","rule":"T00_CREATE","caseId":"c76458a0-ca39-4761-a927-705ce0b2fd70"}
2026-09-09T08:48:44.989+08:00  INFO 31225 --- [control-app] [           main] [                                                 ] c.o.p.c.o.a.OperatorCaseService          : {"event":"operator_case_transition","ts":"2026-09-09T00:48:44.989330Z","revision":2,"to":"ACKED","rule":"T10_CLAIM","caseId":"c76458a0-ca39-4761-a927-705ce0b2fd70"}
2026-09-09T08:48:44.989+08:00  INFO 31225 --- [control-app] [           main] [                                                 ] c.o.p.c.o.a.OperatorCaseService          : {"event":"operator_case_transition","ts":"2026-09-09T00:48:44.989512254Z","revision":3,"to":"RESOLVED","rule":"T31_RESOLVE","caseId":"c76458a0-ca39-4761-a927-705ce0b2fd70"}
2026-09-09T08:48:44.989+08:00  INFO 31225 --- [control-app] [           main] [                                                 ] c.o.p.c.o.a.OperatorCaseService          : {"event":"operator_case_transition","ts":"2026-09-09T00:48:44.989797952Z","revision":4,"to":"RESOLVED","rule":"T52_MERGE","caseId":"c76458a0-ca39-4761-a927-705ce0b2fd70"}
2026-09-09T08:48:44.990+08:00  INFO 31225 --- [control-app] [           main] [                                                 ] c.o.p.c.o.a.OperatorCaseService          : {"event":"operator_case_transition","ts":"2026-09-09T00:48:44.990396489Z","revision":1,"to":"OPEN","rule":"T00_CREATE","caseId":"38e95c4c-d804-411d-93be-cfc45ce622b1"}
2026-09-09T08:48:44.991+08:00  INFO 31225 --- [control-app] [           main] [                                                 ] c.o.p.c.o.a.OperatorCaseService          : {"event":"operator_case_transition","ts":"2026-09-09T00:48:44.991055471Z","revision":1,"to":"OPEN","rule":"T00_CREATE","caseId":"11f22e75-ecbc-462b-86c2-22ae6b6e0bb3"}
2026-09-09T08:48:44.991+08:00  INFO 31225 --- [control-app] [           main] [                                                 ] c.o.p.c.o.a.OperatorCaseService          : {"event":"operator_case_transition","ts":"2026-09-09T00:48:44.991266669Z","revision":2,"to":"ACKED","rule":"T10_CLAIM","caseId":"11f22e75-ecbc-462b-86c2-22ae6b6e0bb3"}
2026-09-09T08:48:44.992+08:00  INFO 31225 --- [control-app] [           main] [                                                 ] c.o.p.c.o.a.OperatorCaseService          : {"event":"operator_case_transition","ts":"2026-09-09T00:48:44.992194666Z","revision":1,"to":"OPEN","rule":"T00_CREATE","caseId":"2732abe4-d75b-4909-aadb-edc4ec407335"}
2026-09-09T08:48:44.992+08:00  INFO 31225 --- [control-app] [           main] [                                                 ] c.o.p.c.o.a.OperatorCaseService          : {"event":"operator_case_transition","ts":"2026-09-09T00:48:44.992443816Z","revision":2,"to":"ACKED","rule":"T10_CLAIM","caseId":"2732abe4-d75b-4909-aadb-edc4ec407335"}
2026-09-09T08:48:44.993+08:00  INFO 31225 --- [control-app] [           main] [                                                 ] c.o.p.c.o.a.OperatorCaseService          : {"event":"operator_case_transition","ts":"2026-09-09T00:48:44.993057532Z","revision":1,"to":"OPEN","rule":"T00_CREATE","caseId":"8fde0434-bf33-4bf4-ae9e-a33225098ccf"}
2026-09-09T08:48:44.993+08:00  INFO 31225 --- [control-app] [           main] [                                                 ] c.o.p.c.o.a.OperatorCaseService          : {"event":"operator_case_transition","ts":"2026-09-09T00:48:44.993325917Z","revision":2,"to":"OPEN","rule":"T50_MERGE","caseId":"8fde0434-bf33-4bf4-ae9e-a33225098ccf"}
2026-09-09T08:48:44.993+08:00  INFO 31225 --- [control-app] [           main] [                                                 ] c.o.p.c.o.a.OperatorCaseService          : {"event":"operator_case_transition","ts":"2026-09-09T00:48:44.993558786Z","revision":3,"to":"OPEN","rule":"T50_MERGE","caseId":"8fde0434-bf33-4bf4-ae9e-a33225098ccf"}
2026-09-09T08:48:44.995+08:00  INFO 31225 --- [control-app] [           main] [                                                 ] c.o.p.c.o.a.OperatorCaseService          : {"event":"operator_case_transition","ts":"2026-09-09T00:48:44.995099749Z","revision":1,"to":"OPEN","rule":"T00_CREATE","caseId":"aefb7fc9-e731-4348-843b-9e010603871a"}
2026-09-09T08:48:44.995+08:00  INFO 31225 --- [control-app] [           main] [                                                 ] c.o.p.c.o.a.OperatorCaseService          : {"event":"operator_case_transition","ts":"2026-09-09T00:48:44.995341855Z","revision":2,"to":"OPEN","rule":"T60_ESCALATE","caseId":"aefb7fc9-e731-4348-843b-9e010603871a"}
2026-09-09T08:48:44.996+08:00  INFO 31225 --- [control-app] [           main] [                                                 ] c.o.p.c.o.a.OperatorCaseService          : {"event":"operator_case_transition","ts":"2026-09-09T00:48:44.996425435Z","revision":1,"to":"OPEN","rule":"T00_CREATE","caseId":"0e660033-c4e1-4f17-a90a-f72fdd2611b2"}
2026-09-09T08:48:44.996+08:00  INFO 31225 --- [control-app] [           main] [                                                 ] c.o.p.c.o.a.OperatorCaseService          : {"event":"operator_case_transition","ts":"2026-09-09T00:48:44.996646111Z","revision":2,"to":"ACKED","rule":"T10_CLAIM","caseId":"0e660033-c4e1-4f17-a90a-f72fdd2611b2"}
2026-09-09T08:48:44.998+08:00  INFO 31225 --- [control-app] [           main] [                                                 ] c.o.p.c.o.a.OperatorCaseService          : {"event":"operator_case_transition","ts":"2026-09-09T00:48:44.998347546Z","revision":3,"to":"RESOLVED","rule":"T31_RESOLVE","caseId":"0e660033-c4e1-4f17-a90a-f72fdd2611b2"}
2026-09-09T08:48:44.999+08:00  INFO 31225 --- [control-app] [           main] [                                                 ] c.o.p.c.o.a.OperatorCaseService          : {"event":"operator_case_transition","ts":"2026-09-09T00:48:44.999240187Z","revision":1,"to":"OPEN","rule":"T00_CREATE","caseId":"d0b5390e-203c-4651-869c-71501b193f8c"}
2026-09-09T08:48:44.999+08:00  INFO 31225 --- [control-app] [           main] [                                                 ] c.o.p.c.o.a.OperatorCaseService          : {"event":"operator_case_transition","ts":"2026-09-09T00:48:44.999468257Z","revision":2,"to":"OPEN","rule":"T40_ASSIGN","caseId":"d0b5390e-203c-4651-869c-71501b193f8c"}
2026-09-09T08:48:45.005+08:00  INFO 31225 --- [control-app] [           main] [                                                 ] c.o.p.c.o.a.OperatorCaseService          : {"event":"operator_case_transition","ts":"2026-09-09T00:48:45.004858920Z","revision":1,"to":"OPEN","rule":"T00_CREATE","caseId":"24924427-c301-4060-881c-dc6f8a34b120"}
2026-09-09T08:48:45.005+08:00  INFO 31225 --- [control-app] [           main] [                                                 ] c.o.p.c.o.a.OperatorCaseService          : {"event":"operator_case_transition","ts":"2026-09-09T00:48:45.005307015Z","revision":2,"to":"ACKED","rule":"T10_CLAIM","caseId":"24924427-c301-4060-881c-dc6f8a34b120"}
[INFO] Tests run: 16, Failures: 0, Errors: 0, Skipped: 0, Time elapsed: 0.043 s -- in com.objwww.pr.control.ops.application.OperatorCaseServiceTest
[INFO] Running com.objwww.pr.control.ops.interfaces.OperatorApiControllerTest
2026-09-09T08:48:45.031+08:00  INFO 31225 --- [control-app] [           main] [                                                 ] o.s.mock.web.MockServletContext          : Initializing Spring TestDispatcherServlet ''
2026-09-09T08:48:45.031+08:00  INFO 31225 --- [control-app] [           main] [                                                 ] o.s.t.web.servlet.TestDispatcherServlet  : Initializing Servlet ''
2026-09-09T08:48:45.031+08:00  INFO 31225 --- [control-app] [           main] [                                                 ] o.s.t.web.servlet.TestDispatcherServlet  : Completed initialization in 0 ms
2026-09-09T08:48:45.043+08:00  INFO 31225 --- [control-app] [           main] [                                                 ] o.s.mock.web.MockServletContext          : Initializing Spring TestDispatcherServlet ''
2026-09-09T08:48:45.044+08:00  INFO 31225 --- [control-app] [           main] [                                                 ] o.s.t.web.servlet.TestDispatcherServlet  : Initializing Servlet ''
2026-09-09T08:48:45.044+08:00  INFO 31225 --- [control-app] [           main] [                                                 ] o.s.t.web.servlet.TestDispatcherServlet  : Completed initialization in 0 ms
2026-09-09T08:48:45.060+08:00  INFO 31225 --- [control-app] [           main] [                                                 ] o.s.mock.web.MockServletContext          : Initializing Spring TestDispatcherServlet ''
2026-09-09T08:48:45.060+08:00  INFO 31225 --- [control-app] [           main] [                                                 ] o.s.t.web.servlet.TestDispatcherServlet  : Initializing Servlet ''
2026-09-09T08:48:45.060+08:00  INFO 31225 --- [control-app] [           main] [                                                 ] o.s.t.web.servlet.TestDispatcherServlet  : Completed initialization in 0 ms
2026-09-09T08:48:45.060+08:00  INFO 31225 --- [control-app] [           main] [                                                 ] c.o.p.c.o.a.OperatorCaseService          : {"event":"operator_case_transition","ts":"2026-09-09T00:48:45.060881386Z","revision":1,"to":"OPEN","rule":"T00_CREATE","caseId":"fa213983-fa5a-4f00-89da-92204c731cc7"}
2026-09-09T08:48:45.061+08:00  INFO 31225 --- [control-app] [           main] [                                                 ] c.o.p.c.o.a.OperatorCaseService          : {"event":"operator_case_transition","ts":"2026-09-09T00:48:45.061218661Z","revision":1,"to":"OPEN","rule":"T00_CREATE","caseId":"a79db624-c1f1-4482-bc77-2e511c0e77ae"}
2026-09-09T08:48:45.061+08:00  INFO 31225 --- [control-app] [           main] [                                                 ] c.o.p.c.o.a.OperatorCaseService          : {"event":"operator_case_transition","ts":"2026-09-09T00:48:45.061427855Z","revision":2,"to":"ACKED","rule":"T10_CLAIM","caseId":"a79db624-c1f1-4482-bc77-2e511c0e77ae"}
2026-09-09T08:48:45.061+08:00  INFO 31225 --- [control-app] [           main] [                                                 ] c.o.p.c.o.a.OperatorCaseService          : {"event":"operator_case_transition","ts":"2026-09-09T00:48:45.061630537Z","revision":1,"to":"OPEN","rule":"T00_CREATE","caseId":"9378d9d3-308d-46c8-80f1-535a87cd8474"}
2026-09-09T08:48:45.061+08:00  INFO 31225 --- [control-app] [           main] [                                                 ] c.o.p.c.o.a.OperatorCaseService          : {"event":"operator_case_transition","ts":"2026-09-09T00:48:45.061852455Z","revision":1,"to":"OPEN","rule":"T00_CREATE","caseId":"b98fea06-8451-4d70-a9d9-d32e0519bf4f"}
2026-09-09T08:48:45.062+08:00  INFO 31225 --- [control-app] [           main] [                                                 ] c.o.p.c.o.a.OperatorCaseService          : {"event":"operator_case_transition","ts":"2026-09-09T00:48:45.062000795Z","revision":2,"to":"ACKED","rule":"T10_CLAIM","caseId":"b98fea06-8451-4d70-a9d9-d32e0519bf4f"}
2026-09-09T08:48:45.062+08:00  INFO 31225 --- [control-app] [           main] [                                                 ] c.o.p.c.o.a.OperatorCaseService          : {"event":"operator_case_transition","ts":"2026-09-09T00:48:45.062215188Z","revision":1,"to":"OPEN","rule":"T00_CREATE","caseId":"ad59d2a5-0bbb-4e78-95f4-3c763f5629ab"}
2026-09-09T08:48:45.062+08:00  INFO 31225 --- [control-app] [           main] [                                                 ] c.o.p.c.o.a.OperatorCaseService          : {"event":"operator_case_transition","ts":"2026-09-09T00:48:45.062391020Z","revision":2,"to":"RESOLVED","rule":"T30_RESOLVE","caseId":"ad59d2a5-0bbb-4e78-95f4-3c763f5629ab"}
2026-09-09T08:48:45.073+08:00  INFO 31225 --- [control-app] [           main] [                                                 ] o.s.mock.web.MockServletContext          : Initializing Spring TestDispatcherServlet ''
2026-09-09T08:48:45.073+08:00  INFO 31225 --- [control-app] [           main] [                                                 ] o.s.t.web.servlet.TestDispatcherServlet  : Initializing Servlet ''
2026-09-09T08:48:45.073+08:00  INFO 31225 --- [control-app] [           main] [                                                 ] o.s.t.web.servlet.TestDispatcherServlet  : Completed initialization in 0 ms
2026-09-09T08:48:45.074+08:00  INFO 31225 --- [control-app] [           main] [                                                 ] c.o.p.c.o.a.OperatorCaseService          : {"event":"operator_case_transition","ts":"2026-09-09T00:48:45.074092481Z","revision":1,"to":"OPEN","rule":"T00_CREATE","caseId":"6178fbdb-6b5c-4183-806b-d58cdcb1bb3a"}
2026-09-09T08:48:45.074+08:00  INFO 31225 --- [control-app] [           main] [                                                 ] c.o.p.c.o.a.OperatorCaseService          : {"event":"operator_case_transition","ts":"2026-09-09T00:48:45.074382276Z","revision":2,"to":"ACKED","rule":"T10_CLAIM","caseId":"6178fbdb-6b5c-4183-806b-d58cdcb1bb3a"}
2026-09-09T08:48:45.078+08:00  INFO 31225 --- [control-app] [           main] [                                                 ] c.o.p.c.o.i.OperatorApiController        : operator-case resolve: case=6178fbdb-6b5c-4183-806b-d58cdcb1bb3a idem-key=ui-5 operator=operator-a
2026-09-09T08:48:45.078+08:00  INFO 31225 --- [control-app] [           main] [                                                 ] c.o.p.c.o.a.OperatorCaseService          : {"event":"operator_case_transition","ts":"2026-09-09T00:48:45.078722742Z","revision":3,"to":"RESOLVED","rule":"T31_RESOLVE","caseId":"6178fbdb-6b5c-4183-806b-d58cdcb1bb3a"}
2026-09-09T08:48:45.085+08:00  INFO 31225 --- [control-app] [           main] [                                                 ] o.s.mock.web.MockServletContext          : Initializing Spring TestDispatcherServlet ''
2026-09-09T08:48:45.085+08:00  INFO 31225 --- [control-app] [           main] [                                                 ] o.s.t.web.servlet.TestDispatcherServlet  : Initializing Servlet ''
2026-09-09T08:48:45.086+08:00  INFO 31225 --- [control-app] [           main] [                                                 ] o.s.t.web.servlet.TestDispatcherServlet  : Completed initialization in 1 ms
2026-09-09T08:48:45.086+08:00  INFO 31225 --- [control-app] [           main] [                                                 ] c.o.p.c.o.a.OperatorCaseService          : {"event":"operator_case_transition","ts":"2026-09-09T00:48:45.086489291Z","revision":1,"to":"OPEN","rule":"T00_CREATE","caseId":"b2737f17-5b7d-4f48-9e5c-f29ec093d992"}
2026-09-09T08:48:45.089+08:00  INFO 31225 --- [control-app] [           main] [                                                 ] c.o.p.c.o.i.OperatorApiController        : operator-case assign: case=b2737f17-5b7d-4f48-9e5c-f29ec093d992 idem-key=ui-6 operator=dispatcher
2026-09-09T08:48:45.089+08:00  INFO 31225 --- [control-app] [           main] [                                                 ] c.o.p.c.o.a.OperatorCaseService          : {"event":"operator_case_transition","ts":"2026-09-09T00:48:45.089571506Z","revision":2,"to":"OPEN","rule":"T40_ASSIGN","caseId":"b2737f17-5b7d-4f48-9e5c-f29ec093d992"}
2026-09-09T08:48:45.091+08:00  INFO 31225 --- [control-app] [           main] [                                                 ] c.o.p.c.o.i.OperatorApiController        : operator-case assign: case=b2737f17-5b7d-4f48-9e5c-f29ec093d992 idem-key=ui-7 operator=dispatcher
2026-09-09T08:48:45.092+08:00  INFO 31225 --- [control-app] [           main] [                                                 ] c.o.p.c.o.a.OperatorCaseService          : {"event":"operator_case_transition","ts":"2026-09-09T00:48:45.092207782Z","revision":3,"to":"OPEN","rule":"T40_ASSIGN","caseId":"b2737f17-5b7d-4f48-9e5c-f29ec093d992"}
2026-09-09T08:48:45.097+08:00  INFO 31225 --- [control-app] [           main] [                                                 ] o.s.mock.web.MockServletContext          : Initializing Spring TestDispatcherServlet ''
2026-09-09T08:48:45.097+08:00  INFO 31225 --- [control-app] [           main] [                                                 ] o.s.t.web.servlet.TestDispatcherServlet  : Initializing Servlet ''
2026-09-09T08:48:45.097+08:00  INFO 31225 --- [control-app] [           main] [                                                 ] o.s.t.web.servlet.TestDispatcherServlet  : Completed initialization in 0 ms
2026-09-09T08:48:45.098+08:00  INFO 31225 --- [control-app] [           main] [                                                 ] c.o.p.c.o.a.OperatorCaseService          : {"event":"operator_case_transition","ts":"2026-09-09T00:48:45.098063663Z","revision":1,"to":"OPEN","rule":"T00_CREATE","caseId":"5875a1e2-100c-41d9-a1e3-1371f50e68c2"}
2026-09-09T08:48:45.098+08:00  INFO 31225 --- [control-app] [           main] [                                                 ] c.o.p.c.o.a.OperatorCaseService          : {"event":"operator_case_transition","ts":"2026-09-09T00:48:45.098285731Z","revision":2,"to":"ACKED","rule":"T10_CLAIM","caseId":"5875a1e2-100c-41d9-a1e3-1371f50e68c2"}
2026-09-09T08:48:45.107+08:00  INFO 31225 --- [control-app] [           main] [                                                 ] o.s.mock.web.MockServletContext          : Initializing Spring TestDispatcherServlet ''
2026-09-09T08:48:45.107+08:00  INFO 31225 --- [control-app] [           main] [                                                 ] o.s.t.web.servlet.TestDispatcherServlet  : Initializing Servlet ''
2026-09-09T08:48:45.107+08:00  INFO 31225 --- [control-app] [           main] [                                                 ] o.s.t.web.servlet.TestDispatcherServlet  : Completed initialization in 0 ms
2026-09-09T08:48:45.108+08:00  INFO 31225 --- [control-app] [           main] [                                                 ] c.o.p.c.o.a.OperatorCaseService          : {"event":"operator_case_transition","ts":"2026-09-09T00:48:45.108058059Z","revision":1,"to":"OPEN","rule":"T00_CREATE","caseId":"3e85dddb-5af6-4539-a739-3afaf26bf9d7"}
2026-09-09T08:48:45.108+08:00  INFO 31225 --- [control-app] [           main] [                                                 ] c.o.p.c.o.a.OperatorCaseService          : {"event":"operator_case_transition","ts":"2026-09-09T00:48:45.108312007Z","revision":2,"to":"RESOLVED","rule":"T30_RESOLVE","caseId":"3e85dddb-5af6-4539-a739-3afaf26bf9d7"}
2026-09-09T08:48:45.110+08:00  INFO 31225 --- [control-app] [           main] [                                                 ] c.o.p.c.o.i.OperatorApiController        : operator-case claim: case=3e85dddb-5af6-4539-a739-3afaf26bf9d7 idem-key=ui-8 operator=sre-b
2026-09-09T08:48:45.112+08:00  INFO 31225 --- [control-app] [           main] [                                                 ] c.o.p.c.o.i.OperatorApiController        : operator-case claim: case=47b27fd6-361d-42f5-829a-7c41f86354a2 idem-key=ui-9 operator=operator
2026-09-09T08:48:45.116+08:00  INFO 31225 --- [control-app] [           main] [                                                 ] o.s.mock.web.MockServletContext          : Initializing Spring TestDispatcherServlet ''
2026-09-09T08:48:45.116+08:00  INFO 31225 --- [control-app] [           main] [                                                 ] o.s.t.web.servlet.TestDispatcherServlet  : Initializing Servlet ''
2026-09-09T08:48:45.116+08:00  INFO 31225 --- [control-app] [           main] [                                                 ] o.s.t.web.servlet.TestDispatcherServlet  : Completed initialization in 0 ms
2026-09-09T08:48:45.117+08:00  INFO 31225 --- [control-app] [           main] [                                                 ] c.o.p.c.o.a.OperatorCaseService          : {"event":"operator_case_transition","ts":"2026-09-09T00:48:45.117154432Z","revision":1,"to":"OPEN","rule":"T00_CREATE","caseId":"c26f17cc-7a12-4d8b-bc6f-ebfcd0eb24dd"}
2026-09-09T08:48:45.117+08:00  INFO 31225 --- [control-app] [           main] [                                                 ] c.o.p.c.o.a.OperatorCaseService          : {"event":"operator_case_transition","ts":"2026-09-09T00:48:45.117401367Z","revision":1,"to":"OPEN","rule":"T00_CREATE","caseId":"2230bbad-bf62-45af-9a78-2d4f2c10a8bc"}
2026-09-09T08:48:45.117+08:00  INFO 31225 --- [control-app] [           main] [                                                 ] c.o.p.c.o.a.OperatorCaseService          : {"event":"operator_case_transition","ts":"2026-09-09T00:48:45.117565527Z","revision":1,"to":"OPEN","rule":"T00_CREATE","caseId":"e96a78b6-dcac-4a29-a22a-6db5df339bbb"}
2026-09-09T08:48:45.127+08:00  INFO 31225 --- [control-app] [           main] [                                                 ] o.s.mock.web.MockServletContext          : Initializing Spring TestDispatcherServlet ''
2026-09-09T08:48:45.127+08:00  INFO 31225 --- [control-app] [           main] [                                                 ] o.s.t.web.servlet.TestDispatcherServlet  : Initializing Servlet ''
2026-09-09T08:48:45.127+08:00  INFO 31225 --- [control-app] [           main] [                                                 ] o.s.t.web.servlet.TestDispatcherServlet  : Completed initialization in 0 ms
2026-09-09T08:48:45.128+08:00  INFO 31225 --- [control-app] [           main] [                                                 ] c.o.p.c.o.a.OperatorCaseService          : {"event":"operator_case_transition","ts":"2026-09-09T00:48:45.127918378Z","revision":1,"to":"OPEN","rule":"T00_CREATE","caseId":"d8bb3623-47ea-4ae1-8e3e-880b26f4a7f3"}
2026-09-09T08:48:45.129+08:00  INFO 31225 --- [control-app] [           main] [                                                 ] c.o.p.c.o.i.OperatorApiController        : operator-case claim: case=d8bb3623-47ea-4ae1-8e3e-880b26f4a7f3 idem-key=ui-1 operator=sre-li
2026-09-09T08:48:45.129+08:00  INFO 31225 --- [control-app] [           main] [                                                 ] c.o.p.c.o.a.OperatorCaseService          : {"event":"operator_case_transition","ts":"2026-09-09T00:48:45.129855857Z","revision":2,"to":"ACKED","rule":"T10_CLAIM","caseId":"d8bb3623-47ea-4ae1-8e3e-880b26f4a7f3"}
2026-09-09T08:48:45.134+08:00  INFO 31225 --- [control-app] [           main] [                                                 ] o.s.mock.web.MockServletContext          : Initializing Spring TestDispatcherServlet ''
2026-09-09T08:48:45.135+08:00  INFO 31225 --- [control-app] [           main] [                                                 ] o.s.t.web.servlet.TestDispatcherServlet  : Initializing Servlet ''
2026-09-09T08:48:45.135+08:00  INFO 31225 --- [control-app] [           main] [                                                 ] o.s.t.web.servlet.TestDispatcherServlet  : Completed initialization in 0 ms
2026-09-09T08:48:45.135+08:00  INFO 31225 --- [control-app] [           main] [                                                 ] c.o.p.c.o.a.OperatorCaseService          : {"event":"operator_case_transition","ts":"2026-09-09T00:48:45.135580370Z","revision":1,"to":"OPEN","rule":"T00_CREATE","caseId":"c5ad2933-e804-46cb-9e23-bbb08b8b305e"}
2026-09-09T08:48:45.135+08:00  INFO 31225 --- [control-app] [           main] [                                                 ] c.o.p.c.o.a.OperatorCaseService          : {"event":"operator_case_transition","ts":"2026-09-09T00:48:45.135754467Z","revision":2,"to":"ACKED","rule":"T10_CLAIM","caseId":"c5ad2933-e804-46cb-9e23-bbb08b8b305e"}
2026-09-09T08:48:45.139+08:00  INFO 31225 --- [control-app] [           main] [                                                 ] c.o.p.c.o.i.OperatorApiController        : operator-case resolve: case=c5ad2933-e804-46cb-9e23-bbb08b8b305e idem-key=ui-4 operator=operator-a
2026-09-09T08:48:45.139+08:00  INFO 31225 --- [control-app] [           main] [                                                 ] c.o.p.c.o.a.OperatorCaseService          : {"event":"operator_case_transition","ts":"2026-09-09T00:48:45.139470928Z","revision":3,"to":"RESOLVED","rule":"T31_RESOLVE","caseId":"c5ad2933-e804-46cb-9e23-bbb08b8b305e"}
2026-09-09T08:48:45.144+08:00  INFO 31225 --- [control-app] [           main] [                                                 ] o.s.mock.web.MockServletContext          : Initializing Spring TestDispatcherServlet ''
2026-09-09T08:48:45.144+08:00  INFO 31225 --- [control-app] [           main] [                                                 ] o.s.t.web.servlet.TestDispatcherServlet  : Initializing Servlet ''
2026-09-09T08:48:45.144+08:00  INFO 31225 --- [control-app] [           main] [                                                 ] o.s.t.web.servlet.TestDispatcherServlet  : Completed initialization in 0 ms
2026-09-09T08:48:45.144+08:00  INFO 31225 --- [control-app] [           main] [                                                 ] c.o.p.c.o.a.OperatorCaseService          : {"event":"operator_case_transition","ts":"2026-09-09T00:48:45.144616991Z","revision":1,"to":"OPEN","rule":"T00_CREATE","caseId":"cfe7fa57-f57d-4719-b1ff-9f27e579041e"}
2026-09-09T08:48:45.144+08:00  INFO 31225 --- [control-app] [           main] [                                                 ] c.o.p.c.o.a.OperatorCaseService          : {"event":"operator_case_transition","ts":"2026-09-09T00:48:45.144777704Z","revision":2,"to":"OPEN","rule":"T40_ASSIGN","caseId":"cfe7fa57-f57d-4719-b1ff-9f27e579041e"}
2026-09-09T08:48:45.146+08:00  INFO 31225 --- [control-app] [           main] [                                                 ] c.o.p.c.o.i.OperatorApiController        : operator-case claim: case=cfe7fa57-f57d-4719-b1ff-9f27e579041e idem-key=ui-2 operator=sre-b
2026-09-09T08:48:45.151+08:00  INFO 31225 --- [control-app] [           main] [                                                 ] o.s.mock.web.MockServletContext          : Initializing Spring TestDispatcherServlet ''
2026-09-09T08:48:45.151+08:00  INFO 31225 --- [control-app] [           main] [                                                 ] o.s.t.web.servlet.TestDispatcherServlet  : Initializing Servlet ''
2026-09-09T08:48:45.152+08:00  INFO 31225 --- [control-app] [           main] [                                                 ] o.s.t.web.servlet.TestDispatcherServlet  : Completed initialization in 1 ms
2026-09-09T08:48:45.152+08:00  INFO 31225 --- [control-app] [           main] [                                                 ] c.o.p.c.o.a.OperatorCaseService          : {"event":"operator_case_transition","ts":"2026-09-09T00:48:45.152423876Z","revision":1,"to":"OPEN","rule":"T00_CREATE","caseId":"0d7966fe-1155-4d1a-80b2-f534b2069aab"}
2026-09-09T08:48:45.152+08:00  INFO 31225 --- [control-app] [           main] [                                                 ] c.o.p.c.o.a.OperatorCaseService          : {"event":"operator_case_transition","ts":"2026-09-09T00:48:45.152658458Z","revision":2,"to":"ACKED","rule":"T10_CLAIM","caseId":"0d7966fe-1155-4d1a-80b2-f534b2069aab"}
2026-09-09T08:48:45.152+08:00  INFO 31225 --- [control-app] [           main] [                                                 ] c.o.p.c.o.a.OperatorCaseService          : {"event":"operator_case_transition","ts":"2026-09-09T00:48:45.152830863Z","revision":1,"to":"OPEN","rule":"T00_CREATE","caseId":"df0ca1d6-be97-4d81-a47d-8212203f87b8"}
[INFO] Tests run: 12, Failures: 0, Errors: 0, Skipped: 0, Time elapsed: 0.150 s -- in com.objwww.pr.control.ops.interfaces.OperatorApiControllerTest
2026-09-09T08:48:45.162+08:00  INFO 31225 --- [control-app] [           main] [                                                 ] org.testcontainers.DockerClientFactory   : Testcontainers version: 1.20.4
2026-09-09T08:48:45.272+08:00  INFO 31225 --- [control-app] [           main] [                                                 ] o.t.d.DockerClientProviderStrategy       : Loaded org.testcontainers.dockerclient.UnixSocketClientProviderStrategy from ~/.testcontainers.properties, will try it first
2026-09-09T08:48:45.523+08:00  INFO 31225 --- [control-app] [           main] [                                                 ] o.t.d.DockerClientProviderStrategy       : Found Docker environment with local Unix socket (unix:///var/run/docker.sock)
2026-09-09T08:48:45.525+08:00  INFO 31225 --- [control-app] [           main] [                                                 ] org.testcontainers.DockerClientFactory   : Docker host IP address is localhost
2026-09-09T08:48:45.539+08:00  INFO 31225 --- [control-app] [           main] [                                                 ] org.testcontainers.DockerClientFactory   : Connected to docker: 
  Server Version: 26.1.4
  API Version: 1.45
  Operating System: CentOS Linux 7 (Core)
  Total Memory: 7725 MB
2026-09-09T08:48:45.550+08:00  INFO 31225 --- [control-app] [           main] [                                                 ] org.testcontainers.images.PullPolicy     : Image pull policy will be performed by: DefaultPullPolicy()
2026-09-09T08:48:45.553+08:00  INFO 31225 --- [control-app] [           main] [                                                 ] o.t.utility.ImageNameSubstitutor         : Image name substitution will be performed by: DefaultImageNameSubstitutor (composite of 'ConfigurationFileImageNameSubstitutor' and 'PrefixingImageNameSubstitutor')
2026-09-09T08:48:45.650+08:00  INFO 31225 --- [control-app] [           main] [                                                 ] tc.testcontainers/ryuk:0.11.0            : Creating container for image: testcontainers/ryuk:0.11.0
2026-09-09T08:48:45.654+08:00  INFO 31225 --- [control-app] [           main] [                                                 ] o.t.utility.RegistryAuthLocator          : Failure when attempting to lookup auth config. Please ignore if you don't have images in an authenticated registry. Details: (dockerImageName: testcontainers/ryuk:0.11.0, configFile: /root/.docker/config.json, configEnv: DOCKER_AUTH_CONFIG). Falling back to docker-java default behaviour. Exception message: Status 404: No config supplied. Checked in order: /root/.docker/config.json (file not found), DOCKER_AUTH_CONFIG (not set)
2026-09-09T08:48:45.773+08:00  INFO 31225 --- [control-app] [           main] [                                                 ] tc.testcontainers/ryuk:0.11.0            : Container testcontainers/ryuk:0.11.0 is starting: 7dea452ad96b2cb0c04b37cf8a497f6c4a6485bac07a681a9b79fb502ee32130
2026-09-09T08:48:46.082+08:00  INFO 31225 --- [control-app] [           main] [                                                 ] tc.testcontainers/ryuk:0.11.0            : Container testcontainers/ryuk:0.11.0 started in PT0.431757284S
2026-09-09T08:48:46.090+08:00  INFO 31225 --- [control-app] [           main] [                                                 ] o.t.utility.RyukResourceReaper           : Ryuk started - will monitor and terminate Testcontainers containers on JVM exit
2026-09-09T08:48:46.090+08:00  INFO 31225 --- [control-app] [           main] [                                                 ] org.testcontainers.DockerClientFactory   : Checking the system...
2026-09-09T08:48:46.091+08:00  INFO 31225 --- [control-app] [           main] [                                                 ] org.testcontainers.DockerClientFactory   : ✔︎ Docker server version should be at least 1.6.0
[INFO] Running com.objwww.pr.control.it.PostgresDatasetPartitionAccessTest
2026-09-09T08:48:46.101+08:00  INFO 31225 --- [control-app] [           main] [                                                 ] tc.postgres:16-alpine                    : Creating container for image: postgres:16-alpine
2026-09-09T08:48:46.154+08:00  INFO 31225 --- [control-app] [           main] [                                                 ] tc.postgres:16-alpine                    : Container postgres:16-alpine is starting: 2d3bef289373d4e06f50ea7cac6939e85e2eeb687e41b40861f5ab7b923e5825
2026-09-09T08:48:47.378+08:00  INFO 31225 --- [control-app] [           main] [                                                 ] tc.postgres:16-alpine                    : Container postgres:16-alpine started in PT1.277284583S
2026-09-09T08:48:47.379+08:00  INFO 31225 --- [control-app] [           main] [                                                 ] tc.postgres:16-alpine                    : Container is started (JDBC URL: jdbc:postgresql://localhost:33308/test?loggerLevel=OFF)
2026-09-09T08:48:47.383+08:00  INFO 31225 --- [control-app] [           main] [                                                 ] com.zaxxer.hikari.HikariDataSource       : HikariPool-1 - Starting...
2026-09-09T08:48:47.495+08:00  INFO 31225 --- [control-app] [           main] [                                                 ] com.zaxxer.hikari.pool.HikariPool        : HikariPool-1 - Added connection org.postgresql.jdbc.PgConnection@1868b7fa
2026-09-09T08:48:47.496+08:00  INFO 31225 --- [control-app] [           main] [                                                 ] com.zaxxer.hikari.HikariDataSource       : HikariPool-1 - Start completed.
2026-09-09T08:48:47.654+08:00  INFO 31225 --- [control-app] [           main] [                                                 ] org.flywaydb.core.FlywayExecutor         : Database: jdbc:postgresql://localhost:33308/test?loggerLevel=OFF (PostgreSQL 16.15)
2026-09-09T08:48:47.703+08:00  INFO 31225 --- [control-app] [           main] [                                                 ] o.f.c.i.s.JdbcTableSchemaHistory         : Schema history table "public"."flyway_schema_history" does not exist yet
2026-09-09T08:48:47.707+08:00  INFO 31225 --- [control-app] [           main] [                                                 ] o.f.core.internal.command.DbValidate     : Successfully validated 35 migrations (execution time 00:00.031s)
2026-09-09T08:48:47.720+08:00  INFO 31225 --- [control-app] [           main] [                                                 ] o.f.c.i.s.JdbcTableSchemaHistory         : Creating Schema History table "public"."flyway_schema_history" ...
2026-09-09T08:48:47.750+08:00  INFO 31225 --- [control-app] [           main] [                                                 ] o.f.core.internal.command.DbMigrate      : Current version of schema "public": << Empty Schema >>
2026-09-09T08:48:47.782+08:00  INFO 31225 --- [control-app] [           main] [                                                 ] o.f.core.internal.command.DbMigrate      : Migrating schema "public" to version "1 - m0 schema"
2026-09-09T08:48:47.859+08:00  INFO 31225 --- [control-app] [           main] [                                                 ] o.f.core.internal.command.DbMigrate      : Migrating schema "public" to version "2 - grants"
2026-09-09T08:48:47.879+08:00  INFO 31225 --- [control-app] [           main] [                                                 ] o.f.core.internal.command.DbMigrate      : Migrating schema "public" to version "3 - m1 inbox reconcile"
2026-09-09T08:48:47.909+08:00  INFO 31225 --- [control-app] [           main] [                                                 ] o.f.core.internal.command.DbMigrate      : Migrating schema "public" to version "4 - m2 checkpoint repair"
2026-09-09T08:48:47.937+08:00  INFO 31225 --- [control-app] [           main] [                                                 ] o.f.core.internal.command.DbMigrate      : Migrating schema "public" to version "5 - m3 model governance"
2026-09-09T08:48:47.982+08:00  INFO 31225 --- [control-app] [           main] [                                                 ] o.f.core.internal.command.DbMigrate      : Migrating schema "public" to version "6 - m4 sandbox"
2026-09-09T08:48:48.046+08:00  INFO 31225 --- [control-app] [           main] [                                                 ] o.f.core.internal.command.DbMigrate      : Migrating schema "public" to version "7 - am1 alert domain"
2026-09-09T08:48:48.113+08:00  INFO 31225 --- [control-app] [           main] [                                                 ] o.f.core.internal.command.DbMigrate      : Migrating schema "public" to version "8 - am1 dag reserve"
2026-09-09T08:48:48.136+08:00  INFO 31225 --- [control-app] [           main] [                                                 ] o.f.core.internal.command.DbMigrate      : Migrating schema "public" to version "9 - am3 eval notify"
2026-09-09T08:48:48.195+08:00  INFO 31225 --- [control-app] [           main] [                                                 ] o.f.core.internal.command.DbMigrate      : Migrating schema "public" to version "10 - am3 eval run"
2026-09-09T08:48:48.221+08:00  INFO 31225 --- [control-app] [           main] [                                                 ] o.f.core.internal.command.DbMigrate      : Migrating schema "public" to version "11 - am3 eval readonly"
2026-09-09T08:48:48.239+08:00  INFO 31225 --- [control-app] [           main] [                                                 ] o.f.core.internal.command.DbMigrate      : Migrating schema "public" to version "12 - am4 state expansion"
2026-09-09T08:48:48.263+08:00  INFO 31225 --- [control-app] [           main] [                                                 ] o.f.core.internal.command.DbMigrate      : Migrating schema "public" to version "13 - am4 budget ledger"
2026-09-09T08:48:48.293+08:00  INFO 31225 --- [control-app] [           main] [                                                 ] o.f.core.internal.command.DbMigrate      : Migrating schema "public" to version "14 - am4 rca event"
2026-09-09T08:48:48.318+08:00  INFO 31225 --- [control-app] [           main] [                                                 ] o.f.core.internal.command.DbMigrate      : Migrating schema "public" to version "15 - am4 tool invocation ledger"
2026-09-09T08:48:48.331+08:00  INFO 31225 --- [control-app] [           main] [                                                 ] o.f.core.internal.command.DbMigrate      : Migrating schema "public" to version "16 - am4 evidence snapshot"
2026-09-09T08:48:48.352+08:00  INFO 31225 --- [control-app] [           main] [                                                 ] o.f.core.internal.command.DbMigrate      : Migrating schema "public" to version "17 - am4 claim"
2026-09-09T08:48:48.367+08:00  INFO 31225 --- [control-app] [           main] [                                                 ] o.f.core.internal.command.DbMigrate      : Migrating schema "public" to version "18 - am4 task edge run scope"
2026-09-09T08:48:48.378+08:00  INFO 31225 --- [control-app] [           main] [                                                 ] o.f.core.internal.command.DbMigrate      : Migrating schema "public" to version "19 - am4 tool replay"
2026-09-09T08:48:48.391+08:00  INFO 31225 --- [control-app] [           main] [                                                 ] o.f.core.internal.command.DbMigrate      : Migrating schema "public" to version "20 - am5 dataset version"
2026-09-09T08:48:48.411+08:00  INFO 31225 --- [control-app] [           main] [                                                 ] o.f.core.internal.command.DbMigrate      : Migrating schema "public" to version "21 - am5 dataset partition"
2026-09-09T08:48:48.432+08:00  INFO 31225 --- [control-app] [           main] [                                                 ] o.f.core.internal.command.DbMigrate      : Migrating schema "public" to version "22 - am5 golden candidate"
2026-09-09T08:48:48.453+08:00  INFO 31225 --- [control-app] [           main] [                                                 ] o.f.core.internal.command.DbMigrate      : Migrating schema "public" to version "23 - am5 sampling fingerprint"
2026-09-09T08:48:48.463+08:00  INFO 31225 --- [control-app] [           main] [                                                 ] o.f.core.internal.command.DbMigrate      : Migrating schema "public" to version "24 - am5 config bundle"
2026-09-09T08:48:48.487+08:00  INFO 31225 --- [control-app] [           main] [                                                 ] o.f.core.internal.command.DbMigrate      : Migrating schema "public" to version "25 - am5 canary route"
2026-09-09T08:48:48.515+08:00  INFO 31225 --- [control-app] [           main] [                                                 ] o.f.core.internal.command.DbMigrate      : Migrating schema "public" to version "26 - am5 operator case"
2026-09-09T08:48:48.532+08:00  INFO 31225 --- [control-app] [           main] [                                                 ] o.f.core.internal.command.DbMigrate      : Migrating schema "public" to version "27 - am5 operator command"
2026-09-09T08:48:48.547+08:00  INFO 31225 --- [control-app] [           main] [                                                 ] o.f.core.internal.command.DbMigrate      : Migrating schema "public" to version "28 - am5 monthly partition"
2026-09-09T08:48:48.588+08:00  INFO 31225 --- [control-app] [           main] [                                                 ] o.f.core.internal.command.DbMigrate      : Migrating schema "public" to version "29 - am5 retention archive"
2026-09-09T08:48:48.612+08:00  INFO 31225 --- [control-app] [           main] [                                                 ] o.f.core.internal.command.DbMigrate      : Migrating schema "public" to version "30 - am6 canary window verdict"
2026-09-09T08:48:48.640+08:00  INFO 31225 --- [control-app] [           main] [                                                 ] o.f.core.internal.command.DbMigrate      : Migrating schema "public" to version "31 - ba52 canary decision fk deferred"
2026-09-09T08:48:48.650+08:00  INFO 31225 --- [control-app] [           main] [                                                 ] o.f.core.internal.command.DbMigrate      : Migrating schema "public" to version "32 - am6 engine comparison"
2026-09-09T08:48:48.666+08:00  INFO 31225 --- [control-app] [           main] [                                                 ] o.f.core.internal.command.DbMigrate      : Migrating schema "public" to version "33 - am6 run fallback"
2026-09-09T08:48:48.700+08:00  INFO 31225 --- [control-app] [           main] [                                                 ] o.f.core.internal.command.DbMigrate      : Migrating schema "public" to version "34 - am6 engine shadow work"
2026-09-09T08:48:48.719+08:00  INFO 31225 --- [control-app] [           main] [                                                 ] o.f.core.internal.command.DbMigrate      : Migrating schema "public" to version "35 - m607 holmes wish decision run id nullable"
2026-09-09T08:48:48.730+08:00  INFO 31225 --- [control-app] [           main] [                                                 ] o.f.core.internal.command.DbMigrate      : Successfully applied 35 migrations to schema "public", now at version v35 (execution time 00:00.637s)
2026-09-09T08:48:48.734+08:00  INFO 31225 --- [control-app] [           main] [                                                 ] com.zaxxer.hikari.HikariDataSource       : HikariPool-2 - Starting...
2026-09-09T08:48:48.745+08:00  INFO 31225 --- [control-app] [           main] [                                                 ] com.zaxxer.hikari.pool.HikariPool        : HikariPool-2 - Added connection org.postgresql.jdbc.PgConnection@1fd592b9
2026-09-09T08:48:48.745+08:00  INFO 31225 --- [control-app] [           main] [                                                 ] com.zaxxer.hikari.HikariDataSource       : HikariPool-2 - Start completed.
2026-09-09T08:48:48.745+08:00  INFO 31225 --- [control-app] [           main] [                                                 ] com.zaxxer.hikari.HikariDataSource       : HikariPool-3 - Starting...
2026-09-09T08:48:48.756+08:00  INFO 31225 --- [control-app] [           main] [                                                 ] com.zaxxer.hikari.pool.HikariPool        : HikariPool-3 - Added connection org.postgresql.jdbc.PgConnection@7eab4e07
2026-09-09T08:48:48.756+08:00  INFO 31225 --- [control-app] [           main] [                                                 ] com.zaxxer.hikari.HikariDataSource       : HikariPool-3 - Start completed.
2026-09-09T08:48:48.757+08:00  INFO 31225 --- [control-app] [           main] [                                                 ] com.zaxxer.hikari.HikariDataSource       : HikariPool-4 - Starting...
2026-09-09T08:48:48.771+08:00  INFO 31225 --- [control-app] [           main] [                                                 ] com.zaxxer.hikari.pool.HikariPool        : HikariPool-4 - Added connection org.postgresql.jdbc.PgConnection@2106f098
2026-09-09T08:48:48.772+08:00  INFO 31225 --- [control-app] [           main] [                                                 ] com.zaxxer.hikari.HikariDataSource       : HikariPool-4 - Start completed.
2026-09-09T08:48:48.772+08:00  INFO 31225 --- [control-app] [           main] [                                                 ] com.zaxxer.hikari.HikariDataSource       : HikariPool-5 - Starting...
2026-09-09T08:48:48.792+08:00  INFO 31225 --- [control-app] [           main] [                                                 ] com.zaxxer.hikari.pool.HikariPool        : HikariPool-5 - Added connection org.postgresql.jdbc.PgConnection@322ca29f
2026-09-09T08:48:48.793+08:00  INFO 31225 --- [control-app] [           main] [                                                 ] com.zaxxer.hikari.HikariDataSource       : HikariPool-5 - Start completed.
2026-09-09T08:48:48.918+08:00  INFO 31225 --- [control-app] [           main] [                                                 ] com.zaxxer.hikari.HikariDataSource       : HikariPool-6 - Starting...
2026-09-09T08:48:48.938+08:00  INFO 31225 --- [control-app] [           main] [                                                 ] com.zaxxer.hikari.pool.HikariPool        : HikariPool-6 - Added connection org.postgresql.jdbc.PgConnection@287b6e3c
2026-09-09T08:48:48.939+08:00  INFO 31225 --- [control-app] [           main] [                                                 ] com.zaxxer.hikari.HikariDataSource       : HikariPool-6 - Start completed.
2026-09-09T08:48:49.081+08:00  INFO 31225 --- [control-app] [           main] [                                                 ] com.zaxxer.hikari.HikariDataSource       : HikariPool-7 - Starting...
2026-09-09T08:48:49.107+08:00  INFO 31225 --- [control-app] [           main] [                                                 ] com.zaxxer.hikari.pool.HikariPool        : HikariPool-7 - Added connection org.postgresql.jdbc.PgConnection@4fa338b2
2026-09-09T08:48:49.108+08:00  INFO 31225 --- [control-app] [           main] [                                                 ] com.zaxxer.hikari.HikariDataSource       : HikariPool-7 - Start completed.
2026-09-09T08:48:49.219+08:00  INFO 31225 --- [control-app] [           main] [                                                 ] com.zaxxer.hikari.HikariDataSource       : HikariPool-8 - Starting...
2026-09-09T08:48:49.243+08:00  INFO 31225 --- [control-app] [           main] [                                                 ] com.zaxxer.hikari.pool.HikariPool        : HikariPool-8 - Added connection org.postgresql.jdbc.PgConnection@4abc7a49
2026-09-09T08:48:49.243+08:00  INFO 31225 --- [control-app] [           main] [                                                 ] com.zaxxer.hikari.HikariDataSource       : HikariPool-8 - Start completed.
2026-09-09T08:48:49.332+08:00  INFO 31225 --- [control-app] [           main] [                                                 ] com.zaxxer.hikari.HikariDataSource       : HikariPool-9 - Starting...
2026-09-09T08:48:49.340+08:00  INFO 31225 --- [control-app] [           main] [                                                 ] com.zaxxer.hikari.pool.HikariPool        : HikariPool-9 - Added connection org.postgresql.jdbc.PgConnection@5efe38c6
2026-09-09T08:48:49.340+08:00  INFO 31225 --- [control-app] [           main] [                                                 ] com.zaxxer.hikari.HikariDataSource       : HikariPool-9 - Start completed.
2026-09-09T08:48:49.432+08:00  INFO 31225 --- [control-app] [           main] [                                                 ] com.zaxxer.hikari.HikariDataSource       : HikariPool-10 - Starting...
2026-09-09T08:48:49.445+08:00  INFO 31225 --- [control-app] [           main] [                                                 ] com.zaxxer.hikari.pool.HikariPool        : HikariPool-10 - Added connection org.postgresql.jdbc.PgConnection@c769cee
2026-09-09T08:48:49.445+08:00  INFO 31225 --- [control-app] [           main] [                                                 ] com.zaxxer.hikari.HikariDataSource       : HikariPool-10 - Start completed.
[INFO] Tests run: 5, Failures: 0, Errors: 0, Skipped: 0, Time elapsed: 3.360 s -- in com.objwww.pr.control.it.PostgresDatasetPartitionAccessTest
[INFO] Running com.objwww.pr.control.it.PostgresConfigBundleRepositoryTest
2026-09-09T08:48:49.544+08:00  INFO 31225 --- [control-app] [           main] [                                                 ] c.o.p.c.r.a.ConfigBundleService          : bundle 发布: 30ad808ed98886e339611e59f7bac711638e216776d0231c3aad2a5fe468382c revision=1 by=op-1 policy=policy-2026-09
2026-09-09T08:48:49.550+08:00  INFO 31225 --- [control-app] [           main] [                                                 ] c.o.p.c.r.a.ConfigBundleService          : activate 落位: 30ad808ed98886e339611e59f7bac711638e216776d0231c3aad2a5fe468382c revision=1 by=op-1
2026-09-09T08:48:49.646+08:00  INFO 31225 --- [control-app] [           main] [                                                 ] c.o.p.c.r.a.ConfigBundleService          : bundle 发布: 30ad808ed98886e339611e59f7bac711638e216776d0231c3aad2a5fe468382c revision=1 by=op-1 policy=policy-2026-09
2026-09-09T08:48:49.734+08:00  INFO 31225 --- [control-app] [           main] [                                                 ] c.o.p.c.r.a.ConfigBundleService          : bundle 发布: 30ad808ed98886e339611e59f7bac711638e216776d0231c3aad2a5fe468382c revision=1 by=op-1 policy=policy-2026-09
2026-09-09T08:48:49.736+08:00  INFO 31225 --- [control-app] [           main] [                                                 ] c.o.p.c.r.a.ConfigBundleService          : bundle 发布: be840a4ff5d98fc58380e1ed2d6501f2a7edb25711430dc0e9023b687140db80 revision=2 by=op-1 policy=policy-2026-09
2026-09-09T08:48:49.737+08:00  INFO 31225 --- [control-app] [           main] [                                                 ] c.o.p.c.r.a.ConfigBundleService          : activate 落位: 30ad808ed98886e339611e59f7bac711638e216776d0231c3aad2a5fe468382c revision=1 by=op-1
2026-09-09T08:48:49.739+08:00  INFO 31225 --- [control-app] [           main] [                                                 ] c.o.p.c.r.a.ConfigBundleService          : activate 落位: be840a4ff5d98fc58380e1ed2d6501f2a7edb25711430dc0e9023b687140db80 revision=2 by=op-1
2026-09-09T08:48:49.741+08:00  INFO 31225 --- [control-app] [           main] [                                                 ] c.o.p.c.r.a.ConfigBundleService          : rollback 落位: 30ad808ed98886e339611e59f7bac711638e216776d0231c3aad2a5fe468382c revision=1 by=op-2
2026-09-09T08:48:49.826+08:00  INFO 31225 --- [control-app] [           main] [                                                 ] c.o.p.c.r.a.ConfigBundleService          : bundle 发布: 30ad808ed98886e339611e59f7bac711638e216776d0231c3aad2a5fe468382c revision=1 by=op-1 policy=policy-2026-09
2026-09-09T08:48:49.828+08:00  INFO 31225 --- [control-app] [           main] [                                                 ] c.o.p.c.r.a.ConfigBundleService          : bundle 幂等重放: 30ad808ed98886e339611e59f7bac711638e216776d0231c3aad2a5fe468382c revision=1 by=op-2
[INFO] Tests run: 4, Failures: 0, Errors: 0, Skipped: 0, Time elapsed: 0.377 s -- in com.objwww.pr.control.it.PostgresConfigBundleRepositoryTest
[INFO] Running com.objwww.pr.control.it.PostgresModelCallLedgerRepositoryTest
[INFO] Tests run: 2, Failures: 0, Errors: 0, Skipped: 0, Time elapsed: 0.169 s -- in com.objwww.pr.control.it.PostgresModelCallLedgerRepositoryTest
[INFO] Running com.objwww.pr.control.it.PostgresGoldenCandidateRepositoryTest
2026-09-09T08:48:50.084+08:00  INFO 31225 --- [control-app] [           main] [                                                 ] com.zaxxer.hikari.HikariDataSource       : HikariPool-11 - Starting...
2026-09-09T08:48:50.102+08:00  INFO 31225 --- [control-app] [           main] [                                                 ] com.zaxxer.hikari.pool.HikariPool        : HikariPool-11 - Added connection org.postgresql.jdbc.PgConnection@3e83810a
2026-09-09T08:48:50.102+08:00  INFO 31225 --- [control-app] [           main] [                                                 ] com.zaxxer.hikari.HikariDataSource       : HikariPool-11 - Start completed.
2026-09-09T08:48:50.122+08:00  INFO 31225 --- [control-app] [           main] [                                                 ] com.zaxxer.hikari.HikariDataSource       : HikariPool-11 - Shutdown initiated...
2026-09-09T08:48:50.127+08:00  INFO 31225 --- [control-app] [           main] [                                                 ] com.zaxxer.hikari.HikariDataSource       : HikariPool-11 - Shutdown completed.
2026-09-09T08:48:50.207+08:00  INFO 31225 --- [control-app] [           main] [                                                 ] com.zaxxer.hikari.HikariDataSource       : HikariPool-12 - Starting...
2026-09-09T08:48:50.215+08:00  INFO 31225 --- [control-app] [           main] [                                                 ] com.zaxxer.hikari.pool.HikariPool        : HikariPool-12 - Added connection org.postgresql.jdbc.PgConnection@4ea9ce5e
2026-09-09T08:48:50.215+08:00  INFO 31225 --- [control-app] [           main] [                                                 ] com.zaxxer.hikari.HikariDataSource       : HikariPool-12 - Start completed.
2026-09-09T08:48:50.218+08:00  INFO 31225 --- [control-app] [           main] [                                                 ] com.zaxxer.hikari.HikariDataSource       : HikariPool-12 - Shutdown initiated...
2026-09-09T08:48:50.219+08:00  INFO 31225 --- [control-app] [           main] [                                                 ] com.zaxxer.hikari.HikariDataSource       : HikariPool-12 - Shutdown completed.
2026-09-09T08:48:50.292+08:00  INFO 31225 --- [control-app] [           main] [                                                 ] com.zaxxer.hikari.HikariDataSource       : HikariPool-13 - Starting...
2026-09-09T08:48:50.299+08:00  INFO 31225 --- [control-app] [           main] [                                                 ] com.zaxxer.hikari.pool.HikariPool        : HikariPool-13 - Added connection org.postgresql.jdbc.PgConnection@352fb6a3
2026-09-09T08:48:50.299+08:00  INFO 31225 --- [control-app] [           main] [                                                 ] com.zaxxer.hikari.HikariDataSource       : HikariPool-13 - Start completed.
2026-09-09T08:48:50.310+08:00  INFO 31225 --- [control-app] [           main] [                                                 ] com.zaxxer.hikari.HikariDataSource       : HikariPool-13 - Shutdown initiated...
2026-09-09T08:48:50.311+08:00  INFO 31225 --- [control-app] [           main] [                                                 ] com.zaxxer.hikari.HikariDataSource       : HikariPool-13 - Shutdown completed.
2026-09-09T08:48:50.392+08:00  INFO 31225 --- [control-app] [           main] [                                                 ] com.zaxxer.hikari.HikariDataSource       : HikariPool-14 - Starting...
2026-09-09T08:48:50.401+08:00  INFO 31225 --- [control-app] [           main] [                                                 ] com.zaxxer.hikari.pool.HikariPool        : HikariPool-14 - Added connection org.postgresql.jdbc.PgConnection@16e88d94
2026-09-09T08:48:50.402+08:00  INFO 31225 --- [control-app] [           main] [                                                 ] com.zaxxer.hikari.HikariDataSource       : HikariPool-14 - Start completed.
2026-09-09T08:48:50.416+08:00  INFO 31225 --- [control-app] [           main] [                                                 ] com.zaxxer.hikari.HikariDataSource       : HikariPool-14 - Shutdown initiated...
2026-09-09T08:48:50.416+08:00  INFO 31225 --- [control-app] [           main] [                                                 ] com.zaxxer.hikari.HikariDataSource       : HikariPool-14 - Shutdown completed.
2026-09-09T08:48:50.490+08:00  INFO 31225 --- [control-app] [           main] [                                                 ] com.zaxxer.hikari.HikariDataSource       : HikariPool-15 - Starting...
2026-09-09T08:48:50.497+08:00  INFO 31225 --- [control-app] [           main] [                                                 ] com.zaxxer.hikari.pool.HikariPool        : HikariPool-15 - Added connection org.postgresql.jdbc.PgConnection@51b152ba
2026-09-09T08:48:50.497+08:00  INFO 31225 --- [control-app] [           main] [                                                 ] com.zaxxer.hikari.HikariDataSource       : HikariPool-15 - Start completed.
2026-09-09T08:48:50.512+08:00  INFO 31225 --- [control-app] [           main] [                                                 ] com.zaxxer.hikari.HikariDataSource       : HikariPool-15 - Shutdown initiated...
2026-09-09T08:48:50.514+08:00  INFO 31225 --- [control-app] [           main] [                                                 ] com.zaxxer.hikari.HikariDataSource       : HikariPool-15 - Shutdown completed.
[INFO] Tests run: 5, Failures: 0, Errors: 0, Skipped: 0, Time elapsed: 0.515 s -- in com.objwww.pr.control.it.PostgresGoldenCandidateRepositoryTest
[INFO] Running com.objwww.pr.control.it.PostgresDatasetVersionRepositoryTest
[INFO] Tests run: 5, Failures: 0, Errors: 0, Skipped: 0, Time elapsed: 0.449 s -- in com.objwww.pr.control.it.PostgresDatasetVersionRepositoryTest
[INFO] 
[INFO] Results:
[INFO] 
[INFO] Tests run: 962, Failures: 0, Errors: 0, Skipped: 0
[INFO] 
[INFO] 
[INFO] --- jar:3.4.2:jar (default-jar) @ control-app ---
[INFO] Building jar: /opt/build/pr/control-app/target/control-app-0.0.1-SNAPSHOT.jar
[INFO] 
[INFO] --- spring-boot:3.4.5:repackage (repackage) @ control-app ---
[INFO] Attaching repackaged archive /opt/build/pr/control-app/target/control-app-0.0.1-SNAPSHOT-exec.jar with classifier exec
[INFO] 
[INFO] --- failsafe:3.5.3:integration-test (default) @ control-app ---
[INFO] Using auto detected provider org.apache.maven.surefire.junitplatform.JUnitPlatformProvider
[INFO] 
[INFO] -------------------------------------------------------
[INFO]  T E S T S
[INFO] -------------------------------------------------------
08:48:53.890 [main] INFO org.testcontainers.DockerClientFactory -- Testcontainers version: 1.20.4
08:48:54.053 [main] INFO org.testcontainers.dockerclient.DockerClientProviderStrategy -- Loaded org.testcontainers.dockerclient.UnixSocketClientProviderStrategy from ~/.testcontainers.properties, will try it first
08:48:54.393 [main] INFO org.testcontainers.dockerclient.DockerClientProviderStrategy -- Found Docker environment with local Unix socket (unix:///var/run/docker.sock)
08:48:54.394 [main] INFO org.testcontainers.DockerClientFactory -- Docker host IP address is localhost
08:48:54.409 [main] INFO org.testcontainers.DockerClientFactory -- Connected to docker: 
  Server Version: 26.1.4
  API Version: 1.45
  Operating System: CentOS Linux 7 (Core)
  Total Memory: 7725 MB
08:48:54.419 [main] INFO org.testcontainers.images.PullPolicy -- Image pull policy will be performed by: DefaultPullPolicy()
08:48:54.421 [main] INFO org.testcontainers.utility.ImageNameSubstitutor -- Image name substitution will be performed by: DefaultImageNameSubstitutor (composite of 'ConfigurationFileImageNameSubstitutor' and 'PrefixingImageNameSubstitutor')
08:48:54.497 [main] INFO tc.testcontainers/ryuk:0.11.0 -- Creating container for image: testcontainers/ryuk:0.11.0
08:48:54.501 [main] INFO org.testcontainers.utility.RegistryAuthLocator -- Failure when attempting to lookup auth config. Please ignore if you don't have images in an authenticated registry. Details: (dockerImageName: testcontainers/ryuk:0.11.0, configFile: /root/.docker/config.json, configEnv: DOCKER_AUTH_CONFIG). Falling back to docker-java default behaviour. Exception message: Status 404: No config supplied. Checked in order: /root/.docker/config.json (file not found), DOCKER_AUTH_CONFIG (not set)
08:48:54.734 [main] INFO tc.testcontainers/ryuk:0.11.0 -- Container testcontainers/ryuk:0.11.0 is starting: 076cb7d8c77be2c4e2ba463c8ea39c5a45a96397defe8570e73c9b24da4eef1e
08:48:55.107 [main] INFO tc.testcontainers/ryuk:0.11.0 -- Container testcontainers/ryuk:0.11.0 started in PT0.610112397S
08:48:55.112 [main] INFO org.testcontainers.utility.RyukResourceReaper -- Ryuk started - will monitor and terminate Testcontainers containers on JVM exit
08:48:55.113 [main] INFO org.testcontainers.DockerClientFactory -- Checking the system...
08:48:55.113 [main] INFO org.testcontainers.DockerClientFactory -- ✔︎ Docker server version should be at least 1.6.0
[INFO] Running com.objwww.pr.control.it.PostgresOperatorCaseIT
08:48:55.146 [main] INFO tc.postgres:16-alpine -- Creating container for image: postgres:16-alpine
08:48:55.224 [main] INFO tc.postgres:16-alpine -- Container postgres:16-alpine is starting: 683fb4b387ee4edfb356566c6bf2fdb4f84ea4d8581d67e62a88bd8ef70cf9af
08:48:56.567 [main] INFO tc.postgres:16-alpine -- Container postgres:16-alpine started in PT1.420930757S
08:48:56.568 [main] INFO tc.postgres:16-alpine -- Container is started (JDBC URL: jdbc:postgresql://localhost:33310/test?loggerLevel=OFF)
08:48:56.577 [main] INFO com.zaxxer.hikari.HikariDataSource -- HikariPool-1 - Starting...
08:48:56.814 [main] INFO com.zaxxer.hikari.pool.HikariPool -- HikariPool-1 - Added connection org.postgresql.jdbc.PgConnection@604b1e1d
08:48:56.816 [main] INFO com.zaxxer.hikari.HikariDataSource -- HikariPool-1 - Start completed.
08:48:57.159 [main] INFO org.flywaydb.core.FlywayExecutor -- Database: jdbc:postgresql://localhost:33310/test?loggerLevel=OFF (PostgreSQL 16.15)
08:48:57.224 [main] INFO org.flywaydb.core.internal.schemahistory.JdbcTableSchemaHistory -- Schema history table "public"."flyway_schema_history" does not exist yet
08:48:57.229 [main] INFO org.flywaydb.core.internal.command.DbValidate -- Successfully validated 35 migrations (execution time 00:00.042s)
08:48:57.244 [main] INFO org.flywaydb.core.internal.schemahistory.JdbcTableSchemaHistory -- Creating Schema History table "public"."flyway_schema_history" ...
08:48:57.298 [main] INFO org.flywaydb.core.internal.command.DbMigrate -- Current version of schema "public": << Empty Schema >>
08:48:57.360 [main] INFO org.flywaydb.core.internal.command.DbMigrate -- Migrating schema "public" to version "1 - m0 schema"
08:48:57.480 [main] INFO org.flywaydb.core.internal.command.DbMigrate -- Migrating schema "public" to version "2 - grants"
08:48:57.542 [main] INFO org.flywaydb.core.internal.command.DbMigrate -- Migrating schema "public" to version "3 - m1 inbox reconcile"
08:48:57.583 [main] INFO org.flywaydb.core.internal.command.DbMigrate -- Migrating schema "public" to version "4 - m2 checkpoint repair"
08:48:57.626 [main] INFO org.flywaydb.core.internal.command.DbMigrate -- Migrating schema "public" to version "5 - m3 model governance"
08:48:57.658 [main] INFO org.flywaydb.core.internal.command.DbMigrate -- Migrating schema "public" to version "6 - m4 sandbox"
08:48:57.720 [main] INFO org.flywaydb.core.internal.command.DbMigrate -- Migrating schema "public" to version "7 - am1 alert domain"
08:48:57.773 [main] INFO org.flywaydb.core.internal.command.DbMigrate -- Migrating schema "public" to version "8 - am1 dag reserve"
08:48:57.794 [main] INFO org.flywaydb.core.internal.command.DbMigrate -- Migrating schema "public" to version "9 - am3 eval notify"
08:48:57.847 [main] INFO org.flywaydb.core.internal.command.DbMigrate -- Migrating schema "public" to version "10 - am3 eval run"
08:48:57.868 [main] INFO org.flywaydb.core.internal.command.DbMigrate -- Migrating schema "public" to version "11 - am3 eval readonly"
08:48:57.875 [main] INFO org.flywaydb.core.internal.command.DbMigrate -- Migrating schema "public" to version "12 - am4 state expansion"
08:48:57.890 [main] INFO org.flywaydb.core.internal.command.DbMigrate -- Migrating schema "public" to version "13 - am4 budget ledger"
08:48:57.924 [main] INFO org.flywaydb.core.internal.command.DbMigrate -- Migrating schema "public" to version "14 - am4 rca event"
08:48:57.941 [main] INFO org.flywaydb.core.internal.command.DbMigrate -- Migrating schema "public" to version "15 - am4 tool invocation ledger"
08:48:57.956 [main] INFO org.flywaydb.core.internal.command.DbMigrate -- Migrating schema "public" to version "16 - am4 evidence snapshot"
08:48:57.975 [main] INFO org.flywaydb.core.internal.command.DbMigrate -- Migrating schema "public" to version "17 - am4 claim"
08:48:57.991 [main] INFO org.flywaydb.core.internal.command.DbMigrate -- Migrating schema "public" to version "18 - am4 task edge run scope"
08:48:58.000 [main] INFO org.flywaydb.core.internal.command.DbMigrate -- Migrating schema "public" to version "19 - am4 tool replay"
08:48:58.011 [main] INFO org.flywaydb.core.internal.command.DbMigrate -- Migrating schema "public" to version "20 - am5 dataset version"
08:48:58.041 [main] INFO org.flywaydb.core.internal.command.DbMigrate -- Migrating schema "public" to version "21 - am5 dataset partition"
08:48:58.079 [main] INFO org.flywaydb.core.internal.command.DbMigrate -- Migrating schema "public" to version "22 - am5 golden candidate"
08:48:58.100 [main] INFO org.flywaydb.core.internal.command.DbMigrate -- Migrating schema "public" to version "23 - am5 sampling fingerprint"
08:48:58.109 [main] INFO org.flywaydb.core.internal.command.DbMigrate -- Migrating schema "public" to version "24 - am5 config bundle"
08:48:58.124 [main] INFO org.flywaydb.core.internal.command.DbMigrate -- Migrating schema "public" to version "25 - am5 canary route"
08:48:58.145 [main] INFO org.flywaydb.core.internal.command.DbMigrate -- Migrating schema "public" to version "26 - am5 operator case"
08:48:58.161 [main] INFO org.flywaydb.core.internal.command.DbMigrate -- Migrating schema "public" to version "27 - am5 operator command"
08:48:58.175 [main] INFO org.flywaydb.core.internal.command.DbMigrate -- Migrating schema "public" to version "28 - am5 monthly partition"
08:48:58.212 [main] INFO org.flywaydb.core.internal.command.DbMigrate -- Migrating schema "public" to version "29 - am5 retention archive"
08:48:58.231 [main] INFO org.flywaydb.core.internal.command.DbMigrate -- Migrating schema "public" to version "30 - am6 canary window verdict"
08:48:58.256 [main] INFO org.flywaydb.core.internal.command.DbMigrate -- Migrating schema "public" to version "31 - ba52 canary decision fk deferred"
08:48:58.263 [main] INFO org.flywaydb.core.internal.command.DbMigrate -- Migrating schema "public" to version "32 - am6 engine comparison"
08:48:58.276 [main] INFO org.flywaydb.core.internal.command.DbMigrate -- Migrating schema "public" to version "33 - am6 run fallback"
08:48:58.298 [main] INFO org.flywaydb.core.internal.command.DbMigrate -- Migrating schema "public" to version "34 - am6 engine shadow work"
08:48:58.311 [main] INFO org.flywaydb.core.internal.command.DbMigrate -- Migrating schema "public" to version "35 - m607 holmes wish decision run id nullable"
08:48:58.321 [main] INFO org.flywaydb.core.internal.command.DbMigrate -- Successfully applied 35 migrations to schema "public", now at version v35 (execution time 00:00.653s)
08:48:58.325 [main] INFO com.zaxxer.hikari.HikariDataSource -- HikariPool-2 - Starting...
08:48:58.342 [main] INFO com.zaxxer.hikari.pool.HikariPool -- HikariPool-2 - Added connection org.postgresql.jdbc.PgConnection@6ca372ef
08:48:58.343 [main] INFO com.zaxxer.hikari.HikariDataSource -- HikariPool-2 - Start completed.
08:48:58.343 [main] INFO com.zaxxer.hikari.HikariDataSource -- HikariPool-3 - Starting...
08:48:58.363 [main] INFO com.zaxxer.hikari.pool.HikariPool -- HikariPool-3 - Added connection org.postgresql.jdbc.PgConnection@56b859a6
08:48:58.363 [main] INFO com.zaxxer.hikari.HikariDataSource -- HikariPool-3 - Start completed.
08:48:58.363 [main] INFO com.zaxxer.hikari.HikariDataSource -- HikariPool-4 - Starting...
08:48:58.383 [main] INFO com.zaxxer.hikari.pool.HikariPool -- HikariPool-4 - Added connection org.postgresql.jdbc.PgConnection@2dfb885e
08:48:58.383 [main] INFO com.zaxxer.hikari.HikariDataSource -- HikariPool-4 - Start completed.
08:48:58.384 [main] INFO com.zaxxer.hikari.HikariDataSource -- HikariPool-5 - Starting...
08:48:58.398 [main] INFO com.zaxxer.hikari.pool.HikariPool -- HikariPool-5 - Added connection org.postgresql.jdbc.PgConnection@6f798482
08:48:58.399 [main] INFO com.zaxxer.hikari.HikariDataSource -- HikariPool-5 - Start completed.
08:48:58.635 [main] INFO com.objwww.pr.control.ops.application.OperatorCaseService -- {"event":"operator_case_transition","ts":"2026-09-09T00:48:58.633731830Z","caseId":"977acca5-a3a8-4773-aefe-0d565604c341","rule":"T00_CREATE","to":"OPEN","revision":1}
08:48:58.647 [main] INFO com.objwww.pr.control.ops.application.OperatorCaseService -- {"event":"operator_case_transition","ts":"2026-09-09T00:48:58.647659053Z","caseId":"977acca5-a3a8-4773-aefe-0d565604c341","rule":"T60_ESCALATE","to":"OPEN","revision":2}
08:48:58.728 [main] INFO com.objwww.pr.control.ops.application.OperatorCaseService -- {"event":"operator_case_transition","ts":"2026-09-09T00:48:58.728400288Z","caseId":"977acca5-a3a8-4773-aefe-0d565604c341","rule":"T30_RESOLVE","to":"RESOLVED","revision":3}
08:48:58.847 [main] INFO com.objwww.pr.control.ops.application.OperatorCaseService -- {"event":"operator_case_transition","ts":"2026-09-09T00:48:58.847456724Z","caseId":"1a2563a8-9a53-421e-9561-7cd513d99f59","rule":"T00_CREATE","to":"OPEN","revision":1}
08:48:58.850 [pool-2-thread-1] INFO com.objwww.pr.control.ops.application.OperatorCaseService -- {"event":"operator_case_transition","ts":"2026-09-09T00:48:58.850802497Z","caseId":"1a2563a8-9a53-421e-9561-7cd513d99f59","rule":"T10_CLAIM","to":"ACKED","revision":2}
08:48:58.956 [main] INFO com.objwww.pr.control.ops.application.OperatorCaseService -- {"event":"operator_case_transition","ts":"2026-09-09T00:48:58.956342583Z","caseId":"60e3c64d-8623-4552-be94-69bcc5ed478f","rule":"T00_CREATE","to":"OPEN","revision":1}
08:48:58.960 [main] INFO com.objwww.pr.control.ops.application.OperatorCaseService -- {"event":"operator_case_transition","ts":"2026-09-09T00:48:58.960649987Z","caseId":"60e3c64d-8623-4552-be94-69bcc5ed478f","rule":"T50_MERGE","to":"OPEN","revision":2}
08:48:58.964 [main] INFO com.objwww.pr.control.ops.application.OperatorCaseService -- {"event":"operator_case_transition","ts":"2026-09-09T00:48:58.963997513Z","caseId":"60e3c64d-8623-4552-be94-69bcc5ed478f","rule":"T50_MERGE","to":"OPEN","revision":3}
[INFO] Tests run: 3, Failures: 0, Errors: 0, Skipped: 0, Time elapsed: 3.854 s -- in com.objwww.pr.control.it.PostgresOperatorCaseIT
[INFO] Running com.objwww.pr.control.it.AlertEvidenceIT
[INFO] Tests run: 4, Failures: 0, Errors: 0, Skipped: 0, Time elapsed: 0.312 s -- in com.objwww.pr.control.it.AlertEvidenceIT
[INFO] Running com.objwww.pr.control.it.PostgresRcaTaskRepositoryIT
[INFO] Tests run: 4, Failures: 0, Errors: 0, Skipped: 0, Time elapsed: 0.465 s -- in com.objwww.pr.control.it.PostgresRcaTaskRepositoryIT
[INFO] Running com.objwww.pr.control.it.AlertV10EvalRunIT
[INFO] Tests run: 6, Failures: 0, Errors: 0, Skipped: 0, Time elapsed: 0.578 s -- in com.objwww.pr.control.it.AlertV10EvalRunIT
[INFO] Running com.objwww.pr.control.it.AlertToolInvocationLedgerIT
[INFO] Tests run: 5, Failures: 0, Errors: 0, Skipped: 0, Time elapsed: 0.375 s -- in com.objwww.pr.control.it.AlertToolInvocationLedgerIT
[INFO] Running com.objwww.pr.control.it.AlertV18TaskEdgeRunScopeIT
[INFO] Tests run: 4, Failures: 0, Errors: 0, Skipped: 0, Time elapsed: 0.337 s -- in com.objwww.pr.control.it.AlertV18TaskEdgeRunScopeIT
[INFO] Running com.objwww.pr.control.it.PostgresHolmesShadowIT
08:49:01.324 [main] INFO com.objwww.pr.control.alert.application.HolmesShadowWorker -- {"event":"rca_holmes_shadow_work","ts":"2026-09-09T00:49:01.324502916Z","shadow_key":"holmes-shadow:c1a9e873-c158-42be-a478-ff7bb93580b4","shadow_run_id":"fb0f8603-3023-43b3-a964-388e3a5052dc","outcome":"COMPARISON_LANDED"}
[INFO] Tests run: 6, Failures: 0, Errors: 0, Skipped: 0, Time elapsed: 0.850 s -- in com.objwww.pr.control.it.PostgresHolmesShadowIT
[INFO] Running com.objwww.pr.control.it.AlertV12StateExpansionIT
[INFO] Tests run: 4, Failures: 0, Errors: 0, Skipped: 0, Time elapsed: 0.361 s -- in com.objwww.pr.control.it.AlertV12StateExpansionIT
[INFO] Running com.objwww.pr.control.it.AlertDagCycleGuardIT
[INFO] Tests run: 1, Failures: 0, Errors: 0, Skipped: 0, Time elapsed: 0.104 s -- in com.objwww.pr.control.it.AlertDagCycleGuardIT
[INFO] Running com.objwww.pr.control.it.AlertIncidentBudgetIT
[INFO] Tests run: 5, Failures: 0, Errors: 0, Skipped: 0, Time elapsed: 0.449 s -- in com.objwww.pr.control.it.AlertIncidentBudgetIT
[INFO] Running com.objwww.pr.control.it.AlertToolReplayStoreIT
[INFO] Tests run: 4, Failures: 0, Errors: 0, Skipped: 0, Time elapsed: 0.280 s -- in com.objwww.pr.control.it.AlertToolReplayStoreIT
[INFO] Running com.objwww.pr.control.it.Am4E2E06FaultDrillIT
08:49:03.222 [main] INFO com.objwww.pr.control.alert.application.RcaRunOrchestrator -- {"event":"rca_task_decision","ts":"2026-09-09T00:49:03.221960604Z","latency_ms":4,"decision":"COMPLETED","run_id":"6a1b1fa0-e891-4065-88fd-8d0ea3179941","task_id":"11121be5-3b49-48d8-a884-c57b137b8cd7","attempt_id":"db2048e3-595c-4c9b-8e5e-86599694ea03"}
08:49:03.226 [main] WARN com.objwww.pr.control.alert.application.RcaRunOrchestrator -- task 11121be5-3b49-48d8-a884-c57b137b8cd7 旧租约提交被拒 owner=e06-worker epoch=1
08:49:03.440 [main] INFO com.objwww.pr.control.alert.application.RcaRunOrchestrator -- {"event":"rca_task_decision","ts":"2026-09-09T00:49:03.440385523Z","latency_ms":3,"decision":"COMPLETED","run_id":"d7559dea-0589-4711-a32d-ad1781da06ab","task_id":"74a5e18a-e646-406c-81ae-74b8fc96a0cf","attempt_id":"e0704ecc-4553-4b2d-8290-049a28b68257"}
08:49:03.640 [main] INFO com.objwww.pr.control.alert.application.DeterministicSupervisor -- {"event":"am4_run_reporting","ts":"2026-09-09T00:49:03.640713023Z","run_id":"cdc6f4b6-0ac1-48f9-8155-a7fb22a42ef4"}
08:49:03.641 [main] INFO com.objwww.pr.control.alert.application.DeterministicSupervisor -- run cdc6f4b6-0ac1-48f9-8155-a7fb22a42ef4 全任务终态 → REPORTING（报告链组装）
08:49:03.733 [main] INFO com.objwww.pr.control.alert.application.DeterministicSupervisor -- {"event":"am4_run_reporting","ts":"2026-09-09T00:49:03.733340998Z","run_id":"8c6602dd-3470-4a69-9b9a-51308594c34d"}
08:49:03.733 [main] INFO com.objwww.pr.control.alert.application.DeterministicSupervisor -- run 8c6602dd-3470-4a69-9b9a-51308594c34d 全任务终态 → REPORTING（报告链组装）
08:49:03.746 [main] INFO com.objwww.pr.control.alert.application.DeterministicSupervisor -- {"event":"am4_run_reporting","ts":"2026-09-09T00:49:03.746311179Z","run_id":"eac5317b-5fe7-4045-a351-a954417855c6"}
08:49:03.746 [main] INFO com.objwww.pr.control.alert.application.DeterministicSupervisor -- run eac5317b-5fe7-4045-a351-a954417855c6 全任务终态 → REPORTING（报告链组装）
[INFO] Tests run: 6, Failures: 0, Errors: 0, Skipped: 0, Time elapsed: 0.645 s -- in com.objwww.pr.control.it.Am4E2E06FaultDrillIT
[INFO] Running com.objwww.pr.control.it.Am4E2E08ReplayIT
[INFO] Tests run: 2, Failures: 0, Errors: 0, Skipped: 0, Time elapsed: 0.174 s -- in com.objwww.pr.control.it.Am4E2E08ReplayIT
[INFO] Running com.objwww.pr.control.it.PostgresArchiveIT
08:49:04.009 [main] INFO com.objwww.pr.control.ops.application.ArchiveService -- CONTROL_ARCHIVE_REJECTED table=rca_event partition=rca_event_2026_10 gate=legal_hold
08:49:04.015 [main] INFO com.objwww.pr.control.ops.application.ArchiveService -- CONTROL_ARCHIVE_REJECTED table=rca_event partition=rca_event_2026_10 gate=legal_hold
08:49:04.188 [main] INFO com.objwww.pr.control.ops.application.ArchiveService -- CONTROL_ARCHIVE_REJECTED table=rca_event partition=rca_event_2026_10 gate=export_failed
08:49:04.263 [main] INFO com.objwww.pr.control.ops.application.ArchiveService -- CONTROL_ARCHIVE_REJECTED table=rca_event partition=rca_event_2026_10 gate=verify_failed
[INFO] Tests run: 5, Failures: 0, Errors: 0, Skipped: 0, Time elapsed: 0.423 s -- in com.objwww.pr.control.it.PostgresArchiveIT
[INFO] Running com.objwww.pr.control.it.AlertV7MigrationContractIT
[INFO] Tests run: 5, Failures: 0, Errors: 0, Skipped: 0, Time elapsed: 0.366 s -- in com.objwww.pr.control.it.AlertV7MigrationContractIT
[INFO] Running com.objwww.pr.control.it.AlertM3RepositoryIT
[INFO] Tests run: 9, Failures: 0, Errors: 0, Skipped: 0, Time elapsed: 0.793 s -- in com.objwww.pr.control.it.AlertM3RepositoryIT
[INFO] Running com.objwww.pr.control.it.AlertV9MigrationContractIT
[INFO] Tests run: 9, Failures: 0, Errors: 0, Skipped: 0, Time elapsed: 0.820 s -- in com.objwww.pr.control.it.AlertV9MigrationContractIT
[INFO] Running com.objwww.pr.control.it.AlertRunBudgetLedgerIT
[INFO] Tests run: 9, Failures: 0, Errors: 0, Skipped: 0, Time elapsed: 0.754 s -- in com.objwww.pr.control.it.AlertRunBudgetLedgerIT
[INFO] Running com.objwww.pr.control.it.Am6NativeFullChainIT
08:49:07.230 [main] INFO com.objwww.pr.control.alert.application.DeterministicSupervisor -- {"event":"am4_run_reporting","ts":"2026-09-09T00:49:07.230134981Z","run_id":"bad06452-5777-408d-9eac-60ec4c830f66"}
08:49:07.230 [main] INFO com.objwww.pr.control.alert.application.DeterministicSupervisor -- run bad06452-5777-408d-9eac-60ec4c830f66 全任务终态 → REPORTING（报告链组装）
08:49:07.257 [main] INFO com.objwww.pr.control.infrastructure.nativeexec.NativeInvestigationExecutor -- native 全链完成 run=bad06452-5777-408d-9eac-60ec4c830f66 reportOutcome=CONFIRMED claims=1 validation=STRUCTURE_VALIDATED 快照=7f4fe07992caef0eb7c9c2612a69a720bc307e34a2f7e5b71f1ea08b9b2f3045
08:49:07.269 [main] INFO com.objwww.pr.control.alert.application.RcaRunOrchestrator -- {"event":"rca_task_decision","ts":"2026-09-09T00:49:07.269288972Z","latency_ms":69,"decision":"COMPLETED","run_id":"bad06452-5777-408d-9eac-60ec4c830f66","task_id":"7d0c221b-a98c-4139-82f7-43e84f33668f","attempt_id":"eb02210a-f63a-4001-9378-c61f417a6b5f"}
[INFO] Tests run: 2, Failures: 0, Errors: 0, Skipped: 0, Time elapsed: 0.272 s -- in com.objwww.pr.control.it.Am6NativeFullChainIT
[INFO] Running com.objwww.pr.control.it.AlertDagPromotionIT
[INFO] Tests run: 3, Failures: 0, Errors: 0, Skipped: 0, Time elapsed: 0.262 s -- in com.objwww.pr.control.it.AlertDagPromotionIT
[INFO] Running com.objwww.pr.control.it.PostgresCanaryRoutingIT
[INFO] Tests run: 6, Failures: 0, Errors: 0, Skipped: 0, Time elapsed: 0.687 s -- in com.objwww.pr.control.it.PostgresCanaryRoutingIT
[INFO] Running com.objwww.pr.control.it.AlertClaimIT
[INFO] Tests run: 8, Failures: 0, Errors: 0, Skipped: 0, Time elapsed: 0.744 s -- in com.objwww.pr.control.it.AlertClaimIT
[INFO] Running com.objwww.pr.control.it.PostgresRetentionIT
[INFO] Tests run: 4, Failures: 0, Errors: 0, Skipped: 0, Time elapsed: 0.289 s -- in com.objwww.pr.control.it.PostgresRetentionIT
[INFO] Running com.objwww.pr.control.it.CanaryWindowPromotionIT
[INFO] Tests run: 2, Failures: 0, Errors: 0, Skipped: 0, Time elapsed: 0.200 s -- in com.objwww.pr.control.it.CanaryWindowPromotionIT
[INFO] Running com.objwww.pr.control.it.AlertRcaEventIT
[INFO] Tests run: 7, Failures: 0, Errors: 0, Skipped: 0, Time elapsed: 0.581 s -- in com.objwww.pr.control.it.AlertRcaEventIT
[INFO] Running com.objwww.pr.control.it.PostgresEngineComparisonIT
[INFO] Tests run: 2, Failures: 0, Errors: 0, Skipped: 0, Time elapsed: 0.179 s -- in com.objwww.pr.control.it.PostgresEngineComparisonIT
[INFO] Running com.objwww.pr.control.it.PostgresRunFallbackIT
08:49:10.514 [pool-12-thread-1] WARN com.objwww.pr.control.alert.application.FallbackService -- NATIVE run 95e6ab3b-c57d-4d37-a348-7e1adcbccb6b 失败（TIMEOUT）→ 恰一次铸 HOLMES fallback run aa22ea6c-96f1-4e1c-bfd7-78441aadf9fb
08:49:10.515 [pool-12-thread-1] INFO com.objwww.pr.control.alert.application.FallbackService -- {"event":"rca_fallback_decision","ts":"2026-09-09T00:49:10.515068420Z","incident_id":"0982846b-bac7-4c33-98f9-7dc1b2d9cd82","error_class":"TIMEOUT","outcome":"CAST","source_run_id":"95e6ab3b-c57d-4d37-a348-7e1adcbccb6b"}
08:49:10.516 [pool-12-thread-2] INFO com.objwww.pr.control.alert.application.FallbackService -- {"event":"rca_fallback_decision","ts":"2026-09-09T00:49:10.516853172Z","incident_id":"0982846b-bac7-4c33-98f9-7dc1b2d9cd82","error_class":"TIMEOUT","outcome":"ALREADY_CAST","source_run_id":"95e6ab3b-c57d-4d37-a348-7e1adcbccb6b"}
08:49:10.518 [pool-12-thread-3] INFO com.objwww.pr.control.alert.application.FallbackService -- {"event":"rca_fallback_decision","ts":"2026-09-09T00:49:10.518672388Z","incident_id":"0982846b-bac7-4c33-98f9-7dc1b2d9cd82","error_class":"TIMEOUT","outcome":"ALREADY_CAST","source_run_id":"95e6ab3b-c57d-4d37-a348-7e1adcbccb6b"}
08:49:10.525 [pool-12-thread-7] INFO com.objwww.pr.control.alert.application.FallbackService -- {"event":"rca_fallback_decision","ts":"2026-09-09T00:49:10.525548820Z","incident_id":"0982846b-bac7-4c33-98f9-7dc1b2d9cd82","error_class":"TIMEOUT","outcome":"ALREADY_CAST","source_run_id":"95e6ab3b-c57d-4d37-a348-7e1adcbccb6b"}
08:49:10.527 [pool-12-thread-5] INFO com.objwww.pr.control.alert.application.FallbackService -- {"event":"rca_fallback_decision","ts":"2026-09-09T00:49:10.527290542Z","incident_id":"0982846b-bac7-4c33-98f9-7dc1b2d9cd82","error_class":"TIMEOUT","outcome":"ALREADY_CAST","source_run_id":"95e6ab3b-c57d-4d37-a348-7e1adcbccb6b"}
08:49:10.530 [pool-12-thread-8] INFO com.objwww.pr.control.alert.application.FallbackService -- {"event":"rca_fallback_decision","ts":"2026-09-09T00:49:10.530430607Z","incident_id":"0982846b-bac7-4c33-98f9-7dc1b2d9cd82","error_class":"TIMEOUT","outcome":"ALREADY_CAST","source_run_id":"95e6ab3b-c57d-4d37-a348-7e1adcbccb6b"}
08:49:10.532 [pool-12-thread-6] INFO com.objwww.pr.control.alert.application.FallbackService -- {"event":"rca_fallback_decision","ts":"2026-09-09T00:49:10.532411567Z","incident_id":"0982846b-bac7-4c33-98f9-7dc1b2d9cd82","error_class":"TIMEOUT","outcome":"ALREADY_CAST","source_run_id":"95e6ab3b-c57d-4d37-a348-7e1adcbccb6b"}
08:49:10.534 [pool-12-thread-9] INFO com.objwww.pr.control.alert.application.FallbackService -- {"event":"rca_fallback_decision","ts":"2026-09-09T00:49:10.534004138Z","incident_id":"0982846b-bac7-4c33-98f9-7dc1b2d9cd82","error_class":"TIMEOUT","outcome":"ALREADY_CAST","source_run_id":"95e6ab3b-c57d-4d37-a348-7e1adcbccb6b"}
08:49:10.544 [pool-12-thread-4] INFO com.objwww.pr.control.alert.application.FallbackService -- {"event":"rca_fallback_decision","ts":"2026-09-09T00:49:10.544588745Z","incident_id":"0982846b-bac7-4c33-98f9-7dc1b2d9cd82","error_class":"TIMEOUT","outcome":"ALREADY_CAST","source_run_id":"95e6ab3b-c57d-4d37-a348-7e1adcbccb6b"}
08:49:10.555 [pool-12-thread-10] INFO com.objwww.pr.control.alert.application.FallbackService -- {"event":"rca_fallback_decision","ts":"2026-09-09T00:49:10.555539341Z","incident_id":"0982846b-bac7-4c33-98f9-7dc1b2d9cd82","error_class":"TIMEOUT","outcome":"ALREADY_CAST","source_run_id":"95e6ab3b-c57d-4d37-a348-7e1adcbccb6b"}
08:49:10.556 [pool-12-thread-11] INFO com.objwww.pr.control.alert.application.FallbackService -- {"event":"rca_fallback_decision","ts":"2026-09-09T00:49:10.556717911Z","incident_id":"0982846b-bac7-4c33-98f9-7dc1b2d9cd82","error_class":"TIMEOUT","outcome":"ALREADY_CAST","source_run_id":"95e6ab3b-c57d-4d37-a348-7e1adcbccb6b"}
08:49:10.557 [pool-12-thread-12] INFO com.objwww.pr.control.alert.application.FallbackService -- {"event":"rca_fallback_decision","ts":"2026-09-09T00:49:10.557675806Z","incident_id":"0982846b-bac7-4c33-98f9-7dc1b2d9cd82","error_class":"TIMEOUT","outcome":"ALREADY_CAST","source_run_id":"95e6ab3b-c57d-4d37-a348-7e1adcbccb6b"}
08:49:10.565 [pool-12-thread-13] INFO com.objwww.pr.control.alert.application.FallbackService -- {"event":"rca_fallback_decision","ts":"2026-09-09T00:49:10.565829664Z","incident_id":"0982846b-bac7-4c33-98f9-7dc1b2d9cd82","error_class":"TIMEOUT","outcome":"ALREADY_CAST","source_run_id":"95e6ab3b-c57d-4d37-a348-7e1adcbccb6b"}
08:49:10.567 [pool-12-thread-14] INFO com.objwww.pr.control.alert.application.FallbackService -- {"event":"rca_fallback_decision","ts":"2026-09-09T00:49:10.567029594Z","incident_id":"0982846b-bac7-4c33-98f9-7dc1b2d9cd82","error_class":"TIMEOUT","outcome":"ALREADY_CAST","source_run_id":"95e6ab3b-c57d-4d37-a348-7e1adcbccb6b"}
08:49:10.571 [pool-12-thread-15] INFO com.objwww.pr.control.alert.application.FallbackService -- {"event":"rca_fallback_decision","ts":"2026-09-09T00:49:10.571222823Z","incident_id":"0982846b-bac7-4c33-98f9-7dc1b2d9cd82","error_class":"TIMEOUT","outcome":"ALREADY_CAST","source_run_id":"95e6ab3b-c57d-4d37-a348-7e1adcbccb6b"}
08:49:10.572 [pool-12-thread-16] INFO com.objwww.pr.control.alert.application.FallbackService -- {"event":"rca_fallback_decision","ts":"2026-09-09T00:49:10.572442Z","incident_id":"0982846b-bac7-4c33-98f9-7dc1b2d9cd82","error_class":"TIMEOUT","outcome":"ALREADY_CAST","source_run_id":"95e6ab3b-c57d-4d37-a348-7e1adcbccb6b"}
08:49:10.577 [pool-12-thread-19] INFO com.objwww.pr.control.alert.application.FallbackService -- {"event":"rca_fallback_decision","ts":"2026-09-09T00:49:10.577503323Z","incident_id":"0982846b-bac7-4c33-98f9-7dc1b2d9cd82","error_class":"TIMEOUT","outcome":"ALREADY_CAST","source_run_id":"95e6ab3b-c57d-4d37-a348-7e1adcbccb6b"}
08:49:10.578 [pool-12-thread-20] INFO com.objwww.pr.control.alert.application.FallbackService -- {"event":"rca_fallback_decision","ts":"2026-09-09T00:49:10.578405412Z","incident_id":"0982846b-bac7-4c33-98f9-7dc1b2d9cd82","error_class":"TIMEOUT","outcome":"ALREADY_CAST","source_run_id":"95e6ab3b-c57d-4d37-a348-7e1adcbccb6b"}
08:49:10.579 [pool-12-thread-18] INFO com.objwww.pr.control.alert.application.FallbackService -- {"event":"rca_fallback_decision","ts":"2026-09-09T00:49:10.579026421Z","incident_id":"0982846b-bac7-4c33-98f9-7dc1b2d9cd82","error_class":"TIMEOUT","outcome":"ALREADY_CAST","source_run_id":"95e6ab3b-c57d-4d37-a348-7e1adcbccb6b"}
08:49:10.579 [pool-12-thread-17] INFO com.objwww.pr.control.alert.application.FallbackService -- {"event":"rca_fallback_decision","ts":"2026-09-09T00:49:10.579651098Z","incident_id":"0982846b-bac7-4c33-98f9-7dc1b2d9cd82","error_class":"TIMEOUT","outcome":"ALREADY_CAST","source_run_id":"95e6ab3b-c57d-4d37-a348-7e1adcbccb6b"}
08:49:10.586 [main] INFO com.objwww.pr.control.alert.application.FallbackService -- {"event":"rca_fallback_decision","ts":"2026-09-09T00:49:10.586411954Z","incident_id":"0982846b-bac7-4c33-98f9-7dc1b2d9cd82","error_class":"TIMEOUT","outcome":"ALREADY_CAST","source_run_id":"95e6ab3b-c57d-4d37-a348-7e1adcbccb6b"}
08:49:10.676 [main] WARN com.objwww.pr.control.alert.application.FallbackService -- NATIVE run 04d0d0ba-8aca-46ad-a0ba-f4cdbabe8dfd 失败（TIMEOUT）→ 恰一次铸 HOLMES fallback run 220a4084-cf49-4ac1-87e9-c439e8490541
08:49:10.676 [main] INFO com.objwww.pr.control.alert.application.FallbackService -- {"event":"rca_fallback_decision","ts":"2026-09-09T00:49:10.676265413Z","incident_id":"6ef4564c-dd32-4ac3-8b43-743babfe30a0","error_class":"TIMEOUT","outcome":"CAST","source_run_id":"04d0d0ba-8aca-46ad-a0ba-f4cdbabe8dfd"}
08:49:10.863 [main] WARN com.objwww.pr.control.alert.application.FallbackService -- NATIVE run ea294325-eeed-4746-a12b-216255a802c2 失败（EXECUTOR_ERROR）→ 恰一次铸 HOLMES fallback run 6b24429a-b582-4651-b946-fd6e3ce0ea50
08:49:10.864 [main] INFO com.objwww.pr.control.alert.application.FallbackService -- {"event":"rca_fallback_decision","ts":"2026-09-09T00:49:10.864139154Z","incident_id":"f8ce9af6-4635-470b-99eb-70914e522d21","error_class":"EXECUTOR_ERROR","outcome":"CAST","source_run_id":"ea294325-eeed-4746-a12b-216255a802c2"}
08:49:10.865 [main] INFO com.objwww.pr.control.alert.application.FallbackService -- {"event":"rca_fallback_decision","ts":"2026-09-09T00:49:10.865554150Z","incident_id":"f8ce9af6-4635-470b-99eb-70914e522d21","error_class":"EXECUTOR_ERROR","outcome":"INELIGIBLE_ENGINE","source_run_id":"6b24429a-b582-4651-b946-fd6e3ce0ea50"}
08:49:10.868 [main] INFO com.objwww.pr.control.alert.application.FallbackService -- {"event":"rca_fallback_decision","ts":"2026-09-09T00:49:10.868443552Z","incident_id":"7c8563bf-b51f-4a77-9f13-9d46934b31e4","error_class":"ADAPTER_PACKAGE_REJECTED","outcome":"INELIGIBLE_ERROR_CLASS","source_run_id":"43a148b5-eed8-4e7a-b29d-e810711d7eb1"}
[INFO] Tests run: 4, Failures: 0, Errors: 0, Skipped: 0, Time elapsed: 0.554 s -- in com.objwww.pr.control.it.PostgresRunFallbackIT
[INFO] Running com.objwww.pr.control.it.AlertGenerationFenceIT
08:49:11.045 [main] INFO com.objwww.pr.control.alert.application.RcaRunOrchestrator -- {"event":"rca_task_decision","ts":"2026-09-09T00:49:11.045485481Z","decision":"STALE_GENERATION","run_id":"5f001a6b-8b77-47af-a7eb-7d9ff3a81316","task_id":"ab13c21d-2b8b-4303-b243-290c1cf5fa1f","attempt_id":"a18e1e36-c18c-4eb2-ba8e-1cc7823f60d3","run_state":"SUPERSEDED"}
08:49:11.046 [main] WARN com.objwww.pr.control.alert.application.RcaRunOrchestrator -- task ab13c21d-2b8b-4303-b243-290c1cf5fa1f 旧代结果作废（run 5f001a6b-8b77-47af-a7eb-7d9ff3a81316 state=SUPERSEDED），task→STALE 零落档
[INFO] Tests run: 2, Failures: 0, Errors: 0, Skipped: 0, Time elapsed: 0.178 s -- in com.objwww.pr.control.it.AlertGenerationFenceIT
[INFO] Running com.objwww.pr.control.it.AlertEvidenceSnapshotIT
[INFO] Tests run: 3, Failures: 0, Errors: 0, Skipped: 0, Time elapsed: 0.228 s -- in com.objwww.pr.control.it.AlertEvidenceSnapshotIT
[INFO] 
[INFO] Results:
[INFO] 
[INFO] Tests run: 134, Failures: 0, Errors: 0, Skipped: 0
[INFO] 
[INFO] 
[INFO] --- failsafe:3.5.3:verify (default) @ control-app ---
[INFO] ------------------------------------------------------------------------
[INFO] BUILD SUCCESS
[INFO] ------------------------------------------------------------------------
[INFO] Total time:  55.073 s
[INFO] Finished at: 2026-09-09T08:49:11+08:00
[INFO] ------------------------------------------------------------------------
