[INFO] Scanning for projects...
[INFO] ------------------------------------------------------------------------
[INFO] Reactor Build Order:
[INFO] 
[INFO] pr-agent                                                           [pom]
[INFO] shared-kernel                                                      [jar]
[INFO] control-app                                                        [jar]
[INFO] order-arena                                                        [jar]
[INFO] arena-chaos-admin                                                  [jar]
[INFO] notify-app                                                         [jar]
[INFO] 
[INFO] -----------------------< com.objwww.pr:pr-agent >-----------------------
[INFO] Building pr-agent 0.0.1-SNAPSHOT                                   [1/6]
[INFO]   from pom.xml
[INFO] --------------------------------[ pom ]---------------------------------
[INFO] 
[INFO] --- clean:3.4.1:clean (default-clean) @ pr-agent ---
[INFO] 
[INFO] --- failsafe:3.5.3:integration-test (default) @ pr-agent ---
[INFO] No tests to run.
[INFO] 
[INFO] --- failsafe:3.5.3:verify (default) @ pr-agent ---
[INFO] No tests to run.
[INFO] 
[INFO] --------------------< com.objwww.pr:shared-kernel >---------------------
[INFO] Building shared-kernel 0.0.1-SNAPSHOT                              [2/6]
[INFO]   from shared-kernel/pom.xml
[INFO] --------------------------------[ jar ]---------------------------------
[INFO] 
[INFO] --- clean:3.4.1:clean (default-clean) @ shared-kernel ---
[INFO] Deleting /opt/projects/pr_agent_it/shared-kernel/target
[INFO] 
[INFO] --- resources:3.3.1:resources (default-resources) @ shared-kernel ---
[INFO] skip non existing resourceDirectory /opt/projects/pr_agent_it/shared-kernel/src/main/resources
[INFO] skip non existing resourceDirectory /opt/projects/pr_agent_it/shared-kernel/src/main/resources
[INFO] 
[INFO] --- compiler:3.13.0:compile (default-compile) @ shared-kernel ---
[INFO] Recompiling the module because of changed source code.
[INFO] Compiling 34 source files with javac [debug parameters release 21] to target/classes
[INFO] 
[INFO] --- resources:3.3.1:testResources (default-testResources) @ shared-kernel ---
[INFO] skip non existing resourceDirectory /opt/projects/pr_agent_it/shared-kernel/src/test/resources
[INFO] 
[INFO] --- compiler:3.13.0:testCompile (default-testCompile) @ shared-kernel ---
[INFO] Recompiling the module because of changed dependency.
[INFO] Compiling 7 source files with javac [debug parameters release 21] to target/test-classes
[INFO] 
[INFO] --- surefire:3.5.3:test (default-test) @ shared-kernel ---
[INFO] Using auto detected provider org.apache.maven.surefire.junitplatform.JUnitPlatformProvider
[INFO] 
[INFO] -------------------------------------------------------
[INFO]  T E S T S
[INFO] -------------------------------------------------------
SLF4J(W): No SLF4J providers were found.
SLF4J(W): Defaulting to no-operation (NOP) logger implementation
SLF4J(W): See https://www.slf4j.org/codes.html#noProviders for further details.
[INFO] Running com.objwww.pr.shared.DigestTest
[INFO] Tests run: 11, Failures: 0, Errors: 0, Skipped: 0, Time elapsed: 0.097 s -- in com.objwww.pr.shared.DigestTest
[INFO] Running com.objwww.pr.shared.OutboxStateMachineTest
[INFO] Tests run: 67, Failures: 0, Errors: 0, Skipped: 0, Time elapsed: 0.231 s -- in com.objwww.pr.shared.OutboxStateMachineTest
[INFO] Running com.objwww.pr.shared.TypedRequestTest
[INFO] Tests run: 4, Failures: 0, Errors: 0, Skipped: 0, Time elapsed: 0.006 s -- in com.objwww.pr.shared.TypedRequestTest
[INFO] Running com.objwww.pr.shared.DependencyVerdictEvaluatorTest
[INFO] Tests run: 17, Failures: 0, Errors: 0, Skipped: 0, Time elapsed: 0.119 s -- in com.objwww.pr.shared.DependencyVerdictEvaluatorTest
[INFO] Running com.objwww.pr.shared.RevisionFenceTest
[INFO] Tests run: 5, Failures: 0, Errors: 0, Skipped: 0, Time elapsed: 0.013 s -- in com.objwww.pr.shared.RevisionFenceTest
[INFO] Running com.objwww.pr.shared.SharedKernelArchitectureTest
[INFO] Tests run: 1, Failures: 0, Errors: 0, Skipped: 0, Time elapsed: 1.568 s -- in com.objwww.pr.shared.SharedKernelArchitectureTest
[INFO] Running com.objwww.pr.shared.snapshot.SafeTarExtractorTest
[INFO] Tests run: 3, Failures: 0, Errors: 0, Skipped: 0, Time elapsed: 0.031 s -- in com.objwww.pr.shared.snapshot.SafeTarExtractorTest
[INFO] 
[INFO] Results:
[INFO] 
[INFO] Tests run: 108, Failures: 0, Errors: 0, Skipped: 0
[INFO] 
[INFO] 
[INFO] --- jar:3.4.2:jar (default-jar) @ shared-kernel ---
[INFO] Building jar: /opt/projects/pr_agent_it/shared-kernel/target/shared-kernel-0.0.1-SNAPSHOT.jar
[INFO] 
[INFO] --- failsafe:3.5.3:integration-test (default) @ shared-kernel ---
[INFO] 
[INFO] --- failsafe:3.5.3:verify (default) @ shared-kernel ---
[INFO] No tests to run.
[INFO] 
[INFO] ---------------------< com.objwww.pr:control-app >----------------------
[INFO] Building control-app 0.0.1-SNAPSHOT                                [3/6]
[INFO]   from control-app/pom.xml
[INFO] --------------------------------[ jar ]---------------------------------
[INFO] 
[INFO] --- clean:3.4.1:clean (default-clean) @ control-app ---
[INFO] Deleting /opt/projects/pr_agent_it/control-app/target
[INFO] 
[INFO] --- resources:3.3.1:resources (default-resources) @ control-app ---
[INFO] Copying 3 resources from src/main/resources to target/classes
[INFO] Copying 33 resources from src/main/resources to target/classes
[INFO] 
[INFO] --- compiler:3.13.0:compile (default-compile) @ control-app ---
[INFO] Recompiling the module because of changed dependency.
[INFO] Compiling 437 source files with javac [debug parameters release 21] to target/classes
[WARNING] /opt/projects/pr_agent_it/control-app/src/main/java/com/objwww/pr/control/infrastructure/model/RawHttpErrorCapture.java:[23,17] handleError(org.springframework.http.client.ClientHttpResponse) in org.springframework.web.client.ResponseErrorHandler has been deprecated and marked for removal
[INFO] /opt/projects/pr_agent_it/control-app/src/main/java/com/objwww/pr/control/alert/application/agent/SingleToolEvidenceAgent.java: Some input files use unchecked or unsafe operations.
[INFO] /opt/projects/pr_agent_it/control-app/src/main/java/com/objwww/pr/control/alert/application/agent/SingleToolEvidenceAgent.java: Recompile with -Xlint:unchecked for details.
[INFO] 
[INFO] --- resources:3.3.1:testResources (default-testResources) @ control-app ---
[INFO] Copying 5 resources from src/test/resources to target/test-classes
[INFO] 
[INFO] --- compiler:3.13.0:testCompile (default-testCompile) @ control-app ---
[INFO] Recompiling the module because of changed dependency.
[INFO] Compiling 203 source files with javac [debug parameters release 21] to target/test-classes
[INFO] /opt/projects/pr_agent_it/control-app/src/test/java/com/objwww/pr/control/alert/application/replay/ShadowToolFaceTest.java: Some input files use or override a deprecated API.
[INFO] /opt/projects/pr_agent_it/control-app/src/test/java/com/objwww/pr/control/alert/application/replay/ShadowToolFaceTest.java: Recompile with -Xlint:deprecation for details.
[INFO] /opt/projects/pr_agent_it/control-app/src/test/java/com/objwww/pr/control/alert/application/PlanCompilerTest.java: Some input files use unchecked or unsafe operations.
[INFO] /opt/projects/pr_agent_it/control-app/src/test/java/com/objwww/pr/control/alert/application/PlanCompilerTest.java: Recompile with -Xlint:unchecked for details.
[INFO] 
[INFO] --- surefire:3.5.3:test (default-test) @ control-app ---
[INFO] Using auto detected provider org.apache.maven.surefire.junitplatform.JUnitPlatformProvider
[INFO] 
[INFO] -------------------------------------------------------
[INFO]  T E S T S
[INFO] -------------------------------------------------------
[INFO] Running com.objwww.pr.control.domain.review.ReviewAgentLoopTest
[INFO] Tests run: 7, Failures: 0, Errors: 0, Skipped: 0, Time elapsed: 0.496 s -- in com.objwww.pr.control.domain.review.ReviewAgentLoopTest
[INFO] Running com.objwww.pr.control.domain.review.FindingMapperTest
[INFO] Tests run: 7, Failures: 0, Errors: 0, Skipped: 0, Time elapsed: 0.023 s -- in com.objwww.pr.control.domain.review.FindingMapperTest
[INFO] Running com.objwww.pr.control.domain.statemachine.RunStateMachineTest
[INFO] Tests run: 3, Failures: 0, Errors: 0, Skipped: 0, Time elapsed: 0.015 s -- in com.objwww.pr.control.domain.statemachine.RunStateMachineTest
[INFO] Running com.objwww.pr.control.domain.statemachine.AttemptStatusMachineTest
[INFO] Tests run: 2, Failures: 0, Errors: 0, Skipped: 0, Time elapsed: 0.004 s -- in com.objwww.pr.control.domain.statemachine.AttemptStatusMachineTest
[INFO] Running com.objwww.pr.control.domain.statemachine.StepStateMachineTest
[INFO] Tests run: 2, Failures: 0, Errors: 0, Skipped: 0, Time elapsed: 0.004 s -- in com.objwww.pr.control.domain.statemachine.StepStateMachineTest
[INFO] Running com.objwww.pr.control.domain.ai.CircuitBreakerTest
[INFO] Tests run: 10, Failures: 0, Errors: 0, Skipped: 0, Time elapsed: 0.120 s -- in com.objwww.pr.control.domain.ai.CircuitBreakerTest
[INFO] Running com.objwww.pr.control.domain.ai.ModelRouterTest
[INFO] Tests run: 31, Failures: 0, Errors: 0, Skipped: 0, Time elapsed: 0.057 s -- in com.objwww.pr.control.domain.ai.ModelRouterTest
[INFO] Running com.objwww.pr.control.domain.ai.ModelBudgetGuardTest
[INFO] Tests run: 6, Failures: 0, Errors: 0, Skipped: 0, Time elapsed: 0.020 s -- in com.objwww.pr.control.domain.ai.ModelBudgetGuardTest
[INFO] Running com.objwww.pr.control.domain.ai.MockModelClientTest
[INFO] Tests run: 2, Failures: 0, Errors: 0, Skipped: 0, Time elapsed: 0.003 s -- in com.objwww.pr.control.domain.ai.MockModelClientTest
[INFO] Running com.objwww.pr.control.domain.ai.PricingServiceTest
[INFO] Tests run: 7, Failures: 0, Errors: 0, Skipped: 0, Time elapsed: 0.023 s -- in com.objwww.pr.control.domain.ai.PricingServiceTest
[INFO] Running com.objwww.pr.control.domain.ai.ModelStepBudgetGuardTest
[INFO] Tests run: 7, Failures: 0, Errors: 0, Skipped: 0, Time elapsed: 0.008 s -- in com.objwww.pr.control.domain.ai.ModelStepBudgetGuardTest
[INFO] Running com.objwww.pr.control.domain.tool.PolicyEngineTest
[INFO] Tests run: 4, Failures: 0, Errors: 0, Skipped: 0, Time elapsed: 0.012 s -- in com.objwww.pr.control.domain.tool.PolicyEngineTest
[INFO] Running com.objwww.pr.control.domain.model.PRRevisionTest
[INFO] Tests run: 2, Failures: 0, Errors: 0, Skipped: 0, Time elapsed: 0.011 s -- in com.objwww.pr.control.domain.model.PRRevisionTest
[INFO] Running com.objwww.pr.control.domain.snapshot.SafeTarExtractorTest
[INFO] Tests run: 14, Failures: 0, Errors: 0, Skipped: 0, Time elapsed: 0.206 s -- in com.objwww.pr.control.domain.snapshot.SafeTarExtractorTest
[INFO] Running com.objwww.pr.control.domain.service.ProjectorTest
[INFO] Tests run: 8, Failures: 0, Errors: 0, Skipped: 0, Time elapsed: 0.033 s -- in com.objwww.pr.control.domain.service.ProjectorTest
[INFO] Running com.objwww.pr.control.domain.service.RevisionServiceTest
[INFO] Tests run: 6, Failures: 0, Errors: 0, Skipped: 0, Time elapsed: 0.083 s -- in com.objwww.pr.control.domain.service.RevisionServiceTest
[INFO] Running com.objwww.pr.control.release.domain.model.ConfigBundleTest
[INFO] Tests run: 6, Failures: 0, Errors: 0, Skipped: 0, Time elapsed: 0.077 s -- in com.objwww.pr.control.release.domain.model.ConfigBundleTest
[INFO] Running com.objwww.pr.control.release.domain.service.CanaryBucketerTest
[INFO] Tests run: 7, Failures: 0, Errors: 0, Skipped: 0, Time elapsed: 0.074 s -- in com.objwww.pr.control.release.domain.service.CanaryBucketerTest
[INFO] Running com.objwww.pr.control.release.domain.service.CanaryWindowEvaluatorTest
[INFO] Tests run: 9, Failures: 0, Errors: 0, Skipped: 0, Time elapsed: 0.023 s -- in com.objwww.pr.control.release.domain.service.CanaryWindowEvaluatorTest
[INFO] Running com.objwww.pr.control.release.application.ConfigBundleServiceTest
01:22:19.330 [main] INFO com.objwww.pr.control.release.application.ConfigBundleService -- bundle 发布: 30ad808ed98886e339611e59f7bac711638e216776d0231c3aad2a5fe468382c revision=1 by=op policy=policy-2026-09
01:22:19.333 [main] INFO com.objwww.pr.control.release.application.ConfigBundleService -- bundle 发布: be840a4ff5d98fc58380e1ed2d6501f2a7edb25711430dc0e9023b687140db80 revision=2 by=op policy=policy-2026-09
01:22:19.334 [main] INFO com.objwww.pr.control.release.application.ConfigBundleService -- activate 落位: 30ad808ed98886e339611e59f7bac711638e216776d0231c3aad2a5fe468382c revision=1 by=op
01:22:19.337 [main] INFO com.objwww.pr.control.release.application.ConfigBundleService -- bundle 发布: 30ad808ed98886e339611e59f7bac711638e216776d0231c3aad2a5fe468382c revision=1 by=op policy=policy-2026-09
01:22:19.337 [main] INFO com.objwww.pr.control.release.application.ConfigBundleService -- activate 落位: 30ad808ed98886e339611e59f7bac711638e216776d0231c3aad2a5fe468382c revision=1 by=op
01:22:19.338 [main] INFO com.objwww.pr.control.release.application.ConfigBundleService -- bundle 发布: 30ad808ed98886e339611e59f7bac711638e216776d0231c3aad2a5fe468382c revision=1 by=op policy=policy-2026-09
01:22:19.338 [main] INFO com.objwww.pr.control.release.application.ConfigBundleService -- activate 落位: 30ad808ed98886e339611e59f7bac711638e216776d0231c3aad2a5fe468382c revision=1 by=op
01:22:19.340 [main] INFO com.objwww.pr.control.release.application.ConfigBundleService -- bundle 发布: 30ad808ed98886e339611e59f7bac711638e216776d0231c3aad2a5fe468382c revision=1 by=op policy=policy-2026-09
01:22:19.340 [main] INFO com.objwww.pr.control.release.application.ConfigBundleService -- bundle 发布: be840a4ff5d98fc58380e1ed2d6501f2a7edb25711430dc0e9023b687140db80 revision=2 by=op policy=policy-2026-09
01:22:19.340 [main] INFO com.objwww.pr.control.release.application.ConfigBundleService -- activate 落位: 30ad808ed98886e339611e59f7bac711638e216776d0231c3aad2a5fe468382c revision=1 by=op
01:22:19.340 [main] INFO com.objwww.pr.control.release.application.ConfigBundleService -- activate 落位: be840a4ff5d98fc58380e1ed2d6501f2a7edb25711430dc0e9023b687140db80 revision=2 by=op
01:22:19.341 [main] INFO com.objwww.pr.control.release.application.ConfigBundleService -- rollback 落位: 30ad808ed98886e339611e59f7bac711638e216776d0231c3aad2a5fe468382c revision=1 by=release-operator
01:22:19.344 [main] INFO com.objwww.pr.control.release.application.ConfigBundleService -- bundle 发布: 30ad808ed98886e339611e59f7bac711638e216776d0231c3aad2a5fe468382c revision=1 by=release-operator policy=policy-2026-09
01:22:19.344 [main] INFO com.objwww.pr.control.release.application.ConfigBundleService -- bundle 幂等重放: 30ad808ed98886e339611e59f7bac711638e216776d0231c3aad2a5fe468382c revision=1 by=release-operator
01:22:19.344 [main] INFO com.objwww.pr.control.release.application.ConfigBundleService -- bundle 发布: be840a4ff5d98fc58380e1ed2d6501f2a7edb25711430dc0e9023b687140db80 revision=2 by=release-operator policy=policy-2026-09
01:22:19.345 [main] INFO com.objwww.pr.control.release.application.ConfigBundleService -- bundle 发布: 30ad808ed98886e339611e59f7bac711638e216776d0231c3aad2a5fe468382c revision=1 by=op policy=policy-2026-09
01:22:19.346 [main] INFO com.objwww.pr.control.release.application.ConfigBundleService -- bundle 发布: be840a4ff5d98fc58380e1ed2d6501f2a7edb25711430dc0e9023b687140db80 revision=2 by=op policy=policy-2026-09
01:22:19.346 [main] INFO com.objwww.pr.control.release.application.ConfigBundleService -- activate 落位: 30ad808ed98886e339611e59f7bac711638e216776d0231c3aad2a5fe468382c revision=1 by=release-operator
01:22:19.346 [main] INFO com.objwww.pr.control.release.application.ConfigBundleService -- activate 落位: be840a4ff5d98fc58380e1ed2d6501f2a7edb25711430dc0e9023b687140db80 revision=2 by=release-operator
[INFO] Tests run: 7, Failures: 0, Errors: 0, Skipped: 0, Time elapsed: 0.032 s -- in com.objwww.pr.control.release.application.ConfigBundleServiceTest
[INFO] Running com.objwww.pr.control.release.application.CanaryRouterTest
01:22:19.369 [main] WARN com.objwww.pr.control.release.application.CanaryRouter -- canary 爆炸半径达上限，自动停放量: nativeRuns=1 cap=1 bundle=be2802f5ee3f3cd8b48e8bc1048f8896d2f57a771f977c998321f60f5eca0d3d
01:22:19.369 [main] WARN com.objwww.pr.control.release.application.CanaryRouter -- canary 爆炸半径达上限，自动停放量: nativeRuns=1 cap=1 bundle=be2802f5ee3f3cd8b48e8bc1048f8896d2f57a771f977c998321f60f5eca0d3d
[INFO] Tests run: 11, Failures: 0, Errors: 0, Skipped: 0, Time elapsed: 0.029 s -- in com.objwww.pr.control.release.application.CanaryRouterTest
[INFO] Running com.objwww.pr.control.release.interfaces.ConfigBundleControllerTest
01:22:19.835 [main] INFO org.springframework.mock.web.MockServletContext -- Initializing Spring TestDispatcherServlet ''
01:22:19.835 [main] INFO org.springframework.test.web.servlet.TestDispatcherServlet -- Initializing Servlet ''
01:22:19.838 [main] INFO org.springframework.test.web.servlet.TestDispatcherServlet -- Completed initialization in 2 ms
01:22:20.031 [main] INFO org.springframework.mock.web.MockServletContext -- Initializing Spring TestDispatcherServlet ''
01:22:20.031 [main] INFO org.springframework.test.web.servlet.TestDispatcherServlet -- Initializing Servlet ''
01:22:20.031 [main] INFO org.springframework.test.web.servlet.TestDispatcherServlet -- Completed initialization in 0 ms
01:22:20.036 [main] INFO com.objwww.pr.control.release.application.ConfigBundleService -- bundle 发布: 30ad808ed98886e339611e59f7bac711638e216776d0231c3aad2a5fe468382c revision=1 by=release-operator policy=policy-2026-09
01:22:20.076 [main] INFO com.objwww.pr.control.release.application.ConfigBundleService -- bundle 发布: be840a4ff5d98fc58380e1ed2d6501f2a7edb25711430dc0e9023b687140db80 revision=2 by=release-operator policy=policy-2026-09
01:22:20.080 [main] INFO com.objwww.pr.control.release.interfaces.ConfigBundleController -- config-bundle activate: digest=30ad808ed98886e339611e59f7bac711638e216776d0231c3aad2a5fe468382c body-keys=[]
01:22:20.080 [main] INFO com.objwww.pr.control.release.application.ConfigBundleService -- activate 落位: 30ad808ed98886e339611e59f7bac711638e216776d0231c3aad2a5fe468382c revision=1 by=release-operator
01:22:20.082 [main] INFO com.objwww.pr.control.release.interfaces.ConfigBundleController -- config-bundle activate: digest=be840a4ff5d98fc58380e1ed2d6501f2a7edb25711430dc0e9023b687140db80 body-keys=[]
01:22:20.083 [main] INFO com.objwww.pr.control.release.application.ConfigBundleService -- activate 落位: be840a4ff5d98fc58380e1ed2d6501f2a7edb25711430dc0e9023b687140db80 revision=2 by=release-operator
01:22:20.087 [main] INFO com.objwww.pr.control.release.interfaces.ConfigBundleController -- config-bundle rollback: digest=30ad808ed98886e339611e59f7bac711638e216776d0231c3aad2a5fe468382c body-keys=[toDigest]
01:22:20.088 [main] INFO com.objwww.pr.control.release.application.ConfigBundleService -- rollback 落位: 30ad808ed98886e339611e59f7bac711638e216776d0231c3aad2a5fe468382c revision=1 by=release-operator
01:22:20.093 [main] INFO com.objwww.pr.control.release.interfaces.ConfigBundleController -- config-bundle rollback: digest=null body-keys=[]
01:22:20.106 [main] INFO org.springframework.mock.web.MockServletContext -- Initializing Spring TestDispatcherServlet ''
01:22:20.106 [main] INFO org.springframework.test.web.servlet.TestDispatcherServlet -- Initializing Servlet ''
01:22:20.106 [main] INFO org.springframework.test.web.servlet.TestDispatcherServlet -- Completed initialization in 0 ms
01:22:20.114 [main] INFO com.objwww.pr.control.release.application.ConfigBundleService -- bundle 发布: 30ad808ed98886e339611e59f7bac711638e216776d0231c3aad2a5fe468382c revision=1 by=release-operator policy=policy-2026-09
01:22:20.120 [main] INFO com.objwww.pr.control.release.interfaces.ConfigBundleController -- config-bundle activate: digest=30ad808ed98886e339611e59f7bac711638e216776d0231c3aad2a5fe468382c body-keys=[]
01:22:20.120 [main] INFO com.objwww.pr.control.release.application.ConfigBundleService -- activate 落位: 30ad808ed98886e339611e59f7bac711638e216776d0231c3aad2a5fe468382c revision=1 by=release-operator
01:22:20.136 [main] INFO org.springframework.mock.web.MockServletContext -- Initializing Spring TestDispatcherServlet ''
01:22:20.136 [main] INFO org.springframework.test.web.servlet.TestDispatcherServlet -- Initializing Servlet ''
01:22:20.137 [main] INFO org.springframework.test.web.servlet.TestDispatcherServlet -- Completed initialization in 1 ms
01:22:20.163 [main] INFO org.springframework.mock.web.MockServletContext -- Initializing Spring TestDispatcherServlet ''
01:22:20.163 [main] INFO org.springframework.test.web.servlet.TestDispatcherServlet -- Initializing Servlet ''
01:22:20.163 [main] INFO org.springframework.test.web.servlet.TestDispatcherServlet -- Completed initialization in 0 ms
01:22:20.166 [main] INFO com.objwww.pr.control.release.application.ConfigBundleService -- bundle 发布: 30ad808ed98886e339611e59f7bac711638e216776d0231c3aad2a5fe468382c revision=1 by=release-operator policy=policy-2026-09
01:22:20.173 [main] INFO com.objwww.pr.control.release.application.ConfigBundleService -- bundle 幂等重放: 30ad808ed98886e339611e59f7bac711638e216776d0231c3aad2a5fe468382c revision=1 by=release-operator
01:22:20.183 [main] INFO org.springframework.mock.web.MockServletContext -- Initializing Spring TestDispatcherServlet ''
01:22:20.183 [main] INFO org.springframework.test.web.servlet.TestDispatcherServlet -- Initializing Servlet ''
01:22:20.183 [main] INFO org.springframework.test.web.servlet.TestDispatcherServlet -- Completed initialization in 0 ms
01:22:20.191 [main] INFO com.objwww.pr.control.release.application.ConfigBundleService -- bundle 发布: 30ad808ed98886e339611e59f7bac711638e216776d0231c3aad2a5fe468382c revision=1 by=release-operator policy=policy-2026-09
01:22:20.198 [main] INFO com.objwww.pr.control.release.application.ConfigBundleService -- bundle 发布: be840a4ff5d98fc58380e1ed2d6501f2a7edb25711430dc0e9023b687140db80 revision=2 by=release-operator policy=policy-2026-09
01:22:20.202 [main] INFO com.objwww.pr.control.release.interfaces.ConfigBundleController -- config-bundle activate: digest=30ad808ed98886e339611e59f7bac711638e216776d0231c3aad2a5fe468382c body-keys=[]
01:22:20.202 [main] INFO com.objwww.pr.control.release.application.ConfigBundleService -- activate 落位: 30ad808ed98886e339611e59f7bac711638e216776d0231c3aad2a5fe468382c revision=1 by=release-operator
01:22:20.205 [main] INFO com.objwww.pr.control.release.interfaces.ConfigBundleController -- config-bundle activate: digest=be840a4ff5d98fc58380e1ed2d6501f2a7edb25711430dc0e9023b687140db80 body-keys=[]
01:22:20.205 [main] WARN com.objwww.pr.control.release.application.ConfigBundleService -- activate CAS 竞争失败: target=be840a4ff5d98fc58380e1ed2d6501f2a7edb25711430dc0e9023b687140db80 by=release-operator
01:22:20.218 [main] INFO org.springframework.mock.web.MockServletContext -- Initializing Spring TestDispatcherServlet ''
01:22:20.218 [main] INFO org.springframework.test.web.servlet.TestDispatcherServlet -- Initializing Servlet ''
01:22:20.218 [main] INFO org.springframework.test.web.servlet.TestDispatcherServlet -- Completed initialization in 0 ms
01:22:20.221 [main] INFO com.objwww.pr.control.release.application.ConfigBundleService -- bundle 发布: 30ad808ed98886e339611e59f7bac711638e216776d0231c3aad2a5fe468382c revision=1 by=release-operator policy=policy-2026-09
01:22:20.227 [main] INFO com.objwww.pr.control.release.interfaces.ConfigBundleController -- config-bundle activate: digest=30ad808ed98886e339611e59f7bac711638e216776d0231c3aad2a5fe468382c body-keys=[]
01:22:20.227 [main] INFO com.objwww.pr.control.release.application.ConfigBundleService -- activate 落位: 30ad808ed98886e339611e59f7bac711638e216776d0231c3aad2a5fe468382c revision=1 by=release-operator
01:22:20.234 [main] INFO com.objwww.pr.control.release.interfaces.ConfigBundleController -- config-bundle activate: digest=30ad808ed98886e339611e59f7bac711638e216776d0231c3aad2a5fe468382c body-keys=[]
01:22:20.239 [main] INFO com.objwww.pr.control.release.interfaces.ConfigBundleController -- config-bundle activate: digest=ead6ef03d61ee60c533d6d450c50a1e559a8a37f6b796a4094cd0dac6b744428 body-keys=[]
[INFO] Tests run: 7, Failures: 0, Errors: 0, Skipped: 0, Time elapsed: 0.858 s -- in com.objwww.pr.control.release.interfaces.ConfigBundleControllerTest
[INFO] Running com.objwww.pr.control.release.interfaces.CanaryStatusControllerTest
01:22:20.267 [main] INFO org.springframework.mock.web.MockServletContext -- Initializing Spring TestDispatcherServlet ''
01:22:20.267 [main] INFO org.springframework.test.web.servlet.TestDispatcherServlet -- Initializing Servlet ''
01:22:20.267 [main] INFO org.springframework.test.web.servlet.TestDispatcherServlet -- Completed initialization in 0 ms
01:22:20.291 [main] INFO org.springframework.mock.web.MockServletContext -- Initializing Spring TestDispatcherServlet ''
01:22:20.291 [main] INFO org.springframework.test.web.servlet.TestDispatcherServlet -- Initializing Servlet ''
01:22:20.291 [main] INFO org.springframework.test.web.servlet.TestDispatcherServlet -- Completed initialization in 0 ms
01:22:20.339 [main] INFO org.springframework.mock.web.MockServletContext -- Initializing Spring TestDispatcherServlet ''
01:22:20.339 [main] INFO org.springframework.test.web.servlet.TestDispatcherServlet -- Initializing Servlet ''
01:22:20.339 [main] INFO org.springframework.test.web.servlet.TestDispatcherServlet -- Completed initialization in 0 ms
01:22:20.361 [main] INFO org.springframework.mock.web.MockServletContext -- Initializing Spring TestDispatcherServlet ''
01:22:20.361 [main] INFO org.springframework.test.web.servlet.TestDispatcherServlet -- Initializing Servlet ''
01:22:20.361 [main] INFO org.springframework.test.web.servlet.TestDispatcherServlet -- Completed initialization in 0 ms
01:22:20.369 [main] INFO org.springframework.mock.web.MockServletContext -- Initializing Spring TestDispatcherServlet ''
01:22:20.370 [main] INFO org.springframework.test.web.servlet.TestDispatcherServlet -- Initializing Servlet ''
01:22:20.370 [main] INFO org.springframework.test.web.servlet.TestDispatcherServlet -- Completed initialization in 0 ms
[INFO] Tests run: 5, Failures: 0, Errors: 0, Skipped: 0, Time elapsed: 0.130 s -- in com.objwww.pr.control.release.interfaces.CanaryStatusControllerTest
[INFO] Running com.objwww.pr.control.eval.domain.statemachine.GoldenCandidateStateMachineTest
[INFO] Tests run: 2, Failures: 0, Errors: 0, Skipped: 0, Time elapsed: 0.011 s -- in com.objwww.pr.control.eval.domain.statemachine.GoldenCandidateStateMachineTest
[INFO] Running com.objwww.pr.control.eval.domain.ScenarioMetricsTest
[INFO] Tests run: 5, Failures: 0, Errors: 0, Skipped: 0, Time elapsed: 0.014 s -- in com.objwww.pr.control.eval.domain.ScenarioMetricsTest
[INFO] Running com.objwww.pr.control.eval.domain.SynonymLexiconTest
[INFO] Tests run: 5, Failures: 0, Errors: 0, Skipped: 0, Time elapsed: 0.076 s -- in com.objwww.pr.control.eval.domain.SynonymLexiconTest
[INFO] Running com.objwww.pr.control.eval.domain.litellm.UsageLedgerReconcilerTest
[INFO] Tests run: 12, Failures: 0, Errors: 0, Skipped: 0, Time elapsed: 0.036 s -- in com.objwww.pr.control.eval.domain.litellm.UsageLedgerReconcilerTest
[INFO] Running com.objwww.pr.control.eval.domain.GoldenScenarioRegistryTest
[INFO] Tests run: 4, Failures: 0, Errors: 0, Skipped: 0, Time elapsed: 0.037 s -- in com.objwww.pr.control.eval.domain.GoldenScenarioRegistryTest
[INFO] Running com.objwww.pr.control.eval.domain.port.DatasetAdapterTest
[INFO] Tests run: 5, Failures: 0, Errors: 0, Skipped: 0, Time elapsed: 0.014 s -- in com.objwww.pr.control.eval.domain.port.DatasetAdapterTest
[INFO] Running com.objwww.pr.control.eval.domain.model.SamplingFingerprintTest
[INFO] Tests run: 6, Failures: 0, Errors: 0, Skipped: 0, Time elapsed: 0.015 s -- in com.objwww.pr.control.eval.domain.model.SamplingFingerprintTest
[INFO] Running com.objwww.pr.control.eval.domain.model.EvalCaseV1Test
[INFO] Tests run: 3, Failures: 0, Errors: 0, Skipped: 0, Time elapsed: 0.003 s -- in com.objwww.pr.control.eval.domain.model.EvalCaseV1Test
[INFO] Running com.objwww.pr.control.eval.domain.model.DatasetVersionTest
[INFO] Tests run: 3, Failures: 0, Errors: 0, Skipped: 0, Time elapsed: 0.003 s -- in com.objwww.pr.control.eval.domain.model.DatasetVersionTest
[INFO] Running com.objwww.pr.control.eval.domain.model.CaseVersionTest
[INFO] Tests run: 4, Failures: 0, Errors: 0, Skipped: 0, Time elapsed: 0.004 s -- in com.objwww.pr.control.eval.domain.model.CaseVersionTest
[INFO] Running com.objwww.pr.control.eval.domain.EvalRunMetadataTest
[INFO] Tests run: 4, Failures: 0, Errors: 0, Skipped: 0, Time elapsed: 0.007 s -- in com.objwww.pr.control.eval.domain.EvalRunMetadataTest
[INFO] Running com.objwww.pr.control.eval.domain.EvalCaseResultTest
[INFO] Tests run: 3, Failures: 0, Errors: 0, Skipped: 0, Time elapsed: 0.007 s -- in com.objwww.pr.control.eval.domain.EvalCaseResultTest
[INFO] Running com.objwww.pr.control.eval.domain.service.SafetyGateTest
[INFO] Tests run: 8, Failures: 0, Errors: 0, Skipped: 0, Time elapsed: 0.015 s -- in com.objwww.pr.control.eval.domain.service.SafetyGateTest
[INFO] Running com.objwww.pr.control.eval.domain.service.QualityGateTest
[INFO] Tests run: 13, Failures: 0, Errors: 0, Skipped: 0, Time elapsed: 0.010 s -- in com.objwww.pr.control.eval.domain.service.QualityGateTest
[INFO] Running com.objwww.pr.control.eval.domain.service.SixDimEvaluatorTest
[INFO] Tests run: 11, Failures: 0, Errors: 0, Skipped: 0, Time elapsed: 0.009 s -- in com.objwww.pr.control.eval.domain.service.SixDimEvaluatorTest
[INFO] Running com.objwww.pr.control.eval.domain.service.HypothesisSearchServiceTest
[INFO] Tests run: 5, Failures: 0, Errors: 0, Skipped: 0, Time elapsed: 0.006 s -- in com.objwww.pr.control.eval.domain.service.HypothesisSearchServiceTest
[INFO] Running com.objwww.pr.control.eval.domain.service.PairedTrialStatsTest
[INFO] Tests run: 8, Failures: 0, Errors: 0, Skipped: 0, Time elapsed: 0.019 s -- in com.objwww.pr.control.eval.domain.service.PairedTrialStatsTest
[INFO] Running com.objwww.pr.control.eval.infrastructure.adapter.OrderArenaAdapterTest
[INFO] Tests run: 2, Failures: 0, Errors: 0, Skipped: 0, Time elapsed: 0.003 s -- in com.objwww.pr.control.eval.infrastructure.adapter.OrderArenaAdapterTest
[INFO] Running com.objwww.pr.control.eval.infrastructure.adapter.RcaEvalAdapterTest
[INFO] Tests run: 1, Failures: 0, Errors: 0, Skipped: 0, Time elapsed: 0.002 s -- in com.objwww.pr.control.eval.infrastructure.adapter.RcaEvalAdapterTest
[INFO] Running com.objwww.pr.control.eval.infrastructure.adapter.Rca100AdapterTest
[INFO] Tests run: 3, Failures: 0, Errors: 0, Skipped: 0, Time elapsed: 0.006 s -- in com.objwww.pr.control.eval.infrastructure.adapter.Rca100AdapterTest
[INFO] Running com.objwww.pr.control.eval.infrastructure.identity.DatasetPartitionAccessTest
[INFO] Tests run: 4, Failures: 0, Errors: 0, Skipped: 0, Time elapsed: 0.007 s -- in com.objwww.pr.control.eval.infrastructure.identity.DatasetPartitionAccessTest
[INFO] Running com.objwww.pr.control.eval.application.UsageLedgerServiceTest
01:22:20.707 [main] WARN com.objwww.pr.control.eval.application.UsageLedgerService -- SpendLogs 查询失败，usage 对账降级 UNMATCHED（run=d31b5fca-0741-4fff-bd59-51d12975e77c）: LiteLLM /spend/logs 调用失败: HTTP 500
01:22:20.709 [main] WARN com.objwww.pr.control.eval.application.UsageLedgerService -- usage 对账: run=d31b5fca-0741-4fff-bd59-51d12975e77c 取得 proxy 行数=1
01:22:20.710 [main] WARN com.objwww.pr.control.eval.application.UsageLedgerService -- LiteLLM 未配置（app.alert.eval.litellm.base-url 为空），usage 对账按 chain③ 降级 UNMATCHED/BEST_EFFORT
01:22:20.710 [main] WARN com.objwww.pr.control.eval.application.UsageLedgerService -- LiteLLM 未配置（app.alert.eval.litellm.base-url 为空），usage 对账按 chain③ 降级 UNMATCHED/BEST_EFFORT
01:22:20.714 [main] WARN com.objwww.pr.control.eval.application.UsageLedgerService -- usage_json 解析失败按 usage_missing 落账: attempt=0f6a8307-512a-48f0-96f1-56a25a32c41e
01:22:20.714 [main] WARN com.objwww.pr.control.eval.application.UsageLedgerService -- LiteLLM 未配置（app.alert.eval.litellm.base-url 为空），usage 对账按 chain③ 降级 UNMATCHED/BEST_EFFORT
[INFO] Tests run: 5, Failures: 0, Errors: 0, Skipped: 0, Time elapsed: 0.010 s -- in com.objwww.pr.control.eval.application.UsageLedgerServiceTest
[INFO] Running com.objwww.pr.control.eval.application.BaselineReportGeneratorTest
[INFO] Tests run: 5, Failures: 0, Errors: 0, Skipped: 0, Time elapsed: 0.020 s -- in com.objwww.pr.control.eval.application.BaselineReportGeneratorTest
[INFO] Running com.objwww.pr.control.eval.application.EvalGateRunnerTest
[INFO] Tests run: 4, Failures: 0, Errors: 0, Skipped: 0, Time elapsed: 0.014 s -- in com.objwww.pr.control.eval.application.EvalGateRunnerTest
[INFO] Running com.objwww.pr.control.eval.application.SingleCaseScorerTest
[INFO] Tests run: 6, Failures: 0, Errors: 0, Skipped: 0, Time elapsed: 0.023 s -- in com.objwww.pr.control.eval.application.SingleCaseScorerTest
[INFO] Running com.objwww.pr.control.eval.application.FinalReportSelectorTest
[INFO] Tests run: 3, Failures: 0, Errors: 0, Skipped: 0, Time elapsed: 0.007 s -- in com.objwww.pr.control.eval.application.FinalReportSelectorTest
[INFO] Running com.objwww.pr.control.eval.application.ScenarioEvaluatorTest
[INFO] Tests run: 5, Failures: 0, Errors: 0, Skipped: 0, Time elapsed: 0.005 s -- in com.objwww.pr.control.eval.application.ScenarioEvaluatorTest
[INFO] Running com.objwww.pr.control.eval.application.EvalBatchRunnerTest
01:22:20.792 [main] WARN com.objwww.pr.control.eval.application.EvalBatchRunner -- 场景 S1 第 1 轮注入失败: flagd admin down
[INFO] Tests run: 4, Failures: 0, Errors: 0, Skipped: 0, Time elapsed: 0.024 s -- in com.objwww.pr.control.eval.application.EvalBatchRunnerTest
[INFO] Running com.objwww.pr.control.eval.application.GoldenCandidateServiceTest
[INFO] Tests run: 8, Failures: 0, Errors: 0, Skipped: 0, Time elapsed: 0.019 s -- in com.objwww.pr.control.eval.application.GoldenCandidateServiceTest
[INFO] Running com.objwww.pr.control.eval.application.EvalRunnerProfileIsolationTest
[INFO] Tests run: 2, Failures: 0, Errors: 0, Skipped: 0, Time elapsed: 0.511 s -- in com.objwww.pr.control.eval.application.EvalRunnerProfileIsolationTest
[INFO] Running com.objwww.pr.control.infrastructure.config.AlertAm4ConfigTest
[INFO] Tests run: 4, Failures: 0, Errors: 0, Skipped: 0, Time elapsed: 0.008 s -- in com.objwww.pr.control.infrastructure.config.AlertAm4ConfigTest
[INFO] Running com.objwww.pr.control.infrastructure.config.NativeCapabilityProbeTest
[INFO] Tests run: 5, Failures: 0, Errors: 0, Skipped: 0, Time elapsed: 0.008 s -- in com.objwww.pr.control.infrastructure.config.NativeCapabilityProbeTest
[INFO] Running com.objwww.pr.control.infrastructure.litellm.HttpLiteLlmAdminClientTest
[INFO] Tests run: 4, Failures: 0, Errors: 0, Skipped: 0, Time elapsed: 0.191 s -- in com.objwww.pr.control.infrastructure.litellm.HttpLiteLlmAdminClientTest
[INFO] Running com.objwww.pr.control.infrastructure.holmes.ToolCallAdapterTest
[INFO] Tests run: 3, Failures: 0, Errors: 0, Skipped: 0, Time elapsed: 0.010 s -- in com.objwww.pr.control.infrastructure.holmes.ToolCallAdapterTest
[INFO] Running com.objwww.pr.control.infrastructure.holmes.HolmesErrorClassifierTest
[INFO] Tests run: 6, Failures: 0, Errors: 0, Skipped: 0, Time elapsed: 0.004 s -- in com.objwww.pr.control.infrastructure.holmes.HolmesErrorClassifierTest
[INFO] Running com.objwww.pr.control.infrastructure.holmes.HolmesResponseParserTest
[INFO] Tests run: 8, Failures: 0, Errors: 0, Skipped: 0, Time elapsed: 0.021 s -- in com.objwww.pr.control.infrastructure.holmes.HolmesResponseParserTest
[INFO] Running com.objwww.pr.control.infrastructure.holmes.HolmesInvestigationExecutorWireMockTest
01:22:22.364 [main] INFO com.objwww.pr.control.infrastructure.holmes.HolmesInvestigationExecutor -- {"event":"rca_attempt_finished","ts":"2026-09-08T17:22:22.364179024Z","validation_status":"REJECTED_SCHEMA_VERSION","attempt_id":"2f6ad79c-2c08-4806-965e-82c808b4c278","run_id":"d53dda1c-8663-4b24-8309-ca968531dbdc","task_id":"b3938588-7dc4-448e-9ee7-f99a152e90fa","latency_ms":0,"usage_missing":true}
01:22:22.455 [main] INFO com.objwww.pr.control.infrastructure.holmes.HolmesInvestigationExecutor -- {"event":"rca_attempt_finished","ts":"2026-09-08T17:22:22.455414785Z","validation_status":"STRUCTURE_VALIDATED","attempt_id":"8bc38e3a-9fca-4710-84c0-4cf80de4593b","run_id":"6dda8446-1dd7-4204-a913-0842790a3e9d","task_id":"86248b80-e93a-412d-988c-997ea800e15f","latency_ms":0,"usage_missing":false}
01:22:22.486 [main] INFO com.objwww.pr.control.infrastructure.holmes.HolmesInvestigationExecutor -- {"event":"rca_attempt_finished","ts":"2026-09-08T17:22:22.486741636Z","validation_status":"STRUCTURE_VALIDATED","attempt_id":"70edbd5e-b1da-4604-8b81-3fc1b7435aed","run_id":"8b2573d7-195f-490d-95df-1263ea143456","task_id":"2184631f-43ba-4730-a7e2-89b709145c11","latency_ms":0,"usage_missing":false}
01:22:22.522 [main] INFO com.objwww.pr.control.infrastructure.holmes.HolmesInvestigationExecutor -- {"event":"rca_attempt_finished","ts":"2026-09-08T17:22:22.522566054Z","validation_status":"REJECTED_MALFORMED","attempt_id":"97ad335a-2982-4fbd-997f-cac0acf78964","run_id":"4edc47e8-21d3-4720-87f1-a16e4de47452","task_id":"a8a83fd9-a2a0-40ba-a77f-59f4605761f5","latency_ms":0,"usage_missing":true}
01:22:22.595 [main] INFO com.objwww.pr.control.infrastructure.holmes.HolmesInvestigationExecutor -- {"event":"rca_attempt_finished","ts":"2026-09-08T17:22:22.595449597Z","validation_status":"STRUCTURE_VALIDATED","attempt_id":"577c51d6-99ef-4796-9085-85c540869f29","run_id":"9e438802-0acb-4bc2-8a4e-aa75e35a358f","task_id":"6a74a2c7-3a77-4e28-aecc-2adff419a99a","latency_ms":0,"usage_missing":true}
01:22:22.645 [main] INFO com.objwww.pr.control.infrastructure.holmes.HolmesInvestigationExecutor -- {"event":"rca_attempt_finished","ts":"2026-09-08T17:22:22.645272245Z","validation_status":"STRUCTURE_VALIDATED","attempt_id":"e5b110e4-1a56-4a89-be3d-dbec413f0588","run_id":"fa7e7a4f-0e4d-4a15-8833-398947ae541a","task_id":"84015657-1b67-4f62-a43b-30a151c7d918","latency_ms":0,"usage_missing":true}
01:22:22.704 [main] INFO com.objwww.pr.control.infrastructure.holmes.HolmesInvestigationExecutor -- {"event":"rca_attempt_finished","ts":"2026-09-08T17:22:22.704332788Z","validation_status":"STRUCTURE_VALIDATED","attempt_id":"f1f425f1-377a-46fd-acf3-185425c23f95","run_id":"7548d0b8-db2e-4386-8c95-300318833962","task_id":"1db346fa-9494-4420-a1e6-b1cae73a84e7","latency_ms":0,"usage_missing":false}
01:22:22.731 [main] INFO com.objwww.pr.control.infrastructure.holmes.HolmesInvestigationExecutor -- {"event":"rca_attempt_finished","ts":"2026-09-08T17:22:22.731037315Z","validation_status":"STRUCTURE_VALIDATED","attempt_id":"e6676ace-a101-4c12-9294-8013e185b9e6","run_id":"e782472b-75e4-4682-9e1d-ce045bccb8cd","task_id":"19bb64b7-92ed-4a45-87da-5f681bfc7940","latency_ms":0,"usage_missing":false}
01:22:23.920 [main] INFO com.objwww.pr.control.infrastructure.holmes.HolmesInvestigationExecutor -- {"event":"rca_attempt_finished","ts":"2026-09-08T17:22:23.920719706Z","validation_status":"STRUCTURE_VALIDATED","attempt_id":"8fef432a-6865-4e1f-a1b8-76a567c1c3c9","run_id":"151ce372-dfbe-4976-a604-7429ecb27763","task_id":"516f17d5-16ee-4291-9f45-a91a526ac30a","latency_ms":0,"usage_missing":false}
01:22:23.971 [main] INFO com.objwww.pr.control.infrastructure.holmes.HolmesInvestigationExecutor -- {"event":"rca_attempt_finished","ts":"2026-09-08T17:22:23.971897646Z","validation_status":"STRUCTURE_VALIDATED","attempt_id":"f9119b67-3419-4be7-8f0e-f17d3496c7ff","run_id":"66cb4352-0677-41c6-b169-bc6f3ff79653","task_id":"b1f1387a-9016-4e26-9d6e-d5fd5383f2a3","latency_ms":0,"usage_missing":false}
01:22:23.996 [main] INFO com.objwww.pr.control.infrastructure.holmes.HolmesInvestigationExecutor -- {"event":"rca_attempt_finished","ts":"2026-09-08T17:22:23.996322569Z","validation_status":"REJECTED_SCHEMA_MISMATCH","attempt_id":"5fa5bb42-1583-4df8-a03d-9572e35c48a7","run_id":"6257e7c3-75d0-4e37-89fd-3c22e0d4ddb0","task_id":"3ff7d563-476a-4b1f-831d-685582d3f4f4","latency_ms":0,"usage_missing":false}
01:22:24.011 [main] INFO com.objwww.pr.control.infrastructure.holmes.HolmesInvestigationExecutor -- {"event":"rca_attempt_finished","ts":"2026-09-08T17:22:24.011714092Z","validation_status":"REJECTED_OVERSIZE","attempt_id":"13e2a47e-c29c-4491-bf9a-10fd46bff28f","run_id":"b85a7cef-7145-4701-8840-0e55180c2c44","task_id":"31242d81-8d3e-4836-a39c-dff141d05d32","latency_ms":0,"usage_missing":true}
01:22:24.035 [main] INFO com.objwww.pr.control.infrastructure.holmes.HolmesInvestigationExecutor -- {"event":"rca_attempt_finished","ts":"2026-09-08T17:22:24.034920811Z","validation_status":"REJECTED_SCHEMA_MISMATCH","attempt_id":"3736d289-431c-4ee5-9a4a-9e452df2d27c","run_id":"d63312e2-4f32-4ee3-89e8-c03d3125f49d","task_id":"de87e6fa-3830-436e-8405-e0ab77aa61ec","latency_ms":0,"usage_missing":true}
01:22:24.053 [main] INFO com.objwww.pr.control.infrastructure.holmes.HolmesInvestigationExecutor -- {"event":"rca_attempt_finished","ts":"2026-09-08T17:22:24.053271066Z","validation_status":"REJECTED_MALFORMED","attempt_id":"ed908d20-bbad-42c2-a650-4e20181f6e70","run_id":"7946e4bf-3533-4df7-8a94-6c9a6baf591f","task_id":"30d9023a-05d6-4574-926c-b1dd77e2a55d","latency_ms":0,"usage_missing":true}
[INFO] Tests run: 20, Failures: 0, Errors: 0, Skipped: 0, Time elapsed: 2.464 s -- in com.objwww.pr.control.infrastructure.holmes.HolmesInvestigationExecutorWireMockTest
[INFO] Running com.objwww.pr.control.infrastructure.nativeexec.NativeInvestigationExecutorTest
01:22:24.079 [main] INFO com.objwww.pr.control.alert.application.DeterministicSupervisor -- {"event":"am4_run_reporting","ts":"2026-09-08T17:22:24.079670878Z","run_id":"090aa249-dbbf-43eb-97c1-163bec736c9f"}
01:22:24.079 [main] INFO com.objwww.pr.control.alert.application.DeterministicSupervisor -- run 090aa249-dbbf-43eb-97c1-163bec736c9f 全任务终态 → REPORTING（报告链组装）
01:22:24.089 [main] INFO com.objwww.pr.control.infrastructure.nativeexec.NativeInvestigationExecutor -- native 全链完成 run=090aa249-dbbf-43eb-97c1-163bec736c9f reportOutcome=CONFIRMED claims=1 validation=STRUCTURE_VALIDATED 快照=6582eb7268b061d956d770afc2cfeb4f2b9435fa97143db05f1e256d97a047d7
01:22:24.094 [main] INFO com.objwww.pr.control.alert.application.RcaRunOrchestrator -- {"event":"rca_task_decision","ts":"2026-09-08T17:22:24.094883103Z","attempt_id":"db16ed41-ffaf-473b-be80-403d87af91a0","task_id":"5d7b1493-d3a3-4b88-b89b-410fd44ac580","run_id":"090aa249-dbbf-43eb-97c1-163bec736c9f","decision":"COMPLETED","latency_ms":0}
01:22:24.097 [main] INFO com.objwww.pr.control.alert.application.DeterministicSupervisor -- {"event":"am4_plan_rejected","ts":"2026-09-08T17:22:24.097817860Z","run_id":"d6a5c27b-8b5d-44f3-a00b-91945e4a1321","reason":"schema_version 必须为 am4-plan.v1，实际: bogus"}
01:22:24.098 [main] WARN com.objwww.pr.control.alert.application.DeterministicSupervisor -- run d6a5c27b-8b5d-44f3-a00b-91945e4a1321 提案被确定性拒绝 → FAILED（schema_version 必须为 am4-plan.v1，实际: bogus）
[INFO] Tests run: 3, Failures: 0, Errors: 0, Skipped: 0, Time elapsed: 0.042 s -- in com.objwww.pr.control.infrastructure.nativeexec.NativeInvestigationExecutorTest
[INFO] Running com.objwww.pr.control.infrastructure.persistence.Am5MigrationContractTest
[INFO] Tests run: 21, Failures: 0, Errors: 0, Skipped: 0, Time elapsed: 0.037 s -- in com.objwww.pr.control.infrastructure.persistence.Am5MigrationContractTest
[INFO] Running com.objwww.pr.control.infrastructure.persistence.Am6MigrationContractTest
[INFO] Tests run: 4, Failures: 0, Errors: 0, Skipped: 0, Time elapsed: 0.004 s -- in com.objwww.pr.control.infrastructure.persistence.Am6MigrationContractTest
[INFO] Running com.objwww.pr.control.infrastructure.persistence.PostgresClaimTaskKeyFilterContractTest
[INFO] Tests run: 2, Failures: 0, Errors: 0, Skipped: 0, Time elapsed: 0.003 s -- in com.objwww.pr.control.infrastructure.persistence.PostgresClaimTaskKeyFilterContractTest
[INFO] Running com.objwww.pr.control.infrastructure.persistence.M7MigrationContractTest
[INFO] Tests run: 7, Failures: 0, Errors: 0, Skipped: 0, Time elapsed: 0.015 s -- in com.objwww.pr.control.infrastructure.persistence.M7MigrationContractTest
[INFO] Running com.objwww.pr.control.infrastructure.persistence.PostgresArchiveManifestRepositoryFenceTest
[INFO] Tests run: 1, Failures: 0, Errors: 0, Skipped: 0, Time elapsed: 0.002 s -- in com.objwww.pr.control.infrastructure.persistence.PostgresArchiveManifestRepositoryFenceTest
[INFO] Running com.objwww.pr.control.infrastructure.selfcheck.ControlSelfCheckTest
01:22:24.172 [main] INFO com.objwww.pr.control.infrastructure.selfcheck.StartupSelfCheckRunner -- [control] 启动自检通过（B25 运行时门）
[INFO] Tests run: 6, Failures: 0, Errors: 0, Skipped: 0, Time elapsed: 0.007 s -- in com.objwww.pr.control.infrastructure.selfcheck.ControlSelfCheckTest
[INFO] Running com.objwww.pr.control.infrastructure.tool.PrometheusMetricsWireMockTest
[INFO] Tests run: 3, Failures: 0, Errors: 0, Skipped: 0, Time elapsed: 0.200 s -- in com.objwww.pr.control.infrastructure.tool.PrometheusMetricsWireMockTest
[INFO] Running com.objwww.pr.control.infrastructure.github.HttpCredentialTokenPortTest
[INFO] Tests run: 3, Failures: 0, Errors: 0, Skipped: 0, Time elapsed: 0.033 s -- in com.objwww.pr.control.infrastructure.github.HttpCredentialTokenPortTest
[INFO] Running com.objwww.pr.control.infrastructure.model.SpringAiModelClientTest
Mockito is currently self-attaching to enable the inline-mock-maker. This will no longer work in future releases of the JDK. Please add Mockito as an agent to your build what is described in Mockito's documentation: https://javadoc.io/doc/org.mockito/mockito-core/latest/org/mockito/Mockito.html#0.3
OpenJDK 64-Bit Server VM warning: Sharing is only supported for boot loader classes because bootstrap classpath has been appended
WARNING: A Java agent has been loaded dynamically (/root/.m2/repository/net/bytebuddy/byte-buddy-agent/1.15.11/byte-buddy-agent-1.15.11.jar)
WARNING: If a serviceability tool is in use, please run with -XX:+EnableDynamicAgentLoading to hide this warning
WARNING: If a serviceability tool is not in use, please run with -Djdk.instrument.traceUsage for more information
WARNING: Dynamic loading of agents will be disallowed by default in a future release
[INFO] Tests run: 6, Failures: 0, Errors: 0, Skipped: 0, Time elapsed: 1.022 s -- in com.objwww.pr.control.infrastructure.model.SpringAiModelClientTest
[INFO] Running com.objwww.pr.control.infrastructure.model.ProviderErrorClassifierTest
[INFO] Tests run: 17, Failures: 0, Errors: 0, Skipped: 0, Time elapsed: 0.039 s -- in com.objwww.pr.control.infrastructure.model.ProviderErrorClassifierTest
[INFO] Running com.objwww.pr.control.infrastructure.observability.GatusProbeConfigContractTest
[INFO] Tests run: 4, Failures: 0, Errors: 0, Skipped: 0, Time elapsed: 0.014 s -- in com.objwww.pr.control.infrastructure.observability.GatusProbeConfigContractTest
[INFO] Running com.objwww.pr.control.infrastructure.observability.StructuredLogTest
01:22:25.509 [main] INFO structured-log-test -- {"event":"e","ts":"2026-09-08T17:22:25.508999514Z","error":null}
01:22:25.511 [main] INFO structured-log-test -- {"event":"e","ts":"2026-09-08T17:22:25.511458855Z","secret_like":"quote\" and\nnewline\ttab"}
01:22:25.513 [main] INFO structured-log-test -- {"event":"rca_task_decision","ts":"2026-09-08T17:22:25.513722337Z","run_id":"r-1","decision":"COMPLETED","latency_ms":42}
01:22:25.520 [main] WARN structured-log-test -- structured log 序列化失败 event=e
[INFO] Tests run: 4, Failures: 0, Errors: 0, Skipped: 0, Time elapsed: 0.017 s -- in com.objwww.pr.control.infrastructure.observability.StructuredLogTest
[INFO] Running com.objwww.pr.control.infrastructure.observability.AlertMetricsLabelAllowlistTest
[INFO] Tests run: 3, Failures: 0, Errors: 0, Skipped: 0, Time elapsed: 0.014 s -- in com.objwww.pr.control.infrastructure.observability.AlertMetricsLabelAllowlistTest
[INFO] Running com.objwww.pr.control.infrastructure.observability.ControlCollectorConfigContractTest
[INFO] Tests run: 3, Failures: 0, Errors: 0, Skipped: 0, Time elapsed: 0.016 s -- in com.objwww.pr.control.infrastructure.observability.ControlCollectorConfigContractTest
[INFO] Running com.objwww.pr.control.infrastructure.observability.TracedTasksTest
Sep 09, 2026 1:22:25 AM brave.Tracing$LogSpanHandler end
INFO: {"traceId":"9733870de85a5cfd","id":"9733870de85a5cfd","name":"parent","timestamp":1788888145597278,"duration":1982,"localEndpoint":{"serviceName":"unknown","ipv4":"172.24.0.1"}}
[INFO] Tests run: 3, Failures: 0, Errors: 0, Skipped: 0, Time elapsed: 0.047 s -- in com.objwww.pr.control.infrastructure.observability.TracedTasksTest
[INFO] Running com.objwww.pr.control.ControlArchitectureTest
01:22:25.628 [main] INFO com.tngtech.archunit.core.PluginLoader -- Detected Java version 21.0.12.1
[INFO] Tests run: 18, Failures: 0, Errors: 0, Skipped: 0, Time elapsed: 3.926 s -- in com.objwww.pr.control.ControlArchitectureTest
[INFO] Running com.objwww.pr.control.alert.domain.statemachine.AlertStateMachineTest
[INFO] Tests run: 8, Failures: 0, Errors: 0, Skipped: 0, Time elapsed: 0.039 s -- in com.objwww.pr.control.alert.domain.statemachine.AlertStateMachineTest
[INFO] Running com.objwww.pr.control.alert.domain.statemachine.RcaStateContractTest
[INFO] Tests run: 8, Failures: 0, Errors: 0, Skipped: 0, Time elapsed: 0.009 s -- in com.objwww.pr.control.alert.domain.statemachine.RcaStateContractTest
[INFO] Running com.objwww.pr.control.alert.domain.agent.AgentProfileTest
[INFO] Tests run: 6, Failures: 0, Errors: 0, Skipped: 0, Time elapsed: 0.013 s -- in com.objwww.pr.control.alert.domain.agent.AgentProfileTest
[INFO] Running com.objwww.pr.control.alert.domain.dag.PlanProposalTest
[INFO] Tests run: 10, Failures: 0, Errors: 0, Skipped: 0, Time elapsed: 0.014 s -- in com.objwww.pr.control.alert.domain.dag.PlanProposalTest
[INFO] Running com.objwww.pr.control.alert.domain.dag.DagTaskStateTest
[INFO] Tests run: 3, Failures: 0, Errors: 0, Skipped: 0, Time elapsed: 0.002 s -- in com.objwww.pr.control.alert.domain.dag.DagTaskStateTest
[INFO] Running com.objwww.pr.control.alert.domain.dag.DagPromoterTest
[INFO] Tests run: 16, Failures: 0, Errors: 0, Skipped: 0, Time elapsed: 0.041 s -- in com.objwww.pr.control.alert.domain.dag.DagPromoterTest
[INFO] Running com.objwww.pr.control.alert.domain.dag.DagCycleDetectorTest
[INFO] Tests run: 10, Failures: 0, Errors: 0, Skipped: 0, Time elapsed: 0.011 s -- in com.objwww.pr.control.alert.domain.dag.DagCycleDetectorTest
[INFO] Running com.objwww.pr.control.alert.domain.tool.ToolReasonCodeTest
[INFO] Tests run: 2, Failures: 0, Errors: 0, Skipped: 0, Time elapsed: 0.005 s -- in com.objwww.pr.control.alert.domain.tool.ToolReasonCodeTest
[INFO] Running com.objwww.pr.control.alert.domain.tool.ToolArgsValidatorTest
[INFO] Tests run: 5, Failures: 0, Errors: 0, Skipped: 0, Time elapsed: 0.010 s -- in com.objwww.pr.control.alert.domain.tool.ToolArgsValidatorTest
[INFO] Running com.objwww.pr.control.alert.domain.tool.InternalCanonicalJsonV1Test
[INFO] Tests run: 9, Failures: 0, Errors: 0, Skipped: 0, Time elapsed: 0.008 s -- in com.objwww.pr.control.alert.domain.tool.InternalCanonicalJsonV1Test
[INFO] Running com.objwww.pr.control.alert.domain.tool.ActionDigestTest
[INFO] Tests run: 7, Failures: 0, Errors: 0, Skipped: 0, Time elapsed: 0.007 s -- in com.objwww.pr.control.alert.domain.tool.ActionDigestTest
[INFO] Running com.objwww.pr.control.alert.domain.tool.ToolPolicyTest
[INFO] Tests run: 3, Failures: 0, Errors: 0, Skipped: 0, Time elapsed: 0.003 s -- in com.objwww.pr.control.alert.domain.tool.ToolPolicyTest
[INFO] Running com.objwww.pr.control.alert.domain.tool.ToolDefinitionTest
[INFO] Tests run: 7, Failures: 0, Errors: 0, Skipped: 0, Time elapsed: 0.008 s -- in com.objwww.pr.control.alert.domain.tool.ToolDefinitionTest
[INFO] Running com.objwww.pr.control.alert.domain.model.EvidencePackageV2ContractTest
[INFO] Tests run: 6, Failures: 0, Errors: 0, Skipped: 0, Time elapsed: 0.017 s -- in com.objwww.pr.control.alert.domain.model.EvidencePackageV2ContractTest
[INFO] Running com.objwww.pr.control.alert.domain.budget.RunBudgetTest
[INFO] Tests run: 11, Failures: 0, Errors: 0, Skipped: 0, Time elapsed: 0.023 s -- in com.objwww.pr.control.alert.domain.budget.RunBudgetTest
[INFO] Running com.objwww.pr.control.alert.domain.budget.DoomLoopGuardTest
[INFO] Tests run: 7, Failures: 0, Errors: 0, Skipped: 0, Time elapsed: 0.005 s -- in com.objwww.pr.control.alert.domain.budget.DoomLoopGuardTest
[INFO] Running com.objwww.pr.control.alert.domain.claim.ClaimReducerTest
[INFO] Tests run: 20, Failures: 0, Errors: 0, Skipped: 0, Time elapsed: 0.016 s -- in com.objwww.pr.control.alert.domain.claim.ClaimReducerTest
[INFO] Running com.objwww.pr.control.alert.domain.claim.ClaimVerdictTest
[INFO] Tests run: 8, Failures: 0, Errors: 0, Skipped: 0, Time elapsed: 0.009 s -- in com.objwww.pr.control.alert.domain.claim.ClaimVerdictTest
[INFO] Running com.objwww.pr.control.alert.domain.claim.ClaimProjectionTest
[INFO] Tests run: 9, Failures: 0, Errors: 0, Skipped: 0, Time elapsed: 0.006 s -- in com.objwww.pr.control.alert.domain.claim.ClaimProjectionTest
[INFO] Running com.objwww.pr.control.alert.domain.claim.ReportAssemblerTest
[INFO] Tests run: 11, Failures: 0, Errors: 0, Skipped: 0, Time elapsed: 0.015 s -- in com.objwww.pr.control.alert.domain.claim.ReportAssemblerTest
[INFO] Running com.objwww.pr.control.alert.domain.claim.ClaimTest
[INFO] Tests run: 7, Failures: 0, Errors: 0, Skipped: 0, Time elapsed: 0.007 s -- in com.objwww.pr.control.alert.domain.claim.ClaimTest
[INFO] Running com.objwww.pr.control.alert.domain.evidence.EvidenceEnvelopeTest
[INFO] Tests run: 6, Failures: 0, Errors: 0, Skipped: 0, Time elapsed: 0.011 s -- in com.objwww.pr.control.alert.domain.evidence.EvidenceEnvelopeTest
[INFO] Running com.objwww.pr.control.alert.domain.evidence.EvidenceSnapshotBuilderTest
[INFO] Tests run: 5, Failures: 0, Errors: 0, Skipped: 0, Time elapsed: 0.005 s -- in com.objwww.pr.control.alert.domain.evidence.EvidenceSnapshotBuilderTest
[INFO] Running com.objwww.pr.control.alert.domain.service.AlertIdentityFactoryTest
[INFO] Tests run: 6, Failures: 0, Errors: 0, Skipped: 0, Time elapsed: 0.009 s -- in com.objwww.pr.control.alert.domain.service.AlertIdentityFactoryTest
[INFO] Running com.objwww.pr.control.alert.domain.service.SlaPolicyTest
[INFO] Tests run: 6, Failures: 0, Errors: 0, Skipped: 0, Time elapsed: 0.012 s -- in com.objwww.pr.control.alert.domain.service.SlaPolicyTest
[INFO] Running com.objwww.pr.control.alert.domain.service.DeferredPolicyTest
[INFO] Tests run: 2, Failures: 0, Errors: 0, Skipped: 0, Time elapsed: 0.002 s -- in com.objwww.pr.control.alert.domain.service.DeferredPolicyTest
[INFO] Running com.objwww.pr.control.alert.domain.service.EvidencePackageValidatorTest
[INFO] Tests run: 19, Failures: 0, Errors: 0, Skipped: 0, Time elapsed: 0.057 s -- in com.objwww.pr.control.alert.domain.service.EvidencePackageValidatorTest
[INFO] Running com.objwww.pr.control.alert.infrastructure.config.AlertConfigBridgeTest
[INFO] Tests run: 4, Failures: 0, Errors: 0, Skipped: 0, Time elapsed: 0.074 s -- in com.objwww.pr.control.alert.infrastructure.config.AlertConfigBridgeTest
[INFO] Running com.objwww.pr.control.alert.infrastructure.selfcheck.AlertSelfCheckTest
[INFO] Tests run: 7, Failures: 0, Errors: 0, Skipped: 0, Time elapsed: 0.010 s -- in com.objwww.pr.control.alert.infrastructure.selfcheck.AlertSelfCheckTest
[INFO] Running com.objwww.pr.control.alert.application.agent.MetricsAgentTest
[INFO] Tests run: 10, Failures: 0, Errors: 0, Skipped: 0, Time elapsed: 0.036 s -- in com.objwww.pr.control.alert.application.agent.MetricsAgentTest
[INFO] Running com.objwww.pr.control.alert.application.agent.ChangeAgentTest
[INFO] Tests run: 4, Failures: 0, Errors: 0, Skipped: 0, Time elapsed: 0.010 s -- in com.objwww.pr.control.alert.application.agent.ChangeAgentTest
[INFO] Running com.objwww.pr.control.alert.application.agent.AgentRegistryTest
[INFO] Tests run: 5, Failures: 0, Errors: 0, Skipped: 0, Time elapsed: 0.009 s -- in com.objwww.pr.control.alert.application.agent.AgentRegistryTest
[INFO] Running com.objwww.pr.control.alert.application.agent.NativeRcaAgentTest
[INFO] Tests run: 6, Failures: 0, Errors: 0, Skipped: 0, Time elapsed: 0.012 s -- in com.objwww.pr.control.alert.application.agent.NativeRcaAgentTest
[INFO] Running com.objwww.pr.control.alert.application.agent.LogsAgentTest
[INFO] Tests run: 5, Failures: 0, Errors: 0, Skipped: 0, Time elapsed: 0.015 s -- in com.objwww.pr.control.alert.application.agent.LogsAgentTest
[INFO] Running com.objwww.pr.control.alert.application.RcaWorkerTest
01:22:30.152 [main] INFO com.objwww.pr.control.alert.application.RcaRunOrchestrator -- {"event":"rca_task_decision","ts":"2026-09-08T17:22:30.152521993Z","attempt_id":"3ecd9477-3eeb-403f-9321-23769c5038e5","task_id":"78f2805e-339a-4b5c-8dfe-8eef81ee0cd7","run_id":"9acf9288-7d4b-4602-85c5-619b2cb3d0bd","decision":"COMPLETED","latency_ms":0}
01:22:30.153 [main] INFO com.objwww.pr.control.alert.application.RcaRunOrchestrator -- incident 14b0521d-fad9-436c-9d1b-66b65b560f30 材料变化，铸 RERUN run
01:22:30.154 [main] INFO com.objwww.pr.control.alert.application.RcaRunOrchestrator -- {"event":"rca_task_decision","ts":"2026-09-08T17:22:30.154524744Z","attempt_id":"3c6cebc0-5a2a-45e1-a3cd-ca6755e07578","task_id":"d2dd62aa-a5e8-4bc6-a90a-aa4d6c18f625","run_id":"2a04d653-2caa-4119-b473-8acdbb40c44f","decision":"COMPLETED","latency_ms":0}
01:22:30.159 [main] INFO com.objwww.pr.control.alert.application.RcaRunOrchestrator -- {"event":"rca_task_decision","ts":"2026-09-08T17:22:30.159514099Z","attempt_id":"32408924-bfcc-4d83-b242-9a8e9e99edb0","task_id":"2145bff9-3d4f-4a87-81cf-f13daa97eb83","run_id":"967977f6-a302-487e-afee-91db74785338","decision":"RETRY_SCHEDULED","latency_ms":0}
01:22:30.160 [main] INFO com.objwww.pr.control.alert.application.RcaRunOrchestrator -- {"event":"rca_task_decision","ts":"2026-09-08T17:22:30.160029420Z","attempt_id":"9e096eac-3fa5-454e-8606-6a961190aa56","task_id":"2145bff9-3d4f-4a87-81cf-f13daa97eb83","run_id":"967977f6-a302-487e-afee-91db74785338","decision":"RETRY_SCHEDULED","latency_ms":0}
01:22:30.160 [main] INFO com.objwww.pr.control.alert.application.RcaRunOrchestrator -- {"event":"rca_task_decision","ts":"2026-09-08T17:22:30.160306071Z","attempt_id":"d35e0451-2ffd-4d99-862f-530bcdaaa80a","task_id":"2145bff9-3d4f-4a87-81cf-f13daa97eb83","run_id":"967977f6-a302-487e-afee-91db74785338","decision":"DEAD","latency_ms":0}
01:22:30.167 [main] WARN com.objwww.pr.control.alert.application.RcaWorker -- task cb9ed7dd-b98e-488b-b07f-c63b642759ca 租约过期回收 owner=worker-a → RETRY_WAIT
01:22:30.167 [main] WARN com.objwww.pr.control.alert.application.RcaWorker -- 悬挂账本 b75ec1ad-88c9-4a85-936e-e508ee81f789 STARTED→UNKNOWN（崩溃回收）
01:22:30.174 [main] INFO com.objwww.pr.control.alert.application.RcaRunOrchestrator -- {"event":"rca_task_decision","ts":"2026-09-08T17:22:30.174451427Z","attempt_id":"5f4170d6-40ea-44a4-a127-6de093275954","task_id":"405e13f2-d60c-47bd-93d7-e40a2651737a","run_id":"4d404da4-5d14-4034-a2b0-0346ef31d2c8","decision":"COMPLETED","latency_ms":0}
01:22:30.176 [main] WARN com.objwww.pr.control.alert.application.RcaWorker -- 悬挂调查记录 408317ae-727b-4b30-9b76-fc80889a59b9 STARTED→UNKNOWN（崩溃回收）
01:22:30.185 [main] INFO com.objwww.pr.control.alert.application.RcaRunOrchestrator -- {"event":"rca_task_decision","ts":"2026-09-08T17:22:30.185325834Z","attempt_id":"b311afdf-edf5-415b-9c74-16b482dbe95c","task_id":"16212541-2ca7-4a99-8bff-d5cdd556d4e2","run_id":"0c032be3-c0af-4882-9adf-30a83c4addb4","decision":"DEAD","latency_ms":0}
01:22:30.187 [main] WARN com.objwww.pr.control.alert.application.RcaWorker -- task 54bfbef3-ef08-423a-8237-8517c0819161 租约过期回收 owner=worker-a → STALE
01:22:30.190 [main] INFO com.objwww.pr.control.alert.application.RcaRunOrchestrator -- {"event":"rca_task_decision","ts":"2026-09-08T17:22:30.190152984Z","attempt_id":"f6a744e0-bb9e-41dd-b11b-64c3f8dd3788","task_id":"2fc59031-4b0c-4c67-9119-dfcac695e7fc","run_id":"0e3b96ca-8fe2-407b-a3fe-6172b94a0ed7","decision":"COMPLETED","latency_ms":0}
01:22:30.192 [main] INFO com.objwww.pr.control.alert.application.RcaRunOrchestrator -- {"event":"rca_task_decision","ts":"2026-09-08T17:22:30.192625149Z","attempt_id":"29c58953-60e0-4406-9905-f118368c5622","task_id":"b43f253d-bc33-4572-8092-8fa1dbcdc4fb","run_id":"efd51897-820c-4120-96b8-b9f77d651990","decision":"RETRY_SCHEDULED","latency_ms":0}
01:22:30.193 [main] INFO com.objwww.pr.control.alert.application.RcaRunOrchestrator -- {"event":"rca_task_decision","ts":"2026-09-08T17:22:30.193344323Z","attempt_id":"54194cc2-9a6a-4b48-aba1-d27c9c70eee5","task_id":"b43f253d-bc33-4572-8092-8fa1dbcdc4fb","run_id":"efd51897-820c-4120-96b8-b9f77d651990","decision":"COMPLETED","latency_ms":0}
01:22:30.195 [main] INFO com.objwww.pr.control.alert.application.RcaRunOrchestrator -- {"event":"rca_task_decision","ts":"2026-09-08T17:22:30.195650506Z","attempt_id":"282dccee-6b43-4daa-9bcf-1e81d1f66801","task_id":"914bd179-3f5c-4aa0-bdbd-406da730612d","run_id":"d0d24099-62a1-4858-ad68-8875e51729d5","decision":"COMPLETED","latency_ms":0}
01:22:30.197 [main] INFO com.objwww.pr.control.alert.application.RcaRunOrchestrator -- {"event":"rca_task_decision","ts":"2026-09-08T17:22:30.197407864Z","run_state":"SUPERSEDED","attempt_id":"3319dbfe-cb27-428d-9b91-893becc3236c","task_id":"c6eb9a07-51d3-405b-b323-86339034cf0f","run_id":"185ce016-8fb7-47ca-a515-41e455ef46de","decision":"STALE_GENERATION"}
01:22:30.197 [main] WARN com.objwww.pr.control.alert.application.RcaRunOrchestrator -- task c6eb9a07-51d3-405b-b323-86339034cf0f 旧代结果作废（run 185ce016-8fb7-47ca-a515-41e455ef46de state=SUPERSEDED），task→STALE 零落档
01:22:30.200 [main] WARN com.objwww.pr.control.alert.application.RcaWorker -- task ad6da876-be62-4280-a05a-c153638f7ed1 租约过期回收 owner=worker-a → RETRY_WAIT
01:22:30.201 [main] INFO com.objwww.pr.control.alert.application.RcaRunOrchestrator -- {"event":"rca_task_decision","ts":"2026-09-08T17:22:30.201310283Z","attempt_id":"e68ecd8f-ede7-45a4-af61-6cdd0938f0b9","task_id":"ad6da876-be62-4280-a05a-c153638f7ed1","run_id":"ff0f2bcb-3e33-4d9d-906a-76530e84d478","decision":"COMPLETED","latency_ms":0}
01:22:30.201 [main] WARN com.objwww.pr.control.alert.application.RcaRunOrchestrator -- task ad6da876-be62-4280-a05a-c153638f7ed1 旧租约提交被拒 owner=worker-a epoch=1
[INFO] Tests run: 13, Failures: 0, Errors: 0, Skipped: 0, Time elapsed: 0.073 s -- in com.objwww.pr.control.alert.application.RcaWorkerTest
[INFO] Running com.objwww.pr.control.alert.application.EventQueryServiceTest
[INFO] Tests run: 5, Failures: 0, Errors: 0, Skipped: 0, Time elapsed: 0.006 s -- in com.objwww.pr.control.alert.application.EventQueryServiceTest
[INFO] Running com.objwww.pr.control.alert.application.EventPayloadSanitizerTest
[INFO] Tests run: 6, Failures: 0, Errors: 0, Skipped: 0, Time elapsed: 0.003 s -- in com.objwww.pr.control.alert.application.EventPayloadSanitizerTest
[INFO] Running com.objwww.pr.control.alert.application.holmes.HolmesEvidenceAdapterTest
[INFO] Tests run: 5, Failures: 0, Errors: 0, Skipped: 0, Time elapsed: 0.017 s -- in com.objwww.pr.control.alert.application.holmes.HolmesEvidenceAdapterTest
[INFO] Running com.objwww.pr.control.alert.application.SseStreamServiceTest
01:22:30.238 [main] WARN com.objwww.pr.control.alert.application.SseStreamService -- sse drain gap: runId=c481432a-e5d4-408a-8b99-e109cd54e9f6 cursor=1 latestSeq=4 → resync
[INFO] Tests run: 4, Failures: 0, Errors: 0, Skipped: 0, Time elapsed: 0.008 s -- in com.objwww.pr.control.alert.application.SseStreamServiceTest
[INFO] Running com.objwww.pr.control.alert.application.PlanCompilerTest
[INFO] Tests run: 8, Failures: 0, Errors: 0, Skipped: 0, Time elapsed: 0.015 s -- in com.objwww.pr.control.alert.application.PlanCompilerTest
[INFO] Running com.objwww.pr.control.alert.application.ControlAlertRouterTest
01:22:30.262 [main] INFO com.objwww.pr.control.alert.application.ControlAlertRouter -- {"event":"CONTROL_ALERT_REJECTED","ts":"2026-09-08T17:22:30.262293186Z","receiver":"rca-oncall","gate":"identity"}
01:22:30.264 [main] INFO com.objwww.pr.control.alert.application.ControlAlertRouter -- {"event":"CONTROL_ALERT_ONCALL","ts":"2026-09-08T17:22:30.264483591Z","inbox_id":"eb4533ee-4a36-4e2d-8719-dc91c13b27d4","receiver":"rca-oncall","group_key":"g:RCA_SYSTEM_CollectorDown","alertnames":"RCA_SYSTEM_CollectorDown","scopes":"rca_system","alert_count":1}
01:22:30.265 [main] INFO com.objwww.pr.control.alert.application.ControlAlertRouter -- {"event":"CONTROL_ALERT_REJECTED","ts":"2026-09-08T17:22:30.265690183Z","receiver":"rca-oncall","gate":"identity"}
01:22:30.267 [main] INFO com.objwww.pr.control.alert.application.ControlAlertRouter -- {"event":"CONTROL_ALERT_REJECTED","ts":"2026-09-08T17:22:30.266951027Z","receiver":"zhongtai","gate":"route_not_allowlisted"}
01:22:30.267 [main] INFO com.objwww.pr.control.alert.application.ControlAlertRouter -- {"event":"CONTROL_ALERT_ONCALL","ts":"2026-09-08T17:22:30.267599950Z","inbox_id":"7886c592-0108-462c-92ad-1aec1a55e213","receiver":"rca-oncall","group_key":"g:Gatus_CanaryProbe","alertnames":"Gatus_CanaryProbe","scopes":"rca_system","alert_count":1}
01:22:30.268 [main] INFO com.objwww.pr.control.alert.application.ControlAlertRouter -- {"event":"CONTROL_ALERT_REJECTED","ts":"2026-09-08T17:22:30.268156788Z","receiver":"rca-oncall","gate":"scope_not_allowlisted"}
01:22:30.268 [main] INFO com.objwww.pr.control.alert.application.ControlAlertRouter -- {"event":"CONTROL_ALERT_REJECTED","ts":"2026-09-08T17:22:30.268752460Z","receiver":"rca-oncall","gate":"scope_not_allowlisted"}
01:22:30.269 [main] INFO com.objwww.pr.control.alert.application.ControlAlertRouter -- {"event":"CONTROL_ALERT_ONCALL","ts":"2026-09-08T17:22:30.269745811Z","inbox_id":"72755d2e-1918-4c0b-ad77-0400dde364f2","receiver":"rca-oncall","group_key":"g:RCA_SYSTEM_X","alertnames":"RCA_SYSTEM_X","scopes":"rca_system","alert_count":1}
[INFO] Tests run: 10, Failures: 0, Errors: 0, Skipped: 0, Time elapsed: 0.014 s -- in com.objwww.pr.control.alert.application.ControlAlertRouterTest
[INFO] Running com.objwww.pr.control.alert.application.Am4ShadowFullChainG2Test
01:22:30.291 [main] INFO com.objwww.pr.control.alert.application.DeterministicSupervisor -- {"event":"am4_run_reporting","ts":"2026-09-08T17:22:30.291095332Z","run_id":"3da61969-f1ad-4bad-aaef-4edf41dedc35"}
01:22:30.291 [main] INFO com.objwww.pr.control.alert.application.DeterministicSupervisor -- run 3da61969-f1ad-4bad-aaef-4edf41dedc35 全任务终态 → REPORTING（报告链组装）
[INFO] Tests run: 3, Failures: 0, Errors: 0, Skipped: 0, Time elapsed: 0.019 s -- in com.objwww.pr.control.alert.application.Am4ShadowFullChainG2Test
[INFO] Running com.objwww.pr.control.alert.application.CommandServiceTest
[INFO] Tests run: 8, Failures: 0, Errors: 0, Skipped: 0, Time elapsed: 0.007 s -- in com.objwww.pr.control.alert.application.CommandServiceTest
[INFO] Running com.objwww.pr.control.alert.application.RunBudgetGateTest
[INFO] Tests run: 4, Failures: 0, Errors: 0, Skipped: 0, Time elapsed: 0.005 s -- in com.objwww.pr.control.alert.application.RunBudgetGateTest
[INFO] Running com.objwww.pr.control.alert.application.tool.ToolGatewayWireMockTest
[INFO] Tests run: 3, Failures: 0, Errors: 0, Skipped: 0, Time elapsed: 0.905 s -- in com.objwww.pr.control.alert.application.tool.ToolGatewayWireMockTest
[INFO] Running com.objwww.pr.control.alert.application.tool.ReplayToolGatewayTest
[INFO] Tests run: 8, Failures: 0, Errors: 0, Skipped: 0, Time elapsed: 0.009 s -- in com.objwww.pr.control.alert.application.tool.ReplayToolGatewayTest
[INFO] Running com.objwww.pr.control.alert.application.tool.ToolRegistryTest
[INFO] Tests run: 4, Failures: 0, Errors: 0, Skipped: 0, Time elapsed: 0.005 s -- in com.objwww.pr.control.alert.application.tool.ToolRegistryTest
[INFO] Running com.objwww.pr.control.alert.application.tool.ToolGatewayTest
[INFO] Tests run: 10, Failures: 0, Errors: 0, Skipped: 0, Time elapsed: 0.218 s -- in com.objwww.pr.control.alert.application.tool.ToolGatewayTest
[INFO] Running com.objwww.pr.control.alert.application.DagExecutionServiceTest
[INFO] Tests run: 10, Failures: 0, Errors: 0, Skipped: 0, Time elapsed: 0.008 s -- in com.objwww.pr.control.alert.application.DagExecutionServiceTest
[INFO] Running com.objwww.pr.control.alert.application.Am4ShadowTriggerTest
AM4_SHADOW_TASK=investigate-logs=EVIDENCE_PRODUCED
AM4_SHADOW_TASK=investigate-change=EVIDENCE_PRODUCED
AM4_SHADOW_TASK=investigate-metrics=EVIDENCE_PRODUCED
AM4_SHADOW_TASK=snapshot=f93a344a6b48b4fe5fd8e2734d5a146f46bd68cf8d77536ed0e2d8e2c03edd51
01:22:31.478 [main] INFO com.objwww.pr.control.alert.application.DeterministicSupervisor -- {"event":"am4_run_reporting","ts":"2026-09-08T17:22:31.478326218Z","run_id":"cbb18690-fbe9-4548-acb6-addef516ded9"}
01:22:31.478 [main] INFO com.objwww.pr.control.alert.application.DeterministicSupervisor -- run cbb18690-fbe9-4548-acb6-addef516ded9 全任务终态 → REPORTING（报告链组装）
AM4_SHADOW_RUN_ID=cbb18690-fbe9-4548-acb6-addef516ded9
[INFO] Tests run: 4, Failures: 0, Errors: 0, Skipped: 0, Time elapsed: 0.025 s -- in com.objwww.pr.control.alert.application.Am4ShadowTriggerTest
[INFO] Running com.objwww.pr.control.alert.application.RunQueryServiceTest
[INFO] Tests run: 4, Failures: 0, Errors: 0, Skipped: 0, Time elapsed: 0.006 s -- in com.objwww.pr.control.alert.application.RunQueryServiceTest
[INFO] Running com.objwww.pr.control.alert.application.RcaStateBackfillJobTest
01:22:31.503 [main] INFO com.objwww.pr.control.alert.application.RcaStateBackfillJob -- {"event":"rca_state_backfill_progress","ts":"2026-09-08T17:22:31.503750824Z","violations":0,"table":"rca_task","rows":2,"batches":1}
01:22:31.505 [main] INFO com.objwww.pr.control.alert.application.RcaStateBackfillJob -- {"event":"rca_state_backfill_progress","ts":"2026-09-08T17:22:31.505113199Z","violations":0,"table":"rca_task","rows":4,"batches":2}
01:22:31.505 [main] INFO com.objwww.pr.control.alert.application.RcaStateBackfillJob -- {"event":"rca_state_backfill_progress","ts":"2026-09-08T17:22:31.505407072Z","violations":0,"table":"rca_task","rows":5,"batches":3}
01:22:31.505 [main] INFO com.objwww.pr.control.alert.application.RcaStateBackfillJob -- {"event":"rca_state_backfill_progress","ts":"2026-09-08T17:22:31.505826523Z","violations":0,"table":"rca_run","rows":2,"batches":1}
01:22:31.505 [main] INFO com.objwww.pr.control.alert.application.RcaStateBackfillJob -- {"event":"rca_state_backfill_progress","ts":"2026-09-08T17:22:31.505936910Z","violations":0,"table":"rca_run","rows":3,"batches":2}
01:22:31.506 [main] INFO com.objwww.pr.control.alert.application.RcaStateBackfillJob -- {"event":"rca_state_backfill_reconciled","ts":"2026-09-08T17:22:31.506246734Z","digest":"4ca1357fd4b199d31c370842c907357ab131a659696953f6c76f10069f374c5d","batches":5,"run_rows":3,"violations":0,"task_rows":5}
01:22:31.506 [main] INFO com.objwww.pr.control.alert.application.RcaStateBackfillJob -- {"event":"rca_state_backfill_progress","ts":"2026-09-08T17:22:31.506869877Z","violations":0,"table":"rca_task","rows":2,"batches":1}
01:22:31.507 [main] INFO com.objwww.pr.control.alert.application.RcaStateBackfillJob -- {"event":"rca_state_backfill_progress","ts":"2026-09-08T17:22:31.506965548Z","violations":0,"table":"rca_task","rows":4,"batches":2}
01:22:31.507 [main] INFO com.objwww.pr.control.alert.application.RcaStateBackfillJob -- {"event":"rca_state_backfill_progress","ts":"2026-09-08T17:22:31.507055957Z","violations":0,"table":"rca_task","rows":5,"batches":3}
01:22:31.507 [main] INFO com.objwww.pr.control.alert.application.RcaStateBackfillJob -- {"event":"rca_state_backfill_progress","ts":"2026-09-08T17:22:31.507127212Z","violations":0,"table":"rca_run","rows":2,"batches":1}
01:22:31.507 [main] INFO com.objwww.pr.control.alert.application.RcaStateBackfillJob -- {"event":"rca_state_backfill_progress","ts":"2026-09-08T17:22:31.507208155Z","violations":0,"table":"rca_run","rows":3,"batches":2}
01:22:31.507 [main] INFO com.objwww.pr.control.alert.application.RcaStateBackfillJob -- {"event":"rca_state_backfill_reconciled","ts":"2026-09-08T17:22:31.507379227Z","digest":"4ca1357fd4b199d31c370842c907357ab131a659696953f6c76f10069f374c5d","batches":5,"run_rows":3,"violations":0,"task_rows":5}
01:22:31.511 [main] INFO com.objwww.pr.control.alert.application.RcaStateBackfillJob -- {"event":"rca_state_backfill_progress","ts":"2026-09-08T17:22:31.511016415Z","violations":0,"table":"rca_task","rows":1,"batches":1}
01:22:31.512 [main] INFO com.objwww.pr.control.alert.application.RcaStateBackfillJob -- {"event":"rca_state_backfill_progress","ts":"2026-09-08T17:22:31.512483157Z","violations":0,"table":"rca_task","rows":1,"batches":1}
01:22:31.512 [main] INFO com.objwww.pr.control.alert.application.RcaStateBackfillJob -- {"event":"rca_state_backfill_progress","ts":"2026-09-08T17:22:31.512730784Z","violations":0,"table":"rca_task","rows":2,"batches":2}
01:22:31.512 [main] INFO com.objwww.pr.control.alert.application.RcaStateBackfillJob -- {"event":"rca_state_backfill_progress","ts":"2026-09-08T17:22:31.512832616Z","violations":0,"table":"rca_task","rows":3,"batches":3}
01:22:31.513 [main] INFO com.objwww.pr.control.alert.application.RcaStateBackfillJob -- {"event":"rca_state_backfill_progress","ts":"2026-09-08T17:22:31.513056066Z","violations":0,"table":"rca_task","rows":4,"batches":4}
01:22:31.513 [main] INFO com.objwww.pr.control.alert.application.RcaStateBackfillJob -- {"event":"rca_state_backfill_progress","ts":"2026-09-08T17:22:31.513212931Z","violations":0,"table":"rca_task","rows":5,"batches":5}
01:22:31.513 [main] INFO com.objwww.pr.control.alert.application.RcaStateBackfillJob -- {"event":"rca_state_backfill_progress","ts":"2026-09-08T17:22:31.513322848Z","violations":0,"table":"rca_task","rows":6,"batches":6}
01:22:31.513 [main] INFO com.objwww.pr.control.alert.application.RcaStateBackfillJob -- {"event":"rca_state_backfill_progress","ts":"2026-09-08T17:22:31.513440250Z","violations":0,"table":"rca_task","rows":7,"batches":7}
01:22:31.513 [main] INFO com.objwww.pr.control.alert.application.RcaStateBackfillJob -- {"event":"rca_state_backfill_progress","ts":"2026-09-08T17:22:31.513554595Z","violations":0,"table":"rca_task","rows":7,"batches":8}
01:22:31.513 [main] INFO com.objwww.pr.control.alert.application.RcaStateBackfillJob -- {"event":"rca_state_backfill_progress","ts":"2026-09-08T17:22:31.513657269Z","violations":0,"table":"rca_run","rows":1,"batches":1}
01:22:31.513 [main] INFO com.objwww.pr.control.alert.application.RcaStateBackfillJob -- {"event":"rca_state_backfill_progress","ts":"2026-09-08T17:22:31.513736006Z","violations":0,"table":"rca_run","rows":1,"batches":2}
01:22:31.513 [main] INFO com.objwww.pr.control.alert.application.RcaStateBackfillJob -- {"event":"rca_state_backfill_reconciled","ts":"2026-09-08T17:22:31.513881831Z","digest":"2fdb1966afacb8c902f0e49771770522ad967f6eda2dcf5d56fb99480f565edb","batches":10,"run_rows":1,"violations":0,"task_rows":7}
01:22:31.514 [main] INFO com.objwww.pr.control.alert.application.RcaStateBackfillJob -- {"event":"rca_state_backfill_progress","ts":"2026-09-08T17:22:31.513989494Z","violations":0,"table":"rca_task","rows":7,"batches":1}
01:22:31.514 [main] INFO com.objwww.pr.control.alert.application.RcaStateBackfillJob -- {"event":"rca_state_backfill_progress","ts":"2026-09-08T17:22:31.514109069Z","violations":0,"table":"rca_run","rows":1,"batches":1}
01:22:31.514 [main] INFO com.objwww.pr.control.alert.application.RcaStateBackfillJob -- {"event":"rca_state_backfill_reconciled","ts":"2026-09-08T17:22:31.514207715Z","digest":"2fdb1966afacb8c902f0e49771770522ad967f6eda2dcf5d56fb99480f565edb","batches":2,"run_rows":1,"violations":0,"task_rows":7}
01:22:31.515 [main] INFO com.objwww.pr.control.alert.application.RcaStateBackfillJob -- {"event":"rca_state_backfill_progress","ts":"2026-09-08T17:22:31.515273251Z","violations":1,"table":"rca_task","rows":2,"batches":1}
01:22:31.515 [main] INFO com.objwww.pr.control.alert.application.RcaStateBackfillJob -- {"event":"rca_state_backfill_progress","ts":"2026-09-08T17:22:31.515478388Z","violations":0,"table":"rca_run","rows":1,"batches":1}
01:22:31.515 [main] INFO com.objwww.pr.control.alert.application.RcaStateBackfillJob -- {"event":"rca_state_backfill_reconciled","ts":"2026-09-08T17:22:31.515580731Z","digest":"266d86814df7b18c146e096c5e63a7a2140e4c5217df8b306b76267cff8357de","batches":2,"run_rows":1,"violations":1,"task_rows":2}
[INFO] Tests run: 5, Failures: 0, Errors: 0, Skipped: 0, Time elapsed: 0.019 s -- in com.objwww.pr.control.alert.application.RcaStateBackfillJobTest
[INFO] Running com.objwww.pr.control.alert.application.NativeEngineWiringTest
01:22:31.529 [main] INFO com.objwww.pr.control.alert.application.RcaRunOrchestrator -- {"event":"rca_task_decision","ts":"2026-09-08T17:22:31.529870048Z","attempt_id":"4bdce7f7-d999-4370-aa90-3763064633f9","task_id":"38ba15e9-429f-4731-a77a-470790a4fc48","run_id":"789d0015-dd78-4400-98ca-9afa6960adcf","decision":"COMPLETED","latency_ms":0}
01:22:31.530 [main] INFO com.objwww.pr.control.alert.application.RcaRunOrchestrator -- incident 13766851-170b-438e-974d-1a248ba72f21 材料变化，铸 RERUN run
01:22:31.538 [main] INFO com.objwww.pr.control.alert.application.RcaRunOrchestrator -- {"event":"rca_task_decision","ts":"2026-09-08T17:22:31.538101328Z","attempt_id":"a9323ddd-b2c2-4984-af44-14590f9d7fe0","task_id":"59889eb5-0e1b-4138-937e-8a12ede9a13d","run_id":"e1d734ef-9310-4d48-9114-e80ceaa61bf2","decision":"COMPLETED","latency_ms":0}
01:22:31.541 [main] INFO com.objwww.pr.control.alert.application.RcaRunOrchestrator -- {"event":"rca_task_decision","ts":"2026-09-08T17:22:31.541175226Z","attempt_id":"e05f5e8d-ea87-40ba-86aa-d2fd8db4b759","task_id":"a48dd8ff-2098-4e42-a032-7d85982ebdf2","run_id":"f0711577-b2af-4514-a739-407513572be5","decision":"DEAD","latency_ms":0}
[INFO] Tests run: 6, Failures: 0, Errors: 0, Skipped: 0, Time elapsed: 0.026 s -- in com.objwww.pr.control.alert.application.NativeEngineWiringTest
[INFO] Running com.objwww.pr.control.alert.application.AlertInboxProcessorTest
01:22:31.548 [main] WARN com.objwww.pr.control.alert.application.AlertInboxProcessor -- alert_inbox 1a27d792-adc7-4b6c-92f2-99880a3d8de5 死信: payload_raw JSON 解析失败: Unexpected character ('n' (code 110)): was expecting double-quote to start field name
 at [Source: REDACTED (`StreamReadFeature.INCLUDE_SOURCE_IN_LOCATION` disabled); line: 1, column: 2]
01:22:31.575 [main] WARN com.objwww.pr.control.alert.application.AlertInboxProcessor -- alert_inbox 4376799a-02bd-47d2-9d7e-45eeb2befb24 死信: 缺少 alertname 标签，无法铸造 incidentKey
[INFO] Tests run: 16, Failures: 0, Errors: 0, Skipped: 0, Time elapsed: 0.040 s -- in com.objwww.pr.control.alert.application.AlertInboxProcessorTest
[INFO] Running com.objwww.pr.control.alert.application.reconcile.ReconcileBudgetGateTest
[INFO] Tests run: 9, Failures: 0, Errors: 0, Skipped: 0, Time elapsed: 0.010 s -- in com.objwww.pr.control.alert.application.reconcile.ReconcileBudgetGateTest
[INFO] Running com.objwww.pr.control.alert.application.reconcile.IncidentSourceReconcilerTest
[INFO] Tests run: 6, Failures: 0, Errors: 0, Skipped: 0, Time elapsed: 0.003 s -- in com.objwww.pr.control.alert.application.reconcile.IncidentSourceReconcilerTest
[INFO] Running com.objwww.pr.control.alert.application.DeterministicSupervisorTest
01:22:31.605 [main] INFO com.objwww.pr.control.alert.application.DeterministicSupervisor -- {"event":"am4_run_reporting","ts":"2026-09-08T17:22:31.604974933Z","run_id":"d5982dd7-1042-4e57-8aa4-0c61dcb29b64"}
01:22:31.605 [main] INFO com.objwww.pr.control.alert.application.DeterministicSupervisor -- run d5982dd7-1042-4e57-8aa4-0c61dcb29b64 全任务终态 → REPORTING（报告链组装）
01:22:31.624 [main] INFO com.objwww.pr.control.alert.application.DeterministicSupervisor -- {"event":"am4_run_reporting","ts":"2026-09-08T17:22:31.624166251Z","run_id":"26c3fa10-5121-404e-b8d0-fafcd74b36b5"}
01:22:31.624 [main] INFO com.objwww.pr.control.alert.application.DeterministicSupervisor -- run 26c3fa10-5121-404e-b8d0-fafcd74b36b5 全任务终态 → REPORTING（报告链组装）
01:22:31.625 [main] INFO com.objwww.pr.control.alert.application.DeterministicSupervisor -- {"event":"am4_plan_rejected","ts":"2026-09-08T17:22:31.625575034Z","run_id":"8abc41cb-6e86-40ee-aba1-0dd1d6d96515","reason":"提案成环: a -> b -> a"}
01:22:31.625 [main] WARN com.objwww.pr.control.alert.application.DeterministicSupervisor -- run 8abc41cb-6e86-40ee-aba1-0dd1d6d96515 提案被确定性拒绝 → FAILED（提案成环: a -> b -> a）
01:22:31.641 [main] INFO com.objwww.pr.control.alert.application.DeterministicSupervisor -- {"event":"am4_run_reporting","ts":"2026-09-08T17:22:31.640910451Z","run_id":"2ff3bc16-6612-4336-bfcf-49bb4aa80049"}
01:22:31.641 [main] INFO com.objwww.pr.control.alert.application.DeterministicSupervisor -- run 2ff3bc16-6612-4336-bfcf-49bb4aa80049 全任务终态 → REPORTING（报告链组装）
[INFO] Tests run: 11, Failures: 0, Errors: 0, Skipped: 0, Time elapsed: 0.041 s -- in com.objwww.pr.control.alert.application.DeterministicSupervisorTest
[INFO] Running com.objwww.pr.control.alert.application.replay.SnapshotShadowRouterTest
[INFO] Tests run: 3, Failures: 0, Errors: 0, Skipped: 0, Time elapsed: 0.015 s -- in com.objwww.pr.control.alert.application.replay.SnapshotShadowRouterTest
[INFO] Running com.objwww.pr.control.alert.application.replay.ShadowToolFaceTest
[INFO] Tests run: 4, Failures: 0, Errors: 0, Skipped: 0, Time elapsed: 0.019 s -- in com.objwww.pr.control.alert.application.replay.ShadowToolFaceTest
[INFO] Running com.objwww.pr.control.alert.application.replay.AgentReplayRunnerTest
[INFO] Tests run: 4, Failures: 0, Errors: 0, Skipped: 0, Time elapsed: 0.016 s -- in com.objwww.pr.control.alert.application.replay.AgentReplayRunnerTest
[INFO] Running com.objwww.pr.control.alert.application.replay.ReadOnlyToolFaceTest
[INFO] Tests run: 3, Failures: 0, Errors: 0, Skipped: 0, Time elapsed: 0.009 s -- in com.objwww.pr.control.alert.application.replay.ReadOnlyToolFaceTest
[INFO] Running com.objwww.pr.control.alert.application.NativeReportAdapterTest
[INFO] Tests run: 3, Failures: 0, Errors: 0, Skipped: 0, Time elapsed: 0.007 s -- in com.objwww.pr.control.alert.application.NativeReportAdapterTest
[INFO] Running com.objwww.pr.control.alert.application.ReportCompletedNotifierTest
[INFO] Tests run: 6, Failures: 0, Errors: 0, Skipped: 0, Time elapsed: 0.013 s -- in com.objwww.pr.control.alert.application.ReportCompletedNotifierTest
[INFO] Running com.objwww.pr.control.alert.interfaces.RunCommandControllerTest
01:22:31.747 [main] INFO org.springframework.mock.web.MockServletContext -- Initializing Spring TestDispatcherServlet ''
01:22:31.747 [main] INFO org.springframework.test.web.servlet.TestDispatcherServlet -- Initializing Servlet ''
01:22:31.747 [main] INFO org.springframework.test.web.servlet.TestDispatcherServlet -- Completed initialization in 0 ms
01:22:31.761 [main] INFO org.springframework.mock.web.MockServletContext -- Initializing Spring TestDispatcherServlet ''
01:22:31.761 [main] INFO org.springframework.test.web.servlet.TestDispatcherServlet -- Initializing Servlet ''
01:22:31.761 [main] INFO org.springframework.test.web.servlet.TestDispatcherServlet -- Completed initialization in 0 ms
01:22:31.783 [main] INFO org.springframework.mock.web.MockServletContext -- Initializing Spring TestDispatcherServlet ''
01:22:31.783 [main] INFO org.springframework.test.web.servlet.TestDispatcherServlet -- Initializing Servlet ''
01:22:31.783 [main] INFO org.springframework.test.web.servlet.TestDispatcherServlet -- Completed initialization in 0 ms
01:22:31.796 [main] INFO org.springframework.mock.web.MockServletContext -- Initializing Spring TestDispatcherServlet ''
01:22:31.796 [main] INFO org.springframework.test.web.servlet.TestDispatcherServlet -- Initializing Servlet ''
01:22:31.796 [main] INFO org.springframework.test.web.servlet.TestDispatcherServlet -- Completed initialization in 0 ms
[INFO] Tests run: 4, Failures: 0, Errors: 0, Skipped: 0, Time elapsed: 0.077 s -- in com.objwww.pr.control.alert.interfaces.RunCommandControllerTest
[INFO] Running com.objwww.pr.control.alert.interfaces.AlertWebhookControllerTest
01:22:31.817 [main] INFO org.springframework.mock.web.MockServletContext -- Initializing Spring TestDispatcherServlet ''
01:22:31.817 [main] INFO org.springframework.test.web.servlet.TestDispatcherServlet -- Initializing Servlet ''
01:22:31.817 [main] INFO org.springframework.test.web.servlet.TestDispatcherServlet -- Completed initialization in 0 ms
01:22:31.827 [main] INFO org.springframework.mock.web.MockServletContext -- Initializing Spring TestDispatcherServlet ''
01:22:31.827 [main] INFO org.springframework.test.web.servlet.TestDispatcherServlet -- Initializing Servlet ''
01:22:31.827 [main] INFO org.springframework.test.web.servlet.TestDispatcherServlet -- Completed initialization in 0 ms
01:22:31.835 [main] INFO org.springframework.mock.web.MockServletContext -- Initializing Spring TestDispatcherServlet ''
01:22:31.835 [main] INFO org.springframework.test.web.servlet.TestDispatcherServlet -- Initializing Servlet ''
01:22:31.835 [main] INFO org.springframework.test.web.servlet.TestDispatcherServlet -- Completed initialization in 0 ms
01:22:31.845 [main] INFO org.springframework.mock.web.MockServletContext -- Initializing Spring TestDispatcherServlet ''
01:22:31.845 [main] INFO org.springframework.test.web.servlet.TestDispatcherServlet -- Initializing Servlet ''
01:22:31.845 [main] INFO org.springframework.test.web.servlet.TestDispatcherServlet -- Completed initialization in 0 ms
01:22:31.853 [main] INFO org.springframework.mock.web.MockServletContext -- Initializing Spring TestDispatcherServlet ''
01:22:31.853 [main] INFO org.springframework.test.web.servlet.TestDispatcherServlet -- Initializing Servlet ''
01:22:31.854 [main] INFO org.springframework.test.web.servlet.TestDispatcherServlet -- Completed initialization in 1 ms
01:22:31.857 [main] INFO org.springframework.mock.web.MockServletContext -- Initializing Spring TestDispatcherServlet ''
01:22:31.857 [main] INFO org.springframework.test.web.servlet.TestDispatcherServlet -- Initializing Servlet ''
01:22:31.857 [main] INFO org.springframework.test.web.servlet.TestDispatcherServlet -- Completed initialization in 0 ms
01:22:31.870 [main] INFO org.springframework.mock.web.MockServletContext -- Initializing Spring TestDispatcherServlet ''
01:22:31.871 [main] INFO org.springframework.test.web.servlet.TestDispatcherServlet -- Initializing Servlet ''
01:22:31.871 [main] INFO org.springframework.test.web.servlet.TestDispatcherServlet -- Completed initialization in 0 ms
01:22:31.880 [main] INFO org.springframework.mock.web.MockServletContext -- Initializing Spring TestDispatcherServlet ''
01:22:31.880 [main] INFO org.springframework.test.web.servlet.TestDispatcherServlet -- Initializing Servlet ''
01:22:31.880 [main] INFO org.springframework.test.web.servlet.TestDispatcherServlet -- Completed initialization in 0 ms
01:22:31.885 [main] INFO org.springframework.mock.web.MockServletContext -- Initializing Spring TestDispatcherServlet ''
01:22:31.885 [main] INFO org.springframework.test.web.servlet.TestDispatcherServlet -- Initializing Servlet ''
01:22:31.885 [main] INFO org.springframework.test.web.servlet.TestDispatcherServlet -- Completed initialization in 0 ms
01:22:31.893 [main] INFO org.springframework.mock.web.MockServletContext -- Initializing Spring TestDispatcherServlet ''
01:22:31.893 [main] INFO org.springframework.test.web.servlet.TestDispatcherServlet -- Initializing Servlet ''
01:22:31.893 [main] INFO org.springframework.test.web.servlet.TestDispatcherServlet -- Completed initialization in 0 ms
01:22:31.898 [main] INFO org.springframework.mock.web.MockServletContext -- Initializing Spring TestDispatcherServlet ''
01:22:31.899 [main] INFO org.springframework.test.web.servlet.TestDispatcherServlet -- Initializing Servlet ''
01:22:31.899 [main] INFO org.springframework.test.web.servlet.TestDispatcherServlet -- Completed initialization in 0 ms
01:22:31.906 [main] INFO org.springframework.mock.web.MockServletContext -- Initializing Spring TestDispatcherServlet ''
01:22:31.906 [main] INFO org.springframework.test.web.servlet.TestDispatcherServlet -- Initializing Servlet ''
01:22:31.906 [main] INFO org.springframework.test.web.servlet.TestDispatcherServlet -- Completed initialization in 0 ms
01:22:31.908 [main] INFO com.objwww.pr.control.alert.application.ControlAlertRouter -- {"event":"CONTROL_ALERT_REJECTED","ts":"2026-09-08T17:22:31.908849682Z","receiver":"control-app","gate":"identity"}
01:22:31.915 [main] INFO org.springframework.mock.web.MockServletContext -- Initializing Spring TestDispatcherServlet ''
01:22:31.915 [main] INFO org.springframework.test.web.servlet.TestDispatcherServlet -- Initializing Servlet ''
01:22:31.915 [main] INFO org.springframework.test.web.servlet.TestDispatcherServlet -- Completed initialization in 0 ms
01:22:31.924 [main] INFO org.springframework.mock.web.MockServletContext -- Initializing Spring TestDispatcherServlet ''
01:22:31.924 [main] INFO org.springframework.test.web.servlet.TestDispatcherServlet -- Initializing Servlet ''
01:22:31.925 [main] INFO org.springframework.test.web.servlet.TestDispatcherServlet -- Completed initialization in 1 ms
01:22:31.927 [main] INFO com.objwww.pr.control.alert.application.ControlAlertRouter -- {"event":"CONTROL_ALERT_ONCALL","ts":"2026-09-08T17:22:31.927481386Z","inbox_id":"3afb490f-0ea5-4fb1-af58-b50cfcf35ce3","receiver":"rca-oncall","group_key":"g:RCA_SYSTEM:collector","alertnames":"RCA_SYSTEM_CollectorDown","scopes":"rca_system","alert_count":1}
01:22:31.933 [main] INFO org.springframework.mock.web.MockServletContext -- Initializing Spring TestDispatcherServlet ''
01:22:31.933 [main] INFO org.springframework.test.web.servlet.TestDispatcherServlet -- Initializing Servlet ''
01:22:31.933 [main] INFO org.springframework.test.web.servlet.TestDispatcherServlet -- Completed initialization in 0 ms
01:22:31.944 [main] INFO org.springframework.mock.web.MockServletContext -- Initializing Spring TestDispatcherServlet ''
01:22:31.944 [main] INFO org.springframework.test.web.servlet.TestDispatcherServlet -- Initializing Servlet ''
01:22:31.944 [main] INFO org.springframework.test.web.servlet.TestDispatcherServlet -- Completed initialization in 0 ms
01:22:31.948 [main] INFO org.springframework.mock.web.MockServletContext -- Initializing Spring TestDispatcherServlet ''
01:22:31.948 [main] INFO org.springframework.test.web.servlet.TestDispatcherServlet -- Initializing Servlet ''
01:22:31.948 [main] INFO org.springframework.test.web.servlet.TestDispatcherServlet -- Completed initialization in 0 ms
01:22:31.951 [main] WARN com.objwww.pr.control.alert.interfaces.AlertWebhookController -- 整组无法持久化，返回 503: db down
[INFO] Tests run: 13, Failures: 0, Errors: 0, Skipped: 0, Time elapsed: 0.145 s -- in com.objwww.pr.control.alert.interfaces.AlertWebhookControllerTest
[INFO] Running com.objwww.pr.control.alert.interfaces.EventQueryControllerTest
01:22:31.962 [main] INFO org.springframework.mock.web.MockServletContext -- Initializing Spring TestDispatcherServlet ''
01:22:31.963 [main] INFO org.springframework.test.web.servlet.TestDispatcherServlet -- Initializing Servlet ''
01:22:31.963 [main] INFO org.springframework.test.web.servlet.TestDispatcherServlet -- Completed initialization in 0 ms
01:22:31.981 [main] INFO org.springframework.mock.web.MockServletContext -- Initializing Spring TestDispatcherServlet ''
01:22:31.981 [main] INFO org.springframework.test.web.servlet.TestDispatcherServlet -- Initializing Servlet ''
01:22:31.981 [main] INFO org.springframework.test.web.servlet.TestDispatcherServlet -- Completed initialization in 0 ms
01:22:31.994 [main] INFO org.springframework.mock.web.MockServletContext -- Initializing Spring TestDispatcherServlet ''
01:22:31.994 [main] INFO org.springframework.test.web.servlet.TestDispatcherServlet -- Initializing Servlet ''
01:22:31.994 [main] INFO org.springframework.test.web.servlet.TestDispatcherServlet -- Completed initialization in 0 ms
01:22:32.006 [main] INFO org.springframework.mock.web.MockServletContext -- Initializing Spring TestDispatcherServlet ''
01:22:32.006 [main] INFO org.springframework.test.web.servlet.TestDispatcherServlet -- Initializing Servlet ''
01:22:32.007 [main] INFO org.springframework.test.web.servlet.TestDispatcherServlet -- Completed initialization in 1 ms
01:22:32.029 [main] INFO org.springframework.mock.web.MockServletContext -- Initializing Spring TestDispatcherServlet ''
01:22:32.029 [main] INFO org.springframework.test.web.servlet.TestDispatcherServlet -- Initializing Servlet ''
01:22:32.029 [main] INFO org.springframework.test.web.servlet.TestDispatcherServlet -- Completed initialization in 0 ms
01:22:32.056 [main] INFO org.springframework.mock.web.MockServletContext -- Initializing Spring TestDispatcherServlet ''
01:22:32.056 [main] INFO org.springframework.test.web.servlet.TestDispatcherServlet -- Initializing Servlet ''
01:22:32.056 [main] INFO org.springframework.test.web.servlet.TestDispatcherServlet -- Completed initialization in 0 ms
[INFO] Tests run: 6, Failures: 0, Errors: 0, Skipped: 0, Time elapsed: 0.106 s -- in com.objwww.pr.control.alert.interfaces.EventQueryControllerTest
[INFO] Running com.objwww.pr.control.alert.support.AlertInMemoryStoresTest
[INFO] Tests run: 6, Failures: 0, Errors: 0, Skipped: 0, Time elapsed: 0.005 s -- in com.objwww.pr.control.alert.support.AlertInMemoryStoresTest
[INFO] Running com.objwww.pr.control.application.SnapshotServiceTest
[INFO] Tests run: 3, Failures: 0, Errors: 0, Skipped: 0, Time elapsed: 0.037 s -- in com.objwww.pr.control.application.SnapshotServiceTest
[INFO] Running com.objwww.pr.control.application.IntakeServiceTest
01:22:32.170 [main] INFO com.objwww.pr.control.application.IntakeService -- webhook 重投幂等返回 delivery=d-1 run=15c3a687-dbd7-4252-a494-cef0064ff083
[INFO] Tests run: 2, Failures: 0, Errors: 0, Skipped: 0, Time elapsed: 0.067 s -- in com.objwww.pr.control.application.IntakeServiceTest
[INFO] Running com.objwww.pr.control.application.ModelGatewayTest
01:22:32.176 [main] WARN com.objwww.pr.control.application.ModelGateway -- 账本 STARTED 写失败，零触网（D5）: RuntimeException
01:22:32.188 [main] WARN com.objwww.pr.control.application.ModelGateway -- 账本终态写失败（SUCCEEDED），转 UNKNOWN 语义: RuntimeException
[INFO] Tests run: 10, Failures: 0, Errors: 0, Skipped: 0, Time elapsed: 0.019 s -- in com.objwww.pr.control.application.ModelGatewayTest
[INFO] Running com.objwww.pr.control.application.ReviewOrchestratorT1Test
[INFO] Tests run: 4, Failures: 0, Errors: 0, Skipped: 0, Time elapsed: 0.005 s -- in com.objwww.pr.control.application.ReviewOrchestratorT1Test
[INFO] Running com.objwww.pr.control.application.ReviewOrchestratorT2Test
[INFO] Tests run: 5, Failures: 0, Errors: 0, Skipped: 0, Time elapsed: 0.010 s -- in com.objwww.pr.control.application.ReviewOrchestratorT2Test
[INFO] Running com.objwww.pr.control.application.ReviewStepExecutorTest
[INFO] Tests run: 7, Failures: 0, Errors: 0, Skipped: 0, Time elapsed: 0.012 s -- in com.objwww.pr.control.application.ReviewStepExecutorTest
[INFO] Running com.objwww.pr.control.application.WorkItemWorkerTest
01:22:32.242 [lease-heartbeat] WARN com.objwww.pr.control.application.WorkItemWorker -- 租约心跳失效，停止执行: work_item=176df0b8-5c2b-4c9c-8d76-2f75a7a8c191
[INFO] Tests run: 11, Failures: 0, Errors: 0, Skipped: 0, Time elapsed: 0.030 s -- in com.objwww.pr.control.application.WorkItemWorkerTest
[INFO] Running com.objwww.pr.control.application.OutboxWriterTest
[INFO] Tests run: 7, Failures: 0, Errors: 0, Skipped: 0, Time elapsed: 0.005 s -- in com.objwww.pr.control.application.OutboxWriterTest
[INFO] Running com.objwww.pr.control.ControlContextSmokeTest
01:22:32.289 [main] INFO org.springframework.test.context.support.AnnotationConfigContextLoaderUtils -- Could not detect default configuration classes for test class [com.objwww.pr.control.ControlContextSmokeTest]: ControlContextSmokeTest does not declare any static, non-private, non-final, nested classes annotated with @Configuration.
01:22:32.398 [main] INFO org.springframework.boot.test.context.SpringBootTestContextBootstrapper -- Found @SpringBootConfiguration com.objwww.pr.control.ControlApplication for test class com.objwww.pr.control.ControlContextSmokeTest

  .   ____          _            __ _ _
 /\\ / ___'_ __ _ _(_)_ __  __ _ \ \ \ \
( ( )\___ | '_ | '_| | '_ \/ _` | \ \ \ \
 \\/  ___)| |_)| | | | | || (_| |  ) ) ) )
  '  |____| .__|_| |_|_| |_\__, | / / / /
 =========|_|==============|___/=/_/_/_/

 :: Spring Boot ::                (v3.4.5)

2026-09-09T01:22:32.696+08:00  INFO 397 --- [control-app] [           main] [                                                 ] c.o.pr.control.ControlContextSmokeTest   : Starting ControlContextSmokeTest using Java 21.0.12.1 with PID 397 (started by root in /opt/projects/pr_agent_it/control-app)
2026-09-09T01:22:32.698+08:00  INFO 397 --- [control-app] [           main] [                                                 ] c.o.pr.control.ControlContextSmokeTest   : No active profile set, falling back to 1 default profile: "default"
2026-09-09T01:22:34.652+08:00  INFO 397 --- [control-app] [           main] [                                                 ] o.s.b.a.e.web.EndpointLinksResolver      : Exposing 3 endpoints beneath base path '/actuator'
2026-09-09T01:22:34.700+08:00  INFO 397 --- [control-app] [           main] [                                                 ] c.o.pr.control.ControlContextSmokeTest   : Started ControlContextSmokeTest in 2.227 seconds (process running for 18.189)
[INFO] Tests run: 1, Failures: 0, Errors: 0, Skipped: 0, Time elapsed: 2.544 s -- in com.objwww.pr.control.ControlContextSmokeTest
[INFO] Running com.objwww.pr.control.ops.domain.statemachine.OperatorCaseStateMachineTest
[INFO] Tests run: 4, Failures: 0, Errors: 0, Skipped: 0, Time elapsed: 0.005 s -- in com.objwww.pr.control.ops.domain.statemachine.OperatorCaseStateMachineTest
[INFO] Running com.objwww.pr.control.ops.domain.model.RetentionPolicyTest
[INFO] Tests run: 5, Failures: 0, Errors: 0, Skipped: 0, Time elapsed: 0.005 s -- in com.objwww.pr.control.ops.domain.model.RetentionPolicyTest
[INFO] Running com.objwww.pr.control.ops.application.ArchiveServiceTest
2026-09-09T01:22:34.826+08:00  INFO 397 --- [control-app] [           main] [                                                 ] c.o.p.c.ops.application.ArchiveService   : CONTROL_ARCHIVE_REJECTED table=rca_event partition=rca_event_2026_07 gate=verify_failed
2026-09-09T01:22:34.828+08:00  INFO 397 --- [control-app] [           main] [                                                 ] c.o.p.c.ops.application.ArchiveService   : CONTROL_ARCHIVE_REJECTED table=rca_event partition=rca_event_2026_07 gate=legal_hold
2026-09-09T01:22:34.829+08:00  INFO 397 --- [control-app] [           main] [                                                 ] c.o.p.c.ops.application.ArchiveService   : CONTROL_ARCHIVE_REJECTED table=rca_event partition=rca_event_2026_07 gate=export_failed
[INFO] Tests run: 7, Failures: 0, Errors: 0, Skipped: 0, Time elapsed: 0.009 s -- in com.objwww.pr.control.ops.application.ArchiveServiceTest
[INFO] Running com.objwww.pr.control.ops.application.RetentionServiceTest
[INFO] Tests run: 8, Failures: 0, Errors: 0, Skipped: 0, Time elapsed: 0.008 s -- in com.objwww.pr.control.ops.application.RetentionServiceTest
[INFO] Running com.objwww.pr.control.ops.application.OperatorCaseServiceTest
2026-09-09T01:22:34.843+08:00  INFO 397 --- [control-app] [           main] [                                                 ] c.o.p.c.o.a.OperatorCaseService          : {"event":"operator_case_transition","ts":"2026-09-08T17:22:34.842493277Z","revision":1,"to":"OPEN","rule":"T00_CREATE","caseId":"3972bfb9-e620-43f5-8a2c-4a533d923bed"}
2026-09-09T01:22:34.845+08:00  INFO 397 --- [control-app] [           main] [                                                 ] c.o.p.c.o.a.OperatorCaseService          : {"event":"operator_case_transition","ts":"2026-09-08T17:22:34.845021138Z","revision":2,"to":"ACKED","rule":"T10_CLAIM","caseId":"3972bfb9-e620-43f5-8a2c-4a533d923bed"}
2026-09-09T01:22:34.845+08:00  INFO 397 --- [control-app] [           main] [                                                 ] c.o.p.c.o.a.OperatorCaseService          : {"event":"operator_case_transition","ts":"2026-09-08T17:22:34.845879724Z","revision":3,"to":"RESOLVED","rule":"T31_RESOLVE","caseId":"3972bfb9-e620-43f5-8a2c-4a533d923bed"}
2026-09-09T01:22:34.847+08:00  INFO 397 --- [control-app] [           main] [                                                 ] c.o.p.c.o.a.OperatorCaseService          : {"event":"operator_case_transition","ts":"2026-09-08T17:22:34.847143584Z","revision":1,"to":"OPEN","rule":"T00_CREATE","caseId":"384f4d5c-e7c4-47db-9c5d-193f8bb0eff5"}
2026-09-09T01:22:34.847+08:00  INFO 397 --- [control-app] [           main] [                                                 ] c.o.p.c.o.a.OperatorCaseService          : {"event":"operator_case_transition","ts":"2026-09-08T17:22:34.847516887Z","revision":2,"to":"OPEN","rule":"T50_MERGE","caseId":"384f4d5c-e7c4-47db-9c5d-193f8bb0eff5"}
2026-09-09T01:22:34.848+08:00  INFO 397 --- [control-app] [           main] [                                                 ] c.o.p.c.o.a.OperatorCaseService          : {"event":"operator_case_transition","ts":"2026-09-08T17:22:34.848328225Z","revision":1,"to":"OPEN","rule":"T00_CREATE","caseId":"d5cef7d6-3ab4-4ca6-a1cc-2a2b568e659c"}
2026-09-09T01:22:34.849+08:00  INFO 397 --- [control-app] [           main] [                                                 ] c.o.p.c.o.a.OperatorCaseService          : {"event":"operator_case_transition","ts":"2026-09-08T17:22:34.849415513Z","revision":2,"to":"OPEN","rule":"T40_ASSIGN","caseId":"d5cef7d6-3ab4-4ca6-a1cc-2a2b568e659c"}
2026-09-09T01:22:34.850+08:00  INFO 397 --- [control-app] [           main] [                                                 ] c.o.p.c.o.a.OperatorCaseService          : {"event":"operator_case_transition","ts":"2026-09-08T17:22:34.850450050Z","revision":1,"to":"OPEN","rule":"T00_CREATE","caseId":"b9c2edd9-4cab-4547-976b-71adb389de3b"}
2026-09-09T01:22:34.850+08:00  INFO 397 --- [control-app] [           main] [                                                 ] c.o.p.c.o.a.OperatorCaseService          : {"event":"operator_case_transition","ts":"2026-09-08T17:22:34.850670215Z","revision":2,"to":"ACKED","rule":"T10_CLAIM","caseId":"b9c2edd9-4cab-4547-976b-71adb389de3b"}
2026-09-09T01:22:34.851+08:00  INFO 397 --- [control-app] [           main] [                                                 ] c.o.p.c.o.a.OperatorCaseService          : {"event":"operator_case_transition","ts":"2026-09-08T17:22:34.851310630Z","revision":1,"to":"OPEN","rule":"T00_CREATE","caseId":"a307d3f6-0454-4a64-8b56-27c6d3ee6dd5"}
2026-09-09T01:22:34.851+08:00  INFO 397 --- [control-app] [           main] [                                                 ] c.o.p.c.o.a.OperatorCaseService          : {"event":"operator_case_transition","ts":"2026-09-08T17:22:34.851549921Z","revision":2,"to":"RESOLVED","rule":"T30_RESOLVE","caseId":"a307d3f6-0454-4a64-8b56-27c6d3ee6dd5"}
2026-09-09T01:22:34.853+08:00  INFO 397 --- [control-app] [           main] [                                                 ] c.o.p.c.o.a.OperatorCaseService          : {"event":"operator_case_transition","ts":"2026-09-08T17:22:34.852908309Z","revision":1,"to":"OPEN","rule":"T00_CREATE","caseId":"9ba814c6-2faa-4c0b-8680-a28b7d7cdd34"}
2026-09-09T01:22:34.853+08:00  INFO 397 --- [control-app] [           main] [                                                 ] c.o.p.c.o.a.OperatorCaseService          : {"event":"operator_case_transition","ts":"2026-09-08T17:22:34.853275661Z","revision":2,"to":"OPEN","rule":"T60_ESCALATE","caseId":"9ba814c6-2faa-4c0b-8680-a28b7d7cdd34"}
2026-09-09T01:22:34.853+08:00  INFO 397 --- [control-app] [           main] [                                                 ] c.o.p.c.o.a.OperatorCaseService          : {"event":"operator_case_transition","ts":"2026-09-08T17:22:34.853867015Z","revision":1,"to":"OPEN","rule":"T00_CREATE","caseId":"5e261f1f-3a19-43e2-aa80-b9a98fbb830d"}
2026-09-09T01:22:34.854+08:00  INFO 397 --- [control-app] [           main] [                                                 ] c.o.p.c.o.a.OperatorCaseService          : {"event":"operator_case_transition","ts":"2026-09-08T17:22:34.854068705Z","revision":2,"to":"ACKED","rule":"T10_CLAIM","caseId":"5e261f1f-3a19-43e2-aa80-b9a98fbb830d"}
2026-09-09T01:22:34.854+08:00  INFO 397 --- [control-app] [           main] [                                                 ] c.o.p.c.o.a.OperatorCaseService          : {"event":"operator_case_transition","ts":"2026-09-08T17:22:34.854300571Z","revision":3,"to":"RESOLVED","rule":"T31_RESOLVE","caseId":"5e261f1f-3a19-43e2-aa80-b9a98fbb830d"}
2026-09-09T01:22:34.854+08:00  INFO 397 --- [control-app] [           main] [                                                 ] c.o.p.c.o.a.OperatorCaseService          : {"event":"operator_case_transition","ts":"2026-09-08T17:22:34.854573865Z","revision":4,"to":"RESOLVED","rule":"T52_MERGE","caseId":"5e261f1f-3a19-43e2-aa80-b9a98fbb830d"}
2026-09-09T01:22:34.855+08:00  INFO 397 --- [control-app] [           main] [                                                 ] c.o.p.c.o.a.OperatorCaseService          : {"event":"operator_case_transition","ts":"2026-09-08T17:22:34.855292579Z","revision":1,"to":"OPEN","rule":"T00_CREATE","caseId":"0ceab3fa-d298-4c7c-8c71-d321a3286df1"}
2026-09-09T01:22:34.856+08:00  INFO 397 --- [control-app] [           main] [                                                 ] c.o.p.c.o.a.OperatorCaseService          : {"event":"operator_case_transition","ts":"2026-09-08T17:22:34.855960617Z","revision":1,"to":"OPEN","rule":"T00_CREATE","caseId":"0a4712da-c289-40e8-ade7-26642348ed42"}
2026-09-09T01:22:34.856+08:00  INFO 397 --- [control-app] [           main] [                                                 ] c.o.p.c.o.a.OperatorCaseService          : {"event":"operator_case_transition","ts":"2026-09-08T17:22:34.856186723Z","revision":2,"to":"ACKED","rule":"T10_CLAIM","caseId":"0a4712da-c289-40e8-ade7-26642348ed42"}
2026-09-09T01:22:34.857+08:00  INFO 397 --- [control-app] [           main] [                                                 ] c.o.p.c.o.a.OperatorCaseService          : {"event":"operator_case_transition","ts":"2026-09-08T17:22:34.857277296Z","revision":1,"to":"OPEN","rule":"T00_CREATE","caseId":"490b28ea-d344-416c-a5ad-c4266c7b5a9c"}
2026-09-09T01:22:34.857+08:00  INFO 397 --- [control-app] [           main] [                                                 ] c.o.p.c.o.a.OperatorCaseService          : {"event":"operator_case_transition","ts":"2026-09-08T17:22:34.857504064Z","revision":2,"to":"ACKED","rule":"T10_CLAIM","caseId":"490b28ea-d344-416c-a5ad-c4266c7b5a9c"}
2026-09-09T01:22:34.858+08:00  INFO 397 --- [control-app] [           main] [                                                 ] c.o.p.c.o.a.OperatorCaseService          : {"event":"operator_case_transition","ts":"2026-09-08T17:22:34.858076962Z","revision":1,"to":"OPEN","rule":"T00_CREATE","caseId":"73a5cdda-42ad-4631-8bfe-4e25cc9d9c7a"}
2026-09-09T01:22:34.858+08:00  INFO 397 --- [control-app] [           main] [                                                 ] c.o.p.c.o.a.OperatorCaseService          : {"event":"operator_case_transition","ts":"2026-09-08T17:22:34.858315992Z","revision":2,"to":"OPEN","rule":"T50_MERGE","caseId":"73a5cdda-42ad-4631-8bfe-4e25cc9d9c7a"}
2026-09-09T01:22:34.858+08:00  INFO 397 --- [control-app] [           main] [                                                 ] c.o.p.c.o.a.OperatorCaseService          : {"event":"operator_case_transition","ts":"2026-09-08T17:22:34.858523042Z","revision":3,"to":"OPEN","rule":"T50_MERGE","caseId":"73a5cdda-42ad-4631-8bfe-4e25cc9d9c7a"}
2026-09-09T01:22:34.859+08:00  INFO 397 --- [control-app] [           main] [                                                 ] c.o.p.c.o.a.OperatorCaseService          : {"event":"operator_case_transition","ts":"2026-09-08T17:22:34.859176443Z","revision":1,"to":"OPEN","rule":"T00_CREATE","caseId":"35857407-c4c4-4deb-b5db-3215694156f4"}
2026-09-09T01:22:34.859+08:00  INFO 397 --- [control-app] [           main] [                                                 ] c.o.p.c.o.a.OperatorCaseService          : {"event":"operator_case_transition","ts":"2026-09-08T17:22:34.859389914Z","revision":2,"to":"OPEN","rule":"T60_ESCALATE","caseId":"35857407-c4c4-4deb-b5db-3215694156f4"}
2026-09-09T01:22:34.860+08:00  INFO 397 --- [control-app] [           main] [                                                 ] c.o.p.c.o.a.OperatorCaseService          : {"event":"operator_case_transition","ts":"2026-09-08T17:22:34.860470349Z","revision":1,"to":"OPEN","rule":"T00_CREATE","caseId":"99b97e8b-b256-4d0e-a4a0-16f79a1fefde"}
2026-09-09T01:22:34.860+08:00  INFO 397 --- [control-app] [           main] [                                                 ] c.o.p.c.o.a.OperatorCaseService          : {"event":"operator_case_transition","ts":"2026-09-08T17:22:34.860701304Z","revision":2,"to":"ACKED","rule":"T10_CLAIM","caseId":"99b97e8b-b256-4d0e-a4a0-16f79a1fefde"}
2026-09-09T01:22:34.861+08:00  INFO 397 --- [control-app] [           main] [                                                 ] c.o.p.c.o.a.OperatorCaseService          : {"event":"operator_case_transition","ts":"2026-09-08T17:22:34.861420408Z","revision":3,"to":"RESOLVED","rule":"T31_RESOLVE","caseId":"99b97e8b-b256-4d0e-a4a0-16f79a1fefde"}
2026-09-09T01:22:34.862+08:00  INFO 397 --- [control-app] [           main] [                                                 ] c.o.p.c.o.a.OperatorCaseService          : {"event":"operator_case_transition","ts":"2026-09-08T17:22:34.862531570Z","revision":1,"to":"OPEN","rule":"T00_CREATE","caseId":"aaa57073-c5e2-4225-8501-630a1f7ad259"}
2026-09-09T01:22:34.862+08:00  INFO 397 --- [control-app] [           main] [                                                 ] c.o.p.c.o.a.OperatorCaseService          : {"event":"operator_case_transition","ts":"2026-09-08T17:22:34.862757506Z","revision":2,"to":"OPEN","rule":"T40_ASSIGN","caseId":"aaa57073-c5e2-4225-8501-630a1f7ad259"}
2026-09-09T01:22:34.864+08:00  INFO 397 --- [control-app] [           main] [                                                 ] c.o.p.c.o.a.OperatorCaseService          : {"event":"operator_case_transition","ts":"2026-09-08T17:22:34.863983875Z","revision":1,"to":"OPEN","rule":"T00_CREATE","caseId":"19b948bc-e71c-416e-9b61-7d2e245f4d47"}
2026-09-09T01:22:34.864+08:00  INFO 397 --- [control-app] [           main] [                                                 ] c.o.p.c.o.a.OperatorCaseService          : {"event":"operator_case_transition","ts":"2026-09-08T17:22:34.864162131Z","revision":2,"to":"ACKED","rule":"T10_CLAIM","caseId":"19b948bc-e71c-416e-9b61-7d2e245f4d47"}
[INFO] Tests run: 16, Failures: 0, Errors: 0, Skipped: 0, Time elapsed: 0.026 s -- in com.objwww.pr.control.ops.application.OperatorCaseServiceTest
[INFO] Running com.objwww.pr.control.ops.interfaces.OperatorApiControllerTest
2026-09-09T01:22:34.873+08:00  INFO 397 --- [control-app] [           main] [                                                 ] o.s.mock.web.MockServletContext          : Initializing Spring TestDispatcherServlet ''
2026-09-09T01:22:34.873+08:00  INFO 397 --- [control-app] [           main] [                                                 ] o.s.t.web.servlet.TestDispatcherServlet  : Initializing Servlet ''
2026-09-09T01:22:34.874+08:00  INFO 397 --- [control-app] [           main] [                                                 ] o.s.t.web.servlet.TestDispatcherServlet  : Completed initialization in 1 ms
2026-09-09T01:22:34.882+08:00  INFO 397 --- [control-app] [           main] [                                                 ] o.s.mock.web.MockServletContext          : Initializing Spring TestDispatcherServlet ''
2026-09-09T01:22:34.883+08:00  INFO 397 --- [control-app] [           main] [                                                 ] o.s.t.web.servlet.TestDispatcherServlet  : Initializing Servlet ''
2026-09-09T01:22:34.883+08:00  INFO 397 --- [control-app] [           main] [                                                 ] o.s.t.web.servlet.TestDispatcherServlet  : Completed initialization in 0 ms
2026-09-09T01:22:34.895+08:00  INFO 397 --- [control-app] [           main] [                                                 ] o.s.mock.web.MockServletContext          : Initializing Spring TestDispatcherServlet ''
2026-09-09T01:22:34.895+08:00  INFO 397 --- [control-app] [           main] [                                                 ] o.s.t.web.servlet.TestDispatcherServlet  : Initializing Servlet ''
2026-09-09T01:22:34.895+08:00  INFO 397 --- [control-app] [           main] [                                                 ] o.s.t.web.servlet.TestDispatcherServlet  : Completed initialization in 0 ms
2026-09-09T01:22:34.896+08:00  INFO 397 --- [control-app] [           main] [                                                 ] c.o.p.c.o.a.OperatorCaseService          : {"event":"operator_case_transition","ts":"2026-09-08T17:22:34.896106363Z","revision":1,"to":"OPEN","rule":"T00_CREATE","caseId":"a49a1632-365f-44d7-a65a-785cae8f2730"}
2026-09-09T01:22:34.896+08:00  INFO 397 --- [control-app] [           main] [                                                 ] c.o.p.c.o.a.OperatorCaseService          : {"event":"operator_case_transition","ts":"2026-09-08T17:22:34.896471320Z","revision":1,"to":"OPEN","rule":"T00_CREATE","caseId":"f39d6f97-fb27-416f-b0f5-f93ba6ec9b15"}
2026-09-09T01:22:34.896+08:00  INFO 397 --- [control-app] [           main] [                                                 ] c.o.p.c.o.a.OperatorCaseService          : {"event":"operator_case_transition","ts":"2026-09-08T17:22:34.896717023Z","revision":2,"to":"ACKED","rule":"T10_CLAIM","caseId":"f39d6f97-fb27-416f-b0f5-f93ba6ec9b15"}
2026-09-09T01:22:34.897+08:00  INFO 397 --- [control-app] [           main] [                                                 ] c.o.p.c.o.a.OperatorCaseService          : {"event":"operator_case_transition","ts":"2026-09-08T17:22:34.896973917Z","revision":1,"to":"OPEN","rule":"T00_CREATE","caseId":"2dfe42d4-f63f-4f1d-bbfd-0fe6099f0541"}
2026-09-09T01:22:34.897+08:00  INFO 397 --- [control-app] [           main] [                                                 ] c.o.p.c.o.a.OperatorCaseService          : {"event":"operator_case_transition","ts":"2026-09-08T17:22:34.897266938Z","revision":1,"to":"OPEN","rule":"T00_CREATE","caseId":"6770a9e3-409f-49cc-9d19-b6bbc4e7e317"}
2026-09-09T01:22:34.897+08:00  INFO 397 --- [control-app] [           main] [                                                 ] c.o.p.c.o.a.OperatorCaseService          : {"event":"operator_case_transition","ts":"2026-09-08T17:22:34.897423453Z","revision":2,"to":"ACKED","rule":"T10_CLAIM","caseId":"6770a9e3-409f-49cc-9d19-b6bbc4e7e317"}
2026-09-09T01:22:34.897+08:00  INFO 397 --- [control-app] [           main] [                                                 ] c.o.p.c.o.a.OperatorCaseService          : {"event":"operator_case_transition","ts":"2026-09-08T17:22:34.897641634Z","revision":1,"to":"OPEN","rule":"T00_CREATE","caseId":"c838430f-38f5-47bb-b901-f588f06525cd"}
2026-09-09T01:22:34.897+08:00  INFO 397 --- [control-app] [           main] [                                                 ] c.o.p.c.o.a.OperatorCaseService          : {"event":"operator_case_transition","ts":"2026-09-08T17:22:34.897866919Z","revision":2,"to":"RESOLVED","rule":"T30_RESOLVE","caseId":"c838430f-38f5-47bb-b901-f588f06525cd"}
2026-09-09T01:22:34.906+08:00  INFO 397 --- [control-app] [           main] [                                                 ] o.s.mock.web.MockServletContext          : Initializing Spring TestDispatcherServlet ''
2026-09-09T01:22:34.907+08:00  INFO 397 --- [control-app] [           main] [                                                 ] o.s.t.web.servlet.TestDispatcherServlet  : Initializing Servlet ''
2026-09-09T01:22:34.907+08:00  INFO 397 --- [control-app] [           main] [                                                 ] o.s.t.web.servlet.TestDispatcherServlet  : Completed initialization in 0 ms
2026-09-09T01:22:34.907+08:00  INFO 397 --- [control-app] [           main] [                                                 ] c.o.p.c.o.a.OperatorCaseService          : {"event":"operator_case_transition","ts":"2026-09-08T17:22:34.907812386Z","revision":1,"to":"OPEN","rule":"T00_CREATE","caseId":"cc00d929-d9ce-45c0-b5ca-782fca4008d8"}
2026-09-09T01:22:34.908+08:00  INFO 397 --- [control-app] [           main] [                                                 ] c.o.p.c.o.a.OperatorCaseService          : {"event":"operator_case_transition","ts":"2026-09-08T17:22:34.908050324Z","revision":2,"to":"ACKED","rule":"T10_CLAIM","caseId":"cc00d929-d9ce-45c0-b5ca-782fca4008d8"}
2026-09-09T01:22:34.911+08:00  INFO 397 --- [control-app] [           main] [                                                 ] c.o.p.c.o.i.OperatorApiController        : operator-case resolve: case=cc00d929-d9ce-45c0-b5ca-782fca4008d8 idem-key=ui-5 operator=operator-a
2026-09-09T01:22:34.911+08:00  INFO 397 --- [control-app] [           main] [                                                 ] c.o.p.c.o.a.OperatorCaseService          : {"event":"operator_case_transition","ts":"2026-09-08T17:22:34.911326794Z","revision":3,"to":"RESOLVED","rule":"T31_RESOLVE","caseId":"cc00d929-d9ce-45c0-b5ca-782fca4008d8"}
2026-09-09T01:22:34.917+08:00  INFO 397 --- [control-app] [           main] [                                                 ] o.s.mock.web.MockServletContext          : Initializing Spring TestDispatcherServlet ''
2026-09-09T01:22:34.917+08:00  INFO 397 --- [control-app] [           main] [                                                 ] o.s.t.web.servlet.TestDispatcherServlet  : Initializing Servlet ''
2026-09-09T01:22:34.917+08:00  INFO 397 --- [control-app] [           main] [                                                 ] o.s.t.web.servlet.TestDispatcherServlet  : Completed initialization in 0 ms
2026-09-09T01:22:34.918+08:00  INFO 397 --- [control-app] [           main] [                                                 ] c.o.p.c.o.a.OperatorCaseService          : {"event":"operator_case_transition","ts":"2026-09-08T17:22:34.918143840Z","revision":1,"to":"OPEN","rule":"T00_CREATE","caseId":"ba17b748-19f7-43e3-93c5-217f5f3c3a57"}
2026-09-09T01:22:34.920+08:00  INFO 397 --- [control-app] [           main] [                                                 ] c.o.p.c.o.i.OperatorApiController        : operator-case assign: case=ba17b748-19f7-43e3-93c5-217f5f3c3a57 idem-key=ui-6 operator=dispatcher
2026-09-09T01:22:34.920+08:00  INFO 397 --- [control-app] [           main] [                                                 ] c.o.p.c.o.a.OperatorCaseService          : {"event":"operator_case_transition","ts":"2026-09-08T17:22:34.920591279Z","revision":2,"to":"OPEN","rule":"T40_ASSIGN","caseId":"ba17b748-19f7-43e3-93c5-217f5f3c3a57"}
2026-09-09T01:22:34.922+08:00  INFO 397 --- [control-app] [           main] [                                                 ] c.o.p.c.o.i.OperatorApiController        : operator-case assign: case=ba17b748-19f7-43e3-93c5-217f5f3c3a57 idem-key=ui-7 operator=dispatcher
2026-09-09T01:22:34.922+08:00  INFO 397 --- [control-app] [           main] [                                                 ] c.o.p.c.o.a.OperatorCaseService          : {"event":"operator_case_transition","ts":"2026-09-08T17:22:34.922712424Z","revision":3,"to":"OPEN","rule":"T40_ASSIGN","caseId":"ba17b748-19f7-43e3-93c5-217f5f3c3a57"}
2026-09-09T01:22:34.927+08:00  INFO 397 --- [control-app] [           main] [                                                 ] o.s.mock.web.MockServletContext          : Initializing Spring TestDispatcherServlet ''
2026-09-09T01:22:34.927+08:00  INFO 397 --- [control-app] [           main] [                                                 ] o.s.t.web.servlet.TestDispatcherServlet  : Initializing Servlet ''
2026-09-09T01:22:34.927+08:00  INFO 397 --- [control-app] [           main] [                                                 ] o.s.t.web.servlet.TestDispatcherServlet  : Completed initialization in 0 ms
2026-09-09T01:22:34.928+08:00  INFO 397 --- [control-app] [           main] [                                                 ] c.o.p.c.o.a.OperatorCaseService          : {"event":"operator_case_transition","ts":"2026-09-08T17:22:34.928237037Z","revision":1,"to":"OPEN","rule":"T00_CREATE","caseId":"df5b88c6-bc57-4b10-8001-8ad3066ab08e"}
2026-09-09T01:22:34.928+08:00  INFO 397 --- [control-app] [           main] [                                                 ] c.o.p.c.o.a.OperatorCaseService          : {"event":"operator_case_transition","ts":"2026-09-08T17:22:34.928441521Z","revision":2,"to":"ACKED","rule":"T10_CLAIM","caseId":"df5b88c6-bc57-4b10-8001-8ad3066ab08e"}
2026-09-09T01:22:34.937+08:00  INFO 397 --- [control-app] [           main] [                                                 ] o.s.mock.web.MockServletContext          : Initializing Spring TestDispatcherServlet ''
2026-09-09T01:22:34.937+08:00  INFO 397 --- [control-app] [           main] [                                                 ] o.s.t.web.servlet.TestDispatcherServlet  : Initializing Servlet ''
2026-09-09T01:22:34.938+08:00  INFO 397 --- [control-app] [           main] [                                                 ] o.s.t.web.servlet.TestDispatcherServlet  : Completed initialization in 1 ms
2026-09-09T01:22:34.938+08:00  INFO 397 --- [control-app] [           main] [                                                 ] c.o.p.c.o.a.OperatorCaseService          : {"event":"operator_case_transition","ts":"2026-09-08T17:22:34.938410974Z","revision":1,"to":"OPEN","rule":"T00_CREATE","caseId":"97edd47b-a600-4782-ad19-c539aa734af8"}
2026-09-09T01:22:34.938+08:00  INFO 397 --- [control-app] [           main] [                                                 ] c.o.p.c.o.a.OperatorCaseService          : {"event":"operator_case_transition","ts":"2026-09-08T17:22:34.938603387Z","revision":2,"to":"RESOLVED","rule":"T30_RESOLVE","caseId":"97edd47b-a600-4782-ad19-c539aa734af8"}
2026-09-09T01:22:34.940+08:00  INFO 397 --- [control-app] [           main] [                                                 ] c.o.p.c.o.i.OperatorApiController        : operator-case claim: case=97edd47b-a600-4782-ad19-c539aa734af8 idem-key=ui-8 operator=sre-b
2026-09-09T01:22:34.942+08:00  INFO 397 --- [control-app] [           main] [                                                 ] c.o.p.c.o.i.OperatorApiController        : operator-case claim: case=29832255-4ac3-44c5-920c-fde864a1293b idem-key=ui-9 operator=operator
2026-09-09T01:22:34.946+08:00  INFO 397 --- [control-app] [           main] [                                                 ] o.s.mock.web.MockServletContext          : Initializing Spring TestDispatcherServlet ''
2026-09-09T01:22:34.947+08:00  INFO 397 --- [control-app] [           main] [                                                 ] o.s.t.web.servlet.TestDispatcherServlet  : Initializing Servlet ''
2026-09-09T01:22:34.947+08:00  INFO 397 --- [control-app] [           main] [                                                 ] o.s.t.web.servlet.TestDispatcherServlet  : Completed initialization in 0 ms
2026-09-09T01:22:34.947+08:00  INFO 397 --- [control-app] [           main] [                                                 ] c.o.p.c.o.a.OperatorCaseService          : {"event":"operator_case_transition","ts":"2026-09-08T17:22:34.947520418Z","revision":1,"to":"OPEN","rule":"T00_CREATE","caseId":"9e59259e-9bc8-415e-ba9f-c849eb661d50"}
2026-09-09T01:22:34.947+08:00  INFO 397 --- [control-app] [           main] [                                                 ] c.o.p.c.o.a.OperatorCaseService          : {"event":"operator_case_transition","ts":"2026-09-08T17:22:34.947814923Z","revision":1,"to":"OPEN","rule":"T00_CREATE","caseId":"1292cb7c-7dca-41f5-9ac9-dc548db96b4c"}
2026-09-09T01:22:34.948+08:00  INFO 397 --- [control-app] [           main] [                                                 ] c.o.p.c.o.a.OperatorCaseService          : {"event":"operator_case_transition","ts":"2026-09-08T17:22:34.948041268Z","revision":1,"to":"OPEN","rule":"T00_CREATE","caseId":"e98bf6b6-b969-48e8-90a4-6eaf68706816"}
2026-09-09T01:22:34.959+08:00  INFO 397 --- [control-app] [           main] [                                                 ] o.s.mock.web.MockServletContext          : Initializing Spring TestDispatcherServlet ''
2026-09-09T01:22:34.959+08:00  INFO 397 --- [control-app] [           main] [                                                 ] o.s.t.web.servlet.TestDispatcherServlet  : Initializing Servlet ''
2026-09-09T01:22:34.959+08:00  INFO 397 --- [control-app] [           main] [                                                 ] o.s.t.web.servlet.TestDispatcherServlet  : Completed initialization in 0 ms
2026-09-09T01:22:34.960+08:00  INFO 397 --- [control-app] [           main] [                                                 ] c.o.p.c.o.a.OperatorCaseService          : {"event":"operator_case_transition","ts":"2026-09-08T17:22:34.960279824Z","revision":1,"to":"OPEN","rule":"T00_CREATE","caseId":"845401e6-0563-4c90-8471-ee2967686688"}
2026-09-09T01:22:34.962+08:00  INFO 397 --- [control-app] [           main] [                                                 ] c.o.p.c.o.i.OperatorApiController        : operator-case claim: case=845401e6-0563-4c90-8471-ee2967686688 idem-key=ui-1 operator=sre-li
2026-09-09T01:22:34.962+08:00  INFO 397 --- [control-app] [           main] [                                                 ] c.o.p.c.o.a.OperatorCaseService          : {"event":"operator_case_transition","ts":"2026-09-08T17:22:34.962297073Z","revision":2,"to":"ACKED","rule":"T10_CLAIM","caseId":"845401e6-0563-4c90-8471-ee2967686688"}
2026-09-09T01:22:34.967+08:00  INFO 397 --- [control-app] [           main] [                                                 ] o.s.mock.web.MockServletContext          : Initializing Spring TestDispatcherServlet ''
2026-09-09T01:22:34.967+08:00  INFO 397 --- [control-app] [           main] [                                                 ] o.s.t.web.servlet.TestDispatcherServlet  : Initializing Servlet ''
2026-09-09T01:22:34.967+08:00  INFO 397 --- [control-app] [           main] [                                                 ] o.s.t.web.servlet.TestDispatcherServlet  : Completed initialization in 0 ms
2026-09-09T01:22:34.968+08:00  INFO 397 --- [control-app] [           main] [                                                 ] c.o.p.c.o.a.OperatorCaseService          : {"event":"operator_case_transition","ts":"2026-09-08T17:22:34.968088117Z","revision":1,"to":"OPEN","rule":"T00_CREATE","caseId":"5b9f3027-9c95-4566-a91a-37f981d165ea"}
2026-09-09T01:22:34.968+08:00  INFO 397 --- [control-app] [           main] [                                                 ] c.o.p.c.o.a.OperatorCaseService          : {"event":"operator_case_transition","ts":"2026-09-08T17:22:34.968289808Z","revision":2,"to":"ACKED","rule":"T10_CLAIM","caseId":"5b9f3027-9c95-4566-a91a-37f981d165ea"}
2026-09-09T01:22:34.971+08:00  INFO 397 --- [control-app] [           main] [                                                 ] c.o.p.c.o.i.OperatorApiController        : operator-case resolve: case=5b9f3027-9c95-4566-a91a-37f981d165ea idem-key=ui-4 operator=operator-a
2026-09-09T01:22:34.971+08:00  INFO 397 --- [control-app] [           main] [                                                 ] c.o.p.c.o.a.OperatorCaseService          : {"event":"operator_case_transition","ts":"2026-09-08T17:22:34.971703907Z","revision":3,"to":"RESOLVED","rule":"T31_RESOLVE","caseId":"5b9f3027-9c95-4566-a91a-37f981d165ea"}
2026-09-09T01:22:34.976+08:00  INFO 397 --- [control-app] [           main] [                                                 ] o.s.mock.web.MockServletContext          : Initializing Spring TestDispatcherServlet ''
2026-09-09T01:22:34.976+08:00  INFO 397 --- [control-app] [           main] [                                                 ] o.s.t.web.servlet.TestDispatcherServlet  : Initializing Servlet ''
2026-09-09T01:22:34.976+08:00  INFO 397 --- [control-app] [           main] [                                                 ] o.s.t.web.servlet.TestDispatcherServlet  : Completed initialization in 0 ms
2026-09-09T01:22:34.977+08:00  INFO 397 --- [control-app] [           main] [                                                 ] c.o.p.c.o.a.OperatorCaseService          : {"event":"operator_case_transition","ts":"2026-09-08T17:22:34.976966686Z","revision":1,"to":"OPEN","rule":"T00_CREATE","caseId":"ab81ccc0-24f6-4a41-acfb-5b3e665b54e9"}
2026-09-09T01:22:34.977+08:00  INFO 397 --- [control-app] [           main] [                                                 ] c.o.p.c.o.a.OperatorCaseService          : {"event":"operator_case_transition","ts":"2026-09-08T17:22:34.977163648Z","revision":2,"to":"OPEN","rule":"T40_ASSIGN","caseId":"ab81ccc0-24f6-4a41-acfb-5b3e665b54e9"}
2026-09-09T01:22:34.978+08:00  INFO 397 --- [control-app] [           main] [                                                 ] c.o.p.c.o.i.OperatorApiController        : operator-case claim: case=ab81ccc0-24f6-4a41-acfb-5b3e665b54e9 idem-key=ui-2 operator=sre-b
2026-09-09T01:22:34.984+08:00  INFO 397 --- [control-app] [           main] [                                                 ] o.s.mock.web.MockServletContext          : Initializing Spring TestDispatcherServlet ''
2026-09-09T01:22:34.984+08:00  INFO 397 --- [control-app] [           main] [                                                 ] o.s.t.web.servlet.TestDispatcherServlet  : Initializing Servlet ''
2026-09-09T01:22:34.984+08:00  INFO 397 --- [control-app] [           main] [                                                 ] o.s.t.web.servlet.TestDispatcherServlet  : Completed initialization in 0 ms
2026-09-09T01:22:34.984+08:00  INFO 397 --- [control-app] [           main] [                                                 ] c.o.p.c.o.a.OperatorCaseService          : {"event":"operator_case_transition","ts":"2026-09-08T17:22:34.984586656Z","revision":1,"to":"OPEN","rule":"T00_CREATE","caseId":"3af72d5a-1247-42f7-8659-8198057ca022"}
2026-09-09T01:22:34.984+08:00  INFO 397 --- [control-app] [           main] [                                                 ] c.o.p.c.o.a.OperatorCaseService          : {"event":"operator_case_transition","ts":"2026-09-08T17:22:34.984745635Z","revision":2,"to":"ACKED","rule":"T10_CLAIM","caseId":"3af72d5a-1247-42f7-8659-8198057ca022"}
2026-09-09T01:22:34.984+08:00  INFO 397 --- [control-app] [           main] [                                                 ] c.o.p.c.o.a.OperatorCaseService          : {"event":"operator_case_transition","ts":"2026-09-08T17:22:34.984925974Z","revision":1,"to":"OPEN","rule":"T00_CREATE","caseId":"0876b30c-714c-42b6-ac5d-5a35addbf988"}
[INFO] Tests run: 12, Failures: 0, Errors: 0, Skipped: 0, Time elapsed: 0.123 s -- in com.objwww.pr.control.ops.interfaces.OperatorApiControllerTest
[INFO] Running com.objwww.pr.control.interfaces.webhook.GitHubSignatureVerifierTest
[INFO] Tests run: 4, Failures: 0, Errors: 0, Skipped: 0, Time elapsed: 0.003 s -- in com.objwww.pr.control.interfaces.webhook.GitHubSignatureVerifierTest
[INFO] Running com.objwww.pr.control.interfaces.webhook.WebhookControllerTest
2026-09-09T01:22:35.059+08:00  INFO 397 --- [control-app] [           main] [                                                 ] o.s.mock.web.MockServletContext          : Initializing Spring TestDispatcherServlet ''
2026-09-09T01:22:35.059+08:00  INFO 397 --- [control-app] [           main] [                                                 ] o.s.t.web.servlet.TestDispatcherServlet  : Initializing Servlet ''
2026-09-09T01:22:35.059+08:00  INFO 397 --- [control-app] [           main] [                                                 ] o.s.t.web.servlet.TestDispatcherServlet  : Completed initialization in 0 ms
2026-09-09T01:22:35.068+08:00  INFO 397 --- [control-app] [           main] [                                                 ] o.s.mock.web.MockServletContext          : Initializing Spring TestDispatcherServlet ''
2026-09-09T01:22:35.068+08:00  INFO 397 --- [control-app] [           main] [                                                 ] o.s.t.web.servlet.TestDispatcherServlet  : Initializing Servlet ''
2026-09-09T01:22:35.068+08:00  INFO 397 --- [control-app] [           main] [                                                 ] o.s.t.web.servlet.TestDispatcherServlet  : Completed initialization in 0 ms
2026-09-09T01:22:35.076+08:00  INFO 397 --- [control-app] [           main] [                                                 ] o.s.mock.web.MockServletContext          : Initializing Spring TestDispatcherServlet ''
2026-09-09T01:22:35.077+08:00  INFO 397 --- [control-app] [           main] [                                                 ] o.s.t.web.servlet.TestDispatcherServlet  : Initializing Servlet ''
2026-09-09T01:22:35.077+08:00  INFO 397 --- [control-app] [           main] [                                                 ] o.s.t.web.servlet.TestDispatcherServlet  : Completed initialization in 0 ms
2026-09-09T01:22:35.089+08:00  INFO 397 --- [control-app] [           main] [                                                 ] o.s.mock.web.MockServletContext          : Initializing Spring TestDispatcherServlet ''
2026-09-09T01:22:35.089+08:00  INFO 397 --- [control-app] [           main] [                                                 ] o.s.t.web.servlet.TestDispatcherServlet  : Initializing Servlet ''
2026-09-09T01:22:35.089+08:00  INFO 397 --- [control-app] [           main] [                                                 ] o.s.t.web.servlet.TestDispatcherServlet  : Completed initialization in 0 ms
2026-09-09T01:22:35.097+08:00  INFO 397 --- [control-app] [           main] [                                                 ] o.s.mock.web.MockServletContext          : Initializing Spring TestDispatcherServlet ''
2026-09-09T01:22:35.097+08:00  INFO 397 --- [control-app] [           main] [                                                 ] o.s.t.web.servlet.TestDispatcherServlet  : Initializing Servlet ''
2026-09-09T01:22:35.097+08:00  INFO 397 --- [control-app] [           main] [                                                 ] o.s.t.web.servlet.TestDispatcherServlet  : Completed initialization in 0 ms
2026-09-09T01:22:35.103+08:00  INFO 397 --- [control-app] [           main] [                                                 ] o.s.mock.web.MockServletContext          : Initializing Spring TestDispatcherServlet ''
2026-09-09T01:22:35.103+08:00  INFO 397 --- [control-app] [           main] [                                                 ] o.s.t.web.servlet.TestDispatcherServlet  : Initializing Servlet ''
2026-09-09T01:22:35.104+08:00  INFO 397 --- [control-app] [           main] [                                                 ] o.s.t.web.servlet.TestDispatcherServlet  : Completed initialization in 1 ms
2026-09-09T01:22:35.114+08:00  INFO 397 --- [control-app] [           main] [                                                 ] o.s.mock.web.MockServletContext          : Initializing Spring TestDispatcherServlet ''
2026-09-09T01:22:35.114+08:00  INFO 397 --- [control-app] [           main] [                                                 ] o.s.t.web.servlet.TestDispatcherServlet  : Initializing Servlet ''
2026-09-09T01:22:35.114+08:00  INFO 397 --- [control-app] [           main] [                                                 ] o.s.t.web.servlet.TestDispatcherServlet  : Completed initialization in 0 ms
[INFO] Tests run: 7, Failures: 0, Errors: 0, Skipped: 0, Time elapsed: 0.125 s -- in com.objwww.pr.control.interfaces.webhook.WebhookControllerTest
2026-09-09T01:22:35.127+08:00  INFO 397 --- [control-app] [           main] [                                                 ] org.testcontainers.DockerClientFactory   : Testcontainers version: 1.20.4
2026-09-09T01:22:35.270+08:00  INFO 397 --- [control-app] [           main] [                                                 ] o.t.d.DockerClientProviderStrategy       : Loaded org.testcontainers.dockerclient.UnixSocketClientProviderStrategy from ~/.testcontainers.properties, will try it first
2026-09-09T01:22:35.501+08:00  INFO 397 --- [control-app] [           main] [                                                 ] o.t.d.DockerClientProviderStrategy       : Found Docker environment with local Unix socket (unix:///var/run/docker.sock)
2026-09-09T01:22:35.503+08:00  INFO 397 --- [control-app] [           main] [                                                 ] org.testcontainers.DockerClientFactory   : Docker host IP address is localhost
2026-09-09T01:22:35.518+08:00  INFO 397 --- [control-app] [           main] [                                                 ] org.testcontainers.DockerClientFactory   : Connected to docker: 
  Server Version: 26.1.4
  API Version: 1.45
  Operating System: CentOS Linux 7 (Core)
  Total Memory: 7725 MB
2026-09-09T01:22:35.528+08:00  INFO 397 --- [control-app] [           main] [                                                 ] org.testcontainers.images.PullPolicy     : Image pull policy will be performed by: DefaultPullPolicy()
2026-09-09T01:22:35.529+08:00  INFO 397 --- [control-app] [           main] [                                                 ] o.t.utility.ImageNameSubstitutor         : Image name substitution will be performed by: DefaultImageNameSubstitutor (composite of 'ConfigurationFileImageNameSubstitutor' and 'PrefixingImageNameSubstitutor')
2026-09-09T01:22:35.587+08:00  INFO 397 --- [control-app] [           main] [                                                 ] tc.testcontainers/ryuk:0.11.0            : Creating container for image: testcontainers/ryuk:0.11.0
2026-09-09T01:22:35.591+08:00  INFO 397 --- [control-app] [           main] [                                                 ] o.t.utility.RegistryAuthLocator          : Failure when attempting to lookup auth config. Please ignore if you don't have images in an authenticated registry. Details: (dockerImageName: testcontainers/ryuk:0.11.0, configFile: /root/.docker/config.json, configEnv: DOCKER_AUTH_CONFIG). Falling back to docker-java default behaviour. Exception message: Status 404: No config supplied. Checked in order: /root/.docker/config.json (file not found), DOCKER_AUTH_CONFIG (not set)
2026-09-09T01:22:35.707+08:00  INFO 397 --- [control-app] [           main] [                                                 ] tc.testcontainers/ryuk:0.11.0            : Container testcontainers/ryuk:0.11.0 is starting: 96d973904351a171af2a6e41958c28426d5847f45b12a6410b36adc1ab7ee140
2026-09-09T01:22:36.067+08:00  INFO 397 --- [control-app] [           main] [                                                 ] tc.testcontainers/ryuk:0.11.0            : Container testcontainers/ryuk:0.11.0 started in PT0.479725232S
2026-09-09T01:22:36.078+08:00  INFO 397 --- [control-app] [           main] [                                                 ] o.t.utility.RyukResourceReaper           : Ryuk started - will monitor and terminate Testcontainers containers on JVM exit
2026-09-09T01:22:36.078+08:00  INFO 397 --- [control-app] [           main] [                                                 ] org.testcontainers.DockerClientFactory   : Checking the system...
2026-09-09T01:22:36.078+08:00  INFO 397 --- [control-app] [           main] [                                                 ] org.testcontainers.DockerClientFactory   : ✔︎ Docker server version should be at least 1.6.0
[INFO] Running com.objwww.pr.control.it.PostgresDatasetPartitionAccessTest
2026-09-09T01:22:36.084+08:00  INFO 397 --- [control-app] [           main] [                                                 ] tc.postgres:16-alpine                    : Creating container for image: postgres:16-alpine
2026-09-09T01:22:36.146+08:00  INFO 397 --- [control-app] [           main] [                                                 ] tc.postgres:16-alpine                    : Container postgres:16-alpine is starting: a7a615fa60125a2b04ebebb7bc28eea0fd437a623d9dac650bccb3151e236e35
2026-09-09T01:22:37.328+08:00  INFO 397 --- [control-app] [           main] [                                                 ] tc.postgres:16-alpine                    : Container postgres:16-alpine started in PT1.244287046S
2026-09-09T01:22:37.329+08:00  INFO 397 --- [control-app] [           main] [                                                 ] tc.postgres:16-alpine                    : Container is started (JDBC URL: jdbc:postgresql://localhost:33230/test?loggerLevel=OFF)
2026-09-09T01:22:37.334+08:00  INFO 397 --- [control-app] [           main] [                                                 ] com.zaxxer.hikari.HikariDataSource       : HikariPool-1 - Starting...
2026-09-09T01:22:37.456+08:00  INFO 397 --- [control-app] [           main] [                                                 ] com.zaxxer.hikari.pool.HikariPool        : HikariPool-1 - Added connection org.postgresql.jdbc.PgConnection@4291c63d
2026-09-09T01:22:37.457+08:00  INFO 397 --- [control-app] [           main] [                                                 ] com.zaxxer.hikari.HikariDataSource       : HikariPool-1 - Start completed.
2026-09-09T01:22:37.604+08:00  INFO 397 --- [control-app] [           main] [                                                 ] org.flywaydb.core.FlywayExecutor         : Database: jdbc:postgresql://localhost:33230/test?loggerLevel=OFF (PostgreSQL 16.15)
2026-09-09T01:22:37.689+08:00  INFO 397 --- [control-app] [           main] [                                                 ] o.f.c.i.s.JdbcTableSchemaHistory         : Schema history table "public"."flyway_schema_history" does not exist yet
2026-09-09T01:22:37.693+08:00  INFO 397 --- [control-app] [           main] [                                                 ] o.f.core.internal.command.DbValidate     : Successfully validated 31 migrations (execution time 00:00.067s)
2026-09-09T01:22:37.707+08:00  INFO 397 --- [control-app] [           main] [                                                 ] o.f.c.i.s.JdbcTableSchemaHistory         : Creating Schema History table "public"."flyway_schema_history" ...
2026-09-09T01:22:37.741+08:00  INFO 397 --- [control-app] [           main] [                                                 ] o.f.core.internal.command.DbMigrate      : Current version of schema "public": << Empty Schema >>
2026-09-09T01:22:37.779+08:00  INFO 397 --- [control-app] [           main] [                                                 ] o.f.core.internal.command.DbMigrate      : Migrating schema "public" to version "1 - m0 schema"
2026-09-09T01:22:37.864+08:00  INFO 397 --- [control-app] [           main] [                                                 ] o.f.core.internal.command.DbMigrate      : Migrating schema "public" to version "2 - grants"
2026-09-09T01:22:37.885+08:00  INFO 397 --- [control-app] [           main] [                                                 ] o.f.core.internal.command.DbMigrate      : Migrating schema "public" to version "3 - m1 inbox reconcile"
2026-09-09T01:22:37.914+08:00  INFO 397 --- [control-app] [           main] [                                                 ] o.f.core.internal.command.DbMigrate      : Migrating schema "public" to version "4 - m2 checkpoint repair"
2026-09-09T01:22:37.939+08:00  INFO 397 --- [control-app] [           main] [                                                 ] o.f.core.internal.command.DbMigrate      : Migrating schema "public" to version "5 - m3 model governance"
2026-09-09T01:22:37.969+08:00  INFO 397 --- [control-app] [           main] [                                                 ] o.f.core.internal.command.DbMigrate      : Migrating schema "public" to version "6 - m4 sandbox"
2026-09-09T01:22:38.042+08:00  INFO 397 --- [control-app] [           main] [                                                 ] o.f.core.internal.command.DbMigrate      : Migrating schema "public" to version "7 - am1 alert domain"
2026-09-09T01:22:38.121+08:00  INFO 397 --- [control-app] [           main] [                                                 ] o.f.core.internal.command.DbMigrate      : Migrating schema "public" to version "8 - am1 dag reserve"
2026-09-09T01:22:38.153+08:00  INFO 397 --- [control-app] [           main] [                                                 ] o.f.core.internal.command.DbMigrate      : Migrating schema "public" to version "9 - am3 eval notify"
2026-09-09T01:22:38.240+08:00  INFO 397 --- [control-app] [           main] [                                                 ] o.f.core.internal.command.DbMigrate      : Migrating schema "public" to version "10 - am3 eval run"
2026-09-09T01:22:38.266+08:00  INFO 397 --- [control-app] [           main] [                                                 ] o.f.core.internal.command.DbMigrate      : Migrating schema "public" to version "11 - am3 eval readonly"
2026-09-09T01:22:38.276+08:00  INFO 397 --- [control-app] [           main] [                                                 ] o.f.core.internal.command.DbMigrate      : Migrating schema "public" to version "12 - am4 state expansion"
2026-09-09T01:22:38.296+08:00  INFO 397 --- [control-app] [           main] [                                                 ] o.f.core.internal.command.DbMigrate      : Migrating schema "public" to version "13 - am4 budget ledger"
2026-09-09T01:22:38.315+08:00  INFO 397 --- [control-app] [           main] [                                                 ] o.f.core.internal.command.DbMigrate      : Migrating schema "public" to version "14 - am4 rca event"
2026-09-09T01:22:38.330+08:00  INFO 397 --- [control-app] [           main] [                                                 ] o.f.core.internal.command.DbMigrate      : Migrating schema "public" to version "15 - am4 tool invocation ledger"
2026-09-09T01:22:38.348+08:00  INFO 397 --- [control-app] [           main] [                                                 ] o.f.core.internal.command.DbMigrate      : Migrating schema "public" to version "16 - am4 evidence snapshot"
2026-09-09T01:22:38.367+08:00  INFO 397 --- [control-app] [           main] [                                                 ] o.f.core.internal.command.DbMigrate      : Migrating schema "public" to version "17 - am4 claim"
2026-09-09T01:22:38.383+08:00  INFO 397 --- [control-app] [           main] [                                                 ] o.f.core.internal.command.DbMigrate      : Migrating schema "public" to version "18 - am4 task edge run scope"
2026-09-09T01:22:38.392+08:00  INFO 397 --- [control-app] [           main] [                                                 ] o.f.core.internal.command.DbMigrate      : Migrating schema "public" to version "19 - am4 tool replay"
2026-09-09T01:22:38.402+08:00  INFO 397 --- [control-app] [           main] [                                                 ] o.f.core.internal.command.DbMigrate      : Migrating schema "public" to version "20 - am5 dataset version"
2026-09-09T01:22:38.417+08:00  INFO 397 --- [control-app] [           main] [                                                 ] o.f.core.internal.command.DbMigrate      : Migrating schema "public" to version "21 - am5 dataset partition"
2026-09-09T01:22:38.436+08:00  INFO 397 --- [control-app] [           main] [                                                 ] o.f.core.internal.command.DbMigrate      : Migrating schema "public" to version "22 - am5 golden candidate"
2026-09-09T01:22:38.452+08:00  INFO 397 --- [control-app] [           main] [                                                 ] o.f.core.internal.command.DbMigrate      : Migrating schema "public" to version "23 - am5 sampling fingerprint"
2026-09-09T01:22:38.460+08:00  INFO 397 --- [control-app] [           main] [                                                 ] o.f.core.internal.command.DbMigrate      : Migrating schema "public" to version "24 - am5 config bundle"
2026-09-09T01:22:38.474+08:00  INFO 397 --- [control-app] [           main] [                                                 ] o.f.core.internal.command.DbMigrate      : Migrating schema "public" to version "25 - am5 canary route"
2026-09-09T01:22:38.490+08:00  INFO 397 --- [control-app] [           main] [                                                 ] o.f.core.internal.command.DbMigrate      : Migrating schema "public" to version "26 - am5 operator case"
2026-09-09T01:22:38.502+08:00  INFO 397 --- [control-app] [           main] [                                                 ] o.f.core.internal.command.DbMigrate      : Migrating schema "public" to version "27 - am5 operator command"
2026-09-09T01:22:38.516+08:00  INFO 397 --- [control-app] [           main] [                                                 ] o.f.core.internal.command.DbMigrate      : Migrating schema "public" to version "28 - am5 monthly partition"
2026-09-09T01:22:38.547+08:00  INFO 397 --- [control-app] [           main] [                                                 ] o.f.core.internal.command.DbMigrate      : Migrating schema "public" to version "29 - am5 retention archive"
2026-09-09T01:22:38.565+08:00  INFO 397 --- [control-app] [           main] [                                                 ] o.f.core.internal.command.DbMigrate      : Migrating schema "public" to version "30 - am6 canary window verdict"
2026-09-09T01:22:38.583+08:00  INFO 397 --- [control-app] [           main] [                                                 ] o.f.core.internal.command.DbMigrate      : Migrating schema "public" to version "31 - ba52 canary decision fk deferred"
2026-09-09T01:22:38.589+08:00  INFO 397 --- [control-app] [           main] [                                                 ] o.f.core.internal.command.DbMigrate      : Successfully applied 31 migrations to schema "public", now at version v31 (execution time 00:00.564s)
2026-09-09T01:22:38.592+08:00  INFO 397 --- [control-app] [           main] [                                                 ] com.zaxxer.hikari.HikariDataSource       : HikariPool-2 - Starting...
2026-09-09T01:22:38.604+08:00  INFO 397 --- [control-app] [           main] [                                                 ] com.zaxxer.hikari.pool.HikariPool        : HikariPool-2 - Added connection org.postgresql.jdbc.PgConnection@67ef90c4
2026-09-09T01:22:38.604+08:00  INFO 397 --- [control-app] [           main] [                                                 ] com.zaxxer.hikari.HikariDataSource       : HikariPool-2 - Start completed.
2026-09-09T01:22:38.604+08:00  INFO 397 --- [control-app] [           main] [                                                 ] com.zaxxer.hikari.HikariDataSource       : HikariPool-3 - Starting...
2026-09-09T01:22:38.616+08:00  INFO 397 --- [control-app] [           main] [                                                 ] com.zaxxer.hikari.pool.HikariPool        : HikariPool-3 - Added connection org.postgresql.jdbc.PgConnection@401278ad
2026-09-09T01:22:38.616+08:00  INFO 397 --- [control-app] [           main] [                                                 ] com.zaxxer.hikari.HikariDataSource       : HikariPool-3 - Start completed.
2026-09-09T01:22:38.616+08:00  INFO 397 --- [control-app] [           main] [                                                 ] com.zaxxer.hikari.HikariDataSource       : HikariPool-4 - Starting...
2026-09-09T01:22:38.628+08:00  INFO 397 --- [control-app] [           main] [                                                 ] com.zaxxer.hikari.pool.HikariPool        : HikariPool-4 - Added connection org.postgresql.jdbc.PgConnection@6429b19
2026-09-09T01:22:38.629+08:00  INFO 397 --- [control-app] [           main] [                                                 ] com.zaxxer.hikari.HikariDataSource       : HikariPool-4 - Start completed.
2026-09-09T01:22:38.629+08:00  INFO 397 --- [control-app] [           main] [                                                 ] com.zaxxer.hikari.HikariDataSource       : HikariPool-5 - Starting...
2026-09-09T01:22:38.646+08:00  INFO 397 --- [control-app] [           main] [                                                 ] com.zaxxer.hikari.pool.HikariPool        : HikariPool-5 - Added connection org.postgresql.jdbc.PgConnection@16347692
2026-09-09T01:22:38.646+08:00  INFO 397 --- [control-app] [           main] [                                                 ] com.zaxxer.hikari.HikariDataSource       : HikariPool-5 - Start completed.
2026-09-09T01:22:38.752+08:00  INFO 397 --- [control-app] [           main] [                                                 ] com.zaxxer.hikari.HikariDataSource       : HikariPool-6 - Starting...
2026-09-09T01:22:38.770+08:00  INFO 397 --- [control-app] [           main] [                                                 ] com.zaxxer.hikari.pool.HikariPool        : HikariPool-6 - Added connection org.postgresql.jdbc.PgConnection@45d700fd
2026-09-09T01:22:38.770+08:00  INFO 397 --- [control-app] [           main] [                                                 ] com.zaxxer.hikari.HikariDataSource       : HikariPool-6 - Start completed.
2026-09-09T01:22:38.895+08:00  INFO 397 --- [control-app] [           main] [                                                 ] com.zaxxer.hikari.HikariDataSource       : HikariPool-7 - Starting...
2026-09-09T01:22:38.902+08:00  INFO 397 --- [control-app] [           main] [                                                 ] com.zaxxer.hikari.pool.HikariPool        : HikariPool-7 - Added connection org.postgresql.jdbc.PgConnection@4950344b
2026-09-09T01:22:38.902+08:00  INFO 397 --- [control-app] [           main] [                                                 ] com.zaxxer.hikari.HikariDataSource       : HikariPool-7 - Start completed.
2026-09-09T01:22:39.015+08:00  INFO 397 --- [control-app] [           main] [                                                 ] com.zaxxer.hikari.HikariDataSource       : HikariPool-8 - Starting...
2026-09-09T01:22:39.032+08:00  INFO 397 --- [control-app] [           main] [                                                 ] com.zaxxer.hikari.pool.HikariPool        : HikariPool-8 - Added connection org.postgresql.jdbc.PgConnection@2b286ff6
2026-09-09T01:22:39.033+08:00  INFO 397 --- [control-app] [           main] [                                                 ] com.zaxxer.hikari.HikariDataSource       : HikariPool-8 - Start completed.
2026-09-09T01:22:39.116+08:00  INFO 397 --- [control-app] [           main] [                                                 ] com.zaxxer.hikari.HikariDataSource       : HikariPool-9 - Starting...
2026-09-09T01:22:39.122+08:00  INFO 397 --- [control-app] [           main] [                                                 ] com.zaxxer.hikari.pool.HikariPool        : HikariPool-9 - Added connection org.postgresql.jdbc.PgConnection@2bd41023
2026-09-09T01:22:39.123+08:00  INFO 397 --- [control-app] [           main] [                                                 ] com.zaxxer.hikari.HikariDataSource       : HikariPool-9 - Start completed.
2026-09-09T01:22:39.207+08:00  INFO 397 --- [control-app] [           main] [                                                 ] com.zaxxer.hikari.HikariDataSource       : HikariPool-10 - Starting...
2026-09-09T01:22:39.230+08:00  INFO 397 --- [control-app] [           main] [                                                 ] com.zaxxer.hikari.pool.HikariPool        : HikariPool-10 - Added connection org.postgresql.jdbc.PgConnection@1bebeb44
2026-09-09T01:22:39.230+08:00  INFO 397 --- [control-app] [           main] [                                                 ] com.zaxxer.hikari.HikariDataSource       : HikariPool-10 - Start completed.
[INFO] Tests run: 5, Failures: 0, Errors: 0, Skipped: 0, Time elapsed: 3.161 s -- in com.objwww.pr.control.it.PostgresDatasetPartitionAccessTest
[INFO] Running com.objwww.pr.control.it.PostgresConfigBundleRepositoryTest
2026-09-09T01:22:39.354+08:00  INFO 397 --- [control-app] [           main] [                                                 ] c.o.p.c.r.a.ConfigBundleService          : bundle 发布: 30ad808ed98886e339611e59f7bac711638e216776d0231c3aad2a5fe468382c revision=1 by=op-1 policy=policy-2026-09
2026-09-09T01:22:39.376+08:00  INFO 397 --- [control-app] [           main] [                                                 ] c.o.p.c.r.a.ConfigBundleService          : activate 落位: 30ad808ed98886e339611e59f7bac711638e216776d0231c3aad2a5fe468382c revision=1 by=op-1
2026-09-09T01:22:39.479+08:00  INFO 397 --- [control-app] [           main] [                                                 ] c.o.p.c.r.a.ConfigBundleService          : bundle 发布: 30ad808ed98886e339611e59f7bac711638e216776d0231c3aad2a5fe468382c revision=1 by=op-1 policy=policy-2026-09
2026-09-09T01:22:39.577+08:00  INFO 397 --- [control-app] [           main] [                                                 ] c.o.p.c.r.a.ConfigBundleService          : bundle 发布: 30ad808ed98886e339611e59f7bac711638e216776d0231c3aad2a5fe468382c revision=1 by=op-1 policy=policy-2026-09
2026-09-09T01:22:39.578+08:00  INFO 397 --- [control-app] [           main] [                                                 ] c.o.p.c.r.a.ConfigBundleService          : bundle 发布: be840a4ff5d98fc58380e1ed2d6501f2a7edb25711430dc0e9023b687140db80 revision=2 by=op-1 policy=policy-2026-09
2026-09-09T01:22:39.580+08:00  INFO 397 --- [control-app] [           main] [                                                 ] c.o.p.c.r.a.ConfigBundleService          : activate 落位: 30ad808ed98886e339611e59f7bac711638e216776d0231c3aad2a5fe468382c revision=1 by=op-1
2026-09-09T01:22:39.582+08:00  INFO 397 --- [control-app] [           main] [                                                 ] c.o.p.c.r.a.ConfigBundleService          : activate 落位: be840a4ff5d98fc58380e1ed2d6501f2a7edb25711430dc0e9023b687140db80 revision=2 by=op-1
2026-09-09T01:22:39.593+08:00  INFO 397 --- [control-app] [           main] [                                                 ] c.o.p.c.r.a.ConfigBundleService          : rollback 落位: 30ad808ed98886e339611e59f7bac711638e216776d0231c3aad2a5fe468382c revision=1 by=op-2
2026-09-09T01:22:39.725+08:00  INFO 397 --- [control-app] [           main] [                                                 ] c.o.p.c.r.a.ConfigBundleService          : bundle 发布: 30ad808ed98886e339611e59f7bac711638e216776d0231c3aad2a5fe468382c revision=1 by=op-1 policy=policy-2026-09
2026-09-09T01:22:39.727+08:00  INFO 397 --- [control-app] [           main] [                                                 ] c.o.p.c.r.a.ConfigBundleService          : bundle 幂等重放: 30ad808ed98886e339611e59f7bac711638e216776d0231c3aad2a5fe468382c revision=1 by=op-2
[INFO] Tests run: 4, Failures: 0, Errors: 0, Skipped: 0, Time elapsed: 0.487 s -- in com.objwww.pr.control.it.PostgresConfigBundleRepositoryTest
[INFO] Running com.objwww.pr.control.it.PostgresModelCallLedgerRepositoryTest
[INFO] Tests run: 2, Failures: 0, Errors: 0, Skipped: 0, Time elapsed: 0.205 s -- in com.objwww.pr.control.it.PostgresModelCallLedgerRepositoryTest
[INFO] Running com.objwww.pr.control.it.PostgresGoldenCandidateRepositoryTest
2026-09-09T01:22:40.019+08:00  INFO 397 --- [control-app] [           main] [                                                 ] com.zaxxer.hikari.HikariDataSource       : HikariPool-11 - Starting...
2026-09-09T01:22:40.029+08:00  INFO 397 --- [control-app] [           main] [                                                 ] com.zaxxer.hikari.pool.HikariPool        : HikariPool-11 - Added connection org.postgresql.jdbc.PgConnection@40ead81f
2026-09-09T01:22:40.029+08:00  INFO 397 --- [control-app] [           main] [                                                 ] com.zaxxer.hikari.HikariDataSource       : HikariPool-11 - Start completed.
2026-09-09T01:22:40.052+08:00  INFO 397 --- [control-app] [           main] [                                                 ] com.zaxxer.hikari.HikariDataSource       : HikariPool-11 - Shutdown initiated...
2026-09-09T01:22:40.054+08:00  INFO 397 --- [control-app] [           main] [                                                 ] com.zaxxer.hikari.HikariDataSource       : HikariPool-11 - Shutdown completed.
2026-09-09T01:22:40.157+08:00  INFO 397 --- [control-app] [           main] [                                                 ] com.zaxxer.hikari.HikariDataSource       : HikariPool-12 - Starting...
2026-09-09T01:22:40.167+08:00  INFO 397 --- [control-app] [           main] [                                                 ] com.zaxxer.hikari.pool.HikariPool        : HikariPool-12 - Added connection org.postgresql.jdbc.PgConnection@50fcc8a6
2026-09-09T01:22:40.167+08:00  INFO 397 --- [control-app] [           main] [                                                 ] com.zaxxer.hikari.HikariDataSource       : HikariPool-12 - Start completed.
2026-09-09T01:22:40.175+08:00  INFO 397 --- [control-app] [           main] [                                                 ] com.zaxxer.hikari.HikariDataSource       : HikariPool-12 - Shutdown initiated...
2026-09-09T01:22:40.176+08:00  INFO 397 --- [control-app] [           main] [                                                 ] com.zaxxer.hikari.HikariDataSource       : HikariPool-12 - Shutdown completed.
2026-09-09T01:22:40.263+08:00  INFO 397 --- [control-app] [           main] [                                                 ] com.zaxxer.hikari.HikariDataSource       : HikariPool-13 - Starting...
2026-09-09T01:22:40.280+08:00  INFO 397 --- [control-app] [           main] [                                                 ] com.zaxxer.hikari.pool.HikariPool        : HikariPool-13 - Added connection org.postgresql.jdbc.PgConnection@42f8975c
2026-09-09T01:22:40.281+08:00  INFO 397 --- [control-app] [           main] [                                                 ] com.zaxxer.hikari.HikariDataSource       : HikariPool-13 - Start completed.
2026-09-09T01:22:40.303+08:00  INFO 397 --- [control-app] [           main] [                                                 ] com.zaxxer.hikari.HikariDataSource       : HikariPool-13 - Shutdown initiated...
2026-09-09T01:22:40.304+08:00  INFO 397 --- [control-app] [           main] [                                                 ] com.zaxxer.hikari.HikariDataSource       : HikariPool-13 - Shutdown completed.
2026-09-09T01:22:40.408+08:00  INFO 397 --- [control-app] [           main] [                                                 ] com.zaxxer.hikari.HikariDataSource       : HikariPool-14 - Starting...
2026-09-09T01:22:40.418+08:00  INFO 397 --- [control-app] [           main] [                                                 ] com.zaxxer.hikari.pool.HikariPool        : HikariPool-14 - Added connection org.postgresql.jdbc.PgConnection@17ca081c
2026-09-09T01:22:40.418+08:00  INFO 397 --- [control-app] [           main] [                                                 ] com.zaxxer.hikari.HikariDataSource       : HikariPool-14 - Start completed.
2026-09-09T01:22:40.450+08:00  INFO 397 --- [control-app] [           main] [                                                 ] com.zaxxer.hikari.HikariDataSource       : HikariPool-14 - Shutdown initiated...
2026-09-09T01:22:40.454+08:00  INFO 397 --- [control-app] [           main] [                                                 ] com.zaxxer.hikari.HikariDataSource       : HikariPool-14 - Shutdown completed.
2026-09-09T01:22:40.557+08:00  INFO 397 --- [control-app] [           main] [                                                 ] com.zaxxer.hikari.HikariDataSource       : HikariPool-15 - Starting...
2026-09-09T01:22:40.576+08:00  INFO 397 --- [control-app] [           main] [                                                 ] com.zaxxer.hikari.pool.HikariPool        : HikariPool-15 - Added connection org.postgresql.jdbc.PgConnection@4d96609c
2026-09-09T01:22:40.577+08:00  INFO 397 --- [control-app] [           main] [                                                 ] com.zaxxer.hikari.HikariDataSource       : HikariPool-15 - Start completed.
2026-09-09T01:22:40.607+08:00  INFO 397 --- [control-app] [           main] [                                                 ] com.zaxxer.hikari.HikariDataSource       : HikariPool-15 - Shutdown initiated...
2026-09-09T01:22:40.608+08:00  INFO 397 --- [control-app] [           main] [                                                 ] com.zaxxer.hikari.HikariDataSource       : HikariPool-15 - Shutdown completed.
[INFO] Tests run: 5, Failures: 0, Errors: 0, Skipped: 0, Time elapsed: 0.671 s -- in com.objwww.pr.control.it.PostgresGoldenCandidateRepositoryTest
[INFO] Running com.objwww.pr.control.it.PostgresDatasetVersionRepositoryTest
[INFO] Tests run: 5, Failures: 0, Errors: 0, Skipped: 0, Time elapsed: 0.452 s -- in com.objwww.pr.control.it.PostgresDatasetVersionRepositoryTest
[INFO] 
[INFO] Results:
[INFO] 
[INFO] Tests run: 1087, Failures: 0, Errors: 0, Skipped: 0
[INFO] 
[INFO] 
[INFO] --- jar:3.4.2:jar (default-jar) @ control-app ---
[INFO] Building jar: /opt/projects/pr_agent_it/control-app/target/control-app-0.0.1-SNAPSHOT.jar
[INFO] 
[INFO] --- spring-boot:3.4.5:repackage (repackage) @ control-app ---
[INFO] Attaching repackaged archive /opt/projects/pr_agent_it/control-app/target/control-app-0.0.1-SNAPSHOT-exec.jar with classifier exec
[INFO] 
[INFO] --- failsafe:3.5.3:integration-test (default) @ control-app ---
[INFO] Using auto detected provider org.apache.maven.surefire.junitplatform.JUnitPlatformProvider
[INFO] 
[INFO] -------------------------------------------------------
[INFO]  T E S T S
[INFO] -------------------------------------------------------
01:22:43.533 [main] INFO org.testcontainers.DockerClientFactory -- Testcontainers version: 1.20.4
01:22:43.695 [main] INFO org.testcontainers.dockerclient.DockerClientProviderStrategy -- Loaded org.testcontainers.dockerclient.UnixSocketClientProviderStrategy from ~/.testcontainers.properties, will try it first
01:22:44.035 [main] INFO org.testcontainers.dockerclient.DockerClientProviderStrategy -- Found Docker environment with local Unix socket (unix:///var/run/docker.sock)
01:22:44.037 [main] INFO org.testcontainers.DockerClientFactory -- Docker host IP address is localhost
01:22:44.054 [main] INFO org.testcontainers.DockerClientFactory -- Connected to docker: 
  Server Version: 26.1.4
  API Version: 1.45
  Operating System: CentOS Linux 7 (Core)
  Total Memory: 7725 MB
01:22:44.069 [main] INFO org.testcontainers.images.PullPolicy -- Image pull policy will be performed by: DefaultPullPolicy()
01:22:44.071 [main] INFO org.testcontainers.utility.ImageNameSubstitutor -- Image name substitution will be performed by: DefaultImageNameSubstitutor (composite of 'ConfigurationFileImageNameSubstitutor' and 'PrefixingImageNameSubstitutor')
01:22:44.144 [main] INFO tc.testcontainers/ryuk:0.11.0 -- Creating container for image: testcontainers/ryuk:0.11.0
01:22:44.148 [main] INFO org.testcontainers.utility.RegistryAuthLocator -- Failure when attempting to lookup auth config. Please ignore if you don't have images in an authenticated registry. Details: (dockerImageName: testcontainers/ryuk:0.11.0, configFile: /root/.docker/config.json, configEnv: DOCKER_AUTH_CONFIG). Falling back to docker-java default behaviour. Exception message: Status 404: No config supplied. Checked in order: /root/.docker/config.json (file not found), DOCKER_AUTH_CONFIG (not set)
01:22:44.326 [main] INFO tc.testcontainers/ryuk:0.11.0 -- Container testcontainers/ryuk:0.11.0 is starting: 2c8aa5c0144b1d14920454b1c054381583dbbe6732f0396e682717e41848dd43
01:22:44.662 [main] INFO tc.testcontainers/ryuk:0.11.0 -- Container testcontainers/ryuk:0.11.0 started in PT0.518479339S
01:22:44.672 [main] INFO org.testcontainers.utility.RyukResourceReaper -- Ryuk started - will monitor and terminate Testcontainers containers on JVM exit
01:22:44.672 [main] INFO org.testcontainers.DockerClientFactory -- Checking the system...
01:22:44.673 [main] INFO org.testcontainers.DockerClientFactory -- ✔︎ Docker server version should be at least 1.6.0
[INFO] Running com.objwww.pr.control.it.PostgresOperatorCaseIT
01:22:44.698 [main] INFO tc.postgres:16-alpine -- Creating container for image: postgres:16-alpine
01:22:44.760 [main] INFO tc.postgres:16-alpine -- Container postgres:16-alpine is starting: 0388c2fdf9fbbceb905fb66e4cbe78fb0110005a6bf12f872b592921397e7013
01:22:45.958 [main] INFO tc.postgres:16-alpine -- Container postgres:16-alpine started in PT1.259990546S
01:22:45.959 [main] INFO tc.postgres:16-alpine -- Container is started (JDBC URL: jdbc:postgresql://localhost:33232/test?loggerLevel=OFF)
01:22:45.972 [main] INFO com.zaxxer.hikari.HikariDataSource -- HikariPool-1 - Starting...
01:22:46.258 [main] INFO com.zaxxer.hikari.pool.HikariPool -- HikariPool-1 - Added connection org.postgresql.jdbc.PgConnection@4cb0a000
01:22:46.259 [main] INFO com.zaxxer.hikari.HikariDataSource -- HikariPool-1 - Start completed.
01:22:46.636 [main] INFO org.flywaydb.core.FlywayExecutor -- Database: jdbc:postgresql://localhost:33232/test?loggerLevel=OFF (PostgreSQL 16.15)
01:22:46.707 [main] INFO org.flywaydb.core.internal.schemahistory.JdbcTableSchemaHistory -- Schema history table "public"."flyway_schema_history" does not exist yet
01:22:46.715 [main] INFO org.flywaydb.core.internal.command.DbValidate -- Successfully validated 31 migrations (execution time 00:00.045s)
01:22:46.734 [main] INFO org.flywaydb.core.internal.schemahistory.JdbcTableSchemaHistory -- Creating Schema History table "public"."flyway_schema_history" ...
01:22:46.806 [main] INFO org.flywaydb.core.internal.command.DbMigrate -- Current version of schema "public": << Empty Schema >>
01:22:46.889 [main] INFO org.flywaydb.core.internal.command.DbMigrate -- Migrating schema "public" to version "1 - m0 schema"
01:22:47.027 [main] INFO org.flywaydb.core.internal.command.DbMigrate -- Migrating schema "public" to version "2 - grants"
01:22:47.060 [main] INFO org.flywaydb.core.internal.command.DbMigrate -- Migrating schema "public" to version "3 - m1 inbox reconcile"
01:22:47.107 [main] INFO org.flywaydb.core.internal.command.DbMigrate -- Migrating schema "public" to version "4 - m2 checkpoint repair"
01:22:47.240 [main] INFO org.flywaydb.core.internal.command.DbMigrate -- Migrating schema "public" to version "5 - m3 model governance"
01:22:47.313 [main] INFO org.flywaydb.core.internal.command.DbMigrate -- Migrating schema "public" to version "6 - m4 sandbox"
01:22:47.385 [main] INFO org.flywaydb.core.internal.command.DbMigrate -- Migrating schema "public" to version "7 - am1 alert domain"
01:22:47.453 [main] INFO org.flywaydb.core.internal.command.DbMigrate -- Migrating schema "public" to version "8 - am1 dag reserve"
01:22:47.503 [main] INFO org.flywaydb.core.internal.command.DbMigrate -- Migrating schema "public" to version "9 - am3 eval notify"
01:22:47.568 [main] INFO org.flywaydb.core.internal.command.DbMigrate -- Migrating schema "public" to version "10 - am3 eval run"
01:22:47.595 [main] INFO org.flywaydb.core.internal.command.DbMigrate -- Migrating schema "public" to version "11 - am3 eval readonly"
01:22:47.604 [main] INFO org.flywaydb.core.internal.command.DbMigrate -- Migrating schema "public" to version "12 - am4 state expansion"
01:22:47.628 [main] INFO org.flywaydb.core.internal.command.DbMigrate -- Migrating schema "public" to version "13 - am4 budget ledger"
01:22:47.649 [main] INFO org.flywaydb.core.internal.command.DbMigrate -- Migrating schema "public" to version "14 - am4 rca event"
01:22:47.666 [main] INFO org.flywaydb.core.internal.command.DbMigrate -- Migrating schema "public" to version "15 - am4 tool invocation ledger"
01:22:47.679 [main] INFO org.flywaydb.core.internal.command.DbMigrate -- Migrating schema "public" to version "16 - am4 evidence snapshot"
01:22:47.694 [main] INFO org.flywaydb.core.internal.command.DbMigrate -- Migrating schema "public" to version "17 - am4 claim"
01:22:47.708 [main] INFO org.flywaydb.core.internal.command.DbMigrate -- Migrating schema "public" to version "18 - am4 task edge run scope"
01:22:47.717 [main] INFO org.flywaydb.core.internal.command.DbMigrate -- Migrating schema "public" to version "19 - am4 tool replay"
01:22:47.728 [main] INFO org.flywaydb.core.internal.command.DbMigrate -- Migrating schema "public" to version "20 - am5 dataset version"
01:22:47.745 [main] INFO org.flywaydb.core.internal.command.DbMigrate -- Migrating schema "public" to version "21 - am5 dataset partition"
01:22:47.768 [main] INFO org.flywaydb.core.internal.command.DbMigrate -- Migrating schema "public" to version "22 - am5 golden candidate"
01:22:47.790 [main] INFO org.flywaydb.core.internal.command.DbMigrate -- Migrating schema "public" to version "23 - am5 sampling fingerprint"
01:22:47.799 [main] INFO org.flywaydb.core.internal.command.DbMigrate -- Migrating schema "public" to version "24 - am5 config bundle"
01:22:47.817 [main] INFO org.flywaydb.core.internal.command.DbMigrate -- Migrating schema "public" to version "25 - am5 canary route"
01:22:47.841 [main] INFO org.flywaydb.core.internal.command.DbMigrate -- Migrating schema "public" to version "26 - am5 operator case"
01:22:47.859 [main] INFO org.flywaydb.core.internal.command.DbMigrate -- Migrating schema "public" to version "27 - am5 operator command"
01:22:47.873 [main] INFO org.flywaydb.core.internal.command.DbMigrate -- Migrating schema "public" to version "28 - am5 monthly partition"
01:22:47.910 [main] INFO org.flywaydb.core.internal.command.DbMigrate -- Migrating schema "public" to version "29 - am5 retention archive"
01:22:47.937 [main] INFO org.flywaydb.core.internal.command.DbMigrate -- Migrating schema "public" to version "30 - am6 canary window verdict"
01:22:47.959 [main] INFO org.flywaydb.core.internal.command.DbMigrate -- Migrating schema "public" to version "31 - ba52 canary decision fk deferred"
01:22:47.968 [main] INFO org.flywaydb.core.internal.command.DbMigrate -- Successfully applied 31 migrations to schema "public", now at version v31 (execution time 00:00.746s)
01:22:47.973 [main] INFO com.zaxxer.hikari.HikariDataSource -- HikariPool-2 - Starting...
01:22:47.983 [main] INFO com.zaxxer.hikari.pool.HikariPool -- HikariPool-2 - Added connection org.postgresql.jdbc.PgConnection@43982337
01:22:47.983 [main] INFO com.zaxxer.hikari.HikariDataSource -- HikariPool-2 - Start completed.
01:22:47.983 [main] INFO com.zaxxer.hikari.HikariDataSource -- HikariPool-3 - Starting...
01:22:48.000 [main] INFO com.zaxxer.hikari.pool.HikariPool -- HikariPool-3 - Added connection org.postgresql.jdbc.PgConnection@7af3874e
01:22:48.001 [main] INFO com.zaxxer.hikari.HikariDataSource -- HikariPool-3 - Start completed.
01:22:48.001 [main] INFO com.zaxxer.hikari.HikariDataSource -- HikariPool-4 - Starting...
01:22:48.015 [main] INFO com.zaxxer.hikari.pool.HikariPool -- HikariPool-4 - Added connection org.postgresql.jdbc.PgConnection@43984213
01:22:48.015 [main] INFO com.zaxxer.hikari.HikariDataSource -- HikariPool-4 - Start completed.
01:22:48.015 [main] INFO com.zaxxer.hikari.HikariDataSource -- HikariPool-5 - Starting...
01:22:48.032 [main] INFO com.zaxxer.hikari.pool.HikariPool -- HikariPool-5 - Added connection org.postgresql.jdbc.PgConnection@63d5874f
01:22:48.033 [main] INFO com.zaxxer.hikari.HikariDataSource -- HikariPool-5 - Start completed.
01:22:48.243 [main] INFO com.objwww.pr.control.ops.application.OperatorCaseService -- {"event":"operator_case_transition","ts":"2026-09-08T17:22:48.242310733Z","caseId":"b9703bed-ac98-4933-944f-2c098f4b2dc7","rule":"T00_CREATE","to":"OPEN","revision":1}
01:22:48.261 [main] INFO com.objwww.pr.control.ops.application.OperatorCaseService -- {"event":"operator_case_transition","ts":"2026-09-08T17:22:48.261020745Z","caseId":"b9703bed-ac98-4933-944f-2c098f4b2dc7","rule":"T60_ESCALATE","to":"OPEN","revision":2}
01:22:48.383 [main] INFO com.objwww.pr.control.ops.application.OperatorCaseService -- {"event":"operator_case_transition","ts":"2026-09-08T17:22:48.383011359Z","caseId":"b9703bed-ac98-4933-944f-2c098f4b2dc7","rule":"T30_RESOLVE","to":"RESOLVED","revision":3}
01:22:48.531 [main] INFO com.objwww.pr.control.ops.application.OperatorCaseService -- {"event":"operator_case_transition","ts":"2026-09-08T17:22:48.531368041Z","caseId":"2d087f9a-2a25-4a49-83f2-08f2996ecace","rule":"T00_CREATE","to":"OPEN","revision":1}
01:22:48.551 [pool-2-thread-2] INFO com.objwww.pr.control.ops.application.OperatorCaseService -- {"event":"operator_case_transition","ts":"2026-09-08T17:22:48.551591693Z","caseId":"2d087f9a-2a25-4a49-83f2-08f2996ecace","rule":"T10_CLAIM","to":"ACKED","revision":2}
01:22:48.674 [main] INFO com.objwww.pr.control.ops.application.OperatorCaseService -- {"event":"operator_case_transition","ts":"2026-09-08T17:22:48.674539448Z","caseId":"da07d0cf-33db-4113-adea-2337fd54e5a8","rule":"T00_CREATE","to":"OPEN","revision":1}
01:22:48.678 [main] INFO com.objwww.pr.control.ops.application.OperatorCaseService -- {"event":"operator_case_transition","ts":"2026-09-08T17:22:48.678484477Z","caseId":"da07d0cf-33db-4113-adea-2337fd54e5a8","rule":"T50_MERGE","to":"OPEN","revision":2}
01:22:48.681 [main] INFO com.objwww.pr.control.ops.application.OperatorCaseService -- {"event":"operator_case_transition","ts":"2026-09-08T17:22:48.681821371Z","caseId":"da07d0cf-33db-4113-adea-2337fd54e5a8","rule":"T50_MERGE","to":"OPEN","revision":3}
[INFO] Tests run: 3, Failures: 0, Errors: 0, Skipped: 0, Time elapsed: 4.012 s -- in com.objwww.pr.control.it.PostgresOperatorCaseIT
[INFO] Running com.objwww.pr.control.it.AlertEvidenceIT
[INFO] Tests run: 4, Failures: 0, Errors: 0, Skipped: 0, Time elapsed: 0.323 s -- in com.objwww.pr.control.it.AlertEvidenceIT
[INFO] Running com.objwww.pr.control.it.PostgresRcaTaskRepositoryIT
[INFO] Tests run: 4, Failures: 0, Errors: 0, Skipped: 0, Time elapsed: 0.400 s -- in com.objwww.pr.control.it.PostgresRcaTaskRepositoryIT
[INFO] Running com.objwww.pr.control.it.AlertV10EvalRunIT
[INFO] Tests run: 6, Failures: 0, Errors: 0, Skipped: 0, Time elapsed: 0.545 s -- in com.objwww.pr.control.it.AlertV10EvalRunIT
[INFO] Running com.objwww.pr.control.it.AlertToolInvocationLedgerIT
[INFO] Tests run: 5, Failures: 0, Errors: 0, Skipped: 0, Time elapsed: 0.349 s -- in com.objwww.pr.control.it.AlertToolInvocationLedgerIT
[INFO] Running com.objwww.pr.control.it.AlertV18TaskEdgeRunScopeIT
[INFO] Tests run: 4, Failures: 0, Errors: 0, Skipped: 0, Time elapsed: 0.286 s -- in com.objwww.pr.control.it.AlertV18TaskEdgeRunScopeIT
[INFO] Running com.objwww.pr.control.it.AlertV12StateExpansionIT
[INFO] Tests run: 4, Failures: 0, Errors: 0, Skipped: 0, Time elapsed: 0.282 s -- in com.objwww.pr.control.it.AlertV12StateExpansionIT
[INFO] Running com.objwww.pr.control.it.AlertDagCycleGuardIT
[INFO] Tests run: 1, Failures: 0, Errors: 0, Skipped: 0, Time elapsed: 0.079 s -- in com.objwww.pr.control.it.AlertDagCycleGuardIT
[INFO] Running com.objwww.pr.control.it.AlertIncidentBudgetIT
[INFO] Tests run: 5, Failures: 0, Errors: 0, Skipped: 0, Time elapsed: 0.378 s -- in com.objwww.pr.control.it.AlertIncidentBudgetIT
[INFO] Running com.objwww.pr.control.it.AlertToolReplayStoreIT
[INFO] Tests run: 4, Failures: 0, Errors: 0, Skipped: 0, Time elapsed: 0.315 s -- in com.objwww.pr.control.it.AlertToolReplayStoreIT
[INFO] Running com.objwww.pr.control.it.Am4E2E06FaultDrillIT
01:22:51.816 [main] INFO com.objwww.pr.control.alert.application.RcaRunOrchestrator -- {"event":"rca_task_decision","ts":"2026-09-08T17:22:51.816531194Z","latency_ms":27,"decision":"COMPLETED","run_id":"b5759e25-15f2-44b0-9425-20b531802365","task_id":"79bc2fb5-7208-4e9b-b690-150a210da4fe","attempt_id":"a86a9ec3-f0ad-4600-be95-df8f9296de87"}
01:22:51.825 [main] WARN com.objwww.pr.control.alert.application.RcaRunOrchestrator -- task 79bc2fb5-7208-4e9b-b690-150a210da4fe 旧租约提交被拒 owner=e06-worker epoch=1
01:22:52.049 [main] INFO com.objwww.pr.control.alert.application.RcaRunOrchestrator -- {"event":"rca_task_decision","ts":"2026-09-08T17:22:52.049024979Z","latency_ms":3,"decision":"COMPLETED","run_id":"bf09ef30-46a6-4143-9aff-65ca7d454c05","task_id":"5e2babd3-492f-4307-840d-31cb58cceb9f","attempt_id":"e345dd2f-8c20-4faf-8d39-acc2dc37cd4c"}
01:22:52.235 [main] INFO com.objwww.pr.control.alert.application.DeterministicSupervisor -- {"event":"am4_run_reporting","ts":"2026-09-08T17:22:52.235679768Z","run_id":"4378dd50-93c3-44a1-acbd-f509c7df9a82"}
01:22:52.235 [main] INFO com.objwww.pr.control.alert.application.DeterministicSupervisor -- run 4378dd50-93c3-44a1-acbd-f509c7df9a82 全任务终态 → REPORTING（报告链组装）
01:22:52.320 [main] INFO com.objwww.pr.control.alert.application.DeterministicSupervisor -- {"event":"am4_run_reporting","ts":"2026-09-08T17:22:52.320782149Z","run_id":"e5221a42-fd65-45cf-8d02-79c5e9dcd9a1"}
01:22:52.321 [main] INFO com.objwww.pr.control.alert.application.DeterministicSupervisor -- run e5221a42-fd65-45cf-8d02-79c5e9dcd9a1 全任务终态 → REPORTING（报告链组装）
01:22:52.336 [main] INFO com.objwww.pr.control.alert.application.DeterministicSupervisor -- {"event":"am4_run_reporting","ts":"2026-09-08T17:22:52.336332932Z","run_id":"0031a1f2-84ed-44c0-9e9c-bb6f65adee73"}
01:22:52.336 [main] INFO com.objwww.pr.control.alert.application.DeterministicSupervisor -- run 0031a1f2-84ed-44c0-9e9c-bb6f65adee73 全任务终态 → REPORTING（报告链组装）
[INFO] Tests run: 6, Failures: 0, Errors: 0, Skipped: 0, Time elapsed: 0.679 s -- in com.objwww.pr.control.it.Am4E2E06FaultDrillIT
[INFO] Running com.objwww.pr.control.it.Am4E2E08ReplayIT
[INFO] Tests run: 2, Failures: 0, Errors: 0, Skipped: 0, Time elapsed: 0.216 s -- in com.objwww.pr.control.it.Am4E2E08ReplayIT
[INFO] Running com.objwww.pr.control.it.PostgresArchiveIT
01:22:52.661 [main] INFO com.objwww.pr.control.ops.application.ArchiveService -- CONTROL_ARCHIVE_REJECTED table=rca_event partition=rca_event_2026_10 gate=legal_hold
01:22:52.669 [main] INFO com.objwww.pr.control.ops.application.ArchiveService -- CONTROL_ARCHIVE_REJECTED table=rca_event partition=rca_event_2026_10 gate=legal_hold
01:22:52.850 [main] INFO com.objwww.pr.control.ops.application.ArchiveService -- CONTROL_ARCHIVE_REJECTED table=rca_event partition=rca_event_2026_10 gate=export_failed
01:22:52.948 [main] INFO com.objwww.pr.control.ops.application.ArchiveService -- CONTROL_ARCHIVE_REJECTED table=rca_event partition=rca_event_2026_10 gate=verify_failed
[INFO] Tests run: 5, Failures: 0, Errors: 0, Skipped: 0, Time elapsed: 0.495 s -- in com.objwww.pr.control.it.PostgresArchiveIT
[INFO] Running com.objwww.pr.control.it.AlertV7MigrationContractIT
[INFO] Tests run: 5, Failures: 0, Errors: 0, Skipped: 0, Time elapsed: 0.402 s -- in com.objwww.pr.control.it.AlertV7MigrationContractIT
[INFO] Running com.objwww.pr.control.it.AlertM3RepositoryIT
[INFO] Tests run: 9, Failures: 0, Errors: 0, Skipped: 0, Time elapsed: 0.765 s -- in com.objwww.pr.control.it.AlertM3RepositoryIT
[INFO] Running com.objwww.pr.control.it.AlertV9MigrationContractIT
[INFO] Tests run: 9, Failures: 0, Errors: 0, Skipped: 0, Time elapsed: 0.770 s -- in com.objwww.pr.control.it.AlertV9MigrationContractIT
[INFO] Running com.objwww.pr.control.it.AlertRunBudgetLedgerIT
[INFO] Tests run: 9, Failures: 0, Errors: 0, Skipped: 0, Time elapsed: 0.778 s -- in com.objwww.pr.control.it.AlertRunBudgetLedgerIT
[INFO] Running com.objwww.pr.control.it.Am6NativeFullChainIT
01:22:55.946 [main] INFO com.objwww.pr.control.alert.application.DeterministicSupervisor -- {"event":"am4_run_reporting","ts":"2026-09-08T17:22:55.946566326Z","run_id":"50321f3c-738e-40b7-a106-45ba467275f1"}
01:22:55.946 [main] INFO com.objwww.pr.control.alert.application.DeterministicSupervisor -- run 50321f3c-738e-40b7-a106-45ba467275f1 全任务终态 → REPORTING（报告链组装）
01:22:55.993 [main] INFO com.objwww.pr.control.infrastructure.nativeexec.NativeInvestigationExecutor -- native 全链完成 run=50321f3c-738e-40b7-a106-45ba467275f1 reportOutcome=CONFIRMED claims=1 validation=STRUCTURE_VALIDATED 快照=7f4fe07992caef0eb7c9c2612a69a720bc307e34a2f7e5b71f1ea08b9b2f3045
01:22:56.010 [main] INFO com.objwww.pr.control.alert.application.RcaRunOrchestrator -- {"event":"rca_task_decision","ts":"2026-09-08T17:22:56.010567784Z","latency_ms":121,"decision":"COMPLETED","run_id":"50321f3c-738e-40b7-a106-45ba467275f1","task_id":"944597f4-b7bf-4720-922c-1274dfc94343","attempt_id":"a797fda7-402c-4587-8b37-02c65544075b"}
[INFO] Tests run: 2, Failures: 0, Errors: 0, Skipped: 0, Time elapsed: 0.360 s -- in com.objwww.pr.control.it.Am6NativeFullChainIT
[INFO] Running com.objwww.pr.control.it.AlertDagPromotionIT
[INFO] Tests run: 3, Failures: 0, Errors: 0, Skipped: 0, Time elapsed: 0.291 s -- in com.objwww.pr.control.it.AlertDagPromotionIT
[INFO] Running com.objwww.pr.control.it.PostgresCanaryRoutingIT
[INFO] Tests run: 5, Failures: 0, Errors: 0, Skipped: 0, Time elapsed: 0.379 s -- in com.objwww.pr.control.it.PostgresCanaryRoutingIT
[INFO] Running com.objwww.pr.control.it.AlertClaimIT
[INFO] Tests run: 8, Failures: 0, Errors: 0, Skipped: 0, Time elapsed: 0.620 s -- in com.objwww.pr.control.it.AlertClaimIT
[INFO] Running com.objwww.pr.control.it.PostgresRetentionIT
[INFO] Tests run: 4, Failures: 0, Errors: 0, Skipped: 0, Time elapsed: 0.305 s -- in com.objwww.pr.control.it.PostgresRetentionIT
[INFO] Running com.objwww.pr.control.it.CanaryWindowPromotionIT
[INFO] Tests run: 2, Failures: 0, Errors: 0, Skipped: 0, Time elapsed: 0.172 s -- in com.objwww.pr.control.it.CanaryWindowPromotionIT
[INFO] Running com.objwww.pr.control.it.AlertRcaEventIT
[INFO] Tests run: 7, Failures: 0, Errors: 0, Skipped: 0, Time elapsed: 0.601 s -- in com.objwww.pr.control.it.AlertRcaEventIT
[INFO] Running com.objwww.pr.control.it.AlertGenerationFenceIT
01:22:58.685 [main] INFO com.objwww.pr.control.alert.application.RcaRunOrchestrator -- {"event":"rca_task_decision","ts":"2026-09-08T17:22:58.685160897Z","decision":"STALE_GENERATION","run_id":"65269233-667a-4ed2-b9e0-61635f596bc0","task_id":"888e4bdd-b465-4452-b870-a5522280ce99","attempt_id":"cfb1c316-fb51-49da-b8e9-b9cf3a709593","run_state":"SUPERSEDED"}
01:22:58.685 [main] WARN com.objwww.pr.control.alert.application.RcaRunOrchestrator -- task 888e4bdd-b465-4452-b870-a5522280ce99 旧代结果作废（run 65269233-667a-4ed2-b9e0-61635f596bc0 state=SUPERSEDED），task→STALE 零落档
[INFO] Tests run: 2, Failures: 0, Errors: 0, Skipped: 0, Time elapsed: 0.171 s -- in com.objwww.pr.control.it.AlertGenerationFenceIT
[INFO] Running com.objwww.pr.control.it.AlertEvidenceSnapshotIT
[INFO] Tests run: 3, Failures: 0, Errors: 0, Skipped: 0, Time elapsed: 0.230 s -- in com.objwww.pr.control.it.AlertEvidenceSnapshotIT
[INFO] 
[INFO] Results:
[INFO] 
[INFO] Tests run: 121, Failures: 0, Errors: 0, Skipped: 0
[INFO] 
[INFO] 
[INFO] --- failsafe:3.5.3:verify (default) @ control-app ---
[INFO] 
[INFO] ---------------------< com.objwww.pr:order-arena >----------------------
[INFO] Building order-arena 0.0.1-SNAPSHOT                                [4/6]
[INFO]   from order-arena/pom.xml
[INFO] --------------------------------[ jar ]---------------------------------
[INFO] 
[INFO] --- clean:3.4.1:clean (default-clean) @ order-arena ---
[INFO] Deleting /opt/projects/pr_agent_it/order-arena/target
[INFO] 
[INFO] --- resources:3.3.1:resources (default-resources) @ order-arena ---
[INFO] Copying 2 resources from src/main/resources to target/classes
[INFO] Copying 7 resources from src/main/resources to target/classes
[INFO] 
[INFO] --- compiler:3.13.0:compile (default-compile) @ order-arena ---
[INFO] Recompiling the module because of changed dependency.
[INFO] Compiling 59 source files with javac [debug parameters release 21] to target/classes
[INFO] 
[INFO] --- resources:3.3.1:testResources (default-testResources) @ order-arena ---
[INFO] skip non existing resourceDirectory /opt/projects/pr_agent_it/order-arena/src/test/resources
[INFO] 
[INFO] --- compiler:3.13.0:testCompile (default-testCompile) @ order-arena ---
[INFO] Recompiling the module because of changed dependency.
[INFO] Compiling 17 source files with javac [debug parameters release 21] to target/test-classes
[INFO] /opt/projects/pr_agent_it/order-arena/src/test/java/com/objwww/pr/arena/deploy/ComposeTopologyContractTest.java: /opt/projects/pr_agent_it/order-arena/src/test/java/com/objwww/pr/arena/deploy/ComposeTopologyContractTest.java uses unchecked or unsafe operations.
[INFO] /opt/projects/pr_agent_it/order-arena/src/test/java/com/objwww/pr/arena/deploy/ComposeTopologyContractTest.java: Recompile with -Xlint:unchecked for details.
[INFO] 
[INFO] --- surefire:3.5.3:test (default-test) @ order-arena ---
[INFO] Using auto detected provider org.apache.maven.surefire.junitplatform.JUnitPlatformProvider
[INFO] 
[INFO] -------------------------------------------------------
[INFO]  T E S T S
[INFO] -------------------------------------------------------
[INFO] Running com.objwww.pr.arena.domain.statemachine.StateMachineExhaustiveTest
[INFO] Tests run: 5, Failures: 0, Errors: 0, Skipped: 0, Time elapsed: 0.113 s -- in com.objwww.pr.arena.domain.statemachine.StateMachineExhaustiveTest
[INFO] Running com.objwww.pr.arena.ArenaArchitectureTest
01:23:01.117 [main] INFO com.tngtech.archunit.core.PluginLoader -- Detected Java version 21.0.12.1
[INFO] Tests run: 3, Failures: 0, Errors: 0, Skipped: 0, Time elapsed: 2.451 s -- in com.objwww.pr.arena.ArenaArchitectureTest
[INFO] Running com.objwww.pr.arena.deploy.ComposeTopologyContractTest
[INFO] Tests run: 10, Failures: 0, Errors: 0, Skipped: 0, Time elapsed: 0.130 s -- in com.objwww.pr.arena.deploy.ComposeTopologyContractTest
[INFO] Running com.objwww.pr.arena.application.TrafficGeneratorTest
[INFO] Tests run: 2, Failures: 0, Errors: 0, Skipped: 0, Time elapsed: 0.067 s -- in com.objwww.pr.arena.application.TrafficGeneratorTest
[INFO] Running com.objwww.pr.arena.ArenaContextSmokeTest
01:23:03.851 [main] INFO org.springframework.test.context.support.AnnotationConfigContextLoaderUtils -- Could not detect default configuration classes for test class [com.objwww.pr.arena.ArenaContextSmokeTest]: ArenaContextSmokeTest does not declare any static, non-private, non-final, nested classes annotated with @Configuration.
01:23:03.982 [main] INFO org.springframework.boot.test.context.SpringBootTestContextBootstrapper -- Found @SpringBootConfiguration com.objwww.pr.arena.ArenaApplication for test class com.objwww.pr.arena.ArenaContextSmokeTest

  .   ____          _            __ _ _
 /\\ / ___'_ __ _ _(_)_ __  __ _ \ \ \ \
( ( )\___ | '_ | '_| | '_ \/ _` | \ \ \ \
 \\/  ___)| |_)| | | | | || (_| |  ) ) ) )
  '  |____| .__|_| |_|_| |_\__, | / / / /
 =========|_|==============|___/=/_/_/_/

 :: Spring Boot ::                (v3.4.5)

2026-09-09T01:23:04.420+08:00  INFO 5511 --- [order-arena] [           main] c.objwww.pr.arena.ArenaContextSmokeTest  : Starting ArenaContextSmokeTest using Java 21.0.12.1 with PID 5511 (started by root in /opt/projects/pr_agent_it/order-arena)
2026-09-09T01:23:04.421+08:00  INFO 5511 --- [order-arena] [           main] c.objwww.pr.arena.ArenaContextSmokeTest  : No active profile set, falling back to 1 default profile: "default"
2026-09-09T01:23:05.927+08:00  INFO 5511 --- [order-arena] [           main] c.objwww.pr.arena.ArenaContextSmokeTest  : Started ArenaContextSmokeTest in 1.809 seconds (process running for 5.72)
Mockito is currently self-attaching to enable the inline-mock-maker. This will no longer work in future releases of the JDK. Please add Mockito as an agent to your build what is described in Mockito's documentation: https://javadoc.io/doc/org.mockito/mockito-core/latest/org/mockito/Mockito.html#0.3
OpenJDK 64-Bit Server VM warning: Sharing is only supported for boot loader classes because bootstrap classpath has been appended
WARNING: A Java agent has been loaded dynamically (/root/.m2/repository/net/bytebuddy/byte-buddy-agent/1.15.11/byte-buddy-agent-1.15.11.jar)
WARNING: If a serviceability tool is in use, please run with -XX:+EnableDynamicAgentLoading to hide this warning
WARNING: If a serviceability tool is not in use, please run with -Djdk.instrument.traceUsage for more information
WARNING: Dynamic loading of agents will be disallowed by default in a future release
[INFO] Tests run: 2, Failures: 0, Errors: 0, Skipped: 0, Time elapsed: 2.923 s -- in com.objwww.pr.arena.ArenaContextSmokeTest
[INFO] Running com.objwww.pr.arena.interfaces.OrderControllerTest
2026-09-09T01:23:06.717+08:00  INFO 5511 --- [order-arena] [           main] o.s.mock.web.MockServletContext          : Initializing Spring TestDispatcherServlet ''
2026-09-09T01:23:06.718+08:00  INFO 5511 --- [order-arena] [           main] o.s.t.web.servlet.TestDispatcherServlet  : Initializing Servlet ''
2026-09-09T01:23:06.720+08:00  INFO 5511 --- [order-arena] [           main] o.s.t.web.servlet.TestDispatcherServlet  : Completed initialization in 0 ms
2026-09-09T01:23:06.892+08:00  INFO 5511 --- [order-arena] [           main] o.s.mock.web.MockServletContext          : Initializing Spring TestDispatcherServlet ''
2026-09-09T01:23:06.892+08:00  INFO 5511 --- [order-arena] [           main] o.s.t.web.servlet.TestDispatcherServlet  : Initializing Servlet ''
2026-09-09T01:23:06.892+08:00  INFO 5511 --- [order-arena] [           main] o.s.t.web.servlet.TestDispatcherServlet  : Completed initialization in 0 ms
2026-09-09T01:23:06.902+08:00  INFO 5511 --- [order-arena] [           main] o.s.mock.web.MockServletContext          : Initializing Spring TestDispatcherServlet ''
2026-09-09T01:23:06.903+08:00  INFO 5511 --- [order-arena] [           main] o.s.t.web.servlet.TestDispatcherServlet  : Initializing Servlet ''
2026-09-09T01:23:06.903+08:00  INFO 5511 --- [order-arena] [           main] o.s.t.web.servlet.TestDispatcherServlet  : Completed initialization in 0 ms
2026-09-09T01:23:06.922+08:00  INFO 5511 --- [order-arena] [           main] o.s.mock.web.MockServletContext          : Initializing Spring TestDispatcherServlet ''
2026-09-09T01:23:06.922+08:00  INFO 5511 --- [order-arena] [           main] o.s.t.web.servlet.TestDispatcherServlet  : Initializing Servlet ''
2026-09-09T01:23:06.922+08:00  INFO 5511 --- [order-arena] [           main] o.s.t.web.servlet.TestDispatcherServlet  : Completed initialization in 0 ms
2026-09-09T01:23:06.937+08:00  INFO 5511 --- [order-arena] [           main] o.s.mock.web.MockServletContext          : Initializing Spring TestDispatcherServlet ''
2026-09-09T01:23:06.937+08:00  INFO 5511 --- [order-arena] [           main] o.s.t.web.servlet.TestDispatcherServlet  : Initializing Servlet ''
2026-09-09T01:23:06.937+08:00  INFO 5511 --- [order-arena] [           main] o.s.t.web.servlet.TestDispatcherServlet  : Completed initialization in 0 ms
2026-09-09T01:23:06.953+08:00  INFO 5511 --- [order-arena] [           main] o.s.mock.web.MockServletContext          : Initializing Spring TestDispatcherServlet ''
2026-09-09T01:23:06.953+08:00  INFO 5511 --- [order-arena] [           main] o.s.t.web.servlet.TestDispatcherServlet  : Initializing Servlet ''
2026-09-09T01:23:06.953+08:00  INFO 5511 --- [order-arena] [           main] o.s.t.web.servlet.TestDispatcherServlet  : Completed initialization in 0 ms
2026-09-09T01:23:06.963+08:00  INFO 5511 --- [order-arena] [           main] o.s.mock.web.MockServletContext          : Initializing Spring TestDispatcherServlet ''
2026-09-09T01:23:06.964+08:00  INFO 5511 --- [order-arena] [           main] o.s.t.web.servlet.TestDispatcherServlet  : Initializing Servlet ''
2026-09-09T01:23:06.964+08:00  INFO 5511 --- [order-arena] [           main] o.s.t.web.servlet.TestDispatcherServlet  : Completed initialization in 0 ms
2026-09-09T01:23:06.975+08:00  INFO 5511 --- [order-arena] [           main] o.s.mock.web.MockServletContext          : Initializing Spring TestDispatcherServlet ''
2026-09-09T01:23:06.975+08:00  INFO 5511 --- [order-arena] [           main] o.s.t.web.servlet.TestDispatcherServlet  : Initializing Servlet ''
2026-09-09T01:23:06.975+08:00  INFO 5511 --- [order-arena] [           main] o.s.t.web.servlet.TestDispatcherServlet  : Completed initialization in 0 ms
[INFO] Tests run: 8, Failures: 0, Errors: 0, Skipped: 0, Time elapsed: 0.288 s -- in com.objwww.pr.arena.interfaces.OrderControllerTest
[INFO] 
[INFO] Results:
[INFO] 
[INFO] Tests run: 30, Failures: 0, Errors: 0, Skipped: 0
[INFO] 
[INFO] 
[INFO] --- jar:3.4.2:jar (default-jar) @ order-arena ---
[INFO] Building jar: /opt/projects/pr_agent_it/order-arena/target/order-arena-0.0.1-SNAPSHOT.jar
[INFO] 
[INFO] --- spring-boot:3.4.5:repackage (repackage) @ order-arena ---
[INFO] Attaching repackaged archive /opt/projects/pr_agent_it/order-arena/target/order-arena-0.0.1-SNAPSHOT-exec.jar with classifier exec
[INFO] 
[INFO] --- failsafe:3.5.3:integration-test (default) @ order-arena ---
[INFO] Using auto detected provider org.apache.maven.surefire.junitplatform.JUnitPlatformProvider
[INFO] 
[INFO] -------------------------------------------------------
[INFO]  T E S T S
[INFO] -------------------------------------------------------
01:23:08.100 [main] INFO org.testcontainers.DockerClientFactory -- Testcontainers version: 1.20.4
01:23:08.270 [main] INFO org.testcontainers.dockerclient.DockerClientProviderStrategy -- Loaded org.testcontainers.dockerclient.UnixSocketClientProviderStrategy from ~/.testcontainers.properties, will try it first
01:23:08.584 [main] INFO org.testcontainers.dockerclient.DockerClientProviderStrategy -- Found Docker environment with local Unix socket (unix:///var/run/docker.sock)
01:23:08.586 [main] INFO org.testcontainers.DockerClientFactory -- Docker host IP address is localhost
01:23:08.601 [main] INFO org.testcontainers.DockerClientFactory -- Connected to docker: 
  Server Version: 26.1.4
  API Version: 1.45
  Operating System: CentOS Linux 7 (Core)
  Total Memory: 7725 MB
01:23:08.613 [main] INFO org.testcontainers.images.PullPolicy -- Image pull policy will be performed by: DefaultPullPolicy()
01:23:08.614 [main] INFO org.testcontainers.utility.ImageNameSubstitutor -- Image name substitution will be performed by: DefaultImageNameSubstitutor (composite of 'ConfigurationFileImageNameSubstitutor' and 'PrefixingImageNameSubstitutor')
01:23:08.686 [main] INFO tc.testcontainers/ryuk:0.11.0 -- Creating container for image: testcontainers/ryuk:0.11.0
01:23:08.690 [main] INFO org.testcontainers.utility.RegistryAuthLocator -- Failure when attempting to lookup auth config. Please ignore if you don't have images in an authenticated registry. Details: (dockerImageName: testcontainers/ryuk:0.11.0, configFile: /root/.docker/config.json, configEnv: DOCKER_AUTH_CONFIG). Falling back to docker-java default behaviour. Exception message: Status 404: No config supplied. Checked in order: /root/.docker/config.json (file not found), DOCKER_AUTH_CONFIG (not set)
01:23:08.873 [main] INFO tc.testcontainers/ryuk:0.11.0 -- Container testcontainers/ryuk:0.11.0 is starting: e89c354a7ca879c72960b16b8bd7bab19233a1df94b08374173176e968a69215
01:23:09.233 [main] INFO tc.testcontainers/ryuk:0.11.0 -- Container testcontainers/ryuk:0.11.0 started in PT0.546957805S
01:23:09.249 [main] INFO org.testcontainers.utility.RyukResourceReaper -- Ryuk started - will monitor and terminate Testcontainers containers on JVM exit
01:23:09.249 [main] INFO org.testcontainers.DockerClientFactory -- Checking the system...
01:23:09.250 [main] INFO org.testcontainers.DockerClientFactory -- ✔︎ Docker server version should be at least 1.6.0
[INFO] Running com.objwww.pr.arena.it.DomainProbeEpisodeIT
01:23:09.282 [main] INFO tc.postgres:16-alpine -- Creating container for image: postgres:16-alpine
01:23:09.716 [main] INFO tc.postgres:16-alpine -- Container postgres:16-alpine is starting: bc8573537e82481b1e30d68f8dbed7452d3dc83d48b38c20e274f86d25a4f6d6
01:23:10.973 [main] INFO tc.postgres:16-alpine -- Container postgres:16-alpine started in PT1.691680748S
01:23:10.974 [main] INFO tc.postgres:16-alpine -- Container is started (JDBC URL: jdbc:postgresql://localhost:33234/test?loggerLevel=OFF)
01:23:10.982 [main] INFO com.zaxxer.hikari.HikariDataSource -- HikariPool-1 - Starting...
01:23:11.187 [main] INFO com.zaxxer.hikari.pool.HikariPool -- HikariPool-1 - Added connection org.postgresql.jdbc.PgConnection@369c9bb
01:23:11.189 [main] INFO com.zaxxer.hikari.HikariDataSource -- HikariPool-1 - Start completed.
01:23:11.571 [main] INFO org.flywaydb.core.FlywayExecutor -- Database: jdbc:postgresql://localhost:33234/test?loggerLevel=OFF (PostgreSQL 16.15)
01:23:11.616 [main] INFO org.flywaydb.core.internal.database.base.Schema -- Creating schema "arena" ...
01:23:11.626 [main] INFO org.flywaydb.core.internal.schemahistory.JdbcTableSchemaHistory -- Creating Schema History table "arena"."flyway_schema_history" ...
01:23:11.760 [main] INFO org.flywaydb.core.internal.command.DbMigrate -- Current version of schema "arena": null
01:23:11.798 [main] INFO org.flywaydb.core.internal.command.DbMigrate -- Migrating schema "arena" to version "1 - am2 order base"
01:23:11.807 [main] WARN org.flywaydb.core.internal.sqlscript.DefaultSqlScriptExecutor -- DB: schema "arena" already exists, skipping (SQL State: 42P06 - Error Code: 0)
01:23:11.901 [main] INFO org.flywaydb.core.internal.command.DbMigrate -- Migrating schema "arena" to version "2 - am2 compensation outbox"
01:23:11.934 [main] INFO org.flywaydb.core.internal.command.DbMigrate -- Migrating schema "arena" to version "3 - am2 chaos gt"
01:23:11.968 [main] INFO org.flywaydb.core.internal.command.DbMigrate -- Migrating schema "arena" to version "4 - am2 probe reconcile"
01:23:11.992 [main] INFO org.flywaydb.core.internal.command.DbMigrate -- Migrating schema "arena" to version "5 - am2 scenario map"
01:23:12.007 [main] INFO org.flywaydb.core.internal.command.DbMigrate -- Migrating schema "arena" to version "6 - am2 drop map fp unique"
01:23:12.024 [main] INFO org.flywaydb.core.internal.command.DbMigrate -- Migrating schema "arena" to version "7 - am3 eval gt barrier"
01:23:12.037 [main] INFO org.flywaydb.core.internal.command.DbMigrate -- Successfully applied 7 migrations to schema "arena", now at version v7 (execution time 00:00.158s)
01:23:12.043 [main] INFO com.zaxxer.hikari.HikariDataSource -- HikariPool-2 - Starting...
01:23:12.067 [main] INFO com.zaxxer.hikari.pool.HikariPool -- HikariPool-2 - Added connection org.postgresql.jdbc.PgConnection@65d8dff8
01:23:12.068 [main] INFO com.zaxxer.hikari.HikariDataSource -- HikariPool-2 - Start completed.
01:23:12.068 [main] INFO com.zaxxer.hikari.HikariDataSource -- HikariPool-3 - Starting...
01:23:12.083 [main] INFO com.zaxxer.hikari.pool.HikariPool -- HikariPool-3 - Added connection org.postgresql.jdbc.PgConnection@2d5ef498
01:23:12.083 [main] INFO com.zaxxer.hikari.HikariDataSource -- HikariPool-3 - Start completed.
01:23:12.084 [main] INFO com.zaxxer.hikari.HikariDataSource -- HikariPool-4 - Starting...
01:23:12.102 [main] INFO com.zaxxer.hikari.pool.HikariPool -- HikariPool-4 - Added connection org.postgresql.jdbc.PgConnection@37b56ac7
01:23:12.102 [main] INFO com.zaxxer.hikari.HikariDataSource -- HikariPool-4 - Start completed.
01:23:12.250 [main] WARN com.objwww.pr.arena.application.DomainProbe -- 领域探针失明（保留末值，不伪装恢复）: simulated outage
[INFO] Tests run: 3, Failures: 0, Errors: 0, Skipped: 0, Time elapsed: 3.169 s -- in com.objwww.pr.arena.it.DomainProbeEpisodeIT
[INFO] Running com.objwww.pr.arena.it.ChaosRecoveryIT
01:23:12.500 [main] INFO com.objwww.pr.arena.application.chaos.ChaosRecoveryService -- F1 恢复收口: scenario=f1-sc-paid 重复行=2 补偿=1
01:23:12.538 [main] WARN com.objwww.pr.arena.application.chaos.ChaosRecoveryService -- F2 注入回跳: scenario=f2-sc-it 单数=1
01:23:12.542 [main] WARN com.objwww.pr.arena.application.chaos.ChaosRecoveryService -- F2 注入回跳: scenario=f2-sc-it 单数=1
01:23:12.553 [main] INFO com.objwww.pr.arena.application.chaos.ChaosRecoveryService -- F2 恢复收口: scenario=f2-sc-it 恢复=2
01:23:12.566 [main] INFO com.objwww.pr.arena.application.chaos.ChaosRecoveryService -- F2 恢复收口: scenario=f2-sc-it 恢复=0
01:23:12.599 [main] INFO com.objwww.pr.arena.application.chaos.ChaosRecoveryService -- F1 恢复收口: scenario=f1-sc-rec 重复行=2 补偿=1
[INFO] Tests run: 3, Failures: 0, Errors: 0, Skipped: 0, Time elapsed: 0.184 s -- in com.objwww.pr.arena.it.ChaosRecoveryIT
[INFO] Running com.objwww.pr.arena.it.F3ReconcileIT
01:23:12.672 [main] INFO com.objwww.pr.arena.application.F3ReconcileService -- F3 CAPTURE 迟到成功，补 PAID: order=88b41e09-cde0-446d-96ca-3eda4fc4e466
01:23:12.701 [main] INFO com.objwww.pr.arena.application.F3ReconcileService -- F3 AUTH 迟到成功，补 ENABLE: order=514d6ff9-4c4c-405d-aba4-bd8fb8cc1269
01:23:12.738 [main] INFO com.objwww.pr.arena.application.F3ReconcileService -- F3 AUTH 裁定拒绝，废单补偿: order=4e64ae2d-c71f-4fae-bcda-7d7be2b6e34e
01:23:12.771 [main] INFO com.objwww.pr.arena.application.F3ReconcileService -- F3 AUTH 裁定拒绝，废单补偿: order=6e0167f4-374a-403c-87a2-ed908ac2da82
[INFO] Tests run: 5, Failures: 0, Errors: 0, Skipped: 0, Time elapsed: 0.162 s -- in com.objwww.pr.arena.it.F3ReconcileIT
[INFO] Running com.objwww.pr.arena.it.ArenaV3ChaosMigrationIT
[INFO] Tests run: 11, Failures: 0, Errors: 0, Skipped: 0, Time elapsed: 0.275 s -- in com.objwww.pr.arena.it.ArenaV3ChaosMigrationIT
[INFO] Running com.objwww.pr.arena.it.ArenaV2OutboxMigrationIT
[INFO] Tests run: 5, Failures: 0, Errors: 0, Skipped: 0, Time elapsed: 0.129 s -- in com.objwww.pr.arena.it.ArenaV2OutboxMigrationIT
[INFO] Running com.objwww.pr.arena.it.ArenaPermissionMatrixIT
[INFO] Tests run: 7, Failures: 0, Errors: 0, Skipped: 0, Time elapsed: 0.206 s -- in com.objwww.pr.arena.it.ArenaPermissionMatrixIT
[INFO] Running com.objwww.pr.arena.it.PostgresChaosSwitchboardIT
01:23:13.453 [main] INFO com.zaxxer.hikari.HikariDataSource -- HikariPool-5 - Starting...
01:23:13.454 [main] INFO com.zaxxer.hikari.HikariDataSource -- HikariPool-5 - Start completed.
01:23:13.760 [main] WARN com.objwww.pr.arena.application.chaos.ChaosSwitchboard -- chaos 开关读面 fail-closed: Connection refused
01:23:14.060 [main] WARN com.objwww.pr.arena.application.chaos.ChaosSwitchboard -- chaos 会话读面 fail-closed: Connection refused
01:23:14.061 [main] INFO com.zaxxer.hikari.HikariDataSource -- HikariPool-5 - Shutdown initiated...
01:23:14.091 [main] INFO com.zaxxer.hikari.HikariDataSource -- HikariPool-5 - Shutdown completed.
[INFO] Tests run: 4, Failures: 0, Errors: 0, Skipped: 0, Time elapsed: 0.738 s -- in com.objwww.pr.arena.it.PostgresChaosSwitchboardIT
[INFO] Running com.objwww.pr.arena.it.PostgresIdempotencyRepositoryIT
[INFO] Tests run: 6, Failures: 0, Errors: 0, Skipped: 0, Time elapsed: 0.198 s -- in com.objwww.pr.arena.it.PostgresIdempotencyRepositoryIT
[INFO] Running com.objwww.pr.arena.it.ArenaEvalGtBarrierIT
[INFO] Tests run: 4, Failures: 0, Errors: 0, Skipped: 0, Time elapsed: 0.098 s -- in com.objwww.pr.arena.it.ArenaEvalGtBarrierIT
[INFO] Running com.objwww.pr.arena.it.ArenaV1MigrationContractIT
[INFO] Tests run: 10, Failures: 0, Errors: 0, Skipped: 0, Time elapsed: 0.189 s -- in com.objwww.pr.arena.it.ArenaV1MigrationContractIT
[INFO] 
[INFO] Results:
[INFO] 
[INFO] Tests run: 58, Failures: 0, Errors: 0, Skipped: 0
[INFO] 
[INFO] 
[INFO] --- failsafe:3.5.3:verify (default) @ order-arena ---
[INFO] 
[INFO] ------------------< com.objwww.pr:arena-chaos-admin >-------------------
[INFO] Building arena-chaos-admin 0.0.1-SNAPSHOT                          [5/6]
[INFO]   from arena-chaos-admin/pom.xml
[INFO] --------------------------------[ jar ]---------------------------------
[INFO] 
[INFO] --- clean:3.4.1:clean (default-clean) @ arena-chaos-admin ---
[INFO] Deleting /opt/projects/pr_agent_it/arena-chaos-admin/target
[INFO] 
[INFO] --- resources:3.3.1:resources (default-resources) @ arena-chaos-admin ---
[INFO] Copying 2 resources from src/main/resources to target/classes
[INFO] Copying 0 resource from src/main/resources to target/classes
[INFO] 
[INFO] --- compiler:3.13.0:compile (default-compile) @ arena-chaos-admin ---
[INFO] Recompiling the module because of changed dependency.
[INFO] Compiling 7 source files with javac [debug parameters release 21] to target/classes
[INFO] 
[INFO] --- resources:3.3.1:testResources (default-testResources) @ arena-chaos-admin ---
[INFO] skip non existing resourceDirectory /opt/projects/pr_agent_it/arena-chaos-admin/src/test/resources
[INFO] 
[INFO] --- compiler:3.13.0:testCompile (default-testCompile) @ arena-chaos-admin ---
[INFO] Recompiling the module because of changed dependency.
[INFO] Compiling 5 source files with javac [debug parameters release 21] to target/test-classes
[INFO] 
[INFO] --- surefire:3.5.3:test (default-test) @ arena-chaos-admin ---
[INFO] Using auto detected provider org.apache.maven.surefire.junitplatform.JUnitPlatformProvider
[INFO] 
[INFO] -------------------------------------------------------
[INFO]  T E S T S
[INFO] -------------------------------------------------------
[INFO] Running com.objwww.pr.arenaadmin.fingerprint.AlertmanagerFingerprintTest
[INFO] Tests run: 5, Failures: 0, Errors: 0, Skipped: 0, Time elapsed: 0.104 s -- in com.objwww.pr.arenaadmin.fingerprint.AlertmanagerFingerprintTest
[INFO] Running com.objwww.pr.arenaadmin.interfaces.ChaosAdminControllerTest
Mockito is currently self-attaching to enable the inline-mock-maker. This will no longer work in future releases of the JDK. Please add Mockito as an agent to your build what is described in Mockito's documentation: https://javadoc.io/doc/org.mockito/mockito-core/latest/org/mockito/Mockito.html#0.3
OpenJDK 64-Bit Server VM warning: Sharing is only supported for boot loader classes because bootstrap classpath has been appended
WARNING: A Java agent has been loaded dynamically (/root/.m2/repository/net/bytebuddy/byte-buddy-agent/1.15.11/byte-buddy-agent-1.15.11.jar)
WARNING: If a serviceability tool is in use, please run with -XX:+EnableDynamicAgentLoading to hide this warning
WARNING: If a serviceability tool is not in use, please run with -Djdk.instrument.traceUsage for more information
WARNING: Dynamic loading of agents will be disallowed by default in a future release
01:23:17.510 [main] INFO org.springframework.mock.web.MockServletContext -- Initializing Spring TestDispatcherServlet ''
01:23:17.511 [main] INFO org.springframework.test.web.servlet.TestDispatcherServlet -- Initializing Servlet ''
01:23:17.516 [main] INFO org.springframework.test.web.servlet.TestDispatcherServlet -- Completed initialization in 3 ms
01:23:17.527 [main] INFO org.springframework.mock.web.MockServletContext -- Initializing Spring TestDispatcherServlet ''
01:23:17.527 [main] INFO org.springframework.test.web.servlet.TestDispatcherServlet -- Initializing Servlet ''
01:23:17.527 [main] INFO org.springframework.test.web.servlet.TestDispatcherServlet -- Completed initialization in 0 ms
01:23:17.725 [main] WARN com.objwww.pr.arenaadmin.interfaces.ChaosAdminController -- chaos 关闭: F3 scenario=f3-e2e-001（进入 RECOVERING，等待恢复收口）
01:23:17.807 [main] INFO org.springframework.mock.web.MockServletContext -- Initializing Spring TestDispatcherServlet ''
01:23:17.807 [main] INFO org.springframework.test.web.servlet.TestDispatcherServlet -- Initializing Servlet ''
01:23:17.807 [main] INFO org.springframework.test.web.servlet.TestDispatcherServlet -- Completed initialization in 0 ms
01:23:17.815 [main] INFO org.springframework.mock.web.MockServletContext -- Initializing Spring TestDispatcherServlet ''
01:23:17.815 [main] INFO org.springframework.test.web.servlet.TestDispatcherServlet -- Initializing Servlet ''
01:23:17.815 [main] INFO org.springframework.test.web.servlet.TestDispatcherServlet -- Completed initialization in 0 ms
01:23:17.847 [main] INFO org.springframework.mock.web.MockServletContext -- Initializing Spring TestDispatcherServlet ''
01:23:17.847 [main] INFO org.springframework.test.web.servlet.TestDispatcherServlet -- Initializing Servlet ''
01:23:17.847 [main] INFO org.springframework.test.web.servlet.TestDispatcherServlet -- Completed initialization in 0 ms
01:23:17.852 [main] INFO org.springframework.mock.web.MockServletContext -- Initializing Spring TestDispatcherServlet ''
01:23:17.852 [main] INFO org.springframework.test.web.servlet.TestDispatcherServlet -- Initializing Servlet ''
01:23:17.852 [main] INFO org.springframework.test.web.servlet.TestDispatcherServlet -- Completed initialization in 0 ms
01:23:17.869 [main] INFO org.springframework.mock.web.MockServletContext -- Initializing Spring TestDispatcherServlet ''
01:23:17.869 [main] INFO org.springframework.test.web.servlet.TestDispatcherServlet -- Initializing Servlet ''
01:23:17.869 [main] INFO org.springframework.test.web.servlet.TestDispatcherServlet -- Completed initialization in 0 ms
01:23:17.875 [main] INFO org.springframework.mock.web.MockServletContext -- Initializing Spring TestDispatcherServlet ''
01:23:17.876 [main] INFO org.springframework.test.web.servlet.TestDispatcherServlet -- Initializing Servlet ''
01:23:17.876 [main] INFO org.springframework.test.web.servlet.TestDispatcherServlet -- Completed initialization in 0 ms
01:23:17.897 [main] INFO org.springframework.mock.web.MockServletContext -- Initializing Spring TestDispatcherServlet ''
01:23:17.897 [main] INFO org.springframework.test.web.servlet.TestDispatcherServlet -- Initializing Servlet ''
01:23:17.897 [main] INFO org.springframework.test.web.servlet.TestDispatcherServlet -- Completed initialization in 0 ms
01:23:17.903 [main] INFO org.springframework.mock.web.MockServletContext -- Initializing Spring TestDispatcherServlet ''
01:23:17.903 [main] INFO org.springframework.test.web.servlet.TestDispatcherServlet -- Initializing Servlet ''
01:23:17.904 [main] INFO org.springframework.test.web.servlet.TestDispatcherServlet -- Completed initialization in 1 ms
01:23:17.919 [main] INFO org.springframework.mock.web.MockServletContext -- Initializing Spring TestDispatcherServlet ''
01:23:17.919 [main] INFO org.springframework.test.web.servlet.TestDispatcherServlet -- Initializing Servlet ''
01:23:17.919 [main] INFO org.springframework.test.web.servlet.TestDispatcherServlet -- Completed initialization in 0 ms
01:23:17.925 [main] INFO org.springframework.mock.web.MockServletContext -- Initializing Spring TestDispatcherServlet ''
01:23:17.925 [main] INFO org.springframework.test.web.servlet.TestDispatcherServlet -- Initializing Servlet ''
01:23:17.925 [main] INFO org.springframework.test.web.servlet.TestDispatcherServlet -- Completed initialization in 0 ms
01:23:17.946 [main] INFO org.springframework.mock.web.MockServletContext -- Initializing Spring TestDispatcherServlet ''
01:23:17.947 [main] INFO org.springframework.test.web.servlet.TestDispatcherServlet -- Initializing Servlet ''
01:23:17.947 [main] INFO org.springframework.test.web.servlet.TestDispatcherServlet -- Completed initialization in 0 ms
01:23:17.952 [main] INFO org.springframework.mock.web.MockServletContext -- Initializing Spring TestDispatcherServlet ''
01:23:17.952 [main] INFO org.springframework.test.web.servlet.TestDispatcherServlet -- Initializing Servlet ''
01:23:17.952 [main] INFO org.springframework.test.web.servlet.TestDispatcherServlet -- Completed initialization in 0 ms
01:23:17.966 [main] INFO org.springframework.mock.web.MockServletContext -- Initializing Spring TestDispatcherServlet ''
01:23:17.967 [main] INFO org.springframework.test.web.servlet.TestDispatcherServlet -- Initializing Servlet ''
01:23:17.967 [main] INFO org.springframework.test.web.servlet.TestDispatcherServlet -- Completed initialization in 0 ms
01:23:17.974 [main] INFO org.springframework.mock.web.MockServletContext -- Initializing Spring TestDispatcherServlet ''
01:23:17.974 [main] INFO org.springframework.test.web.servlet.TestDispatcherServlet -- Initializing Servlet ''
01:23:17.974 [main] INFO org.springframework.test.web.servlet.TestDispatcherServlet -- Completed initialization in 0 ms
01:23:18.005 [main] WARN com.objwww.pr.arenaadmin.interfaces.ChaosAdminController -- chaos 激活: F3 scenario=f3-e2e-001 operator=it
[INFO] Tests run: 8, Failures: 0, Errors: 0, Skipped: 0, Time elapsed: 2.087 s -- in com.objwww.pr.arenaadmin.interfaces.ChaosAdminControllerTest
[INFO] Running com.objwww.pr.arenaadmin.ChaosAdminContextSmokeTest
01:23:18.043 [main] INFO org.springframework.test.context.support.AnnotationConfigContextLoaderUtils -- Could not detect default configuration classes for test class [com.objwww.pr.arenaadmin.ChaosAdminContextSmokeTest]: ChaosAdminContextSmokeTest does not declare any static, non-private, non-final, nested classes annotated with @Configuration.
01:23:18.120 [main] INFO org.springframework.boot.test.context.SpringBootTestContextBootstrapper -- Found @SpringBootConfiguration com.objwww.pr.arenaadmin.ChaosAdminApplication for test class com.objwww.pr.arenaadmin.ChaosAdminContextSmokeTest

  .   ____          _            __ _ _
 /\\ / ___'_ __ _ _(_)_ __  __ _ \ \ \ \
( ( )\___ | '_ | '_| | '_ \/ _` | \ \ \ \
 \\/  ___)| |_)| | | | | || (_| |  ) ) ) )
  '  |____| .__|_| |_|_| |_\__, | / / / /
 =========|_|==============|___/=/_/_/_/

 :: Spring Boot ::                (v3.4.5)

2026-09-09T01:23:18.549+08:00  INFO 7148 --- [arena-chaos-admin] [           main] c.o.p.a.ChaosAdminContextSmokeTest       : Starting ChaosAdminContextSmokeTest using Java 21.0.12.1 with PID 7148 (started by root in /opt/projects/pr_agent_it/arena-chaos-admin)
2026-09-09T01:23:18.550+08:00  INFO 7148 --- [arena-chaos-admin] [           main] c.o.p.a.ChaosAdminContextSmokeTest       : No active profile set, falling back to 1 default profile: "default"
2026-09-09T01:23:19.757+08:00  INFO 7148 --- [arena-chaos-admin] [           main] c.o.p.a.ChaosAdminContextSmokeTest       : Started ChaosAdminContextSmokeTest in 1.581 seconds (process running for 4.595)
[INFO] Tests run: 1, Failures: 0, Errors: 0, Skipped: 0, Time elapsed: 1.774 s -- in com.objwww.pr.arenaadmin.ChaosAdminContextSmokeTest
[INFO] 
[INFO] Results:
[INFO] 
[INFO] Tests run: 14, Failures: 0, Errors: 0, Skipped: 0
[INFO] 
[INFO] 
[INFO] --- jar:3.4.2:jar (default-jar) @ arena-chaos-admin ---
[INFO] Building jar: /opt/projects/pr_agent_it/arena-chaos-admin/target/arena-chaos-admin-0.0.1-SNAPSHOT.jar
[INFO] 
[INFO] --- spring-boot:3.4.5:repackage (repackage) @ arena-chaos-admin ---
[INFO] Attaching repackaged archive /opt/projects/pr_agent_it/arena-chaos-admin/target/arena-chaos-admin-0.0.1-SNAPSHOT-exec.jar with classifier exec
[INFO] 
[INFO] --- failsafe:3.5.3:integration-test (default) @ arena-chaos-admin ---
[INFO] Using auto detected provider org.apache.maven.surefire.junitplatform.JUnitPlatformProvider
[INFO] 
[INFO] -------------------------------------------------------
[INFO]  T E S T S
[INFO] -------------------------------------------------------
01:23:20.650 [main] INFO org.testcontainers.DockerClientFactory -- Testcontainers version: 1.20.4
01:23:20.846 [main] INFO org.testcontainers.dockerclient.DockerClientProviderStrategy -- Loaded org.testcontainers.dockerclient.UnixSocketClientProviderStrategy from ~/.testcontainers.properties, will try it first
01:23:21.124 [main] INFO org.testcontainers.dockerclient.DockerClientProviderStrategy -- Found Docker environment with local Unix socket (unix:///var/run/docker.sock)
01:23:21.126 [main] INFO org.testcontainers.DockerClientFactory -- Docker host IP address is localhost
01:23:21.145 [main] INFO org.testcontainers.DockerClientFactory -- Connected to docker: 
  Server Version: 26.1.4
  API Version: 1.45
  Operating System: CentOS Linux 7 (Core)
  Total Memory: 7725 MB
01:23:21.155 [main] INFO org.testcontainers.images.PullPolicy -- Image pull policy will be performed by: DefaultPullPolicy()
01:23:21.156 [main] INFO org.testcontainers.utility.ImageNameSubstitutor -- Image name substitution will be performed by: DefaultImageNameSubstitutor (composite of 'ConfigurationFileImageNameSubstitutor' and 'PrefixingImageNameSubstitutor')
01:23:21.229 [main] INFO tc.testcontainers/ryuk:0.11.0 -- Creating container for image: testcontainers/ryuk:0.11.0
01:23:21.234 [main] INFO org.testcontainers.utility.RegistryAuthLocator -- Failure when attempting to lookup auth config. Please ignore if you don't have images in an authenticated registry. Details: (dockerImageName: testcontainers/ryuk:0.11.0, configFile: /root/.docker/config.json, configEnv: DOCKER_AUTH_CONFIG). Falling back to docker-java default behaviour. Exception message: Status 404: No config supplied. Checked in order: /root/.docker/config.json (file not found), DOCKER_AUTH_CONFIG (not set)
01:23:21.410 [main] INFO tc.testcontainers/ryuk:0.11.0 -- Container testcontainers/ryuk:0.11.0 is starting: 6dbc3a358c4190ab987b0a8840aa20b6477cc405fe71710e049194adeb6a8765
01:23:21.792 [main] INFO tc.testcontainers/ryuk:0.11.0 -- Container testcontainers/ryuk:0.11.0 started in PT0.562421033S
01:23:21.796 [main] INFO org.testcontainers.utility.RyukResourceReaper -- Ryuk started - will monitor and terminate Testcontainers containers on JVM exit
01:23:21.796 [main] INFO org.testcontainers.DockerClientFactory -- Checking the system...
01:23:21.797 [main] INFO org.testcontainers.DockerClientFactory -- ✔︎ Docker server version should be at least 1.6.0
[INFO] Running com.objwww.pr.arenaadmin.it.ChaosActivationLifecycleIT
01:23:21.816 [main] INFO tc.postgres:16-alpine -- Creating container for image: postgres:16-alpine
01:23:21.874 [main] INFO tc.postgres:16-alpine -- Container postgres:16-alpine is starting: f9cc104d4dd28be2075f59b7333d157cb83f8725fa12c3b757ccc8c473678090
01:23:23.053 [main] INFO tc.postgres:16-alpine -- Container postgres:16-alpine started in PT1.237202907S
01:23:23.054 [main] INFO tc.postgres:16-alpine -- Container is started (JDBC URL: jdbc:postgresql://localhost:33236/test?loggerLevel=OFF)
01:23:23.063 [main] INFO com.zaxxer.hikari.HikariDataSource -- HikariPool-1 - Starting...
01:23:23.286 [main] INFO com.zaxxer.hikari.pool.HikariPool -- HikariPool-1 - Added connection org.postgresql.jdbc.PgConnection@4fe875be
01:23:23.287 [main] INFO com.zaxxer.hikari.HikariDataSource -- HikariPool-1 - Start completed.
01:23:23.673 [main] INFO org.flywaydb.core.FlywayExecutor -- Database: jdbc:postgresql://localhost:33236/test?loggerLevel=OFF (PostgreSQL 16.15)
01:23:23.760 [main] INFO org.flywaydb.core.internal.database.base.Schema -- Creating schema "arena" ...
01:23:23.767 [main] INFO org.flywaydb.core.internal.schemahistory.JdbcTableSchemaHistory -- Creating Schema History table "arena"."flyway_schema_history" ...
01:23:23.846 [main] INFO org.flywaydb.core.internal.command.DbMigrate -- Current version of schema "arena": null
01:23:23.930 [main] INFO org.flywaydb.core.internal.command.DbMigrate -- Migrating schema "arena" to version "1 - am2 order base"
01:23:23.936 [main] WARN org.flywaydb.core.internal.sqlscript.DefaultSqlScriptExecutor -- DB: schema "arena" already exists, skipping (SQL State: 42P06 - Error Code: 0)
01:23:24.018 [main] INFO org.flywaydb.core.internal.command.DbMigrate -- Migrating schema "arena" to version "2 - am2 compensation outbox"
01:23:24.048 [main] INFO org.flywaydb.core.internal.command.DbMigrate -- Migrating schema "arena" to version "3 - am2 chaos gt"
01:23:24.080 [main] INFO org.flywaydb.core.internal.command.DbMigrate -- Migrating schema "arena" to version "4 - am2 probe reconcile"
01:23:24.105 [main] INFO org.flywaydb.core.internal.command.DbMigrate -- Migrating schema "arena" to version "5 - am2 scenario map"
01:23:24.118 [main] INFO org.flywaydb.core.internal.command.DbMigrate -- Migrating schema "arena" to version "6 - am2 drop map fp unique"
01:23:24.128 [main] INFO org.flywaydb.core.internal.command.DbMigrate -- Migrating schema "arena" to version "7 - am3 eval gt barrier"
01:23:24.141 [main] INFO org.flywaydb.core.internal.command.DbMigrate -- Successfully applied 7 migrations to schema "arena", now at version v7 (execution time 00:00.129s)
01:23:24.146 [main] INFO com.zaxxer.hikari.HikariDataSource -- HikariPool-2 - Starting...
01:23:24.160 [main] INFO com.zaxxer.hikari.pool.HikariPool -- HikariPool-2 - Added connection org.postgresql.jdbc.PgConnection@315f09ef
01:23:24.161 [main] INFO com.zaxxer.hikari.HikariDataSource -- HikariPool-2 - Start completed.
01:23:24.161 [main] INFO com.zaxxer.hikari.HikariDataSource -- HikariPool-3 - Starting...
01:23:24.178 [main] INFO com.zaxxer.hikari.pool.HikariPool -- HikariPool-3 - Added connection org.postgresql.jdbc.PgConnection@21505815
01:23:24.179 [main] INFO com.zaxxer.hikari.HikariDataSource -- HikariPool-3 - Start completed.
[INFO] Tests run: 8, Failures: 0, Errors: 0, Skipped: 0, Time elapsed: 2.831 s -- in com.objwww.pr.arenaadmin.it.ChaosActivationLifecycleIT
[INFO] 
[INFO] Results:
[INFO] 
[INFO] Tests run: 8, Failures: 0, Errors: 0, Skipped: 0
[INFO] 
[INFO] 
[INFO] --- failsafe:3.5.3:verify (default) @ arena-chaos-admin ---
[INFO] 
[INFO] ----------------------< com.objwww.pr:notify-app >----------------------
[INFO] Building notify-app 0.0.1-SNAPSHOT                                 [6/6]
[INFO]   from notify-app/pom.xml
[INFO] --------------------------------[ jar ]---------------------------------
[INFO] 
[INFO] --- clean:3.4.1:clean (default-clean) @ notify-app ---
[INFO] Deleting /opt/projects/pr_agent_it/notify-app/target
[INFO] 
[INFO] --- resources:3.3.1:resources (default-resources) @ notify-app ---
[INFO] Copying 1 resource from src/main/resources to target/classes
[INFO] Copying 0 resource from src/main/resources to target/classes
[INFO] 
[INFO] --- compiler:3.13.0:compile (default-compile) @ notify-app ---
[INFO] Recompiling the module because of changed dependency.
[INFO] Compiling 16 source files with javac [debug parameters release 21] to target/classes
[INFO] 
[INFO] --- resources:3.3.1:testResources (default-testResources) @ notify-app ---
[INFO] skip non existing resourceDirectory /opt/projects/pr_agent_it/notify-app/src/test/resources
[INFO] 
[INFO] --- compiler:3.13.0:testCompile (default-testCompile) @ notify-app ---
[INFO] Recompiling the module because of changed dependency.
[INFO] Compiling 7 source files with javac [debug parameters release 21] to target/test-classes
[INFO] 
[INFO] --- surefire:3.5.3:test (default-test) @ notify-app ---
[INFO] Using auto detected provider org.apache.maven.surefire.junitplatform.JUnitPlatformProvider
[INFO] 
[INFO] -------------------------------------------------------
[INFO]  T E S T S
[INFO] -------------------------------------------------------
[INFO] Running com.objwww.pr.notify.domain.service.NotificationRendererTest
[INFO] Tests run: 5, Failures: 0, Errors: 0, Skipped: 0, Time elapsed: 0.365 s -- in com.objwww.pr.notify.domain.service.NotificationRendererTest
[INFO] Running com.objwww.pr.notify.domain.service.FencedNotifyExecutorTest
[INFO] Tests run: 6, Failures: 0, Errors: 0, Skipped: 0, Time elapsed: 0.060 s -- in com.objwww.pr.notify.domain.service.FencedNotifyExecutorTest
[INFO] Running com.objwww.pr.notify.domain.channel.WebhookChannelTest
[INFO] Tests run: 6, Failures: 0, Errors: 0, Skipped: 0, Time elapsed: 0.110 s -- in com.objwww.pr.notify.domain.channel.WebhookChannelTest
[INFO] Running com.objwww.pr.notify.application.NotifyOutboxClaimerTest
01:23:26.453 [main] INFO com.objwww.pr.notify.application.NotifyOutboxClaimer -- NotifyOutboxClaimer 启动: owner=owner-1
01:23:26.610 [main] WARN com.objwww.pr.notify.application.NotifyOutboxClaimer -- 执行通知失败（行留租约待回收）: operation=b0381e0d-2bdb-429a-9924-929bef4b7703
java.lang.IllegalStateException: boom
	at com.objwww.pr.notify.application.NotifyOutboxClaimerTest.lambda$executesBatchSeriallyAndIsolatesFailures$0(NotifyOutboxClaimerTest.java:34)
	at com.objwww.pr.notify.application.NotifyOutboxClaimer.runOnce(NotifyOutboxClaimer.java:59)
	at com.objwww.pr.notify.application.NotifyOutboxClaimerTest.executesBatchSeriallyAndIsolatesFailures(NotifyOutboxClaimerTest.java:42)
	at java.base/jdk.internal.reflect.DirectMethodHandleAccessor.invoke(DirectMethodHandleAccessor.java:103)
	at java.base/java.lang.reflect.Method.invoke(Method.java:580)
	at org.junit.platform.commons.util.ReflectionUtils.invokeMethod(ReflectionUtils.java:767)
	at org.junit.jupiter.engine.execution.MethodInvocation.proceed(MethodInvocation.java:60)
	at org.junit.jupiter.engine.execution.InvocationInterceptorChain$ValidatingInvocation.proceed(InvocationInterceptorChain.java:131)
	at org.junit.jupiter.engine.extension.TimeoutExtension.intercept(TimeoutExtension.java:156)
	at org.junit.jupiter.engine.extension.TimeoutExtension.interceptTestableMethod(TimeoutExtension.java:147)
	at org.junit.jupiter.engine.extension.TimeoutExtension.interceptTestMethod(TimeoutExtension.java:86)
	at org.junit.jupiter.engine.execution.InterceptingExecutableInvoker$ReflectiveInterceptorCall.lambda$ofVoidMethod$0(InterceptingExecutableInvoker.java:103)
	at org.junit.jupiter.engine.execution.InterceptingExecutableInvoker.lambda$invoke$0(InterceptingExecutableInvoker.java:93)
	at org.junit.jupiter.engine.execution.InvocationInterceptorChain$InterceptedInvocation.proceed(InvocationInterceptorChain.java:106)
	at org.junit.jupiter.engine.execution.InvocationInterceptorChain.proceed(InvocationInterceptorChain.java:64)
	at org.junit.jupiter.engine.execution.InvocationInterceptorChain.chainAndInvoke(InvocationInterceptorChain.java:45)
	at org.junit.jupiter.engine.execution.InvocationInterceptorChain.invoke(InvocationInterceptorChain.java:37)
	at org.junit.jupiter.engine.execution.InterceptingExecutableInvoker.invoke(InterceptingExecutableInvoker.java:92)
	at org.junit.jupiter.engine.execution.InterceptingExecutableInvoker.invoke(InterceptingExecutableInvoker.java:86)
	at org.junit.jupiter.engine.descriptor.TestMethodTestDescriptor.lambda$invokeTestMethod$8(TestMethodTestDescriptor.java:217)
	at org.junit.platform.engine.support.hierarchical.ThrowableCollector.execute(ThrowableCollector.java:73)
	at org.junit.jupiter.engine.descriptor.TestMethodTestDescriptor.invokeTestMethod(TestMethodTestDescriptor.java:213)
	at org.junit.jupiter.engine.descriptor.TestMethodTestDescriptor.execute(TestMethodTestDescriptor.java:138)
	at org.junit.jupiter.engine.descriptor.TestMethodTestDescriptor.execute(TestMethodTestDescriptor.java:68)
	at org.junit.platform.engine.support.hierarchical.NodeTestTask.lambda$executeRecursively$6(NodeTestTask.java:156)
	at org.junit.platform.engine.support.hierarchical.ThrowableCollector.execute(ThrowableCollector.java:73)
	at org.junit.platform.engine.support.hierarchical.NodeTestTask.lambda$executeRecursively$8(NodeTestTask.java:146)
	at org.junit.platform.engine.support.hierarchical.Node.around(Node.java:137)
	at org.junit.platform.engine.support.hierarchical.NodeTestTask.lambda$executeRecursively$9(NodeTestTask.java:144)
	at org.junit.platform.engine.support.hierarchical.ThrowableCollector.execute(ThrowableCollector.java:73)
	at org.junit.platform.engine.support.hierarchical.NodeTestTask.executeRecursively(NodeTestTask.java:143)
	at org.junit.platform.engine.support.hierarchical.NodeTestTask.execute(NodeTestTask.java:100)
	at java.base/java.util.ArrayList.forEach(ArrayList.java:1596)
	at org.junit.platform.engine.support.hierarchical.SameThreadHierarchicalTestExecutorService.invokeAll(SameThreadHierarchicalTestExecutorService.java:41)
	at org.junit.platform.engine.support.hierarchical.NodeTestTask.lambda$executeRecursively$6(NodeTestTask.java:160)
	at org.junit.platform.engine.support.hierarchical.ThrowableCollector.execute(ThrowableCollector.java:73)
	at org.junit.platform.engine.support.hierarchical.NodeTestTask.lambda$executeRecursively$8(NodeTestTask.java:146)
	at org.junit.platform.engine.support.hierarchical.Node.around(Node.java:137)
	at org.junit.platform.engine.support.hierarchical.NodeTestTask.lambda$executeRecursively$9(NodeTestTask.java:144)
	at org.junit.platform.engine.support.hierarchical.ThrowableCollector.execute(ThrowableCollector.java:73)
	at org.junit.platform.engine.support.hierarchical.NodeTestTask.executeRecursively(NodeTestTask.java:143)
	at org.junit.platform.engine.support.hierarchical.NodeTestTask.execute(NodeTestTask.java:100)
	at java.base/java.util.ArrayList.forEach(ArrayList.java:1596)
	at org.junit.platform.engine.support.hierarchical.SameThreadHierarchicalTestExecutorService.invokeAll(SameThreadHierarchicalTestExecutorService.java:41)
	at org.junit.platform.engine.support.hierarchical.NodeTestTask.lambda$executeRecursively$6(NodeTestTask.java:160)
	at org.junit.platform.engine.support.hierarchical.ThrowableCollector.execute(ThrowableCollector.java:73)
	at org.junit.platform.engine.support.hierarchical.NodeTestTask.lambda$executeRecursively$8(NodeTestTask.java:146)
	at org.junit.platform.engine.support.hierarchical.Node.around(Node.java:137)
	at org.junit.platform.engine.support.hierarchical.NodeTestTask.lambda$executeRecursively$9(NodeTestTask.java:144)
	at org.junit.platform.engine.support.hierarchical.ThrowableCollector.execute(ThrowableCollector.java:73)
	at org.junit.platform.engine.support.hierarchical.NodeTestTask.executeRecursively(NodeTestTask.java:143)
	at org.junit.platform.engine.support.hierarchical.NodeTestTask.execute(NodeTestTask.java:100)
	at org.junit.platform.engine.support.hierarchical.SameThreadHierarchicalTestExecutorService.submit(SameThreadHierarchicalTestExecutorService.java:35)
	at org.junit.platform.engine.support.hierarchical.HierarchicalTestExecutor.execute(HierarchicalTestExecutor.java:57)
	at org.junit.platform.engine.support.hierarchical.HierarchicalTestEngine.execute(HierarchicalTestEngine.java:54)
	at org.junit.platform.launcher.core.EngineExecutionOrchestrator.execute(EngineExecutionOrchestrator.java:198)
	at org.junit.platform.launcher.core.EngineExecutionOrchestrator.execute(EngineExecutionOrchestrator.java:169)
	at org.junit.platform.launcher.core.EngineExecutionOrchestrator.execute(EngineExecutionOrchestrator.java:93)
	at org.junit.platform.launcher.core.EngineExecutionOrchestrator.lambda$execute$0(EngineExecutionOrchestrator.java:58)
	at org.junit.platform.launcher.core.EngineExecutionOrchestrator.withInterceptedStreams(EngineExecutionOrchestrator.java:141)
	at org.junit.platform.launcher.core.EngineExecutionOrchestrator.execute(EngineExecutionOrchestrator.java:57)
	at org.junit.platform.launcher.core.DefaultLauncher.execute(DefaultLauncher.java:103)
	at org.junit.platform.launcher.core.DefaultLauncher.execute(DefaultLauncher.java:85)
	at org.junit.platform.launcher.core.DelegatingLauncher.execute(DelegatingLauncher.java:47)
	at org.apache.maven.surefire.junitplatform.LazyLauncher.execute(LazyLauncher.java:56)
	at org.apache.maven.surefire.junitplatform.JUnitPlatformProvider.execute(JUnitPlatformProvider.java:194)
	at org.apache.maven.surefire.junitplatform.JUnitPlatformProvider.invokeAllTests(JUnitPlatformProvider.java:150)
	at org.apache.maven.surefire.junitplatform.JUnitPlatformProvider.invoke(JUnitPlatformProvider.java:124)
	at org.apache.maven.surefire.booter.ForkedBooter.runSuitesInProcess(ForkedBooter.java:385)
	at org.apache.maven.surefire.booter.ForkedBooter.execute(ForkedBooter.java:162)
	at org.apache.maven.surefire.booter.ForkedBooter.run(ForkedBooter.java:507)
	at org.apache.maven.surefire.booter.ForkedBooter.main(ForkedBooter.java:495)
[INFO] Tests run: 2, Failures: 0, Errors: 0, Skipped: 0, Time elapsed: 0.227 s -- in com.objwww.pr.notify.application.NotifyOutboxClaimerTest
[INFO] 
[INFO] Results:
[INFO] 
[INFO] Tests run: 19, Failures: 0, Errors: 0, Skipped: 0
[INFO] 
[INFO] 
[INFO] --- jar:3.4.2:jar (default-jar) @ notify-app ---
[INFO] Building jar: /opt/projects/pr_agent_it/notify-app/target/notify-app-0.0.1-SNAPSHOT.jar
[INFO] 
[INFO] --- spring-boot:3.4.5:repackage (repackage) @ notify-app ---
[INFO] Attaching repackaged archive /opt/projects/pr_agent_it/notify-app/target/notify-app-0.0.1-SNAPSHOT-exec.jar with classifier exec
[INFO] 
[INFO] --- failsafe:3.5.3:integration-test (default) @ notify-app ---
[INFO] Using auto detected provider org.apache.maven.surefire.junitplatform.JUnitPlatformProvider
[INFO] 
[INFO] -------------------------------------------------------
[INFO]  T E S T S
[INFO] -------------------------------------------------------
01:23:27.516 [main] INFO org.testcontainers.DockerClientFactory -- Testcontainers version: 1.20.4
01:23:27.682 [main] INFO org.testcontainers.dockerclient.DockerClientProviderStrategy -- Loaded org.testcontainers.dockerclient.UnixSocketClientProviderStrategy from ~/.testcontainers.properties, will try it first
01:23:27.958 [main] INFO org.testcontainers.dockerclient.DockerClientProviderStrategy -- Found Docker environment with local Unix socket (unix:///var/run/docker.sock)
01:23:27.960 [main] INFO org.testcontainers.DockerClientFactory -- Docker host IP address is localhost
01:23:27.977 [main] INFO org.testcontainers.DockerClientFactory -- Connected to docker: 
  Server Version: 26.1.4
  API Version: 1.45
  Operating System: CentOS Linux 7 (Core)
  Total Memory: 7725 MB
01:23:27.988 [main] INFO org.testcontainers.images.PullPolicy -- Image pull policy will be performed by: DefaultPullPolicy()
01:23:27.990 [main] INFO org.testcontainers.utility.ImageNameSubstitutor -- Image name substitution will be performed by: DefaultImageNameSubstitutor (composite of 'ConfigurationFileImageNameSubstitutor' and 'PrefixingImageNameSubstitutor')
01:23:28.075 [main] INFO tc.testcontainers/ryuk:0.11.0 -- Creating container for image: testcontainers/ryuk:0.11.0
01:23:28.080 [main] INFO org.testcontainers.utility.RegistryAuthLocator -- Failure when attempting to lookup auth config. Please ignore if you don't have images in an authenticated registry. Details: (dockerImageName: testcontainers/ryuk:0.11.0, configFile: /root/.docker/config.json, configEnv: DOCKER_AUTH_CONFIG). Falling back to docker-java default behaviour. Exception message: Status 404: No config supplied. Checked in order: /root/.docker/config.json (file not found), DOCKER_AUTH_CONFIG (not set)
01:23:28.242 [main] INFO tc.testcontainers/ryuk:0.11.0 -- Container testcontainers/ryuk:0.11.0 is starting: 8e0ca98fe54c081e3deb37811fe1d0634fef28eb2674710e92bd1eabaf15eec3
01:23:28.581 [main] INFO tc.testcontainers/ryuk:0.11.0 -- Container testcontainers/ryuk:0.11.0 started in PT0.506153078S
01:23:28.586 [main] INFO org.testcontainers.utility.RyukResourceReaper -- Ryuk started - will monitor and terminate Testcontainers containers on JVM exit
01:23:28.586 [main] INFO org.testcontainers.DockerClientFactory -- Checking the system...
01:23:28.587 [main] INFO org.testcontainers.DockerClientFactory -- ✔︎ Docker server version should be at least 1.6.0
[INFO] Running com.objwww.pr.notify.it.NotifyOutboxStoreIT
01:23:28.609 [main] INFO tc.postgres:16-alpine -- Creating container for image: postgres:16-alpine
01:23:28.667 [main] INFO tc.postgres:16-alpine -- Container postgres:16-alpine is starting: 8b60584121384aeacb8fe537076ef9c05a68b9bcddad804b81fc5bde1475b02e
01:23:29.849 [main] INFO tc.postgres:16-alpine -- Container postgres:16-alpine started in PT1.240423072S
01:23:29.850 [main] INFO tc.postgres:16-alpine -- Container is started (JDBC URL: jdbc:postgresql://localhost:33238/test?loggerLevel=OFF)
01:23:29.858 [main] INFO com.zaxxer.hikari.HikariDataSource -- HikariPool-1 - Starting...
01:23:30.045 [main] INFO com.zaxxer.hikari.pool.HikariPool -- HikariPool-1 - Added connection org.postgresql.jdbc.PgConnection@25d3cfc8
01:23:30.046 [main] INFO com.zaxxer.hikari.HikariDataSource -- HikariPool-1 - Start completed.
01:23:30.432 [main] INFO org.flywaydb.core.FlywayExecutor -- Database: jdbc:postgresql://localhost:33238/test?loggerLevel=OFF (PostgreSQL 16.15)
01:23:30.516 [main] INFO org.flywaydb.core.internal.schemahistory.JdbcTableSchemaHistory -- Schema history table "public"."flyway_schema_history" does not exist yet
01:23:30.523 [main] INFO org.flywaydb.core.internal.command.DbValidate -- Successfully validated 31 migrations (execution time 00:00.047s)
01:23:30.540 [main] INFO org.flywaydb.core.internal.schemahistory.JdbcTableSchemaHistory -- Creating Schema History table "public"."flyway_schema_history" ...
01:23:30.630 [main] INFO org.flywaydb.core.internal.command.DbMigrate -- Current version of schema "public": << Empty Schema >>
01:23:30.709 [main] INFO org.flywaydb.core.internal.command.DbMigrate -- Migrating schema "public" to version "1 - m0 schema"
01:23:30.843 [main] INFO org.flywaydb.core.internal.command.DbMigrate -- Migrating schema "public" to version "2 - grants"
01:23:30.878 [main] INFO org.flywaydb.core.internal.command.DbMigrate -- Migrating schema "public" to version "3 - m1 inbox reconcile"
01:23:30.929 [main] INFO org.flywaydb.core.internal.command.DbMigrate -- Migrating schema "public" to version "4 - m2 checkpoint repair"
01:23:30.974 [main] INFO org.flywaydb.core.internal.command.DbMigrate -- Migrating schema "public" to version "5 - m3 model governance"
01:23:31.016 [main] INFO org.flywaydb.core.internal.command.DbMigrate -- Migrating schema "public" to version "6 - m4 sandbox"
01:23:31.074 [main] INFO org.flywaydb.core.internal.command.DbMigrate -- Migrating schema "public" to version "7 - am1 alert domain"
01:23:31.151 [main] INFO org.flywaydb.core.internal.command.DbMigrate -- Migrating schema "public" to version "8 - am1 dag reserve"
01:23:31.181 [main] INFO org.flywaydb.core.internal.command.DbMigrate -- Migrating schema "public" to version "9 - am3 eval notify"
01:23:31.254 [main] INFO org.flywaydb.core.internal.command.DbMigrate -- Migrating schema "public" to version "10 - am3 eval run"
01:23:31.276 [main] INFO org.flywaydb.core.internal.command.DbMigrate -- Migrating schema "public" to version "11 - am3 eval readonly"
01:23:31.287 [main] INFO org.flywaydb.core.internal.command.DbMigrate -- Migrating schema "public" to version "12 - am4 state expansion"
01:23:31.302 [main] INFO org.flywaydb.core.internal.command.DbMigrate -- Migrating schema "public" to version "13 - am4 budget ledger"
01:23:31.322 [main] INFO org.flywaydb.core.internal.command.DbMigrate -- Migrating schema "public" to version "14 - am4 rca event"
01:23:31.347 [main] INFO org.flywaydb.core.internal.command.DbMigrate -- Migrating schema "public" to version "15 - am4 tool invocation ledger"
01:23:31.360 [main] INFO org.flywaydb.core.internal.command.DbMigrate -- Migrating schema "public" to version "16 - am4 evidence snapshot"
01:23:31.376 [main] INFO org.flywaydb.core.internal.command.DbMigrate -- Migrating schema "public" to version "17 - am4 claim"
01:23:31.387 [main] INFO org.flywaydb.core.internal.command.DbMigrate -- Migrating schema "public" to version "18 - am4 task edge run scope"
01:23:31.399 [main] INFO org.flywaydb.core.internal.command.DbMigrate -- Migrating schema "public" to version "19 - am4 tool replay"
01:23:31.411 [main] INFO org.flywaydb.core.internal.command.DbMigrate -- Migrating schema "public" to version "20 - am5 dataset version"
01:23:31.437 [main] INFO org.flywaydb.core.internal.command.DbMigrate -- Migrating schema "public" to version "21 - am5 dataset partition"
01:23:31.462 [main] INFO org.flywaydb.core.internal.command.DbMigrate -- Migrating schema "public" to version "22 - am5 golden candidate"
01:23:31.491 [main] INFO org.flywaydb.core.internal.command.DbMigrate -- Migrating schema "public" to version "23 - am5 sampling fingerprint"
01:23:31.501 [main] INFO org.flywaydb.core.internal.command.DbMigrate -- Migrating schema "public" to version "24 - am5 config bundle"
01:23:31.517 [main] INFO org.flywaydb.core.internal.command.DbMigrate -- Migrating schema "public" to version "25 - am5 canary route"
01:23:31.536 [main] INFO org.flywaydb.core.internal.command.DbMigrate -- Migrating schema "public" to version "26 - am5 operator case"
01:23:31.555 [main] INFO org.flywaydb.core.internal.command.DbMigrate -- Migrating schema "public" to version "27 - am5 operator command"
01:23:31.580 [main] INFO org.flywaydb.core.internal.command.DbMigrate -- Migrating schema "public" to version "28 - am5 monthly partition"
01:23:31.625 [main] INFO org.flywaydb.core.internal.command.DbMigrate -- Migrating schema "public" to version "29 - am5 retention archive"
01:23:31.647 [main] INFO org.flywaydb.core.internal.command.DbMigrate -- Migrating schema "public" to version "30 - am6 canary window verdict"
01:23:31.674 [main] INFO org.flywaydb.core.internal.command.DbMigrate -- Migrating schema "public" to version "31 - ba52 canary decision fk deferred"
01:23:31.683 [main] INFO org.flywaydb.core.internal.command.DbMigrate -- Successfully applied 31 migrations to schema "public", now at version v31 (execution time 00:00.645s)
01:23:31.695 [main] INFO com.zaxxer.hikari.HikariDataSource -- HikariPool-2 - Starting...
01:23:31.729 [main] INFO com.zaxxer.hikari.pool.HikariPool -- HikariPool-2 - Added connection org.postgresql.jdbc.PgConnection@75d4a80f
01:23:31.730 [main] INFO com.zaxxer.hikari.HikariDataSource -- HikariPool-2 - Start completed.
01:23:31.895 [main] INFO com.zaxxer.hikari.HikariDataSource -- HikariPool-3 - Starting...
01:23:31.960 [main] INFO com.zaxxer.hikari.pool.HikariPool -- HikariPool-3 - Added connection org.postgresql.jdbc.PgConnection@5b7c8930
01:23:31.960 [main] INFO com.zaxxer.hikari.HikariDataSource -- HikariPool-3 - Start completed.
01:23:32.078 [main] INFO com.zaxxer.hikari.HikariDataSource -- HikariPool-3 - Shutdown initiated...
01:23:32.081 [main] INFO com.zaxxer.hikari.HikariDataSource -- HikariPool-3 - Shutdown completed.
[INFO] Tests run: 7, Failures: 0, Errors: 0, Skipped: 0, Time elapsed: 4.096 s -- in com.objwww.pr.notify.it.NotifyOutboxStoreIT
[INFO] Running com.objwww.pr.notify.it.NotifyPermissionIT
[INFO] Tests run: 3, Failures: 0, Errors: 0, Skipped: 0, Time elapsed: 0.239 s -- in com.objwww.pr.notify.it.NotifyPermissionIT
[INFO] 
[INFO] Results:
[INFO] 
[INFO] Tests run: 10, Failures: 0, Errors: 0, Skipped: 0
[INFO] 
[INFO] 
[INFO] --- failsafe:3.5.3:verify (default) @ notify-app ---
[INFO] ------------------------------------------------------------------------
[INFO] Reactor Summary for pr-agent 0.0.1-SNAPSHOT:
[INFO] 
[INFO] pr-agent ........................................... SUCCESS [  0.536 s]
[INFO] shared-kernel ...................................... SUCCESS [  5.836 s]
[INFO] control-app ........................................ SUCCESS [ 55.316 s]
[INFO] order-arena ........................................ SUCCESS [ 15.648 s]
[INFO] arena-chaos-admin .................................. SUCCESS [ 10.029 s]
[INFO] notify-app ......................................... SUCCESS [  8.278 s]
[INFO] ------------------------------------------------------------------------
[INFO] BUILD SUCCESS
[INFO] ------------------------------------------------------------------------
[INFO] Total time:  01:36 min
[INFO] Finished at: 2026-09-09T01:23:32+08:00
[INFO] ------------------------------------------------------------------------
