[INFO] Scanning for projects...
[INFO] ------------------------------------------------------------------------
[INFO] Reactor Build Order:
[INFO] 
[INFO] pr-agent                                                           [pom]
[INFO] shared-kernel                                                      [jar]
[INFO] control-app                                                        [jar]
[INFO] order-arena                                                        [jar]
[INFO] arena-chaos-admin                                                  [jar]
[INFO] notify-app                                                         [jar]
[INFO] 
[INFO] -----------------------< com.objwww.pr:pr-agent >-----------------------
[INFO] Building pr-agent 0.0.1-SNAPSHOT                                   [1/6]
[INFO]   from pom.xml
[INFO] --------------------------------[ pom ]---------------------------------
[INFO] 
[INFO] --- clean:3.4.1:clean (default-clean) @ pr-agent ---
[INFO] 
[INFO] --- failsafe:3.5.3:integration-test (default) @ pr-agent ---
[INFO] No tests to run.
[INFO] 
[INFO] --- failsafe:3.5.3:verify (default) @ pr-agent ---
[INFO] No tests to run.
[INFO] 
[INFO] --------------------< com.objwww.pr:shared-kernel >---------------------
[INFO] Building shared-kernel 0.0.1-SNAPSHOT                              [2/6]
[INFO]   from shared-kernel/pom.xml
[INFO] --------------------------------[ jar ]---------------------------------
[INFO] 
[INFO] --- clean:3.4.1:clean (default-clean) @ shared-kernel ---
[INFO] Deleting /opt/projects/pr_agent_it/shared-kernel/target
[INFO] 
[INFO] --- resources:3.3.1:resources (default-resources) @ shared-kernel ---
[INFO] skip non existing resourceDirectory /opt/projects/pr_agent_it/shared-kernel/src/main/resources
[INFO] skip non existing resourceDirectory /opt/projects/pr_agent_it/shared-kernel/src/main/resources
[INFO] 
[INFO] --- compiler:3.13.0:compile (default-compile) @ shared-kernel ---
[INFO] Recompiling the module because of changed source code.
[INFO] Compiling 34 source files with javac [debug parameters release 21] to target/classes
[INFO] 
[INFO] --- resources:3.3.1:testResources (default-testResources) @ shared-kernel ---
[INFO] skip non existing resourceDirectory /opt/projects/pr_agent_it/shared-kernel/src/test/resources
[INFO] 
[INFO] --- compiler:3.13.0:testCompile (default-testCompile) @ shared-kernel ---
[INFO] Recompiling the module because of changed dependency.
[INFO] Compiling 7 source files with javac [debug parameters release 21] to target/test-classes
[INFO] 
[INFO] --- surefire:3.5.3:test (default-test) @ shared-kernel ---
[INFO] Using auto detected provider org.apache.maven.surefire.junitplatform.JUnitPlatformProvider
[INFO] 
[INFO] -------------------------------------------------------
[INFO]  T E S T S
[INFO] -------------------------------------------------------
SLF4J(W): No SLF4J providers were found.
SLF4J(W): Defaulting to no-operation (NOP) logger implementation
SLF4J(W): See https://www.slf4j.org/codes.html#noProviders for further details.
[INFO] Running com.objwww.pr.shared.DigestTest
[INFO] Tests run: 11, Failures: 0, Errors: 0, Skipped: 0, Time elapsed: 0.116 s -- in com.objwww.pr.shared.DigestTest
[INFO] Running com.objwww.pr.shared.OutboxStateMachineTest
[INFO] Tests run: 67, Failures: 0, Errors: 0, Skipped: 0, Time elapsed: 0.251 s -- in com.objwww.pr.shared.OutboxStateMachineTest
[INFO] Running com.objwww.pr.shared.TypedRequestTest
[INFO] Tests run: 4, Failures: 0, Errors: 0, Skipped: 0, Time elapsed: 0.008 s -- in com.objwww.pr.shared.TypedRequestTest
[INFO] Running com.objwww.pr.shared.DependencyVerdictEvaluatorTest
[INFO] Tests run: 17, Failures: 0, Errors: 0, Skipped: 0, Time elapsed: 0.122 s -- in com.objwww.pr.shared.DependencyVerdictEvaluatorTest
[INFO] Running com.objwww.pr.shared.RevisionFenceTest
[INFO] Tests run: 5, Failures: 0, Errors: 0, Skipped: 0, Time elapsed: 0.006 s -- in com.objwww.pr.shared.RevisionFenceTest
[INFO] Running com.objwww.pr.shared.SharedKernelArchitectureTest
[INFO] Tests run: 1, Failures: 0, Errors: 0, Skipped: 0, Time elapsed: 1.645 s -- in com.objwww.pr.shared.SharedKernelArchitectureTest
[INFO] Running com.objwww.pr.shared.snapshot.SafeTarExtractorTest
[INFO] Tests run: 3, Failures: 0, Errors: 0, Skipped: 0, Time elapsed: 0.039 s -- in com.objwww.pr.shared.snapshot.SafeTarExtractorTest
[INFO] 
[INFO] Results:
[INFO] 
[INFO] Tests run: 108, Failures: 0, Errors: 0, Skipped: 0
[INFO] 
[INFO] 
[INFO] --- jar:3.4.2:jar (default-jar) @ shared-kernel ---
[INFO] Building jar: /opt/projects/pr_agent_it/shared-kernel/target/shared-kernel-0.0.1-SNAPSHOT.jar
[INFO] 
[INFO] --- failsafe:3.5.3:integration-test (default) @ shared-kernel ---
[INFO] 
[INFO] --- failsafe:3.5.3:verify (default) @ shared-kernel ---
[INFO] No tests to run.
[INFO] 
[INFO] ---------------------< com.objwww.pr:control-app >----------------------
[INFO] Building control-app 0.0.1-SNAPSHOT                                [3/6]
[INFO]   from control-app/pom.xml
[INFO] --------------------------------[ jar ]---------------------------------
[INFO] 
[INFO] --- clean:3.4.1:clean (default-clean) @ control-app ---
[INFO] Deleting /opt/projects/pr_agent_it/control-app/target
[INFO] 
[INFO] --- resources:3.3.1:resources (default-resources) @ control-app ---
[INFO] Copying 3 resources from src/main/resources to target/classes
[INFO] Copying 35 resources from src/main/resources to target/classes
[INFO] 
[INFO] --- compiler:3.13.0:compile (default-compile) @ control-app ---
[INFO] Recompiling the module because of changed dependency.
[INFO] Compiling 445 source files with javac [debug parameters release 21] to target/classes
[WARNING] /opt/projects/pr_agent_it/control-app/src/main/java/com/objwww/pr/control/infrastructure/model/RawHttpErrorCapture.java:[23,17] handleError(org.springframework.http.client.ClientHttpResponse) in org.springframework.web.client.ResponseErrorHandler has been deprecated and marked for removal
[INFO] /opt/projects/pr_agent_it/control-app/src/main/java/com/objwww/pr/control/alert/application/agent/SingleToolEvidenceAgent.java: Some input files use unchecked or unsafe operations.
[INFO] /opt/projects/pr_agent_it/control-app/src/main/java/com/objwww/pr/control/alert/application/agent/SingleToolEvidenceAgent.java: Recompile with -Xlint:unchecked for details.
[INFO] 
[INFO] --- resources:3.3.1:testResources (default-testResources) @ control-app ---
[INFO] Copying 5 resources from src/test/resources to target/test-classes
[INFO] 
[INFO] --- compiler:3.13.0:testCompile (default-testCompile) @ control-app ---
[INFO] Recompiling the module because of changed dependency.
[INFO] Compiling 208 source files with javac [debug parameters release 21] to target/test-classes
[INFO] /opt/projects/pr_agent_it/control-app/src/test/java/com/objwww/pr/control/alert/application/replay/ShadowToolFaceTest.java: Some input files use or override a deprecated API.
[INFO] /opt/projects/pr_agent_it/control-app/src/test/java/com/objwww/pr/control/alert/application/replay/ShadowToolFaceTest.java: Recompile with -Xlint:deprecation for details.
[INFO] /opt/projects/pr_agent_it/control-app/src/test/java/com/objwww/pr/control/alert/application/PlanCompilerTest.java: Some input files use unchecked or unsafe operations.
[INFO] /opt/projects/pr_agent_it/control-app/src/test/java/com/objwww/pr/control/alert/application/PlanCompilerTest.java: Recompile with -Xlint:unchecked for details.
[INFO] 
[INFO] --- surefire:3.5.3:test (default-test) @ control-app ---
[INFO] Using auto detected provider org.apache.maven.surefire.junitplatform.JUnitPlatformProvider
[INFO] 
[INFO] -------------------------------------------------------
[INFO]  T E S T S
[INFO] -------------------------------------------------------
[INFO] Running com.objwww.pr.control.domain.review.ReviewAgentLoopTest
[INFO] Tests run: 7, Failures: 0, Errors: 0, Skipped: 0, Time elapsed: 0.448 s -- in com.objwww.pr.control.domain.review.ReviewAgentLoopTest
[INFO] Running com.objwww.pr.control.domain.review.FindingMapperTest
[INFO] Tests run: 7, Failures: 0, Errors: 0, Skipped: 0, Time elapsed: 0.020 s -- in com.objwww.pr.control.domain.review.FindingMapperTest
[INFO] Running com.objwww.pr.control.domain.statemachine.RunStateMachineTest
[INFO] Tests run: 3, Failures: 0, Errors: 0, Skipped: 0, Time elapsed: 0.021 s -- in com.objwww.pr.control.domain.statemachine.RunStateMachineTest
[INFO] Running com.objwww.pr.control.domain.statemachine.AttemptStatusMachineTest
[INFO] Tests run: 2, Failures: 0, Errors: 0, Skipped: 0, Time elapsed: 0.004 s -- in com.objwww.pr.control.domain.statemachine.AttemptStatusMachineTest
[INFO] Running com.objwww.pr.control.domain.statemachine.StepStateMachineTest
[INFO] Tests run: 2, Failures: 0, Errors: 0, Skipped: 0, Time elapsed: 0.022 s -- in com.objwww.pr.control.domain.statemachine.StepStateMachineTest
[INFO] Running com.objwww.pr.control.domain.ai.CircuitBreakerTest
[INFO] Tests run: 10, Failures: 0, Errors: 0, Skipped: 0, Time elapsed: 0.302 s -- in com.objwww.pr.control.domain.ai.CircuitBreakerTest
[INFO] Running com.objwww.pr.control.domain.ai.ModelRouterTest
[INFO] Tests run: 31, Failures: 0, Errors: 0, Skipped: 0, Time elapsed: 0.070 s -- in com.objwww.pr.control.domain.ai.ModelRouterTest
[INFO] Running com.objwww.pr.control.domain.ai.ModelBudgetGuardTest
[INFO] Tests run: 6, Failures: 0, Errors: 0, Skipped: 0, Time elapsed: 0.021 s -- in com.objwww.pr.control.domain.ai.ModelBudgetGuardTest
[INFO] Running com.objwww.pr.control.domain.ai.MockModelClientTest
[INFO] Tests run: 2, Failures: 0, Errors: 0, Skipped: 0, Time elapsed: 0.008 s -- in com.objwww.pr.control.domain.ai.MockModelClientTest
[INFO] Running com.objwww.pr.control.domain.ai.PricingServiceTest
[INFO] Tests run: 7, Failures: 0, Errors: 0, Skipped: 0, Time elapsed: 0.037 s -- in com.objwww.pr.control.domain.ai.PricingServiceTest
[INFO] Running com.objwww.pr.control.domain.ai.ModelStepBudgetGuardTest
[INFO] Tests run: 7, Failures: 0, Errors: 0, Skipped: 0, Time elapsed: 0.021 s -- in com.objwww.pr.control.domain.ai.ModelStepBudgetGuardTest
[INFO] Running com.objwww.pr.control.domain.tool.PolicyEngineTest
[INFO] Tests run: 4, Failures: 0, Errors: 0, Skipped: 0, Time elapsed: 0.010 s -- in com.objwww.pr.control.domain.tool.PolicyEngineTest
[INFO] Running com.objwww.pr.control.domain.model.PRRevisionTest
[INFO] Tests run: 2, Failures: 0, Errors: 0, Skipped: 0, Time elapsed: 0.009 s -- in com.objwww.pr.control.domain.model.PRRevisionTest
[INFO] Running com.objwww.pr.control.domain.snapshot.SafeTarExtractorTest
[INFO] Tests run: 14, Failures: 0, Errors: 0, Skipped: 0, Time elapsed: 0.191 s -- in com.objwww.pr.control.domain.snapshot.SafeTarExtractorTest
[INFO] Running com.objwww.pr.control.domain.service.ProjectorTest
[INFO] Tests run: 8, Failures: 0, Errors: 0, Skipped: 0, Time elapsed: 0.009 s -- in com.objwww.pr.control.domain.service.ProjectorTest
[INFO] Running com.objwww.pr.control.domain.service.RevisionServiceTest
[INFO] Tests run: 6, Failures: 0, Errors: 0, Skipped: 0, Time elapsed: 0.012 s -- in com.objwww.pr.control.domain.service.RevisionServiceTest
[INFO] Running com.objwww.pr.control.release.domain.model.ConfigBundleTest
[INFO] Tests run: 6, Failures: 0, Errors: 0, Skipped: 0, Time elapsed: 0.031 s -- in com.objwww.pr.control.release.domain.model.ConfigBundleTest
[INFO] Running com.objwww.pr.control.release.domain.service.CanaryBucketerTest
[INFO] Tests run: 7, Failures: 0, Errors: 0, Skipped: 0, Time elapsed: 0.064 s -- in com.objwww.pr.control.release.domain.service.CanaryBucketerTest
[INFO] Running com.objwww.pr.control.release.domain.service.CanaryWindowEvaluatorTest
[INFO] Tests run: 9, Failures: 0, Errors: 0, Skipped: 0, Time elapsed: 0.027 s -- in com.objwww.pr.control.release.domain.service.CanaryWindowEvaluatorTest
[INFO] Running com.objwww.pr.control.release.application.ConfigBundleServiceTest
04:39:14.451 [main] INFO com.objwww.pr.control.release.application.ConfigBundleService -- bundle 发布: 30ad808ed98886e339611e59f7bac711638e216776d0231c3aad2a5fe468382c revision=1 by=op policy=policy-2026-09
04:39:14.454 [main] INFO com.objwww.pr.control.release.application.ConfigBundleService -- bundle 发布: be840a4ff5d98fc58380e1ed2d6501f2a7edb25711430dc0e9023b687140db80 revision=2 by=op policy=policy-2026-09
04:39:14.457 [main] INFO com.objwww.pr.control.release.application.ConfigBundleService -- activate 落位: 30ad808ed98886e339611e59f7bac711638e216776d0231c3aad2a5fe468382c revision=1 by=op
04:39:14.462 [main] INFO com.objwww.pr.control.release.application.ConfigBundleService -- bundle 发布: 30ad808ed98886e339611e59f7bac711638e216776d0231c3aad2a5fe468382c revision=1 by=op policy=policy-2026-09
04:39:14.463 [main] INFO com.objwww.pr.control.release.application.ConfigBundleService -- activate 落位: 30ad808ed98886e339611e59f7bac711638e216776d0231c3aad2a5fe468382c revision=1 by=op
04:39:14.466 [main] INFO com.objwww.pr.control.release.application.ConfigBundleService -- bundle 发布: 30ad808ed98886e339611e59f7bac711638e216776d0231c3aad2a5fe468382c revision=1 by=op policy=policy-2026-09
04:39:14.466 [main] INFO com.objwww.pr.control.release.application.ConfigBundleService -- activate 落位: 30ad808ed98886e339611e59f7bac711638e216776d0231c3aad2a5fe468382c revision=1 by=op
04:39:14.468 [main] INFO com.objwww.pr.control.release.application.ConfigBundleService -- bundle 发布: 30ad808ed98886e339611e59f7bac711638e216776d0231c3aad2a5fe468382c revision=1 by=op policy=policy-2026-09
04:39:14.468 [main] INFO com.objwww.pr.control.release.application.ConfigBundleService -- bundle 发布: be840a4ff5d98fc58380e1ed2d6501f2a7edb25711430dc0e9023b687140db80 revision=2 by=op policy=policy-2026-09
04:39:14.471 [main] INFO com.objwww.pr.control.release.application.ConfigBundleService -- activate 落位: 30ad808ed98886e339611e59f7bac711638e216776d0231c3aad2a5fe468382c revision=1 by=op
04:39:14.471 [main] INFO com.objwww.pr.control.release.application.ConfigBundleService -- activate 落位: be840a4ff5d98fc58380e1ed2d6501f2a7edb25711430dc0e9023b687140db80 revision=2 by=op
04:39:14.471 [main] INFO com.objwww.pr.control.release.application.ConfigBundleService -- rollback 落位: 30ad808ed98886e339611e59f7bac711638e216776d0231c3aad2a5fe468382c revision=1 by=release-operator
04:39:14.474 [main] INFO com.objwww.pr.control.release.application.ConfigBundleService -- bundle 发布: 30ad808ed98886e339611e59f7bac711638e216776d0231c3aad2a5fe468382c revision=1 by=release-operator policy=policy-2026-09
04:39:14.474 [main] INFO com.objwww.pr.control.release.application.ConfigBundleService -- bundle 幂等重放: 30ad808ed98886e339611e59f7bac711638e216776d0231c3aad2a5fe468382c revision=1 by=release-operator
04:39:14.474 [main] INFO com.objwww.pr.control.release.application.ConfigBundleService -- bundle 发布: be840a4ff5d98fc58380e1ed2d6501f2a7edb25711430dc0e9023b687140db80 revision=2 by=release-operator policy=policy-2026-09
04:39:14.475 [main] INFO com.objwww.pr.control.release.application.ConfigBundleService -- bundle 发布: 30ad808ed98886e339611e59f7bac711638e216776d0231c3aad2a5fe468382c revision=1 by=op policy=policy-2026-09
04:39:14.476 [main] INFO com.objwww.pr.control.release.application.ConfigBundleService -- bundle 发布: be840a4ff5d98fc58380e1ed2d6501f2a7edb25711430dc0e9023b687140db80 revision=2 by=op policy=policy-2026-09
04:39:14.476 [main] INFO com.objwww.pr.control.release.application.ConfigBundleService -- activate 落位: 30ad808ed98886e339611e59f7bac711638e216776d0231c3aad2a5fe468382c revision=1 by=release-operator
04:39:14.476 [main] INFO com.objwww.pr.control.release.application.ConfigBundleService -- activate 落位: be840a4ff5d98fc58380e1ed2d6501f2a7edb25711430dc0e9023b687140db80 revision=2 by=release-operator
[INFO] Tests run: 7, Failures: 0, Errors: 0, Skipped: 0, Time elapsed: 0.037 s -- in com.objwww.pr.control.release.application.ConfigBundleServiceTest
[INFO] Running com.objwww.pr.control.release.application.EngineComparisonRecorderTest
[INFO] Tests run: 6, Failures: 0, Errors: 0, Skipped: 0, Time elapsed: 0.104 s -- in com.objwww.pr.control.release.application.EngineComparisonRecorderTest
[INFO] Running com.objwww.pr.control.release.application.CanaryRouterTest
04:39:14.610 [main] WARN com.objwww.pr.control.release.application.CanaryRouter -- canary 爆炸半径达上限，自动停放量: nativeRuns=1 cap=1 bundle=be2802f5ee3f3cd8b48e8bc1048f8896d2f57a771f977c998321f60f5eca0d3d
04:39:14.610 [main] WARN com.objwww.pr.control.release.application.CanaryRouter -- canary 爆炸半径达上限，自动停放量: nativeRuns=1 cap=1 bundle=be2802f5ee3f3cd8b48e8bc1048f8896d2f57a771f977c998321f60f5eca0d3d
[INFO] Tests run: 11, Failures: 0, Errors: 0, Skipped: 0, Time elapsed: 0.033 s -- in com.objwww.pr.control.release.application.CanaryRouterTest
[INFO] Running com.objwww.pr.control.release.interfaces.ConfigBundleControllerTest
04:39:15.075 [main] INFO org.springframework.mock.web.MockServletContext -- Initializing Spring TestDispatcherServlet ''
04:39:15.076 [main] INFO org.springframework.test.web.servlet.TestDispatcherServlet -- Initializing Servlet ''
04:39:15.078 [main] INFO org.springframework.test.web.servlet.TestDispatcherServlet -- Completed initialization in 2 ms
04:39:15.251 [main] INFO org.springframework.mock.web.MockServletContext -- Initializing Spring TestDispatcherServlet ''
04:39:15.251 [main] INFO org.springframework.test.web.servlet.TestDispatcherServlet -- Initializing Servlet ''
04:39:15.251 [main] INFO org.springframework.test.web.servlet.TestDispatcherServlet -- Completed initialization in 0 ms
04:39:15.257 [main] INFO com.objwww.pr.control.release.application.ConfigBundleService -- bundle 发布: 30ad808ed98886e339611e59f7bac711638e216776d0231c3aad2a5fe468382c revision=1 by=release-operator policy=policy-2026-09
04:39:15.323 [main] INFO com.objwww.pr.control.release.application.ConfigBundleService -- bundle 发布: be840a4ff5d98fc58380e1ed2d6501f2a7edb25711430dc0e9023b687140db80 revision=2 by=release-operator policy=policy-2026-09
04:39:15.326 [main] INFO com.objwww.pr.control.release.interfaces.ConfigBundleController -- config-bundle activate: digest=30ad808ed98886e339611e59f7bac711638e216776d0231c3aad2a5fe468382c body-keys=[]
04:39:15.326 [main] INFO com.objwww.pr.control.release.application.ConfigBundleService -- activate 落位: 30ad808ed98886e339611e59f7bac711638e216776d0231c3aad2a5fe468382c revision=1 by=release-operator
04:39:15.329 [main] INFO com.objwww.pr.control.release.interfaces.ConfigBundleController -- config-bundle activate: digest=be840a4ff5d98fc58380e1ed2d6501f2a7edb25711430dc0e9023b687140db80 body-keys=[]
04:39:15.329 [main] INFO com.objwww.pr.control.release.application.ConfigBundleService -- activate 落位: be840a4ff5d98fc58380e1ed2d6501f2a7edb25711430dc0e9023b687140db80 revision=2 by=release-operator
04:39:15.336 [main] INFO com.objwww.pr.control.release.interfaces.ConfigBundleController -- config-bundle rollback: digest=30ad808ed98886e339611e59f7bac711638e216776d0231c3aad2a5fe468382c body-keys=[toDigest]
04:39:15.337 [main] INFO com.objwww.pr.control.release.application.ConfigBundleService -- rollback 落位: 30ad808ed98886e339611e59f7bac711638e216776d0231c3aad2a5fe468382c revision=1 by=release-operator
04:39:15.342 [main] INFO com.objwww.pr.control.release.interfaces.ConfigBundleController -- config-bundle rollback: digest=null body-keys=[]
04:39:15.370 [main] INFO org.springframework.mock.web.MockServletContext -- Initializing Spring TestDispatcherServlet ''
04:39:15.370 [main] INFO org.springframework.test.web.servlet.TestDispatcherServlet -- Initializing Servlet ''
04:39:15.371 [main] INFO org.springframework.test.web.servlet.TestDispatcherServlet -- Completed initialization in 0 ms
04:39:15.382 [main] INFO com.objwww.pr.control.release.application.ConfigBundleService -- bundle 发布: 30ad808ed98886e339611e59f7bac711638e216776d0231c3aad2a5fe468382c revision=1 by=release-operator policy=policy-2026-09
04:39:15.386 [main] INFO com.objwww.pr.control.release.interfaces.ConfigBundleController -- config-bundle activate: digest=30ad808ed98886e339611e59f7bac711638e216776d0231c3aad2a5fe468382c body-keys=[]
04:39:15.386 [main] INFO com.objwww.pr.control.release.application.ConfigBundleService -- activate 落位: 30ad808ed98886e339611e59f7bac711638e216776d0231c3aad2a5fe468382c revision=1 by=release-operator
04:39:15.403 [main] INFO org.springframework.mock.web.MockServletContext -- Initializing Spring TestDispatcherServlet ''
04:39:15.404 [main] INFO org.springframework.test.web.servlet.TestDispatcherServlet -- Initializing Servlet ''
04:39:15.404 [main] INFO org.springframework.test.web.servlet.TestDispatcherServlet -- Completed initialization in 0 ms
04:39:15.425 [main] INFO org.springframework.mock.web.MockServletContext -- Initializing Spring TestDispatcherServlet ''
04:39:15.425 [main] INFO org.springframework.test.web.servlet.TestDispatcherServlet -- Initializing Servlet ''
04:39:15.426 [main] INFO org.springframework.test.web.servlet.TestDispatcherServlet -- Completed initialization in 0 ms
04:39:15.430 [main] INFO com.objwww.pr.control.release.application.ConfigBundleService -- bundle 发布: 30ad808ed98886e339611e59f7bac711638e216776d0231c3aad2a5fe468382c revision=1 by=release-operator policy=policy-2026-09
04:39:15.435 [main] INFO com.objwww.pr.control.release.application.ConfigBundleService -- bundle 幂等重放: 30ad808ed98886e339611e59f7bac711638e216776d0231c3aad2a5fe468382c revision=1 by=release-operator
04:39:15.444 [main] INFO org.springframework.mock.web.MockServletContext -- Initializing Spring TestDispatcherServlet ''
04:39:15.444 [main] INFO org.springframework.test.web.servlet.TestDispatcherServlet -- Initializing Servlet ''
04:39:15.444 [main] INFO org.springframework.test.web.servlet.TestDispatcherServlet -- Completed initialization in 0 ms
04:39:15.449 [main] INFO com.objwww.pr.control.release.application.ConfigBundleService -- bundle 发布: 30ad808ed98886e339611e59f7bac711638e216776d0231c3aad2a5fe468382c revision=1 by=release-operator policy=policy-2026-09
04:39:15.455 [main] INFO com.objwww.pr.control.release.application.ConfigBundleService -- bundle 发布: be840a4ff5d98fc58380e1ed2d6501f2a7edb25711430dc0e9023b687140db80 revision=2 by=release-operator policy=policy-2026-09
04:39:15.459 [main] INFO com.objwww.pr.control.release.interfaces.ConfigBundleController -- config-bundle activate: digest=30ad808ed98886e339611e59f7bac711638e216776d0231c3aad2a5fe468382c body-keys=[]
04:39:15.459 [main] INFO com.objwww.pr.control.release.application.ConfigBundleService -- activate 落位: 30ad808ed98886e339611e59f7bac711638e216776d0231c3aad2a5fe468382c revision=1 by=release-operator
04:39:15.461 [main] INFO com.objwww.pr.control.release.interfaces.ConfigBundleController -- config-bundle activate: digest=be840a4ff5d98fc58380e1ed2d6501f2a7edb25711430dc0e9023b687140db80 body-keys=[]
04:39:15.464 [main] WARN com.objwww.pr.control.release.application.ConfigBundleService -- activate CAS 竞争失败: target=be840a4ff5d98fc58380e1ed2d6501f2a7edb25711430dc0e9023b687140db80 by=release-operator
04:39:15.477 [main] INFO org.springframework.mock.web.MockServletContext -- Initializing Spring TestDispatcherServlet ''
04:39:15.477 [main] INFO org.springframework.test.web.servlet.TestDispatcherServlet -- Initializing Servlet ''
04:39:15.477 [main] INFO org.springframework.test.web.servlet.TestDispatcherServlet -- Completed initialization in 0 ms
04:39:15.480 [main] INFO com.objwww.pr.control.release.application.ConfigBundleService -- bundle 发布: 30ad808ed98886e339611e59f7bac711638e216776d0231c3aad2a5fe468382c revision=1 by=release-operator policy=policy-2026-09
04:39:15.484 [main] INFO com.objwww.pr.control.release.interfaces.ConfigBundleController -- config-bundle activate: digest=30ad808ed98886e339611e59f7bac711638e216776d0231c3aad2a5fe468382c body-keys=[]
04:39:15.485 [main] INFO com.objwww.pr.control.release.application.ConfigBundleService -- activate 落位: 30ad808ed98886e339611e59f7bac711638e216776d0231c3aad2a5fe468382c revision=1 by=release-operator
04:39:15.487 [main] INFO com.objwww.pr.control.release.interfaces.ConfigBundleController -- config-bundle activate: digest=30ad808ed98886e339611e59f7bac711638e216776d0231c3aad2a5fe468382c body-keys=[]
04:39:15.489 [main] INFO com.objwww.pr.control.release.interfaces.ConfigBundleController -- config-bundle activate: digest=ead6ef03d61ee60c533d6d450c50a1e559a8a37f6b796a4094cd0dac6b744428 body-keys=[]
[INFO] Tests run: 7, Failures: 0, Errors: 0, Skipped: 0, Time elapsed: 0.868 s -- in com.objwww.pr.control.release.interfaces.ConfigBundleControllerTest
[INFO] Running com.objwww.pr.control.release.interfaces.CanaryStatusControllerTest
04:39:15.512 [main] INFO org.springframework.mock.web.MockServletContext -- Initializing Spring TestDispatcherServlet ''
04:39:15.512 [main] INFO org.springframework.test.web.servlet.TestDispatcherServlet -- Initializing Servlet ''
04:39:15.513 [main] INFO org.springframework.test.web.servlet.TestDispatcherServlet -- Completed initialization in 1 ms
04:39:15.528 [main] INFO org.springframework.mock.web.MockServletContext -- Initializing Spring TestDispatcherServlet ''
04:39:15.528 [main] INFO org.springframework.test.web.servlet.TestDispatcherServlet -- Initializing Servlet ''
04:39:15.528 [main] INFO org.springframework.test.web.servlet.TestDispatcherServlet -- Completed initialization in 0 ms
04:39:15.543 [main] INFO org.springframework.mock.web.MockServletContext -- Initializing Spring TestDispatcherServlet ''
04:39:15.543 [main] INFO org.springframework.test.web.servlet.TestDispatcherServlet -- Initializing Servlet ''
04:39:15.543 [main] INFO org.springframework.test.web.servlet.TestDispatcherServlet -- Completed initialization in 0 ms
04:39:15.560 [main] INFO org.springframework.mock.web.MockServletContext -- Initializing Spring TestDispatcherServlet ''
04:39:15.560 [main] INFO org.springframework.test.web.servlet.TestDispatcherServlet -- Initializing Servlet ''
04:39:15.560 [main] INFO org.springframework.test.web.servlet.TestDispatcherServlet -- Completed initialization in 0 ms
04:39:15.571 [main] INFO org.springframework.mock.web.MockServletContext -- Initializing Spring TestDispatcherServlet ''
04:39:15.571 [main] INFO org.springframework.test.web.servlet.TestDispatcherServlet -- Initializing Servlet ''
04:39:15.571 [main] INFO org.springframework.test.web.servlet.TestDispatcherServlet -- Completed initialization in 0 ms
[INFO] Tests run: 5, Failures: 0, Errors: 0, Skipped: 0, Time elapsed: 0.083 s -- in com.objwww.pr.control.release.interfaces.CanaryStatusControllerTest
[INFO] Running com.objwww.pr.control.eval.domain.statemachine.GoldenCandidateStateMachineTest
[INFO] Tests run: 2, Failures: 0, Errors: 0, Skipped: 0, Time elapsed: 0.010 s -- in com.objwww.pr.control.eval.domain.statemachine.GoldenCandidateStateMachineTest
[INFO] Running com.objwww.pr.control.eval.domain.ScenarioMetricsTest
[INFO] Tests run: 5, Failures: 0, Errors: 0, Skipped: 0, Time elapsed: 0.013 s -- in com.objwww.pr.control.eval.domain.ScenarioMetricsTest
[INFO] Running com.objwww.pr.control.eval.domain.SynonymLexiconTest
[INFO] Tests run: 5, Failures: 0, Errors: 0, Skipped: 0, Time elapsed: 0.075 s -- in com.objwww.pr.control.eval.domain.SynonymLexiconTest
[INFO] Running com.objwww.pr.control.eval.domain.litellm.UsageLedgerReconcilerTest
[INFO] Tests run: 12, Failures: 0, Errors: 0, Skipped: 0, Time elapsed: 0.036 s -- in com.objwww.pr.control.eval.domain.litellm.UsageLedgerReconcilerTest
[INFO] Running com.objwww.pr.control.eval.domain.GoldenScenarioRegistryTest
[INFO] Tests run: 4, Failures: 0, Errors: 0, Skipped: 0, Time elapsed: 0.059 s -- in com.objwww.pr.control.eval.domain.GoldenScenarioRegistryTest
[INFO] Running com.objwww.pr.control.eval.domain.port.DatasetAdapterTest
[INFO] Tests run: 5, Failures: 0, Errors: 0, Skipped: 0, Time elapsed: 0.008 s -- in com.objwww.pr.control.eval.domain.port.DatasetAdapterTest
[INFO] Running com.objwww.pr.control.eval.domain.model.SamplingFingerprintTest
[INFO] Tests run: 6, Failures: 0, Errors: 0, Skipped: 0, Time elapsed: 0.015 s -- in com.objwww.pr.control.eval.domain.model.SamplingFingerprintTest
[INFO] Running com.objwww.pr.control.eval.domain.model.EvalCaseV1Test
[INFO] Tests run: 3, Failures: 0, Errors: 0, Skipped: 0, Time elapsed: 0.005 s -- in com.objwww.pr.control.eval.domain.model.EvalCaseV1Test
[INFO] Running com.objwww.pr.control.eval.domain.model.DatasetVersionTest
[INFO] Tests run: 3, Failures: 0, Errors: 0, Skipped: 0, Time elapsed: 0.003 s -- in com.objwww.pr.control.eval.domain.model.DatasetVersionTest
[INFO] Running com.objwww.pr.control.eval.domain.model.CaseVersionTest
[INFO] Tests run: 4, Failures: 0, Errors: 0, Skipped: 0, Time elapsed: 0.008 s -- in com.objwww.pr.control.eval.domain.model.CaseVersionTest
[INFO] Running com.objwww.pr.control.eval.domain.EvalRunMetadataTest
[INFO] Tests run: 4, Failures: 0, Errors: 0, Skipped: 0, Time elapsed: 0.006 s -- in com.objwww.pr.control.eval.domain.EvalRunMetadataTest
[INFO] Running com.objwww.pr.control.eval.domain.EvalCaseResultTest
[INFO] Tests run: 3, Failures: 0, Errors: 0, Skipped: 0, Time elapsed: 0.005 s -- in com.objwww.pr.control.eval.domain.EvalCaseResultTest
[INFO] Running com.objwww.pr.control.eval.domain.service.SafetyGateTest
[INFO] Tests run: 8, Failures: 0, Errors: 0, Skipped: 0, Time elapsed: 0.064 s -- in com.objwww.pr.control.eval.domain.service.SafetyGateTest
[INFO] Running com.objwww.pr.control.eval.domain.service.QualityGateTest
[INFO] Tests run: 13, Failures: 0, Errors: 0, Skipped: 0, Time elapsed: 0.011 s -- in com.objwww.pr.control.eval.domain.service.QualityGateTest
[INFO] Running com.objwww.pr.control.eval.domain.service.SixDimEvaluatorTest
[INFO] Tests run: 11, Failures: 0, Errors: 0, Skipped: 0, Time elapsed: 0.011 s -- in com.objwww.pr.control.eval.domain.service.SixDimEvaluatorTest
[INFO] Running com.objwww.pr.control.eval.domain.service.HypothesisSearchServiceTest
[INFO] Tests run: 5, Failures: 0, Errors: 0, Skipped: 0, Time elapsed: 0.010 s -- in com.objwww.pr.control.eval.domain.service.HypothesisSearchServiceTest
[INFO] Running com.objwww.pr.control.eval.domain.service.PairedTrialStatsTest
[INFO] Tests run: 8, Failures: 0, Errors: 0, Skipped: 0, Time elapsed: 0.015 s -- in com.objwww.pr.control.eval.domain.service.PairedTrialStatsTest
[INFO] Running com.objwww.pr.control.eval.infrastructure.adapter.OrderArenaAdapterTest
[INFO] Tests run: 2, Failures: 0, Errors: 0, Skipped: 0, Time elapsed: 0.003 s -- in com.objwww.pr.control.eval.infrastructure.adapter.OrderArenaAdapterTest
[INFO] Running com.objwww.pr.control.eval.infrastructure.adapter.RcaEvalAdapterTest
[INFO] Tests run: 1, Failures: 0, Errors: 0, Skipped: 0, Time elapsed: 0.001 s -- in com.objwww.pr.control.eval.infrastructure.adapter.RcaEvalAdapterTest
[INFO] Running com.objwww.pr.control.eval.infrastructure.adapter.Rca100AdapterTest
[INFO] Tests run: 3, Failures: 0, Errors: 0, Skipped: 0, Time elapsed: 0.012 s -- in com.objwww.pr.control.eval.infrastructure.adapter.Rca100AdapterTest
[INFO] Running com.objwww.pr.control.eval.infrastructure.identity.DatasetPartitionAccessTest
[INFO] Tests run: 4, Failures: 0, Errors: 0, Skipped: 0, Time elapsed: 0.004 s -- in com.objwww.pr.control.eval.infrastructure.identity.DatasetPartitionAccessTest
[INFO] Running com.objwww.pr.control.eval.application.UsageLedgerServiceTest
04:39:15.979 [main] WARN com.objwww.pr.control.eval.application.UsageLedgerService -- SpendLogs 查询失败，usage 对账降级 UNMATCHED（run=48333679-00fc-4273-9b92-2e5e9c3f71e2）: LiteLLM /spend/logs 调用失败: HTTP 500
04:39:15.980 [main] WARN com.objwww.pr.control.eval.application.UsageLedgerService -- usage 对账: run=48333679-00fc-4273-9b92-2e5e9c3f71e2 取得 proxy 行数=1
04:39:15.981 [main] WARN com.objwww.pr.control.eval.application.UsageLedgerService -- LiteLLM 未配置（app.alert.eval.litellm.base-url 为空），usage 对账按 chain③ 降级 UNMATCHED/BEST_EFFORT
04:39:15.982 [main] WARN com.objwww.pr.control.eval.application.UsageLedgerService -- LiteLLM 未配置（app.alert.eval.litellm.base-url 为空），usage 对账按 chain③ 降级 UNMATCHED/BEST_EFFORT
04:39:15.987 [main] WARN com.objwww.pr.control.eval.application.UsageLedgerService -- usage_json 解析失败按 usage_missing 落账: attempt=19e2a22e-ba3d-4c0a-a8ed-d09f9ad4011c
04:39:15.987 [main] WARN com.objwww.pr.control.eval.application.UsageLedgerService -- LiteLLM 未配置（app.alert.eval.litellm.base-url 为空），usage 对账按 chain③ 降级 UNMATCHED/BEST_EFFORT
[INFO] Tests run: 5, Failures: 0, Errors: 0, Skipped: 0, Time elapsed: 0.011 s -- in com.objwww.pr.control.eval.application.UsageLedgerServiceTest
[INFO] Running com.objwww.pr.control.eval.application.BaselineReportGeneratorTest
[INFO] Tests run: 5, Failures: 0, Errors: 0, Skipped: 0, Time elapsed: 0.019 s -- in com.objwww.pr.control.eval.application.BaselineReportGeneratorTest
[INFO] Running com.objwww.pr.control.eval.application.EvalGateRunnerTest
[INFO] Tests run: 4, Failures: 0, Errors: 0, Skipped: 0, Time elapsed: 0.015 s -- in com.objwww.pr.control.eval.application.EvalGateRunnerTest
[INFO] Running com.objwww.pr.control.eval.application.SingleCaseScorerTest
[INFO] Tests run: 6, Failures: 0, Errors: 0, Skipped: 0, Time elapsed: 0.020 s -- in com.objwww.pr.control.eval.application.SingleCaseScorerTest
[INFO] Running com.objwww.pr.control.eval.application.FinalReportSelectorTest
[INFO] Tests run: 3, Failures: 0, Errors: 0, Skipped: 0, Time elapsed: 0.007 s -- in com.objwww.pr.control.eval.application.FinalReportSelectorTest
[INFO] Running com.objwww.pr.control.eval.application.ScenarioEvaluatorTest
[INFO] Tests run: 5, Failures: 0, Errors: 0, Skipped: 0, Time elapsed: 0.003 s -- in com.objwww.pr.control.eval.application.ScenarioEvaluatorTest
[INFO] Running com.objwww.pr.control.eval.application.EvalBatchRunnerTest
04:39:16.063 [main] WARN com.objwww.pr.control.eval.application.EvalBatchRunner -- 场景 S1 第 1 轮注入失败: flagd admin down
[INFO] Tests run: 4, Failures: 0, Errors: 0, Skipped: 0, Time elapsed: 0.025 s -- in com.objwww.pr.control.eval.application.EvalBatchRunnerTest
[INFO] Running com.objwww.pr.control.eval.application.GoldenCandidateServiceTest
[INFO] Tests run: 8, Failures: 0, Errors: 0, Skipped: 0, Time elapsed: 0.019 s -- in com.objwww.pr.control.eval.application.GoldenCandidateServiceTest
[INFO] Running com.objwww.pr.control.eval.application.EvalRunnerProfileIsolationTest
[INFO] Tests run: 2, Failures: 0, Errors: 0, Skipped: 0, Time elapsed: 0.558 s -- in com.objwww.pr.control.eval.application.EvalRunnerProfileIsolationTest
[INFO] Running com.objwww.pr.control.infrastructure.config.AlertAm4ConfigTest
[INFO] Tests run: 4, Failures: 0, Errors: 0, Skipped: 0, Time elapsed: 0.009 s -- in com.objwww.pr.control.infrastructure.config.AlertAm4ConfigTest
[INFO] Running com.objwww.pr.control.infrastructure.config.NativeCapabilityProbeTest
[INFO] Tests run: 5, Failures: 0, Errors: 0, Skipped: 0, Time elapsed: 0.006 s -- in com.objwww.pr.control.infrastructure.config.NativeCapabilityProbeTest
[INFO] Running com.objwww.pr.control.infrastructure.litellm.HttpLiteLlmAdminClientTest
[INFO] Tests run: 4, Failures: 0, Errors: 0, Skipped: 0, Time elapsed: 0.223 s -- in com.objwww.pr.control.infrastructure.litellm.HttpLiteLlmAdminClientTest
[INFO] Running com.objwww.pr.control.infrastructure.holmes.ToolCallAdapterTest
[INFO] Tests run: 3, Failures: 0, Errors: 0, Skipped: 0, Time elapsed: 0.006 s -- in com.objwww.pr.control.infrastructure.holmes.ToolCallAdapterTest
[INFO] Running com.objwww.pr.control.infrastructure.holmes.HolmesErrorClassifierTest
[INFO] Tests run: 6, Failures: 0, Errors: 0, Skipped: 0, Time elapsed: 0.003 s -- in com.objwww.pr.control.infrastructure.holmes.HolmesErrorClassifierTest
[INFO] Running com.objwww.pr.control.infrastructure.holmes.HolmesResponseParserTest
[INFO] Tests run: 8, Failures: 0, Errors: 0, Skipped: 0, Time elapsed: 0.033 s -- in com.objwww.pr.control.infrastructure.holmes.HolmesResponseParserTest
[INFO] Running com.objwww.pr.control.infrastructure.holmes.HolmesInvestigationExecutorWireMockTest
04:39:17.795 [main] INFO com.objwww.pr.control.infrastructure.holmes.HolmesInvestigationExecutor -- {"event":"rca_attempt_finished","ts":"2026-09-08T20:39:17.795413564Z","latency_ms":0,"task_id":"def4dc31-bf1f-44c4-9a14-765f4c2e796f","run_id":"d07441be-c404-4dc9-b5aa-209f9cdd9bae","attempt_id":"ac42e36e-f754-4365-a7e1-2d1a12063c66","validation_status":"REJECTED_SCHEMA_VERSION","usage_missing":true}
04:39:17.845 [main] INFO com.objwww.pr.control.infrastructure.holmes.HolmesInvestigationExecutor -- {"event":"rca_attempt_finished","ts":"2026-09-08T20:39:17.845529722Z","latency_ms":0,"task_id":"fb7689cf-6fdf-4bb0-bb01-2dc34ff3fc93","run_id":"67b99f0b-758e-430a-bf49-3712fd367955","attempt_id":"4392f121-1f37-43ae-a3c7-498f7ee482a7","validation_status":"STRUCTURE_VALIDATED","usage_missing":false}
04:39:17.886 [main] INFO com.objwww.pr.control.infrastructure.holmes.HolmesInvestigationExecutor -- {"event":"rca_attempt_finished","ts":"2026-09-08T20:39:17.886484426Z","latency_ms":0,"task_id":"453cdade-d3ac-4526-8579-9b3e98e9e375","run_id":"668361e9-faa3-4822-b1dd-2bdc1be13fea","attempt_id":"38cb343e-99d6-4551-8575-0b47ed975431","validation_status":"STRUCTURE_VALIDATED","usage_missing":false}
04:39:17.912 [main] INFO com.objwww.pr.control.infrastructure.holmes.HolmesInvestigationExecutor -- {"event":"rca_attempt_finished","ts":"2026-09-08T20:39:17.912586377Z","latency_ms":0,"task_id":"f98100e7-6bb5-45b4-a545-ae35e0a96a50","run_id":"0e4c93af-28c8-49e0-8acd-8f9aecec8f4c","attempt_id":"f4b143d5-812a-4cf0-b172-719a67f45869","validation_status":"REJECTED_MALFORMED","usage_missing":true}
04:39:17.973 [main] INFO com.objwww.pr.control.infrastructure.holmes.HolmesInvestigationExecutor -- {"event":"rca_attempt_finished","ts":"2026-09-08T20:39:17.972796116Z","latency_ms":0,"task_id":"10ac99f5-8249-4eee-b014-d2dc56f0b97e","run_id":"9e8f79df-5690-4d0f-bfb9-ae19f51a368a","attempt_id":"3d542a18-0a95-462d-8a13-2c51da30d01b","validation_status":"STRUCTURE_VALIDATED","usage_missing":true}
04:39:18.060 [main] INFO com.objwww.pr.control.infrastructure.holmes.HolmesInvestigationExecutor -- {"event":"rca_attempt_finished","ts":"2026-09-08T20:39:18.060801806Z","latency_ms":0,"task_id":"bf69a2eb-8c9b-445d-9329-887f9ae99574","run_id":"b91e5b06-22d2-41e4-b417-c1e8b056eedf","attempt_id":"0c1a2454-a4bc-463d-96bd-10fcac8f0a8f","validation_status":"STRUCTURE_VALIDATED","usage_missing":true}
04:39:18.123 [main] INFO com.objwww.pr.control.infrastructure.holmes.HolmesInvestigationExecutor -- {"event":"rca_attempt_finished","ts":"2026-09-08T20:39:18.123515661Z","latency_ms":0,"task_id":"4056b1db-2872-4491-ab55-a6d8f82c6e1a","run_id":"f54386a5-a01e-4771-8925-a1d59a2a5e99","attempt_id":"90e36797-f7e5-4660-9c44-516d631663d2","validation_status":"STRUCTURE_VALIDATED","usage_missing":false}
04:39:18.150 [main] INFO com.objwww.pr.control.infrastructure.holmes.HolmesInvestigationExecutor -- {"event":"rca_attempt_finished","ts":"2026-09-08T20:39:18.149950127Z","latency_ms":0,"task_id":"6c301563-5afb-4209-91db-92edf39ed986","run_id":"3cce7412-339c-430f-95ca-f89715723f06","attempt_id":"db9ed838-f78e-4787-a142-12ea0d2f9e9c","validation_status":"STRUCTURE_VALIDATED","usage_missing":false}
04:39:19.367 [main] INFO com.objwww.pr.control.infrastructure.holmes.HolmesInvestigationExecutor -- {"event":"rca_attempt_finished","ts":"2026-09-08T20:39:19.366947800Z","latency_ms":0,"task_id":"c0b73e18-ecf9-4074-9777-bb88b9727d33","run_id":"59d6e76e-cf5b-4731-ad0b-d763e6320ac1","attempt_id":"ffd52bf4-71dd-4772-9200-1dba20370da4","validation_status":"STRUCTURE_VALIDATED","usage_missing":false}
04:39:19.417 [main] INFO com.objwww.pr.control.infrastructure.holmes.HolmesInvestigationExecutor -- {"event":"rca_attempt_finished","ts":"2026-09-08T20:39:19.417804443Z","latency_ms":0,"task_id":"0eefca1c-d63b-4617-a2d5-8d106378ef2d","run_id":"79887582-2940-4281-910b-412cbf575565","attempt_id":"ea953380-1cee-458a-8b0d-0d508a943949","validation_status":"STRUCTURE_VALIDATED","usage_missing":false}
04:39:19.439 [main] INFO com.objwww.pr.control.infrastructure.holmes.HolmesInvestigationExecutor -- {"event":"rca_attempt_finished","ts":"2026-09-08T20:39:19.439230657Z","latency_ms":0,"task_id":"8b7cdf78-e52f-4dac-aa2e-f0abed52ed33","run_id":"c8686da4-4c02-427d-95e2-50f8fd51ab51","attempt_id":"c339d857-7dc7-4849-a314-4e288745f96d","validation_status":"REJECTED_SCHEMA_MISMATCH","usage_missing":false}
04:39:19.457 [main] INFO com.objwww.pr.control.infrastructure.holmes.HolmesInvestigationExecutor -- {"event":"rca_attempt_finished","ts":"2026-09-08T20:39:19.457756919Z","latency_ms":0,"task_id":"95c38f6d-0263-4cf7-9afa-593de7b7c716","run_id":"82adf212-292d-4a92-8369-e8bac1305a1a","attempt_id":"999fa353-3790-4473-a90a-918ce4f317d2","validation_status":"REJECTED_OVERSIZE","usage_missing":true}
04:39:19.471 [main] INFO com.objwww.pr.control.infrastructure.holmes.HolmesInvestigationExecutor -- {"event":"rca_attempt_finished","ts":"2026-09-08T20:39:19.471524779Z","latency_ms":0,"task_id":"ca824db3-b6ae-4af2-a101-1bca9efb9f67","run_id":"f8b774d2-3326-4fa9-8baa-4c3f2e11fc64","attempt_id":"1f8d0059-a9bd-4e5e-93da-b6aa00df1012","validation_status":"REJECTED_SCHEMA_MISMATCH","usage_missing":true}
04:39:19.488 [main] INFO com.objwww.pr.control.infrastructure.holmes.HolmesInvestigationExecutor -- {"event":"rca_attempt_finished","ts":"2026-09-08T20:39:19.488510881Z","latency_ms":0,"task_id":"a48d1f25-64e8-4501-b9dc-aaf1a920233b","run_id":"f3eb693e-0b13-4d75-ac54-d5e0eb5feab2","attempt_id":"f7c57238-a552-461a-b6a1-2c98e2ca51e2","validation_status":"REJECTED_MALFORMED","usage_missing":true}
[INFO] Tests run: 20, Failures: 0, Errors: 0, Skipped: 0, Time elapsed: 2.541 s -- in com.objwww.pr.control.infrastructure.holmes.HolmesInvestigationExecutorWireMockTest
[INFO] Running com.objwww.pr.control.infrastructure.nativeexec.NativeInvestigationExecutorTest
04:39:19.520 [main] INFO com.objwww.pr.control.alert.application.DeterministicSupervisor -- {"event":"am4_run_reporting","ts":"2026-09-08T20:39:19.520645103Z","run_id":"43f26af4-c11d-41e1-9020-d3e527969f11"}
04:39:19.520 [main] INFO com.objwww.pr.control.alert.application.DeterministicSupervisor -- run 43f26af4-c11d-41e1-9020-d3e527969f11 全任务终态 → REPORTING（报告链组装）
04:39:19.531 [main] INFO com.objwww.pr.control.infrastructure.nativeexec.NativeInvestigationExecutor -- native 全链完成 run=43f26af4-c11d-41e1-9020-d3e527969f11 reportOutcome=CONFIRMED claims=1 validation=STRUCTURE_VALIDATED 快照=6582eb7268b061d956d770afc2cfeb4f2b9435fa97143db05f1e256d97a047d7
04:39:19.536 [main] INFO com.objwww.pr.control.alert.application.RcaRunOrchestrator -- {"event":"rca_task_decision","ts":"2026-09-08T20:39:19.536453447Z","decision":"COMPLETED","run_id":"43f26af4-c11d-41e1-9020-d3e527969f11","task_id":"d58cac58-d9d1-4de7-99f4-1aca0dfa6608","attempt_id":"7ab69b25-b264-4b17-a723-2ddf98045631","latency_ms":0}
04:39:19.539 [main] INFO com.objwww.pr.control.alert.application.DeterministicSupervisor -- {"event":"am4_plan_rejected","ts":"2026-09-08T20:39:19.539744154Z","run_id":"058c64c8-b4ad-402c-a383-4a10ae774574","reason":"schema_version 必须为 am4-plan.v1，实际: bogus"}
04:39:19.540 [main] WARN com.objwww.pr.control.alert.application.DeterministicSupervisor -- run 058c64c8-b4ad-402c-a383-4a10ae774574 提案被确定性拒绝 → FAILED（schema_version 必须为 am4-plan.v1，实际: bogus）
[INFO] Tests run: 3, Failures: 0, Errors: 0, Skipped: 0, Time elapsed: 0.051 s -- in com.objwww.pr.control.infrastructure.nativeexec.NativeInvestigationExecutorTest
[INFO] Running com.objwww.pr.control.infrastructure.persistence.Am5MigrationContractTest
[INFO] Tests run: 21, Failures: 0, Errors: 0, Skipped: 0, Time elapsed: 0.036 s -- in com.objwww.pr.control.infrastructure.persistence.Am5MigrationContractTest
[INFO] Running com.objwww.pr.control.infrastructure.persistence.Am6MigrationContractTest
[INFO] Tests run: 6, Failures: 0, Errors: 0, Skipped: 0, Time elapsed: 0.007 s -- in com.objwww.pr.control.infrastructure.persistence.Am6MigrationContractTest
[INFO] Running com.objwww.pr.control.infrastructure.persistence.PostgresClaimTaskKeyFilterContractTest
[INFO] Tests run: 2, Failures: 0, Errors: 0, Skipped: 0, Time elapsed: 0.004 s -- in com.objwww.pr.control.infrastructure.persistence.PostgresClaimTaskKeyFilterContractTest
[INFO] Running com.objwww.pr.control.infrastructure.persistence.M7MigrationContractTest
[INFO] Tests run: 7, Failures: 0, Errors: 0, Skipped: 0, Time elapsed: 0.014 s -- in com.objwww.pr.control.infrastructure.persistence.M7MigrationContractTest
[INFO] Running com.objwww.pr.control.infrastructure.persistence.PostgresArchiveManifestRepositoryFenceTest
[INFO] Tests run: 1, Failures: 0, Errors: 0, Skipped: 0, Time elapsed: 0.002 s -- in com.objwww.pr.control.infrastructure.persistence.PostgresArchiveManifestRepositoryFenceTest
[INFO] Running com.objwww.pr.control.infrastructure.selfcheck.ControlSelfCheckTest
04:39:19.615 [main] INFO com.objwww.pr.control.infrastructure.selfcheck.StartupSelfCheckRunner -- [control] 启动自检通过（B25 运行时门）
[INFO] Tests run: 6, Failures: 0, Errors: 0, Skipped: 0, Time elapsed: 0.007 s -- in com.objwww.pr.control.infrastructure.selfcheck.ControlSelfCheckTest
[INFO] Running com.objwww.pr.control.infrastructure.tool.PrometheusMetricsWireMockTest
[INFO] Tests run: 3, Failures: 0, Errors: 0, Skipped: 0, Time elapsed: 0.141 s -- in com.objwww.pr.control.infrastructure.tool.PrometheusMetricsWireMockTest
[INFO] Running com.objwww.pr.control.infrastructure.github.HttpCredentialTokenPortTest
[INFO] Tests run: 3, Failures: 0, Errors: 0, Skipped: 0, Time elapsed: 0.024 s -- in com.objwww.pr.control.infrastructure.github.HttpCredentialTokenPortTest
[INFO] Running com.objwww.pr.control.infrastructure.model.SpringAiModelClientTest
Mockito is currently self-attaching to enable the inline-mock-maker. This will no longer work in future releases of the JDK. Please add Mockito as an agent to your build what is described in Mockito's documentation: https://javadoc.io/doc/org.mockito/mockito-core/latest/org/mockito/Mockito.html#0.3
OpenJDK 64-Bit Server VM warning: Sharing is only supported for boot loader classes because bootstrap classpath has been appended
WARNING: A Java agent has been loaded dynamically (/root/.m2/repository/net/bytebuddy/byte-buddy-agent/1.15.11/byte-buddy-agent-1.15.11.jar)
WARNING: If a serviceability tool is in use, please run with -XX:+EnableDynamicAgentLoading to hide this warning
WARNING: If a serviceability tool is not in use, please run with -Djdk.instrument.traceUsage for more information
WARNING: Dynamic loading of agents will be disallowed by default in a future release
[INFO] Tests run: 6, Failures: 0, Errors: 0, Skipped: 0, Time elapsed: 1.145 s -- in com.objwww.pr.control.infrastructure.model.SpringAiModelClientTest
[INFO] Running com.objwww.pr.control.infrastructure.model.ProviderErrorClassifierTest
[INFO] Tests run: 17, Failures: 0, Errors: 0, Skipped: 0, Time elapsed: 0.035 s -- in com.objwww.pr.control.infrastructure.model.ProviderErrorClassifierTest
[INFO] Running com.objwww.pr.control.infrastructure.observability.GatusProbeConfigContractTest
[INFO] Tests run: 4, Failures: 0, Errors: 0, Skipped: 0, Time elapsed: 0.037 s -- in com.objwww.pr.control.infrastructure.observability.GatusProbeConfigContractTest
[INFO] Running com.objwww.pr.control.infrastructure.observability.StructuredLogTest
04:39:21.037 [main] INFO structured-log-test -- {"event":"e","ts":"2026-09-08T20:39:21.036901428Z","error":null}
04:39:21.042 [main] INFO structured-log-test -- {"event":"e","ts":"2026-09-08T20:39:21.041862171Z","secret_like":"quote\" and\nnewline\ttab"}
04:39:21.047 [main] INFO structured-log-test -- {"event":"rca_task_decision","ts":"2026-09-08T20:39:21.046894659Z","run_id":"r-1","decision":"COMPLETED","latency_ms":42}
04:39:21.058 [main] WARN structured-log-test -- structured log 序列化失败 event=e
[INFO] Tests run: 4, Failures: 0, Errors: 0, Skipped: 0, Time elapsed: 0.028 s -- in com.objwww.pr.control.infrastructure.observability.StructuredLogTest
[INFO] Running com.objwww.pr.control.infrastructure.observability.AlertMetricsLabelAllowlistTest
[INFO] Tests run: 3, Failures: 0, Errors: 0, Skipped: 0, Time elapsed: 0.013 s -- in com.objwww.pr.control.infrastructure.observability.AlertMetricsLabelAllowlistTest
[INFO] Running com.objwww.pr.control.infrastructure.observability.ControlCollectorConfigContractTest
[INFO] Tests run: 3, Failures: 0, Errors: 0, Skipped: 0, Time elapsed: 0.022 s -- in com.objwww.pr.control.infrastructure.observability.ControlCollectorConfigContractTest
[INFO] Running com.objwww.pr.control.infrastructure.observability.TracedTasksTest
Sep 09, 2026 4:39:21 AM brave.Tracing$LogSpanHandler end
INFO: {"traceId":"b0fe896c46c00bed","id":"b0fe896c46c00bed","name":"parent","timestamp":1788899961146330,"duration":2575,"localEndpoint":{"serviceName":"unknown","ipv4":"172.24.0.1"}}
[INFO] Tests run: 3, Failures: 0, Errors: 0, Skipped: 0, Time elapsed: 0.065 s -- in com.objwww.pr.control.infrastructure.observability.TracedTasksTest
[INFO] Running com.objwww.pr.control.ControlArchitectureTest
04:39:21.197 [main] INFO com.tngtech.archunit.core.PluginLoader -- Detected Java version 21.0.12.1
[INFO] Tests run: 18, Failures: 0, Errors: 0, Skipped: 0, Time elapsed: 3.772 s -- in com.objwww.pr.control.ControlArchitectureTest
[INFO] Running com.objwww.pr.control.alert.domain.statemachine.AlertStateMachineTest
[INFO] Tests run: 8, Failures: 0, Errors: 0, Skipped: 0, Time elapsed: 0.013 s -- in com.objwww.pr.control.alert.domain.statemachine.AlertStateMachineTest
[INFO] Running com.objwww.pr.control.alert.domain.statemachine.RcaStateContractTest
[INFO] Tests run: 8, Failures: 0, Errors: 0, Skipped: 0, Time elapsed: 0.009 s -- in com.objwww.pr.control.alert.domain.statemachine.RcaStateContractTest
[INFO] Running com.objwww.pr.control.alert.domain.agent.AgentProfileTest
[INFO] Tests run: 6, Failures: 0, Errors: 0, Skipped: 0, Time elapsed: 0.013 s -- in com.objwww.pr.control.alert.domain.agent.AgentProfileTest
[INFO] Running com.objwww.pr.control.alert.domain.dag.PlanProposalTest
[INFO] Tests run: 10, Failures: 0, Errors: 0, Skipped: 0, Time elapsed: 0.014 s -- in com.objwww.pr.control.alert.domain.dag.PlanProposalTest
[INFO] Running com.objwww.pr.control.alert.domain.dag.DagTaskStateTest
[INFO] Tests run: 3, Failures: 0, Errors: 0, Skipped: 0, Time elapsed: 0.001 s -- in com.objwww.pr.control.alert.domain.dag.DagTaskStateTest
[INFO] Running com.objwww.pr.control.alert.domain.dag.DagPromoterTest
[INFO] Tests run: 16, Failures: 0, Errors: 0, Skipped: 0, Time elapsed: 0.019 s -- in com.objwww.pr.control.alert.domain.dag.DagPromoterTest
[INFO] Running com.objwww.pr.control.alert.domain.dag.DagCycleDetectorTest
[INFO] Tests run: 10, Failures: 0, Errors: 0, Skipped: 0, Time elapsed: 0.006 s -- in com.objwww.pr.control.alert.domain.dag.DagCycleDetectorTest
[INFO] Running com.objwww.pr.control.alert.domain.tool.ToolReasonCodeTest
[INFO] Tests run: 2, Failures: 0, Errors: 0, Skipped: 0, Time elapsed: 0.003 s -- in com.objwww.pr.control.alert.domain.tool.ToolReasonCodeTest
[INFO] Running com.objwww.pr.control.alert.domain.tool.ToolArgsValidatorTest
[INFO] Tests run: 5, Failures: 0, Errors: 0, Skipped: 0, Time elapsed: 0.006 s -- in com.objwww.pr.control.alert.domain.tool.ToolArgsValidatorTest
[INFO] Running com.objwww.pr.control.alert.domain.tool.InternalCanonicalJsonV1Test
[INFO] Tests run: 9, Failures: 0, Errors: 0, Skipped: 0, Time elapsed: 0.006 s -- in com.objwww.pr.control.alert.domain.tool.InternalCanonicalJsonV1Test
[INFO] Running com.objwww.pr.control.alert.domain.tool.ActionDigestTest
[INFO] Tests run: 7, Failures: 0, Errors: 0, Skipped: 0, Time elapsed: 0.047 s -- in com.objwww.pr.control.alert.domain.tool.ActionDigestTest
[INFO] Running com.objwww.pr.control.alert.domain.tool.ToolPolicyTest
[INFO] Tests run: 3, Failures: 0, Errors: 0, Skipped: 0, Time elapsed: 0.003 s -- in com.objwww.pr.control.alert.domain.tool.ToolPolicyTest
[INFO] Running com.objwww.pr.control.alert.domain.tool.ToolDefinitionTest
[INFO] Tests run: 7, Failures: 0, Errors: 0, Skipped: 0, Time elapsed: 0.010 s -- in com.objwww.pr.control.alert.domain.tool.ToolDefinitionTest
[INFO] Running com.objwww.pr.control.alert.domain.model.EvidencePackageV2ContractTest
[INFO] Tests run: 6, Failures: 0, Errors: 0, Skipped: 0, Time elapsed: 0.013 s -- in com.objwww.pr.control.alert.domain.model.EvidencePackageV2ContractTest
[INFO] Running com.objwww.pr.control.alert.domain.budget.RunBudgetTest
[INFO] Tests run: 11, Failures: 0, Errors: 0, Skipped: 0, Time elapsed: 0.023 s -- in com.objwww.pr.control.alert.domain.budget.RunBudgetTest
[INFO] Running com.objwww.pr.control.alert.domain.budget.DoomLoopGuardTest
[INFO] Tests run: 7, Failures: 0, Errors: 0, Skipped: 0, Time elapsed: 0.007 s -- in com.objwww.pr.control.alert.domain.budget.DoomLoopGuardTest
[INFO] Running com.objwww.pr.control.alert.domain.claim.ClaimReducerTest
[INFO] Tests run: 20, Failures: 0, Errors: 0, Skipped: 0, Time elapsed: 0.017 s -- in com.objwww.pr.control.alert.domain.claim.ClaimReducerTest
[INFO] Running com.objwww.pr.control.alert.domain.claim.ClaimVerdictTest
[INFO] Tests run: 8, Failures: 0, Errors: 0, Skipped: 0, Time elapsed: 0.011 s -- in com.objwww.pr.control.alert.domain.claim.ClaimVerdictTest
[INFO] Running com.objwww.pr.control.alert.domain.claim.ClaimProjectionTest
[INFO] Tests run: 9, Failures: 0, Errors: 0, Skipped: 0, Time elapsed: 0.005 s -- in com.objwww.pr.control.alert.domain.claim.ClaimProjectionTest
[INFO] Running com.objwww.pr.control.alert.domain.claim.ReportAssemblerTest
[INFO] Tests run: 11, Failures: 0, Errors: 0, Skipped: 0, Time elapsed: 0.016 s -- in com.objwww.pr.control.alert.domain.claim.ReportAssemblerTest
[INFO] Running com.objwww.pr.control.alert.domain.claim.ClaimTest
[INFO] Tests run: 7, Failures: 0, Errors: 0, Skipped: 0, Time elapsed: 0.013 s -- in com.objwww.pr.control.alert.domain.claim.ClaimTest
[INFO] Running com.objwww.pr.control.alert.domain.evidence.EvidenceEnvelopeTest
[INFO] Tests run: 6, Failures: 0, Errors: 0, Skipped: 0, Time elapsed: 0.009 s -- in com.objwww.pr.control.alert.domain.evidence.EvidenceEnvelopeTest
[INFO] Running com.objwww.pr.control.alert.domain.evidence.EvidenceSnapshotBuilderTest
[INFO] Tests run: 5, Failures: 0, Errors: 0, Skipped: 0, Time elapsed: 0.007 s -- in com.objwww.pr.control.alert.domain.evidence.EvidenceSnapshotBuilderTest
[INFO] Running com.objwww.pr.control.alert.domain.service.AlertIdentityFactoryTest
[INFO] Tests run: 6, Failures: 0, Errors: 0, Skipped: 0, Time elapsed: 0.009 s -- in com.objwww.pr.control.alert.domain.service.AlertIdentityFactoryTest
[INFO] Running com.objwww.pr.control.alert.domain.service.SlaPolicyTest
[INFO] Tests run: 6, Failures: 0, Errors: 0, Skipped: 0, Time elapsed: 0.010 s -- in com.objwww.pr.control.alert.domain.service.SlaPolicyTest
[INFO] Running com.objwww.pr.control.alert.domain.service.DeferredPolicyTest
[INFO] Tests run: 2, Failures: 0, Errors: 0, Skipped: 0, Time elapsed: 0.001 s -- in com.objwww.pr.control.alert.domain.service.DeferredPolicyTest
[INFO] Running com.objwww.pr.control.alert.domain.service.EvidencePackageValidatorTest
[INFO] Tests run: 19, Failures: 0, Errors: 0, Skipped: 0, Time elapsed: 0.036 s -- in com.objwww.pr.control.alert.domain.service.EvidencePackageValidatorTest
[INFO] Running com.objwww.pr.control.alert.infrastructure.config.AlertConfigBridgeTest
[INFO] Tests run: 4, Failures: 0, Errors: 0, Skipped: 0, Time elapsed: 0.054 s -- in com.objwww.pr.control.alert.infrastructure.config.AlertConfigBridgeTest
[INFO] Running com.objwww.pr.control.alert.infrastructure.selfcheck.AlertSelfCheckTest
[INFO] Tests run: 7, Failures: 0, Errors: 0, Skipped: 0, Time elapsed: 0.004 s -- in com.objwww.pr.control.alert.infrastructure.selfcheck.AlertSelfCheckTest
[INFO] Running com.objwww.pr.control.alert.application.agent.MetricsAgentTest
[INFO] Tests run: 10, Failures: 0, Errors: 0, Skipped: 0, Time elapsed: 0.041 s -- in com.objwww.pr.control.alert.application.agent.MetricsAgentTest
[INFO] Running com.objwww.pr.control.alert.application.agent.ChangeAgentTest
[INFO] Tests run: 4, Failures: 0, Errors: 0, Skipped: 0, Time elapsed: 0.012 s -- in com.objwww.pr.control.alert.application.agent.ChangeAgentTest
[INFO] Running com.objwww.pr.control.alert.application.agent.AgentRegistryTest
[INFO] Tests run: 5, Failures: 0, Errors: 0, Skipped: 0, Time elapsed: 0.007 s -- in com.objwww.pr.control.alert.application.agent.AgentRegistryTest
[INFO] Running com.objwww.pr.control.alert.application.agent.NativeRcaAgentTest
[INFO] Tests run: 6, Failures: 0, Errors: 0, Skipped: 0, Time elapsed: 0.006 s -- in com.objwww.pr.control.alert.application.agent.NativeRcaAgentTest
[INFO] Running com.objwww.pr.control.alert.application.agent.LogsAgentTest
[INFO] Tests run: 5, Failures: 0, Errors: 0, Skipped: 0, Time elapsed: 0.020 s -- in com.objwww.pr.control.alert.application.agent.LogsAgentTest
[INFO] Running com.objwww.pr.control.alert.application.RcaWorkerTest
04:39:25.471 [main] INFO com.objwww.pr.control.alert.application.RcaRunOrchestrator -- {"event":"rca_task_decision","ts":"2026-09-08T20:39:25.471323853Z","decision":"COMPLETED","run_id":"f8f7cee7-3bb4-4c23-b0c4-ab6cda3f3860","task_id":"3233f706-c2d5-4b28-b121-57e9a4fcef8e","attempt_id":"fc060c94-1108-4cf4-9a03-41322c751ec8","latency_ms":0}
04:39:25.471 [main] INFO com.objwww.pr.control.alert.application.RcaRunOrchestrator -- incident 9aee0bf7-b40e-47b0-abd7-39417af70ce7 材料变化，铸 RERUN run
04:39:25.472 [main] INFO com.objwww.pr.control.alert.application.RcaRunOrchestrator -- {"event":"report_publication_loser","ts":"2026-09-08T20:39:25.472724390Z","report_id":"10a00f50-5d0d-47ae-b597-1809a9dcbb7f","run_id":"d466d37c-1c57-4ac7-978f-8cb5b7b10e0d","incident_id":"9aee0bf7-b40e-47b0-abd7-39417af70ce7","generation":0}
04:39:25.472 [main] INFO com.objwww.pr.control.alert.application.RcaRunOrchestrator -- report 10a00f50-5d0d-47ae-b597-1809a9dcbb7f 输给 generation 发布赢家（incident=9aee0bf7-b40e-47b0-abd7-39417af70ce7, gen=0），落档不发布
04:39:25.473 [main] INFO com.objwww.pr.control.alert.application.RcaRunOrchestrator -- {"event":"rca_task_decision","ts":"2026-09-08T20:39:25.473047950Z","decision":"COMPLETED","run_id":"d466d37c-1c57-4ac7-978f-8cb5b7b10e0d","task_id":"13c2c955-18a8-4349-ab27-67dc95995db4","attempt_id":"37ea897f-134d-414d-a561-4bbffd4d61dc","latency_ms":0}
04:39:25.475 [main] INFO com.objwww.pr.control.alert.application.RcaRunOrchestrator -- {"event":"rca_task_decision","ts":"2026-09-08T20:39:25.475080527Z","decision":"RETRY_SCHEDULED","run_id":"d007354c-99fe-4139-9fbb-2b438ba8641a","task_id":"d80cfda6-78a1-44c8-b786-bdafe93a08a2","attempt_id":"c8aaf585-286a-4c4e-be36-5df0e2d58335","latency_ms":0}
04:39:25.475 [main] INFO com.objwww.pr.control.alert.application.RcaRunOrchestrator -- {"event":"rca_task_decision","ts":"2026-09-08T20:39:25.475382727Z","decision":"RETRY_SCHEDULED","run_id":"d007354c-99fe-4139-9fbb-2b438ba8641a","task_id":"d80cfda6-78a1-44c8-b786-bdafe93a08a2","attempt_id":"2226f343-aa6f-4fa0-906e-1971341ef92b","latency_ms":0}
04:39:25.475 [main] INFO com.objwww.pr.control.alert.application.RcaRunOrchestrator -- {"event":"rca_task_decision","ts":"2026-09-08T20:39:25.475577253Z","decision":"DEAD","run_id":"d007354c-99fe-4139-9fbb-2b438ba8641a","task_id":"d80cfda6-78a1-44c8-b786-bdafe93a08a2","attempt_id":"574ac6b4-b11e-4539-b678-e3b9bc6c262f","latency_ms":0}
04:39:25.477 [main] INFO com.objwww.pr.control.alert.application.FallbackService -- {"event":"rca_fallback_decision","ts":"2026-09-08T20:39:25.477644757Z","outcome":"INELIGIBLE_ENGINE","source_run_id":"d007354c-99fe-4139-9fbb-2b438ba8641a","incident_id":"aadb992f-4add-48e0-a51d-be91712f2007","error_class":"HTTP_5XX"}
04:39:25.480 [main] WARN com.objwww.pr.control.alert.application.RcaWorker -- task 188b1a95-8108-4fba-a183-6c4dadd6f899 租约过期回收 owner=worker-a → RETRY_WAIT
04:39:25.481 [main] WARN com.objwww.pr.control.alert.application.RcaWorker -- 悬挂账本 22ba7fd7-5cb7-4d20-97db-bab28ff80c23 STARTED→UNKNOWN（崩溃回收）
04:39:25.484 [main] INFO com.objwww.pr.control.alert.application.RcaRunOrchestrator -- {"event":"rca_task_decision","ts":"2026-09-08T20:39:25.484230641Z","decision":"COMPLETED","run_id":"18dc6df8-8ad6-43eb-bfa9-2ae7c355587c","task_id":"086da031-dde4-4b37-868d-c61529c64492","attempt_id":"55b90a8a-9828-487c-9d44-eb8940f956ef","latency_ms":0}
04:39:25.486 [main] WARN com.objwww.pr.control.alert.application.RcaWorker -- 悬挂调查记录 96198416-d368-4962-ae8c-4b9f133eb813 STARTED→UNKNOWN（崩溃回收）
04:39:25.490 [main] INFO com.objwww.pr.control.alert.application.RcaRunOrchestrator -- {"event":"rca_task_decision","ts":"2026-09-08T20:39:25.490775006Z","decision":"DEAD","run_id":"60c3c261-bd9a-4db5-9b42-f0cb317a7c62","task_id":"64f994d3-025c-4a4b-b83d-5d9164eac70c","attempt_id":"2fbd551a-dcb4-46d6-a4e2-bd28db38a599","latency_ms":0}
04:39:25.491 [main] INFO com.objwww.pr.control.alert.application.FallbackService -- {"event":"rca_fallback_decision","ts":"2026-09-08T20:39:25.491117271Z","outcome":"INELIGIBLE_ENGINE","source_run_id":"60c3c261-bd9a-4db5-9b42-f0cb317a7c62","incident_id":"d98941e2-cfd8-45ee-bb90-8d2afcc71d6a","error_class":"REJECTED_MALFORMED"}
04:39:25.493 [main] WARN com.objwww.pr.control.alert.application.RcaWorker -- task 6e6071a3-63c8-4c85-bc85-7e463db1d847 租约过期回收 owner=worker-a → STALE
04:39:25.495 [main] INFO com.objwww.pr.control.alert.application.RcaRunOrchestrator -- {"event":"rca_task_decision","ts":"2026-09-08T20:39:25.495843533Z","decision":"COMPLETED","run_id":"9ec0fa73-5fb4-46cd-945d-0ca075d1622a","task_id":"8d2d9a21-5e8e-445a-9f52-a7d37a472b36","attempt_id":"8698703e-68a5-47ac-82b7-5c9e634305a0","latency_ms":0}
04:39:25.498 [main] INFO com.objwww.pr.control.alert.application.RcaRunOrchestrator -- {"event":"rca_task_decision","ts":"2026-09-08T20:39:25.498000886Z","decision":"RETRY_SCHEDULED","run_id":"1cc7572a-9c8c-447a-a6d8-18051a02ff31","task_id":"b765b4b3-a3fb-436d-922a-136f8d9fa444","attempt_id":"773efcf8-7f36-45da-aa2c-82003d94bb88","latency_ms":0}
04:39:25.498 [main] INFO com.objwww.pr.control.alert.application.RcaRunOrchestrator -- {"event":"rca_task_decision","ts":"2026-09-08T20:39:25.498572973Z","decision":"COMPLETED","run_id":"1cc7572a-9c8c-447a-a6d8-18051a02ff31","task_id":"b765b4b3-a3fb-436d-922a-136f8d9fa444","attempt_id":"ec21e668-4d8b-45f8-9ab6-d0fe4c3a9fd4","latency_ms":0}
04:39:25.500 [main] INFO com.objwww.pr.control.alert.application.RcaRunOrchestrator -- {"event":"rca_task_decision","ts":"2026-09-08T20:39:25.500523347Z","decision":"COMPLETED","run_id":"d51d4cbb-a741-440f-9424-57439412ab4f","task_id":"39647046-bae3-4a07-9298-42ed44841d23","attempt_id":"96278985-1ead-4b17-a2f6-49093cb6cfaa","latency_ms":0}
04:39:25.502 [main] INFO com.objwww.pr.control.alert.application.RcaRunOrchestrator -- {"event":"rca_task_decision","ts":"2026-09-08T20:39:25.502380544Z","decision":"STALE_GENERATION","run_id":"446a18e9-d5f6-4a71-b1d2-7c6f2c117b59","task_id":"9e55f64e-17b3-40a0-bbf7-7e19a63ac4ba","attempt_id":"193f767d-14e4-430e-aab5-3b2a231e5a3e","run_state":"SUPERSEDED"}
04:39:25.502 [main] WARN com.objwww.pr.control.alert.application.RcaRunOrchestrator -- task 9e55f64e-17b3-40a0-bbf7-7e19a63ac4ba 旧代结果作废（run 446a18e9-d5f6-4a71-b1d2-7c6f2c117b59 state=SUPERSEDED），task→STALE 零落档
04:39:25.504 [main] WARN com.objwww.pr.control.alert.application.RcaWorker -- task 3710950c-1d46-4251-bb8f-5d1045a2d83c 租约过期回收 owner=worker-a → RETRY_WAIT
04:39:25.504 [main] INFO com.objwww.pr.control.alert.application.RcaRunOrchestrator -- {"event":"rca_task_decision","ts":"2026-09-08T20:39:25.504764013Z","decision":"COMPLETED","run_id":"3ae2fcd2-3f85-404a-b992-65ce5f3f0320","task_id":"3710950c-1d46-4251-bb8f-5d1045a2d83c","attempt_id":"4a1e97eb-fb38-4ec7-9210-d42b2cabe8f4","latency_ms":0}
04:39:25.504 [main] WARN com.objwww.pr.control.alert.application.RcaRunOrchestrator -- task 3710950c-1d46-4251-bb8f-5d1045a2d83c 旧租约提交被拒 owner=worker-a epoch=1
[INFO] Tests run: 13, Failures: 0, Errors: 0, Skipped: 0, Time elapsed: 0.049 s -- in com.objwww.pr.control.alert.application.RcaWorkerTest
[INFO] Running com.objwww.pr.control.alert.application.EventQueryServiceTest
[INFO] Tests run: 5, Failures: 0, Errors: 0, Skipped: 0, Time elapsed: 0.005 s -- in com.objwww.pr.control.alert.application.EventQueryServiceTest
[INFO] Running com.objwww.pr.control.alert.application.EventPayloadSanitizerTest
[INFO] Tests run: 6, Failures: 0, Errors: 0, Skipped: 0, Time elapsed: 0.006 s -- in com.objwww.pr.control.alert.application.EventPayloadSanitizerTest
[INFO] Running com.objwww.pr.control.alert.application.holmes.HolmesEvidenceAdapterTest
[INFO] Tests run: 5, Failures: 0, Errors: 0, Skipped: 0, Time elapsed: 0.010 s -- in com.objwww.pr.control.alert.application.holmes.HolmesEvidenceAdapterTest
[INFO] Running com.objwww.pr.control.alert.application.SseStreamServiceTest
04:39:25.533 [main] WARN com.objwww.pr.control.alert.application.SseStreamService -- sse drain gap: runId=4bc04bac-04fe-45f7-b3a9-7c621b2d5112 cursor=1 latestSeq=4 → resync
[INFO] Tests run: 4, Failures: 0, Errors: 0, Skipped: 0, Time elapsed: 0.005 s -- in com.objwww.pr.control.alert.application.SseStreamServiceTest
[INFO] Running com.objwww.pr.control.alert.application.PlanCompilerTest
[INFO] Tests run: 8, Failures: 0, Errors: 0, Skipped: 0, Time elapsed: 0.011 s -- in com.objwww.pr.control.alert.application.PlanCompilerTest
[INFO] Running com.objwww.pr.control.alert.application.ControlAlertRouterTest
04:39:25.550 [main] INFO com.objwww.pr.control.alert.application.ControlAlertRouter -- {"event":"CONTROL_ALERT_REJECTED","ts":"2026-09-08T20:39:25.550278906Z","receiver":"rca-oncall","gate":"identity"}
04:39:25.552 [main] INFO com.objwww.pr.control.alert.application.ControlAlertRouter -- {"event":"CONTROL_ALERT_ONCALL","ts":"2026-09-08T20:39:25.552448964Z","inbox_id":"2626acca-6bb7-4458-a7b1-896f4185cc1e","receiver":"rca-oncall","group_key":"g:RCA_SYSTEM_CollectorDown","alertnames":"RCA_SYSTEM_CollectorDown","scopes":"rca_system","alert_count":1}
04:39:25.553 [main] INFO com.objwww.pr.control.alert.application.ControlAlertRouter -- {"event":"CONTROL_ALERT_REJECTED","ts":"2026-09-08T20:39:25.553359619Z","receiver":"rca-oncall","gate":"identity"}
04:39:25.554 [main] INFO com.objwww.pr.control.alert.application.ControlAlertRouter -- {"event":"CONTROL_ALERT_REJECTED","ts":"2026-09-08T20:39:25.554577652Z","receiver":"zhongtai","gate":"route_not_allowlisted"}
04:39:25.555 [main] INFO com.objwww.pr.control.alert.application.ControlAlertRouter -- {"event":"CONTROL_ALERT_ONCALL","ts":"2026-09-08T20:39:25.555482126Z","inbox_id":"25700a17-9e57-48c4-b294-e39842b6fc83","receiver":"rca-oncall","group_key":"g:Gatus_CanaryProbe","alertnames":"Gatus_CanaryProbe","scopes":"rca_system","alert_count":1}
04:39:25.556 [main] INFO com.objwww.pr.control.alert.application.ControlAlertRouter -- {"event":"CONTROL_ALERT_REJECTED","ts":"2026-09-08T20:39:25.556239312Z","receiver":"rca-oncall","gate":"scope_not_allowlisted"}
04:39:25.556 [main] INFO com.objwww.pr.control.alert.application.ControlAlertRouter -- {"event":"CONTROL_ALERT_REJECTED","ts":"2026-09-08T20:39:25.556923671Z","receiver":"rca-oncall","gate":"scope_not_allowlisted"}
04:39:25.558 [main] INFO com.objwww.pr.control.alert.application.ControlAlertRouter -- {"event":"CONTROL_ALERT_ONCALL","ts":"2026-09-08T20:39:25.558014365Z","inbox_id":"5f969cca-09f0-444a-8899-01f8a0d68b67","receiver":"rca-oncall","group_key":"g:RCA_SYSTEM_X","alertnames":"RCA_SYSTEM_X","scopes":"rca_system","alert_count":1}
[INFO] Tests run: 10, Failures: 0, Errors: 0, Skipped: 0, Time elapsed: 0.010 s -- in com.objwww.pr.control.alert.application.ControlAlertRouterTest
[INFO] Running com.objwww.pr.control.alert.application.Am4ShadowFullChainG2Test
04:39:25.571 [main] INFO com.objwww.pr.control.alert.application.DeterministicSupervisor -- {"event":"am4_run_reporting","ts":"2026-09-08T20:39:25.571746348Z","run_id":"db520094-ef8d-4e9f-8623-29041e46fe97"}
04:39:25.572 [main] INFO com.objwww.pr.control.alert.application.DeterministicSupervisor -- run db520094-ef8d-4e9f-8623-29041e46fe97 全任务终态 → REPORTING（报告链组装）
[INFO] Tests run: 3, Failures: 0, Errors: 0, Skipped: 0, Time elapsed: 0.018 s -- in com.objwww.pr.control.alert.application.Am4ShadowFullChainG2Test
[INFO] Running com.objwww.pr.control.alert.application.CommandServiceTest
[INFO] Tests run: 8, Failures: 0, Errors: 0, Skipped: 0, Time elapsed: 0.007 s -- in com.objwww.pr.control.alert.application.CommandServiceTest
[INFO] Running com.objwww.pr.control.alert.application.RunBudgetGateTest
[INFO] Tests run: 4, Failures: 0, Errors: 0, Skipped: 0, Time elapsed: 0.005 s -- in com.objwww.pr.control.alert.application.RunBudgetGateTest
[INFO] Running com.objwww.pr.control.alert.application.tool.ToolGatewayWireMockTest
[INFO] Tests run: 3, Failures: 0, Errors: 0, Skipped: 0, Time elapsed: 0.850 s -- in com.objwww.pr.control.alert.application.tool.ToolGatewayWireMockTest
[INFO] Running com.objwww.pr.control.alert.application.tool.ReplayToolGatewayTest
[INFO] Tests run: 8, Failures: 0, Errors: 0, Skipped: 0, Time elapsed: 0.010 s -- in com.objwww.pr.control.alert.application.tool.ReplayToolGatewayTest
[INFO] Running com.objwww.pr.control.alert.application.tool.ToolRegistryTest
[INFO] Tests run: 4, Failures: 0, Errors: 0, Skipped: 0, Time elapsed: 0.005 s -- in com.objwww.pr.control.alert.application.tool.ToolRegistryTest
[INFO] Running com.objwww.pr.control.alert.application.tool.ToolGatewayTest
[INFO] Tests run: 10, Failures: 0, Errors: 0, Skipped: 0, Time elapsed: 0.216 s -- in com.objwww.pr.control.alert.application.tool.ToolGatewayTest
[INFO] Running com.objwww.pr.control.alert.application.DagExecutionServiceTest
[INFO] Tests run: 10, Failures: 0, Errors: 0, Skipped: 0, Time elapsed: 0.007 s -- in com.objwww.pr.control.alert.application.DagExecutionServiceTest
[INFO] Running com.objwww.pr.control.alert.application.Am4ShadowTriggerTest
AM4_SHADOW_TASK=investigate-change=EVIDENCE_PRODUCED
AM4_SHADOW_TASK=investigate-logs=EVIDENCE_PRODUCED
AM4_SHADOW_TASK=investigate-metrics=EVIDENCE_PRODUCED
AM4_SHADOW_TASK=snapshot=f93a344a6b48b4fe5fd8e2734d5a146f46bd68cf8d77536ed0e2d8e2c03edd51
04:39:26.702 [main] INFO com.objwww.pr.control.alert.application.DeterministicSupervisor -- {"event":"am4_run_reporting","ts":"2026-09-08T20:39:26.702134659Z","run_id":"99366b68-dd9c-4475-ad0b-8085e39efbc9"}
04:39:26.702 [main] INFO com.objwww.pr.control.alert.application.DeterministicSupervisor -- run 99366b68-dd9c-4475-ad0b-8085e39efbc9 全任务终态 → REPORTING（报告链组装）
AM4_SHADOW_RUN_ID=99366b68-dd9c-4475-ad0b-8085e39efbc9
[INFO] Tests run: 5, Failures: 0, Errors: 0, Skipped: 0, Time elapsed: 0.025 s -- in com.objwww.pr.control.alert.application.Am4ShadowTriggerTest
[INFO] Running com.objwww.pr.control.alert.application.RunQueryServiceTest
[INFO] Tests run: 4, Failures: 0, Errors: 0, Skipped: 0, Time elapsed: 0.009 s -- in com.objwww.pr.control.alert.application.RunQueryServiceTest
[INFO] Running com.objwww.pr.control.alert.application.RcaStateBackfillJobTest
04:39:26.727 [main] INFO com.objwww.pr.control.alert.application.RcaStateBackfillJob -- {"event":"rca_state_backfill_progress","ts":"2026-09-08T20:39:26.727572098Z","table":"rca_task","violations":0,"batches":1,"rows":2}
04:39:26.729 [main] INFO com.objwww.pr.control.alert.application.RcaStateBackfillJob -- {"event":"rca_state_backfill_progress","ts":"2026-09-08T20:39:26.729382007Z","table":"rca_task","violations":0,"batches":2,"rows":4}
04:39:26.729 [main] INFO com.objwww.pr.control.alert.application.RcaStateBackfillJob -- {"event":"rca_state_backfill_progress","ts":"2026-09-08T20:39:26.729763306Z","table":"rca_task","violations":0,"batches":3,"rows":5}
04:39:26.730 [main] INFO com.objwww.pr.control.alert.application.RcaStateBackfillJob -- {"event":"rca_state_backfill_progress","ts":"2026-09-08T20:39:26.730257536Z","table":"rca_run","violations":0,"batches":1,"rows":2}
04:39:26.730 [main] INFO com.objwww.pr.control.alert.application.RcaStateBackfillJob -- {"event":"rca_state_backfill_progress","ts":"2026-09-08T20:39:26.730485425Z","table":"rca_run","violations":0,"batches":2,"rows":3}
04:39:26.730 [main] INFO com.objwww.pr.control.alert.application.RcaStateBackfillJob -- {"event":"rca_state_backfill_reconciled","ts":"2026-09-08T20:39:26.730926616Z","task_rows":5,"violations":0,"run_rows":3,"batches":5,"digest":"4ca1357fd4b199d31c370842c907357ab131a659696953f6c76f10069f374c5d"}
04:39:26.731 [main] INFO com.objwww.pr.control.alert.application.RcaStateBackfillJob -- {"event":"rca_state_backfill_progress","ts":"2026-09-08T20:39:26.731782188Z","table":"rca_task","violations":0,"batches":1,"rows":2}
04:39:26.732 [main] INFO com.objwww.pr.control.alert.application.RcaStateBackfillJob -- {"event":"rca_state_backfill_progress","ts":"2026-09-08T20:39:26.732117919Z","table":"rca_task","violations":0,"batches":2,"rows":4}
04:39:26.732 [main] INFO com.objwww.pr.control.alert.application.RcaStateBackfillJob -- {"event":"rca_state_backfill_progress","ts":"2026-09-08T20:39:26.732489469Z","table":"rca_task","violations":0,"batches":3,"rows":5}
04:39:26.732 [main] INFO com.objwww.pr.control.alert.application.RcaStateBackfillJob -- {"event":"rca_state_backfill_progress","ts":"2026-09-08T20:39:26.732589358Z","table":"rca_run","violations":0,"batches":1,"rows":2}
04:39:26.732 [main] INFO com.objwww.pr.control.alert.application.RcaStateBackfillJob -- {"event":"rca_state_backfill_progress","ts":"2026-09-08T20:39:26.732696520Z","table":"rca_run","violations":0,"batches":2,"rows":3}
04:39:26.732 [main] INFO com.objwww.pr.control.alert.application.RcaStateBackfillJob -- {"event":"rca_state_backfill_reconciled","ts":"2026-09-08T20:39:26.732820864Z","task_rows":5,"violations":0,"run_rows":3,"batches":5,"digest":"4ca1357fd4b199d31c370842c907357ab131a659696953f6c76f10069f374c5d"}
04:39:26.734 [main] INFO com.objwww.pr.control.alert.application.RcaStateBackfillJob -- {"event":"rca_state_backfill_progress","ts":"2026-09-08T20:39:26.734159204Z","table":"rca_task","violations":0,"batches":1,"rows":1}
04:39:26.735 [main] INFO com.objwww.pr.control.alert.application.RcaStateBackfillJob -- {"event":"rca_state_backfill_progress","ts":"2026-09-08T20:39:26.735518174Z","table":"rca_task","violations":0,"batches":1,"rows":1}
04:39:26.735 [main] INFO com.objwww.pr.control.alert.application.RcaStateBackfillJob -- {"event":"rca_state_backfill_progress","ts":"2026-09-08T20:39:26.735741104Z","table":"rca_task","violations":0,"batches":2,"rows":2}
04:39:26.737 [main] INFO com.objwww.pr.control.alert.application.RcaStateBackfillJob -- {"event":"rca_state_backfill_progress","ts":"2026-09-08T20:39:26.736889006Z","table":"rca_task","violations":0,"batches":3,"rows":3}
04:39:26.737 [main] INFO com.objwww.pr.control.alert.application.RcaStateBackfillJob -- {"event":"rca_state_backfill_progress","ts":"2026-09-08T20:39:26.737157171Z","table":"rca_task","violations":0,"batches":4,"rows":4}
04:39:26.737 [main] INFO com.objwww.pr.control.alert.application.RcaStateBackfillJob -- {"event":"rca_state_backfill_progress","ts":"2026-09-08T20:39:26.737253032Z","table":"rca_task","violations":0,"batches":5,"rows":5}
04:39:26.737 [main] INFO com.objwww.pr.control.alert.application.RcaStateBackfillJob -- {"event":"rca_state_backfill_progress","ts":"2026-09-08T20:39:26.737345535Z","table":"rca_task","violations":0,"batches":6,"rows":6}
04:39:26.737 [main] INFO com.objwww.pr.control.alert.application.RcaStateBackfillJob -- {"event":"rca_state_backfill_progress","ts":"2026-09-08T20:39:26.737436086Z","table":"rca_task","violations":0,"batches":7,"rows":7}
04:39:26.737 [main] INFO com.objwww.pr.control.alert.application.RcaStateBackfillJob -- {"event":"rca_state_backfill_progress","ts":"2026-09-08T20:39:26.737529672Z","table":"rca_task","violations":0,"batches":8,"rows":7}
04:39:26.737 [main] INFO com.objwww.pr.control.alert.application.RcaStateBackfillJob -- {"event":"rca_state_backfill_progress","ts":"2026-09-08T20:39:26.737639670Z","table":"rca_run","violations":0,"batches":1,"rows":1}
04:39:26.737 [main] INFO com.objwww.pr.control.alert.application.RcaStateBackfillJob -- {"event":"rca_state_backfill_progress","ts":"2026-09-08T20:39:26.737729278Z","table":"rca_run","violations":0,"batches":2,"rows":1}
04:39:26.738 [main] INFO com.objwww.pr.control.alert.application.RcaStateBackfillJob -- {"event":"rca_state_backfill_reconciled","ts":"2026-09-08T20:39:26.737952699Z","task_rows":7,"violations":0,"run_rows":1,"batches":10,"digest":"2fdb1966afacb8c902f0e49771770522ad967f6eda2dcf5d56fb99480f565edb"}
04:39:26.738 [main] INFO com.objwww.pr.control.alert.application.RcaStateBackfillJob -- {"event":"rca_state_backfill_progress","ts":"2026-09-08T20:39:26.738156664Z","table":"rca_task","violations":0,"batches":1,"rows":7}
04:39:26.738 [main] INFO com.objwww.pr.control.alert.application.RcaStateBackfillJob -- {"event":"rca_state_backfill_progress","ts":"2026-09-08T20:39:26.738252073Z","table":"rca_run","violations":0,"batches":1,"rows":1}
04:39:26.738 [main] INFO com.objwww.pr.control.alert.application.RcaStateBackfillJob -- {"event":"rca_state_backfill_reconciled","ts":"2026-09-08T20:39:26.738354716Z","task_rows":7,"violations":0,"run_rows":1,"batches":2,"digest":"2fdb1966afacb8c902f0e49771770522ad967f6eda2dcf5d56fb99480f565edb"}
04:39:26.739 [main] INFO com.objwww.pr.control.alert.application.RcaStateBackfillJob -- {"event":"rca_state_backfill_progress","ts":"2026-09-08T20:39:26.739753831Z","table":"rca_task","violations":1,"batches":1,"rows":2}
04:39:26.740 [main] INFO com.objwww.pr.control.alert.application.RcaStateBackfillJob -- {"event":"rca_state_backfill_progress","ts":"2026-09-08T20:39:26.740136071Z","table":"rca_run","violations":0,"batches":1,"rows":1}
04:39:26.740 [main] INFO com.objwww.pr.control.alert.application.RcaStateBackfillJob -- {"event":"rca_state_backfill_reconciled","ts":"2026-09-08T20:39:26.740289410Z","task_rows":2,"violations":1,"run_rows":1,"batches":2,"digest":"266d86814df7b18c146e096c5e63a7a2140e4c5217df8b306b76267cff8357de"}
[INFO] Tests run: 5, Failures: 0, Errors: 0, Skipped: 0, Time elapsed: 0.018 s -- in com.objwww.pr.control.alert.application.RcaStateBackfillJobTest
[INFO] Running com.objwww.pr.control.alert.application.NativeEngineWiringTest
04:39:26.749 [main] INFO com.objwww.pr.control.alert.application.RcaRunOrchestrator -- {"event":"rca_task_decision","ts":"2026-09-08T20:39:26.749163754Z","decision":"DEAD","run_id":"506a2eaf-1751-4d5d-b749-3015b39e5066","task_id":"fa211cfe-83e0-4828-a0b6-07a1c79e17e8","attempt_id":"9bde9dee-31f4-440c-82f1-bdeffd836d8e","latency_ms":0}
04:39:26.750 [main] WARN com.objwww.pr.control.alert.application.FallbackService -- NATIVE run 506a2eaf-1751-4d5d-b749-3015b39e5066 失败（PROPOSAL_MISSING）→ 恰一次铸 HOLMES fallback run 46ee03d6-1067-4faf-a2c4-d8a7a9d3bed3
04:39:26.750 [main] INFO com.objwww.pr.control.alert.application.FallbackService -- {"event":"rca_fallback_decision","ts":"2026-09-08T20:39:26.750821316Z","outcome":"CAST","source_run_id":"506a2eaf-1751-4d5d-b749-3015b39e5066","incident_id":"7facc618-1725-4855-b43e-bb40e54e4eb7","error_class":"PROPOSAL_MISSING"}
04:39:26.754 [main] INFO com.objwww.pr.control.alert.application.RcaRunOrchestrator -- {"event":"rca_task_decision","ts":"2026-09-08T20:39:26.754218554Z","decision":"COMPLETED","run_id":"35c30887-c67d-479c-a2f1-3ec60fbe9751","task_id":"6ab79a4b-217f-441f-9db2-aa28bace6509","attempt_id":"84a16f2b-a910-4347-a82a-e15af50d9ba2","latency_ms":0}
04:39:26.754 [main] INFO com.objwww.pr.control.alert.application.RcaRunOrchestrator -- incident a2ac0090-9249-4ee2-a5d2-85a850494d72 材料变化，铸 RERUN run
04:39:26.759 [main] INFO com.objwww.pr.control.alert.application.RcaRunOrchestrator -- {"event":"rca_task_decision","ts":"2026-09-08T20:39:26.759319992Z","decision":"DEAD","run_id":"990b8e60-36d5-4aee-a6ea-9c7b3765a49b","task_id":"372a3b1f-df96-4e2f-b353-6bfe4d289a7e","attempt_id":"8dbb4a2d-ef54-4a14-bd68-4a667b67fcb1","latency_ms":0}
04:39:26.759 [main] INFO com.objwww.pr.control.alert.application.FallbackService -- {"event":"rca_fallback_decision","ts":"2026-09-08T20:39:26.759652769Z","outcome":"INELIGIBLE_ERROR_CLASS","source_run_id":"990b8e60-36d5-4aee-a6ea-9c7b3765a49b","incident_id":"a1cc4f2e-f7b1-426d-9ffb-9d1d54117250","error_class":"ADAPTER_PACKAGE_REJECTED"}
04:39:26.762 [main] INFO com.objwww.pr.control.alert.application.RcaRunOrchestrator -- {"event":"rca_task_decision","ts":"2026-09-08T20:39:26.762174478Z","decision":"COMPLETED","run_id":"da9ec022-2127-44c0-8edd-822497f21591","task_id":"9901aaf4-206a-4482-aa63-856da945a2c4","attempt_id":"764c0ec2-7311-4f5e-9b16-5e77bf31af14","latency_ms":0}
04:39:26.764 [main] INFO com.objwww.pr.control.alert.application.RcaRunOrchestrator -- {"event":"rca_task_decision","ts":"2026-09-08T20:39:26.764718380Z","decision":"DEAD","run_id":"698667fa-7019-4abf-a1ab-6bcd48f21e0d","task_id":"6d00b7bd-497c-4a8f-be54-356386ffabd7","attempt_id":"6d340f1e-cd11-489a-ad7a-46a47d70b0b5","latency_ms":0}
04:39:26.765 [main] WARN com.objwww.pr.control.alert.application.FallbackService -- NATIVE run 698667fa-7019-4abf-a1ab-6bcd48f21e0d 失败（EXECUTOR_MISSING）→ 恰一次铸 HOLMES fallback run 8145b3cd-a5cb-4f59-a4fc-a52d6ae793ce
04:39:26.765 [main] INFO com.objwww.pr.control.alert.application.FallbackService -- {"event":"rca_fallback_decision","ts":"2026-09-08T20:39:26.765112302Z","outcome":"CAST","source_run_id":"698667fa-7019-4abf-a1ab-6bcd48f21e0d","incident_id":"1c49d45d-696c-4bd2-a5fd-29e486952356","error_class":"EXECUTOR_MISSING"}
[INFO] Tests run: 8, Failures: 0, Errors: 0, Skipped: 0, Time elapsed: 0.023 s -- in com.objwww.pr.control.alert.application.NativeEngineWiringTest
[INFO] Running com.objwww.pr.control.alert.application.FallbackServiceTest
04:39:26.768 [main] INFO com.objwww.pr.control.alert.application.FallbackService -- {"event":"rca_fallback_decision","ts":"2026-09-08T20:39:26.768534046Z","outcome":"DISABLED","source_run_id":"27f1ab52-0a0c-4a94-96fb-683d7ec49422","incident_id":"25d4a2c3-062b-4ad7-8eb0-f4b71c93fbc0","error_class":"TIMEOUT"}
04:39:26.769 [main] WARN com.objwww.pr.control.alert.application.FallbackService -- NATIVE run ae4c7218-8365-414c-9a8c-5c0889a16839 失败（PROPOSAL_MISSING）→ 恰一次铸 HOLMES fallback run 43897562-0e75-438f-ad4a-5c2efa2da716
04:39:26.769 [main] INFO com.objwww.pr.control.alert.application.FallbackService -- {"event":"rca_fallback_decision","ts":"2026-09-08T20:39:26.769518780Z","outcome":"CAST","source_run_id":"ae4c7218-8365-414c-9a8c-5c0889a16839","incident_id":"ac58feb7-f21c-4a4b-bb7a-20e51a276661","error_class":"PROPOSAL_MISSING"}
04:39:26.771 [main] INFO com.objwww.pr.control.alert.application.FallbackService -- {"event":"rca_fallback_decision","ts":"2026-09-08T20:39:26.771500433Z","outcome":"INELIGIBLE_ERROR_CLASS","source_run_id":"71e6622c-1ad0-4554-b3c2-dca4bef966cb","incident_id":"91446e06-e103-432a-91df-5b16f011e6e9","error_class":"ADAPTER_PACKAGE_REJECTED"}
04:39:26.771 [main] INFO com.objwww.pr.control.alert.application.FallbackService -- {"event":"rca_fallback_decision","ts":"2026-09-08T20:39:26.771727059Z","outcome":"INELIGIBLE_ERROR_CLASS","source_run_id":"53f2ec8e-fe2f-4184-9671-131112ea763b","incident_id":"e76c475b-3aa1-442b-9a47-7a0c785a9513","error_class":"PLAN_REJECTED"}
04:39:26.771 [main] INFO com.objwww.pr.control.alert.application.FallbackService -- {"event":"rca_fallback_decision","ts":"2026-09-08T20:39:26.771865600Z","outcome":"INELIGIBLE_ERROR_CLASS","source_run_id":"4467001b-f267-45fa-a27e-54c8e7d499fa","incident_id":"c02a7ddb-a1d5-41bf-96fd-a5eed548f602","error_class":"SOME_FUTURE_CLASS"}
04:39:26.772 [main] WARN com.objwww.pr.control.alert.application.FallbackService -- NATIVE run 51e33009-4612-4fed-b5a0-02b2f425f13e 失败（TIMEOUT）→ 恰一次铸 HOLMES fallback run cbc1779d-0ac9-4d6b-98e9-21e7c86be03f
04:39:26.772 [main] INFO com.objwww.pr.control.alert.application.FallbackService -- {"event":"rca_fallback_decision","ts":"2026-09-08T20:39:26.772688711Z","outcome":"CAST","source_run_id":"51e33009-4612-4fed-b5a0-02b2f425f13e","incident_id":"36d49378-7cc4-45ef-bf7d-beac7d16fe54","error_class":"TIMEOUT"}
04:39:26.772 [main] INFO com.objwww.pr.control.alert.application.FallbackService -- {"event":"rca_fallback_decision","ts":"2026-09-08T20:39:26.772914826Z","outcome":"BUDGET_EXHAUSTED","source_run_id":"38969f85-39ab-45d8-8259-931bf6119b97","incident_id":"c1ca046b-b6a6-427e-b0aa-505677a61153","error_class":"TIMEOUT"}
04:39:26.773 [main] WARN com.objwww.pr.control.alert.application.FallbackService -- NATIVE run b7b7bf08-9148-4527-8e20-fc74f1a13d3b 失败（TIMEOUT）→ 恰一次铸 HOLMES fallback run d098f6cd-1c09-4b1a-b433-b3e4a812bdc2
04:39:26.773 [main] INFO com.objwww.pr.control.alert.application.FallbackService -- {"event":"rca_fallback_decision","ts":"2026-09-08T20:39:26.773177902Z","outcome":"CAST","source_run_id":"b7b7bf08-9148-4527-8e20-fc74f1a13d3b","incident_id":"1c69bc44-9f2e-4ecb-ade9-f6694ee34816","error_class":"TIMEOUT"}
04:39:26.774 [main] WARN com.objwww.pr.control.alert.application.FallbackService -- NATIVE run cf41cf36-8cd2-4ae7-8fa9-d2e7a4fa5b5a 失败（EXECUTOR_ERROR）→ 恰一次铸 HOLMES fallback run 1c16326b-6b01-48fd-9890-6517d3af48a6
04:39:26.774 [main] INFO com.objwww.pr.control.alert.application.FallbackService -- {"event":"rca_fallback_decision","ts":"2026-09-08T20:39:26.774652099Z","outcome":"CAST","source_run_id":"cf41cf36-8cd2-4ae7-8fa9-d2e7a4fa5b5a","incident_id":"2054cf9d-82e9-4856-a1c8-16760c64228b","error_class":"EXECUTOR_ERROR"}
04:39:26.775 [main] INFO com.objwww.pr.control.alert.application.FallbackService -- {"event":"rca_fallback_decision","ts":"2026-09-08T20:39:26.775058805Z","outcome":"INELIGIBLE_ENGINE","source_run_id":"1c16326b-6b01-48fd-9890-6517d3af48a6","incident_id":"2054cf9d-82e9-4856-a1c8-16760c64228b","error_class":"EXECUTOR_ERROR"}
04:39:26.775 [main] WARN com.objwww.pr.control.alert.application.FallbackService -- NATIVE run 4622a42d-1376-4c12-b466-f19508a21dca 失败（TIMEOUT）→ 恰一次铸 HOLMES fallback run 1d94fdf4-896a-490d-be3a-3f4d037494cf
04:39:26.775 [main] INFO com.objwww.pr.control.alert.application.FallbackService -- {"event":"rca_fallback_decision","ts":"2026-09-08T20:39:26.775862318Z","outcome":"CAST","source_run_id":"4622a42d-1376-4c12-b466-f19508a21dca","incident_id":"f90ce3ae-87da-473e-8769-6ec13ed39212","error_class":"TIMEOUT"}
04:39:26.776 [main] INFO com.objwww.pr.control.alert.application.FallbackService -- {"event":"rca_fallback_decision","ts":"2026-09-08T20:39:26.776004005Z","outcome":"ALREADY_CAST","source_run_id":"4622a42d-1376-4c12-b466-f19508a21dca","incident_id":"f90ce3ae-87da-473e-8769-6ec13ed39212","error_class":"TIMEOUT"}
04:39:26.777 [main] INFO com.objwww.pr.control.alert.application.FallbackService -- {"event":"rca_fallback_decision","ts":"2026-09-08T20:39:26.777572509Z","outcome":"INCIDENT_BUSY","source_run_id":"fe0b503b-1e82-4b45-93a7-4608eef3d230","incident_id":"29f8521b-a7a3-4095-b8a7-c35457cbc5aa","error_class":"TIMEOUT"}
[INFO] Tests run: 7, Failures: 0, Errors: 0, Skipped: 0, Time elapsed: 0.010 s -- in com.objwww.pr.control.alert.application.FallbackServiceTest
[INFO] Running com.objwww.pr.control.alert.application.PublicationWinnerGateTest
04:39:26.784 [main] INFO com.objwww.pr.control.alert.application.RcaRunOrchestrator -- {"event":"rca_task_decision","ts":"2026-09-08T20:39:26.784327412Z","decision":"COMPLETED","run_id":"690fcf74-e7c2-47f0-9aa1-2df02f96fe08","task_id":"8ea888fe-7ffc-4d1a-bda5-92186fa39405","attempt_id":"b23c3470-1712-49b3-8346-ee92151934ee","latency_ms":0}
04:39:26.786 [main] INFO com.objwww.pr.control.alert.application.RcaRunOrchestrator -- {"event":"report_publication_loser","ts":"2026-09-08T20:39:26.786822080Z","report_id":"779e62f7-faef-435c-af68-89a989724feb","run_id":"247eac79-d3c8-4eb1-9bfa-937387d2e4b5","incident_id":"61a32d40-2150-43d1-9a0b-5b36cafc44a7","generation":0}
04:39:26.787 [main] INFO com.objwww.pr.control.alert.application.RcaRunOrchestrator -- report 779e62f7-faef-435c-af68-89a989724feb 输给 generation 发布赢家（incident=61a32d40-2150-43d1-9a0b-5b36cafc44a7, gen=0），落档不发布
04:39:26.787 [main] INFO com.objwww.pr.control.alert.application.RcaRunOrchestrator -- {"event":"rca_task_decision","ts":"2026-09-08T20:39:26.787089514Z","decision":"COMPLETED","run_id":"247eac79-d3c8-4eb1-9bfa-937387d2e4b5","task_id":"10116b13-804b-401c-988b-c50962b1058c","attempt_id":"96f1ed0f-8407-4eb8-85ea-703452e054e0","latency_ms":0}
[INFO] Tests run: 1, Failures: 0, Errors: 0, Skipped: 0, Time elapsed: 0.010 s -- in com.objwww.pr.control.alert.application.PublicationWinnerGateTest
[INFO] Running com.objwww.pr.control.alert.application.AlertInboxProcessorTest
04:39:26.792 [main] WARN com.objwww.pr.control.alert.application.AlertInboxProcessor -- alert_inbox 3534a11d-65e2-41c9-bbc4-0a0176c5f544 死信: payload_raw JSON 解析失败: Unexpected character ('n' (code 110)): was expecting double-quote to start field name
 at [Source: REDACTED (`StreamReadFeature.INCLUDE_SOURCE_IN_LOCATION` disabled); line: 1, column: 2]
04:39:26.812 [main] WARN com.objwww.pr.control.alert.application.AlertInboxProcessor -- alert_inbox c8ea23b6-6e25-4922-8253-280c3360c544 死信: 缺少 alertname 标签，无法铸造 incidentKey
[INFO] Tests run: 16, Failures: 0, Errors: 0, Skipped: 0, Time elapsed: 0.030 s -- in com.objwww.pr.control.alert.application.AlertInboxProcessorTest
[INFO] Running com.objwww.pr.control.alert.application.reconcile.ReconcileBudgetGateTest
[INFO] Tests run: 9, Failures: 0, Errors: 0, Skipped: 0, Time elapsed: 0.009 s -- in com.objwww.pr.control.alert.application.reconcile.ReconcileBudgetGateTest
[INFO] Running com.objwww.pr.control.alert.application.reconcile.IncidentSourceReconcilerTest
[INFO] Tests run: 6, Failures: 0, Errors: 0, Skipped: 0, Time elapsed: 0.003 s -- in com.objwww.pr.control.alert.application.reconcile.IncidentSourceReconcilerTest
[INFO] Running com.objwww.pr.control.alert.application.DeterministicSupervisorTest
04:39:26.837 [main] INFO com.objwww.pr.control.alert.application.DeterministicSupervisor -- {"event":"am4_run_reporting","ts":"2026-09-08T20:39:26.837014011Z","run_id":"910cbccc-8991-49b1-9cd2-d12077495900"}
04:39:26.837 [main] INFO com.objwww.pr.control.alert.application.DeterministicSupervisor -- run 910cbccc-8991-49b1-9cd2-d12077495900 全任务终态 → REPORTING（报告链组装）
04:39:26.844 [main] INFO com.objwww.pr.control.alert.application.DeterministicSupervisor -- {"event":"am4_run_reporting","ts":"2026-09-08T20:39:26.843814168Z","run_id":"52b7b4bd-a0c7-409e-af93-b2beea0129c6"}
04:39:26.844 [main] INFO com.objwww.pr.control.alert.application.DeterministicSupervisor -- run 52b7b4bd-a0c7-409e-af93-b2beea0129c6 全任务终态 → REPORTING（报告链组装）
04:39:26.844 [main] INFO com.objwww.pr.control.alert.application.DeterministicSupervisor -- {"event":"am4_plan_rejected","ts":"2026-09-08T20:39:26.844750902Z","run_id":"bb2f4683-5615-4dbc-8ac9-e08688ff57e6","reason":"提案成环: a -> b -> a"}
04:39:26.844 [main] WARN com.objwww.pr.control.alert.application.DeterministicSupervisor -- run bb2f4683-5615-4dbc-8ac9-e08688ff57e6 提案被确定性拒绝 → FAILED（提案成环: a -> b -> a）
04:39:26.848 [main] INFO com.objwww.pr.control.alert.application.DeterministicSupervisor -- {"event":"am4_run_reporting","ts":"2026-09-08T20:39:26.848231638Z","run_id":"eba99303-af67-4508-ae48-dbf7021d52a6"}
04:39:26.848 [main] INFO com.objwww.pr.control.alert.application.DeterministicSupervisor -- run eba99303-af67-4508-ae48-dbf7021d52a6 全任务终态 → REPORTING（报告链组装）
[INFO] Tests run: 11, Failures: 0, Errors: 0, Skipped: 0, Time elapsed: 0.014 s -- in com.objwww.pr.control.alert.application.DeterministicSupervisorTest
[INFO] Running com.objwww.pr.control.alert.application.replay.SnapshotShadowRouterTest
[INFO] Tests run: 3, Failures: 0, Errors: 0, Skipped: 0, Time elapsed: 0.007 s -- in com.objwww.pr.control.alert.application.replay.SnapshotShadowRouterTest
[INFO] Running com.objwww.pr.control.alert.application.replay.ShadowToolFaceTest
[INFO] Tests run: 4, Failures: 0, Errors: 0, Skipped: 0, Time elapsed: 0.033 s -- in com.objwww.pr.control.alert.application.replay.ShadowToolFaceTest
[INFO] Running com.objwww.pr.control.alert.application.replay.AgentReplayRunnerTest
[INFO] Tests run: 4, Failures: 0, Errors: 0, Skipped: 0, Time elapsed: 0.012 s -- in com.objwww.pr.control.alert.application.replay.AgentReplayRunnerTest
[INFO] Running com.objwww.pr.control.alert.application.replay.ReadOnlyToolFaceTest
[INFO] Tests run: 3, Failures: 0, Errors: 0, Skipped: 0, Time elapsed: 0.005 s -- in com.objwww.pr.control.alert.application.replay.ReadOnlyToolFaceTest
[INFO] Running com.objwww.pr.control.alert.application.NativeReportAdapterTest
[INFO] Tests run: 3, Failures: 0, Errors: 0, Skipped: 0, Time elapsed: 0.004 s -- in com.objwww.pr.control.alert.application.NativeReportAdapterTest
[INFO] Running com.objwww.pr.control.alert.application.ReportCompletedNotifierTest
[INFO] Tests run: 6, Failures: 0, Errors: 0, Skipped: 0, Time elapsed: 0.005 s -- in com.objwww.pr.control.alert.application.ReportCompletedNotifierTest
[INFO] Running com.objwww.pr.control.alert.interfaces.RunCommandControllerTest
04:39:26.931 [main] INFO org.springframework.mock.web.MockServletContext -- Initializing Spring TestDispatcherServlet ''
04:39:26.932 [main] INFO org.springframework.test.web.servlet.TestDispatcherServlet -- Initializing Servlet ''
04:39:26.932 [main] INFO org.springframework.test.web.servlet.TestDispatcherServlet -- Completed initialization in 0 ms
04:39:26.946 [main] INFO org.springframework.mock.web.MockServletContext -- Initializing Spring TestDispatcherServlet ''
04:39:26.947 [main] INFO org.springframework.test.web.servlet.TestDispatcherServlet -- Initializing Servlet ''
04:39:26.947 [main] INFO org.springframework.test.web.servlet.TestDispatcherServlet -- Completed initialization in 0 ms
04:39:26.960 [main] INFO org.springframework.mock.web.MockServletContext -- Initializing Spring TestDispatcherServlet ''
04:39:26.961 [main] INFO org.springframework.test.web.servlet.TestDispatcherServlet -- Initializing Servlet ''
04:39:26.961 [main] INFO org.springframework.test.web.servlet.TestDispatcherServlet -- Completed initialization in 0 ms
04:39:26.974 [main] INFO org.springframework.mock.web.MockServletContext -- Initializing Spring TestDispatcherServlet ''
04:39:26.974 [main] INFO org.springframework.test.web.servlet.TestDispatcherServlet -- Initializing Servlet ''
04:39:26.974 [main] INFO org.springframework.test.web.servlet.TestDispatcherServlet -- Completed initialization in 0 ms
[INFO] Tests run: 4, Failures: 0, Errors: 0, Skipped: 0, Time elapsed: 0.062 s -- in com.objwww.pr.control.alert.interfaces.RunCommandControllerTest
[INFO] Running com.objwww.pr.control.alert.interfaces.AlertWebhookControllerTest
04:39:26.990 [main] INFO org.springframework.mock.web.MockServletContext -- Initializing Spring TestDispatcherServlet ''
04:39:26.990 [main] INFO org.springframework.test.web.servlet.TestDispatcherServlet -- Initializing Servlet ''
04:39:26.990 [main] INFO org.springframework.test.web.servlet.TestDispatcherServlet -- Completed initialization in 0 ms
04:39:27.001 [main] INFO org.springframework.mock.web.MockServletContext -- Initializing Spring TestDispatcherServlet ''
04:39:27.001 [main] INFO org.springframework.test.web.servlet.TestDispatcherServlet -- Initializing Servlet ''
04:39:27.001 [main] INFO org.springframework.test.web.servlet.TestDispatcherServlet -- Completed initialization in 0 ms
04:39:27.011 [main] INFO org.springframework.mock.web.MockServletContext -- Initializing Spring TestDispatcherServlet ''
04:39:27.011 [main] INFO org.springframework.test.web.servlet.TestDispatcherServlet -- Initializing Servlet ''
04:39:27.011 [main] INFO org.springframework.test.web.servlet.TestDispatcherServlet -- Completed initialization in 0 ms
04:39:27.023 [main] INFO org.springframework.mock.web.MockServletContext -- Initializing Spring TestDispatcherServlet ''
04:39:27.023 [main] INFO org.springframework.test.web.servlet.TestDispatcherServlet -- Initializing Servlet ''
04:39:27.023 [main] INFO org.springframework.test.web.servlet.TestDispatcherServlet -- Completed initialization in 0 ms
04:39:27.030 [main] INFO org.springframework.mock.web.MockServletContext -- Initializing Spring TestDispatcherServlet ''
04:39:27.030 [main] INFO org.springframework.test.web.servlet.TestDispatcherServlet -- Initializing Servlet ''
04:39:27.030 [main] INFO org.springframework.test.web.servlet.TestDispatcherServlet -- Completed initialization in 0 ms
04:39:27.033 [main] INFO org.springframework.mock.web.MockServletContext -- Initializing Spring TestDispatcherServlet ''
04:39:27.033 [main] INFO org.springframework.test.web.servlet.TestDispatcherServlet -- Initializing Servlet ''
04:39:27.033 [main] INFO org.springframework.test.web.servlet.TestDispatcherServlet -- Completed initialization in 0 ms
04:39:27.043 [main] INFO org.springframework.mock.web.MockServletContext -- Initializing Spring TestDispatcherServlet ''
04:39:27.043 [main] INFO org.springframework.test.web.servlet.TestDispatcherServlet -- Initializing Servlet ''
04:39:27.043 [main] INFO org.springframework.test.web.servlet.TestDispatcherServlet -- Completed initialization in 0 ms
04:39:27.051 [main] INFO org.springframework.mock.web.MockServletContext -- Initializing Spring TestDispatcherServlet ''
04:39:27.051 [main] INFO org.springframework.test.web.servlet.TestDispatcherServlet -- Initializing Servlet ''
04:39:27.051 [main] INFO org.springframework.test.web.servlet.TestDispatcherServlet -- Completed initialization in 0 ms
04:39:27.054 [main] INFO org.springframework.mock.web.MockServletContext -- Initializing Spring TestDispatcherServlet ''
04:39:27.054 [main] INFO org.springframework.test.web.servlet.TestDispatcherServlet -- Initializing Servlet ''
04:39:27.054 [main] INFO org.springframework.test.web.servlet.TestDispatcherServlet -- Completed initialization in 0 ms
04:39:27.060 [main] INFO org.springframework.mock.web.MockServletContext -- Initializing Spring TestDispatcherServlet ''
04:39:27.060 [main] INFO org.springframework.test.web.servlet.TestDispatcherServlet -- Initializing Servlet ''
04:39:27.061 [main] INFO org.springframework.test.web.servlet.TestDispatcherServlet -- Completed initialization in 1 ms
04:39:27.066 [main] INFO org.springframework.mock.web.MockServletContext -- Initializing Spring TestDispatcherServlet ''
04:39:27.066 [main] INFO org.springframework.test.web.servlet.TestDispatcherServlet -- Initializing Servlet ''
04:39:27.067 [main] INFO org.springframework.test.web.servlet.TestDispatcherServlet -- Completed initialization in 1 ms
04:39:27.073 [main] INFO org.springframework.mock.web.MockServletContext -- Initializing Spring TestDispatcherServlet ''
04:39:27.073 [main] INFO org.springframework.test.web.servlet.TestDispatcherServlet -- Initializing Servlet ''
04:39:27.073 [main] INFO org.springframework.test.web.servlet.TestDispatcherServlet -- Completed initialization in 0 ms
04:39:27.075 [main] INFO com.objwww.pr.control.alert.application.ControlAlertRouter -- {"event":"CONTROL_ALERT_REJECTED","ts":"2026-09-08T20:39:27.075136169Z","receiver":"control-app","gate":"identity"}
04:39:27.079 [main] INFO org.springframework.mock.web.MockServletContext -- Initializing Spring TestDispatcherServlet ''
04:39:27.079 [main] INFO org.springframework.test.web.servlet.TestDispatcherServlet -- Initializing Servlet ''
04:39:27.079 [main] INFO org.springframework.test.web.servlet.TestDispatcherServlet -- Completed initialization in 0 ms
04:39:27.087 [main] INFO org.springframework.mock.web.MockServletContext -- Initializing Spring TestDispatcherServlet ''
04:39:27.087 [main] INFO org.springframework.test.web.servlet.TestDispatcherServlet -- Initializing Servlet ''
04:39:27.087 [main] INFO org.springframework.test.web.servlet.TestDispatcherServlet -- Completed initialization in 0 ms
04:39:27.089 [main] INFO com.objwww.pr.control.alert.application.ControlAlertRouter -- {"event":"CONTROL_ALERT_ONCALL","ts":"2026-09-08T20:39:27.089279717Z","inbox_id":"9e257945-7e74-4999-9213-6effe43ab666","receiver":"rca-oncall","group_key":"g:RCA_SYSTEM:collector","alertnames":"RCA_SYSTEM_CollectorDown","scopes":"rca_system","alert_count":1}
04:39:27.094 [main] INFO org.springframework.mock.web.MockServletContext -- Initializing Spring TestDispatcherServlet ''
04:39:27.094 [main] INFO org.springframework.test.web.servlet.TestDispatcherServlet -- Initializing Servlet ''
04:39:27.095 [main] INFO org.springframework.test.web.servlet.TestDispatcherServlet -- Completed initialization in 1 ms
04:39:27.104 [main] INFO org.springframework.mock.web.MockServletContext -- Initializing Spring TestDispatcherServlet ''
04:39:27.104 [main] INFO org.springframework.test.web.servlet.TestDispatcherServlet -- Initializing Servlet ''
04:39:27.104 [main] INFO org.springframework.test.web.servlet.TestDispatcherServlet -- Completed initialization in 0 ms
04:39:27.109 [main] INFO org.springframework.mock.web.MockServletContext -- Initializing Spring TestDispatcherServlet ''
04:39:27.109 [main] INFO org.springframework.test.web.servlet.TestDispatcherServlet -- Initializing Servlet ''
04:39:27.109 [main] INFO org.springframework.test.web.servlet.TestDispatcherServlet -- Completed initialization in 0 ms
04:39:27.111 [main] WARN com.objwww.pr.control.alert.interfaces.AlertWebhookController -- 整组无法持久化，返回 503: db down
[INFO] Tests run: 13, Failures: 0, Errors: 0, Skipped: 0, Time elapsed: 0.130 s -- in com.objwww.pr.control.alert.interfaces.AlertWebhookControllerTest
[INFO] Running com.objwww.pr.control.alert.interfaces.EventQueryControllerTest
04:39:27.123 [main] INFO org.springframework.mock.web.MockServletContext -- Initializing Spring TestDispatcherServlet ''
04:39:27.123 [main] INFO org.springframework.test.web.servlet.TestDispatcherServlet -- Initializing Servlet ''
04:39:27.123 [main] INFO org.springframework.test.web.servlet.TestDispatcherServlet -- Completed initialization in 0 ms
04:39:27.146 [main] INFO org.springframework.mock.web.MockServletContext -- Initializing Spring TestDispatcherServlet ''
04:39:27.146 [main] INFO org.springframework.test.web.servlet.TestDispatcherServlet -- Initializing Servlet ''
04:39:27.147 [main] INFO org.springframework.test.web.servlet.TestDispatcherServlet -- Completed initialization in 1 ms
04:39:27.161 [main] INFO org.springframework.mock.web.MockServletContext -- Initializing Spring TestDispatcherServlet ''
04:39:27.161 [main] INFO org.springframework.test.web.servlet.TestDispatcherServlet -- Initializing Servlet ''
04:39:27.161 [main] INFO org.springframework.test.web.servlet.TestDispatcherServlet -- Completed initialization in 0 ms
04:39:27.178 [main] INFO org.springframework.mock.web.MockServletContext -- Initializing Spring TestDispatcherServlet ''
04:39:27.178 [main] INFO org.springframework.test.web.servlet.TestDispatcherServlet -- Initializing Servlet ''
04:39:27.178 [main] INFO org.springframework.test.web.servlet.TestDispatcherServlet -- Completed initialization in 0 ms
04:39:27.197 [main] INFO org.springframework.mock.web.MockServletContext -- Initializing Spring TestDispatcherServlet ''
04:39:27.197 [main] INFO org.springframework.test.web.servlet.TestDispatcherServlet -- Initializing Servlet ''
04:39:27.197 [main] INFO org.springframework.test.web.servlet.TestDispatcherServlet -- Completed initialization in 0 ms
04:39:27.223 [main] INFO org.springframework.mock.web.MockServletContext -- Initializing Spring TestDispatcherServlet ''
04:39:27.223 [main] INFO org.springframework.test.web.servlet.TestDispatcherServlet -- Initializing Servlet ''
04:39:27.223 [main] INFO org.springframework.test.web.servlet.TestDispatcherServlet -- Completed initialization in 0 ms
[INFO] Tests run: 6, Failures: 0, Errors: 0, Skipped: 0, Time elapsed: 0.113 s -- in com.objwww.pr.control.alert.interfaces.EventQueryControllerTest
[INFO] Running com.objwww.pr.control.alert.support.AlertInMemoryStoresTest
[INFO] Tests run: 6, Failures: 0, Errors: 0, Skipped: 0, Time elapsed: 0.004 s -- in com.objwww.pr.control.alert.support.AlertInMemoryStoresTest
[INFO] Running com.objwww.pr.control.application.SnapshotServiceTest
[INFO] Tests run: 3, Failures: 0, Errors: 0, Skipped: 0, Time elapsed: 0.030 s -- in com.objwww.pr.control.application.SnapshotServiceTest
[INFO] Running com.objwww.pr.control.application.IntakeServiceTest
04:39:27.329 [main] INFO com.objwww.pr.control.application.IntakeService -- webhook 重投幂等返回 delivery=d-1 run=11581889-69f3-4f3b-bf8a-f097635c6a1c
[INFO] Tests run: 2, Failures: 0, Errors: 0, Skipped: 0, Time elapsed: 0.067 s -- in com.objwww.pr.control.application.IntakeServiceTest
[INFO] Running com.objwww.pr.control.application.ModelGatewayTest
04:39:27.335 [main] WARN com.objwww.pr.control.application.ModelGateway -- 账本 STARTED 写失败，零触网（D5）: RuntimeException
04:39:27.348 [main] WARN com.objwww.pr.control.application.ModelGateway -- 账本终态写失败（SUCCEEDED），转 UNKNOWN 语义: RuntimeException
[INFO] Tests run: 10, Failures: 0, Errors: 0, Skipped: 0, Time elapsed: 0.020 s -- in com.objwww.pr.control.application.ModelGatewayTest
[INFO] Running com.objwww.pr.control.application.ReviewOrchestratorT1Test
[INFO] Tests run: 4, Failures: 0, Errors: 0, Skipped: 0, Time elapsed: 0.006 s -- in com.objwww.pr.control.application.ReviewOrchestratorT1Test
[INFO] Running com.objwww.pr.control.application.ReviewOrchestratorT2Test
[INFO] Tests run: 5, Failures: 0, Errors: 0, Skipped: 0, Time elapsed: 0.017 s -- in com.objwww.pr.control.application.ReviewOrchestratorT2Test
[INFO] Running com.objwww.pr.control.application.ReviewStepExecutorTest
[INFO] Tests run: 7, Failures: 0, Errors: 0, Skipped: 0, Time elapsed: 0.014 s -- in com.objwww.pr.control.application.ReviewStepExecutorTest
[INFO] Running com.objwww.pr.control.application.WorkItemWorkerTest
04:39:27.415 [lease-heartbeat] WARN com.objwww.pr.control.application.WorkItemWorker -- 租约心跳失效，停止执行: work_item=539935a9-8cf9-4da4-9025-1ee2e8b6a47b
[INFO] Tests run: 11, Failures: 0, Errors: 0, Skipped: 0, Time elapsed: 0.035 s -- in com.objwww.pr.control.application.WorkItemWorkerTest
[INFO] Running com.objwww.pr.control.application.OutboxWriterTest
[INFO] Tests run: 7, Failures: 0, Errors: 0, Skipped: 0, Time elapsed: 0.004 s -- in com.objwww.pr.control.application.OutboxWriterTest
[INFO] Running com.objwww.pr.control.ControlContextSmokeTest
04:39:27.461 [main] INFO org.springframework.test.context.support.AnnotationConfigContextLoaderUtils -- Could not detect default configuration classes for test class [com.objwww.pr.control.ControlContextSmokeTest]: ControlContextSmokeTest does not declare any static, non-private, non-final, nested classes annotated with @Configuration.
04:39:27.559 [main] INFO org.springframework.boot.test.context.SpringBootTestContextBootstrapper -- Found @SpringBootConfiguration com.objwww.pr.control.ControlApplication for test class com.objwww.pr.control.ControlContextSmokeTest

  .   ____          _            __ _ _
 /\\ / ___'_ __ _ _(_)_ __  __ _ \ \ \ \
( ( )\___ | '_ | '_| | '_ \/ _` | \ \ \ \
 \\/  ___)| |_)| | | | | || (_| |  ) ) ) )
  '  |____| .__|_| |_|_| |_\__, | / / / /
 =========|_|==============|___/=/_/_/_/

 :: Spring Boot ::                (v3.4.5)

2026-09-09T04:39:27.825+08:00  INFO 25087 --- [control-app] [           main] [                                                 ] c.o.pr.control.ControlContextSmokeTest   : Starting ControlContextSmokeTest using Java 21.0.12.1 with PID 25087 (started by root in /opt/projects/pr_agent_it/control-app)
2026-09-09T04:39:27.827+08:00  INFO 25087 --- [control-app] [           main] [                                                 ] c.o.pr.control.ControlContextSmokeTest   : No active profile set, falling back to 1 default profile: "default"
2026-09-09T04:39:29.862+08:00  INFO 25087 --- [control-app] [           main] [                                                 ] o.s.b.a.e.web.EndpointLinksResolver      : Exposing 3 endpoints beneath base path '/actuator'
2026-09-09T04:39:29.911+08:00  INFO 25087 --- [control-app] [           main] [                                                 ] c.o.pr.control.ControlContextSmokeTest   : Started ControlContextSmokeTest in 2.281 seconds (process running for 18.341)
[INFO] Tests run: 1, Failures: 0, Errors: 0, Skipped: 0, Time elapsed: 2.574 s -- in com.objwww.pr.control.ControlContextSmokeTest
[INFO] Running com.objwww.pr.control.ops.domain.statemachine.OperatorCaseStateMachineTest
[INFO] Tests run: 4, Failures: 0, Errors: 0, Skipped: 0, Time elapsed: 0.005 s -- in com.objwww.pr.control.ops.domain.statemachine.OperatorCaseStateMachineTest
[INFO] Running com.objwww.pr.control.ops.domain.model.RetentionPolicyTest
[INFO] Tests run: 5, Failures: 0, Errors: 0, Skipped: 0, Time elapsed: 0.003 s -- in com.objwww.pr.control.ops.domain.model.RetentionPolicyTest
[INFO] Running com.objwww.pr.control.ops.application.ArchiveServiceTest
2026-09-09T04:39:30.026+08:00  INFO 25087 --- [control-app] [           main] [                                                 ] c.o.p.c.ops.application.ArchiveService   : CONTROL_ARCHIVE_REJECTED table=rca_event partition=rca_event_2026_07 gate=verify_failed
2026-09-09T04:39:30.028+08:00  INFO 25087 --- [control-app] [           main] [                                                 ] c.o.p.c.ops.application.ArchiveService   : CONTROL_ARCHIVE_REJECTED table=rca_event partition=rca_event_2026_07 gate=legal_hold
2026-09-09T04:39:30.029+08:00  INFO 25087 --- [control-app] [           main] [                                                 ] c.o.p.c.ops.application.ArchiveService   : CONTROL_ARCHIVE_REJECTED table=rca_event partition=rca_event_2026_07 gate=export_failed
[INFO] Tests run: 7, Failures: 0, Errors: 0, Skipped: 0, Time elapsed: 0.008 s -- in com.objwww.pr.control.ops.application.ArchiveServiceTest
[INFO] Running com.objwww.pr.control.ops.application.RetentionServiceTest
[INFO] Tests run: 8, Failures: 0, Errors: 0, Skipped: 0, Time elapsed: 0.005 s -- in com.objwww.pr.control.ops.application.RetentionServiceTest
[INFO] Running com.objwww.pr.control.ops.application.OperatorCaseServiceTest
2026-09-09T04:39:30.040+08:00  INFO 25087 --- [control-app] [           main] [                                                 ] c.o.p.c.o.a.OperatorCaseService          : {"event":"operator_case_transition","ts":"2026-09-08T20:39:30.038995728Z","caseId":"dea943ee-6d85-4e1f-a8db-b62a451459ef","rule":"T00_CREATE","to":"OPEN","revision":1}
2026-09-09T04:39:30.042+08:00  INFO 25087 --- [control-app] [           main] [                                                 ] c.o.p.c.o.a.OperatorCaseService          : {"event":"operator_case_transition","ts":"2026-09-08T20:39:30.041987572Z","caseId":"dea943ee-6d85-4e1f-a8db-b62a451459ef","rule":"T10_CLAIM","to":"ACKED","revision":2}
2026-09-09T04:39:30.043+08:00  INFO 25087 --- [control-app] [           main] [                                                 ] c.o.p.c.o.a.OperatorCaseService          : {"event":"operator_case_transition","ts":"2026-09-08T20:39:30.042943162Z","caseId":"dea943ee-6d85-4e1f-a8db-b62a451459ef","rule":"T31_RESOLVE","to":"RESOLVED","revision":3}
2026-09-09T04:39:30.044+08:00  INFO 25087 --- [control-app] [           main] [                                                 ] c.o.p.c.o.a.OperatorCaseService          : {"event":"operator_case_transition","ts":"2026-09-08T20:39:30.044065616Z","caseId":"68b4f4bb-eda8-4c73-b8c1-6ac7ebcc5fa9","rule":"T00_CREATE","to":"OPEN","revision":1}
2026-09-09T04:39:30.044+08:00  INFO 25087 --- [control-app] [           main] [                                                 ] c.o.p.c.o.a.OperatorCaseService          : {"event":"operator_case_transition","ts":"2026-09-08T20:39:30.044495396Z","caseId":"68b4f4bb-eda8-4c73-b8c1-6ac7ebcc5fa9","rule":"T50_MERGE","to":"OPEN","revision":2}
2026-09-09T04:39:30.045+08:00  INFO 25087 --- [control-app] [           main] [                                                 ] c.o.p.c.o.a.OperatorCaseService          : {"event":"operator_case_transition","ts":"2026-09-08T20:39:30.045241361Z","caseId":"8f4c4616-2fcf-4037-b60e-915e9a133718","rule":"T00_CREATE","to":"OPEN","revision":1}
2026-09-09T04:39:30.045+08:00  INFO 25087 --- [control-app] [           main] [                                                 ] c.o.p.c.o.a.OperatorCaseService          : {"event":"operator_case_transition","ts":"2026-09-08T20:39:30.045887147Z","caseId":"8f4c4616-2fcf-4037-b60e-915e9a133718","rule":"T40_ASSIGN","to":"OPEN","revision":2}
2026-09-09T04:39:30.046+08:00  INFO 25087 --- [control-app] [           main] [                                                 ] c.o.p.c.o.a.OperatorCaseService          : {"event":"operator_case_transition","ts":"2026-09-08T20:39:30.046464454Z","caseId":"f0b8b7b0-2570-4cee-ad9b-ada6afd0b31d","rule":"T00_CREATE","to":"OPEN","revision":1}
2026-09-09T04:39:30.046+08:00  INFO 25087 --- [control-app] [           main] [                                                 ] c.o.p.c.o.a.OperatorCaseService          : {"event":"operator_case_transition","ts":"2026-09-08T20:39:30.046694698Z","caseId":"f0b8b7b0-2570-4cee-ad9b-ada6afd0b31d","rule":"T10_CLAIM","to":"ACKED","revision":2}
2026-09-09T04:39:30.047+08:00  INFO 25087 --- [control-app] [           main] [                                                 ] c.o.p.c.o.a.OperatorCaseService          : {"event":"operator_case_transition","ts":"2026-09-08T20:39:30.047421065Z","caseId":"727dfbf3-4447-498f-b9f2-d041d7538843","rule":"T00_CREATE","to":"OPEN","revision":1}
2026-09-09T04:39:30.047+08:00  INFO 25087 --- [control-app] [           main] [                                                 ] c.o.p.c.o.a.OperatorCaseService          : {"event":"operator_case_transition","ts":"2026-09-08T20:39:30.047661128Z","caseId":"727dfbf3-4447-498f-b9f2-d041d7538843","rule":"T30_RESOLVE","to":"RESOLVED","revision":2}
2026-09-09T04:39:30.048+08:00  INFO 25087 --- [control-app] [           main] [                                                 ] c.o.p.c.o.a.OperatorCaseService          : {"event":"operator_case_transition","ts":"2026-09-08T20:39:30.048915080Z","caseId":"719c6aa8-62be-48b1-a282-dd410c93b97e","rule":"T00_CREATE","to":"OPEN","revision":1}
2026-09-09T04:39:30.049+08:00  INFO 25087 --- [control-app] [           main] [                                                 ] c.o.p.c.o.a.OperatorCaseService          : {"event":"operator_case_transition","ts":"2026-09-08T20:39:30.049138521Z","caseId":"719c6aa8-62be-48b1-a282-dd410c93b97e","rule":"T60_ESCALATE","to":"OPEN","revision":2}
2026-09-09T04:39:30.049+08:00  INFO 25087 --- [control-app] [           main] [                                                 ] c.o.p.c.o.a.OperatorCaseService          : {"event":"operator_case_transition","ts":"2026-09-08T20:39:30.049691252Z","caseId":"c2577e2a-048a-4f3a-b3f2-105063815b70","rule":"T00_CREATE","to":"OPEN","revision":1}
2026-09-09T04:39:30.049+08:00  INFO 25087 --- [control-app] [           main] [                                                 ] c.o.p.c.o.a.OperatorCaseService          : {"event":"operator_case_transition","ts":"2026-09-08T20:39:30.049865500Z","caseId":"c2577e2a-048a-4f3a-b3f2-105063815b70","rule":"T10_CLAIM","to":"ACKED","revision":2}
2026-09-09T04:39:30.050+08:00  INFO 25087 --- [control-app] [           main] [                                                 ] c.o.p.c.o.a.OperatorCaseService          : {"event":"operator_case_transition","ts":"2026-09-08T20:39:30.050026543Z","caseId":"c2577e2a-048a-4f3a-b3f2-105063815b70","rule":"T31_RESOLVE","to":"RESOLVED","revision":3}
2026-09-09T04:39:30.050+08:00  INFO 25087 --- [control-app] [           main] [                                                 ] c.o.p.c.o.a.OperatorCaseService          : {"event":"operator_case_transition","ts":"2026-09-08T20:39:30.050311019Z","caseId":"c2577e2a-048a-4f3a-b3f2-105063815b70","rule":"T52_MERGE","to":"RESOLVED","revision":4}
2026-09-09T04:39:30.051+08:00  INFO 25087 --- [control-app] [           main] [                                                 ] c.o.p.c.o.a.OperatorCaseService          : {"event":"operator_case_transition","ts":"2026-09-08T20:39:30.050954901Z","caseId":"01edeed7-b106-4a34-9444-ae477a645f4f","rule":"T00_CREATE","to":"OPEN","revision":1}
2026-09-09T04:39:30.051+08:00  INFO 25087 --- [control-app] [           main] [                                                 ] c.o.p.c.o.a.OperatorCaseService          : {"event":"operator_case_transition","ts":"2026-09-08T20:39:30.051590358Z","caseId":"4f7240d7-640f-4526-97ce-dd2b99937895","rule":"T00_CREATE","to":"OPEN","revision":1}
2026-09-09T04:39:30.051+08:00  INFO 25087 --- [control-app] [           main] [                                                 ] c.o.p.c.o.a.OperatorCaseService          : {"event":"operator_case_transition","ts":"2026-09-08T20:39:30.051781178Z","caseId":"4f7240d7-640f-4526-97ce-dd2b99937895","rule":"T10_CLAIM","to":"ACKED","revision":2}
2026-09-09T04:39:30.052+08:00  INFO 25087 --- [control-app] [           main] [                                                 ] c.o.p.c.o.a.OperatorCaseService          : {"event":"operator_case_transition","ts":"2026-09-08T20:39:30.052705248Z","caseId":"e6381e07-2aff-4caa-9812-d54574911f5d","rule":"T00_CREATE","to":"OPEN","revision":1}
2026-09-09T04:39:30.052+08:00  INFO 25087 --- [control-app] [           main] [                                                 ] c.o.p.c.o.a.OperatorCaseService          : {"event":"operator_case_transition","ts":"2026-09-08T20:39:30.052923298Z","caseId":"e6381e07-2aff-4caa-9812-d54574911f5d","rule":"T10_CLAIM","to":"ACKED","revision":2}
2026-09-09T04:39:30.053+08:00  INFO 25087 --- [control-app] [           main] [                                                 ] c.o.p.c.o.a.OperatorCaseService          : {"event":"operator_case_transition","ts":"2026-09-08T20:39:30.053518019Z","caseId":"f8a6695e-9a67-4f2d-b545-8c0d48f8478b","rule":"T00_CREATE","to":"OPEN","revision":1}
2026-09-09T04:39:30.053+08:00  INFO 25087 --- [control-app] [           main] [                                                 ] c.o.p.c.o.a.OperatorCaseService          : {"event":"operator_case_transition","ts":"2026-09-08T20:39:30.053810199Z","caseId":"f8a6695e-9a67-4f2d-b545-8c0d48f8478b","rule":"T50_MERGE","to":"OPEN","revision":2}
2026-09-09T04:39:30.054+08:00  INFO 25087 --- [control-app] [           main] [                                                 ] c.o.p.c.o.a.OperatorCaseService          : {"event":"operator_case_transition","ts":"2026-09-08T20:39:30.054140812Z","caseId":"f8a6695e-9a67-4f2d-b545-8c0d48f8478b","rule":"T50_MERGE","to":"OPEN","revision":3}
2026-09-09T04:39:30.054+08:00  INFO 25087 --- [control-app] [           main] [                                                 ] c.o.p.c.o.a.OperatorCaseService          : {"event":"operator_case_transition","ts":"2026-09-08T20:39:30.054879082Z","caseId":"cce1e115-053d-40c5-828f-a05d84b86c4f","rule":"T00_CREATE","to":"OPEN","revision":1}
2026-09-09T04:39:30.055+08:00  INFO 25087 --- [control-app] [           main] [                                                 ] c.o.p.c.o.a.OperatorCaseService          : {"event":"operator_case_transition","ts":"2026-09-08T20:39:30.055075572Z","caseId":"cce1e115-053d-40c5-828f-a05d84b86c4f","rule":"T60_ESCALATE","to":"OPEN","revision":2}
2026-09-09T04:39:30.056+08:00  INFO 25087 --- [control-app] [           main] [                                                 ] c.o.p.c.o.a.OperatorCaseService          : {"event":"operator_case_transition","ts":"2026-09-08T20:39:30.055945691Z","caseId":"bcc86c87-94a5-4920-832b-4e48f6124aa9","rule":"T00_CREATE","to":"OPEN","revision":1}
2026-09-09T04:39:30.056+08:00  INFO 25087 --- [control-app] [           main] [                                                 ] c.o.p.c.o.a.OperatorCaseService          : {"event":"operator_case_transition","ts":"2026-09-08T20:39:30.056146339Z","caseId":"bcc86c87-94a5-4920-832b-4e48f6124aa9","rule":"T10_CLAIM","to":"ACKED","revision":2}
2026-09-09T04:39:30.056+08:00  INFO 25087 --- [control-app] [           main] [                                                 ] c.o.p.c.o.a.OperatorCaseService          : {"event":"operator_case_transition","ts":"2026-09-08T20:39:30.056665687Z","caseId":"bcc86c87-94a5-4920-832b-4e48f6124aa9","rule":"T31_RESOLVE","to":"RESOLVED","revision":3}
2026-09-09T04:39:30.057+08:00  INFO 25087 --- [control-app] [           main] [                                                 ] c.o.p.c.o.a.OperatorCaseService          : {"event":"operator_case_transition","ts":"2026-09-08T20:39:30.057326732Z","caseId":"ebe24649-8c5f-45ed-9c14-548f4ca5e962","rule":"T00_CREATE","to":"OPEN","revision":1}
2026-09-09T04:39:30.057+08:00  INFO 25087 --- [control-app] [           main] [                                                 ] c.o.p.c.o.a.OperatorCaseService          : {"event":"operator_case_transition","ts":"2026-09-08T20:39:30.057550163Z","caseId":"ebe24649-8c5f-45ed-9c14-548f4ca5e962","rule":"T40_ASSIGN","to":"OPEN","revision":2}
2026-09-09T04:39:30.058+08:00  INFO 25087 --- [control-app] [           main] [                                                 ] c.o.p.c.o.a.OperatorCaseService          : {"event":"operator_case_transition","ts":"2026-09-08T20:39:30.058817621Z","caseId":"dfbcc2d3-f08a-400c-b920-9b7566556302","rule":"T00_CREATE","to":"OPEN","revision":1}
2026-09-09T04:39:30.059+08:00  INFO 25087 --- [control-app] [           main] [                                                 ] c.o.p.c.o.a.OperatorCaseService          : {"event":"operator_case_transition","ts":"2026-09-08T20:39:30.059054145Z","caseId":"dfbcc2d3-f08a-400c-b920-9b7566556302","rule":"T10_CLAIM","to":"ACKED","revision":2}
[INFO] Tests run: 16, Failures: 0, Errors: 0, Skipped: 0, Time elapsed: 0.024 s -- in com.objwww.pr.control.ops.application.OperatorCaseServiceTest
[INFO] Running com.objwww.pr.control.ops.interfaces.OperatorApiControllerTest
2026-09-09T04:39:30.069+08:00  INFO 25087 --- [control-app] [           main] [                                                 ] o.s.mock.web.MockServletContext          : Initializing Spring TestDispatcherServlet ''
2026-09-09T04:39:30.069+08:00  INFO 25087 --- [control-app] [           main] [                                                 ] o.s.t.web.servlet.TestDispatcherServlet  : Initializing Servlet ''
2026-09-09T04:39:30.069+08:00  INFO 25087 --- [control-app] [           main] [                                                 ] o.s.t.web.servlet.TestDispatcherServlet  : Completed initialization in 0 ms
2026-09-09T04:39:30.078+08:00  INFO 25087 --- [control-app] [           main] [                                                 ] o.s.mock.web.MockServletContext          : Initializing Spring TestDispatcherServlet ''
2026-09-09T04:39:30.078+08:00  INFO 25087 --- [control-app] [           main] [                                                 ] o.s.t.web.servlet.TestDispatcherServlet  : Initializing Servlet ''
2026-09-09T04:39:30.078+08:00  INFO 25087 --- [control-app] [           main] [                                                 ] o.s.t.web.servlet.TestDispatcherServlet  : Completed initialization in 0 ms
2026-09-09T04:39:30.089+08:00  INFO 25087 --- [control-app] [           main] [                                                 ] o.s.mock.web.MockServletContext          : Initializing Spring TestDispatcherServlet ''
2026-09-09T04:39:30.089+08:00  INFO 25087 --- [control-app] [           main] [                                                 ] o.s.t.web.servlet.TestDispatcherServlet  : Initializing Servlet ''
2026-09-09T04:39:30.090+08:00  INFO 25087 --- [control-app] [           main] [                                                 ] o.s.t.web.servlet.TestDispatcherServlet  : Completed initialization in 0 ms
2026-09-09T04:39:30.090+08:00  INFO 25087 --- [control-app] [           main] [                                                 ] c.o.p.c.o.a.OperatorCaseService          : {"event":"operator_case_transition","ts":"2026-09-08T20:39:30.090649202Z","caseId":"34c29920-e94d-40d4-82e4-f9c1865e9d86","rule":"T00_CREATE","to":"OPEN","revision":1}
2026-09-09T04:39:30.091+08:00  INFO 25087 --- [control-app] [           main] [                                                 ] c.o.p.c.o.a.OperatorCaseService          : {"event":"operator_case_transition","ts":"2026-09-08T20:39:30.090977239Z","caseId":"dad48689-3917-48e7-93b3-68aded854e93","rule":"T00_CREATE","to":"OPEN","revision":1}
2026-09-09T04:39:30.091+08:00  INFO 25087 --- [control-app] [           main] [                                                 ] c.o.p.c.o.a.OperatorCaseService          : {"event":"operator_case_transition","ts":"2026-09-08T20:39:30.091163951Z","caseId":"dad48689-3917-48e7-93b3-68aded854e93","rule":"T10_CLAIM","to":"ACKED","revision":2}
2026-09-09T04:39:30.091+08:00  INFO 25087 --- [control-app] [           main] [                                                 ] c.o.p.c.o.a.OperatorCaseService          : {"event":"operator_case_transition","ts":"2026-09-08T20:39:30.091365651Z","caseId":"2ea1cf77-f7ce-46db-a728-7ae9032a7e16","rule":"T00_CREATE","to":"OPEN","revision":1}
2026-09-09T04:39:30.091+08:00  INFO 25087 --- [control-app] [           main] [                                                 ] c.o.p.c.o.a.OperatorCaseService          : {"event":"operator_case_transition","ts":"2026-09-08T20:39:30.091552683Z","caseId":"ffaed1c3-9645-42cf-bf68-0a9dbdd628f3","rule":"T00_CREATE","to":"OPEN","revision":1}
2026-09-09T04:39:30.091+08:00  INFO 25087 --- [control-app] [           main] [                                                 ] c.o.p.c.o.a.OperatorCaseService          : {"event":"operator_case_transition","ts":"2026-09-08T20:39:30.091695021Z","caseId":"ffaed1c3-9645-42cf-bf68-0a9dbdd628f3","rule":"T10_CLAIM","to":"ACKED","revision":2}
2026-09-09T04:39:30.091+08:00  INFO 25087 --- [control-app] [           main] [                                                 ] c.o.p.c.o.a.OperatorCaseService          : {"event":"operator_case_transition","ts":"2026-09-08T20:39:30.091939201Z","caseId":"a3f0b505-e46b-4612-a6b1-648fb7732ce6","rule":"T00_CREATE","to":"OPEN","revision":1}
2026-09-09T04:39:30.092+08:00  INFO 25087 --- [control-app] [           main] [                                                 ] c.o.p.c.o.a.OperatorCaseService          : {"event":"operator_case_transition","ts":"2026-09-08T20:39:30.092103Z","caseId":"a3f0b505-e46b-4612-a6b1-648fb7732ce6","rule":"T30_RESOLVE","to":"RESOLVED","revision":2}
2026-09-09T04:39:30.099+08:00  INFO 25087 --- [control-app] [           main] [                                                 ] o.s.mock.web.MockServletContext          : Initializing Spring TestDispatcherServlet ''
2026-09-09T04:39:30.099+08:00  INFO 25087 --- [control-app] [           main] [                                                 ] o.s.t.web.servlet.TestDispatcherServlet  : Initializing Servlet ''
2026-09-09T04:39:30.099+08:00  INFO 25087 --- [control-app] [           main] [                                                 ] o.s.t.web.servlet.TestDispatcherServlet  : Completed initialization in 0 ms
2026-09-09T04:39:30.100+08:00  INFO 25087 --- [control-app] [           main] [                                                 ] c.o.p.c.o.a.OperatorCaseService          : {"event":"operator_case_transition","ts":"2026-09-08T20:39:30.099981818Z","caseId":"8732560d-8c63-4aea-95ee-ebcf8ec10187","rule":"T00_CREATE","to":"OPEN","revision":1}
2026-09-09T04:39:30.100+08:00  INFO 25087 --- [control-app] [           main] [                                                 ] c.o.p.c.o.a.OperatorCaseService          : {"event":"operator_case_transition","ts":"2026-09-08T20:39:30.100226329Z","caseId":"8732560d-8c63-4aea-95ee-ebcf8ec10187","rule":"T10_CLAIM","to":"ACKED","revision":2}
2026-09-09T04:39:30.103+08:00  INFO 25087 --- [control-app] [           main] [                                                 ] c.o.p.c.o.i.OperatorApiController        : operator-case resolve: case=8732560d-8c63-4aea-95ee-ebcf8ec10187 idem-key=ui-5 operator=operator-a
2026-09-09T04:39:30.103+08:00  INFO 25087 --- [control-app] [           main] [                                                 ] c.o.p.c.o.a.OperatorCaseService          : {"event":"operator_case_transition","ts":"2026-09-08T20:39:30.103621023Z","caseId":"8732560d-8c63-4aea-95ee-ebcf8ec10187","rule":"T31_RESOLVE","to":"RESOLVED","revision":3}
2026-09-09T04:39:30.111+08:00  INFO 25087 --- [control-app] [           main] [                                                 ] o.s.mock.web.MockServletContext          : Initializing Spring TestDispatcherServlet ''
2026-09-09T04:39:30.111+08:00  INFO 25087 --- [control-app] [           main] [                                                 ] o.s.t.web.servlet.TestDispatcherServlet  : Initializing Servlet ''
2026-09-09T04:39:30.111+08:00  INFO 25087 --- [control-app] [           main] [                                                 ] o.s.t.web.servlet.TestDispatcherServlet  : Completed initialization in 0 ms
2026-09-09T04:39:30.112+08:00  INFO 25087 --- [control-app] [           main] [                                                 ] c.o.p.c.o.a.OperatorCaseService          : {"event":"operator_case_transition","ts":"2026-09-08T20:39:30.112171236Z","caseId":"a8e8ef8b-cb65-43cc-b50b-50a9fbcbb95c","rule":"T00_CREATE","to":"OPEN","revision":1}
2026-09-09T04:39:30.114+08:00  INFO 25087 --- [control-app] [           main] [                                                 ] c.o.p.c.o.i.OperatorApiController        : operator-case assign: case=a8e8ef8b-cb65-43cc-b50b-50a9fbcbb95c idem-key=ui-6 operator=dispatcher
2026-09-09T04:39:30.115+08:00  INFO 25087 --- [control-app] [           main] [                                                 ] c.o.p.c.o.a.OperatorCaseService          : {"event":"operator_case_transition","ts":"2026-09-08T20:39:30.115143514Z","caseId":"a8e8ef8b-cb65-43cc-b50b-50a9fbcbb95c","rule":"T40_ASSIGN","to":"OPEN","revision":2}
2026-09-09T04:39:30.117+08:00  INFO 25087 --- [control-app] [           main] [                                                 ] c.o.p.c.o.i.OperatorApiController        : operator-case assign: case=a8e8ef8b-cb65-43cc-b50b-50a9fbcbb95c idem-key=ui-7 operator=dispatcher
2026-09-09T04:39:30.117+08:00  INFO 25087 --- [control-app] [           main] [                                                 ] c.o.p.c.o.a.OperatorCaseService          : {"event":"operator_case_transition","ts":"2026-09-08T20:39:30.117715038Z","caseId":"a8e8ef8b-cb65-43cc-b50b-50a9fbcbb95c","rule":"T40_ASSIGN","to":"OPEN","revision":3}
2026-09-09T04:39:30.123+08:00  INFO 25087 --- [control-app] [           main] [                                                 ] o.s.mock.web.MockServletContext          : Initializing Spring TestDispatcherServlet ''
2026-09-09T04:39:30.123+08:00  INFO 25087 --- [control-app] [           main] [                                                 ] o.s.t.web.servlet.TestDispatcherServlet  : Initializing Servlet ''
2026-09-09T04:39:30.123+08:00  INFO 25087 --- [control-app] [           main] [                                                 ] o.s.t.web.servlet.TestDispatcherServlet  : Completed initialization in 0 ms
2026-09-09T04:39:30.124+08:00  INFO 25087 --- [control-app] [           main] [                                                 ] c.o.p.c.o.a.OperatorCaseService          : {"event":"operator_case_transition","ts":"2026-09-08T20:39:30.124285693Z","caseId":"5fa9c793-63e0-4464-a62f-1313f068aac5","rule":"T00_CREATE","to":"OPEN","revision":1}
2026-09-09T04:39:30.124+08:00  INFO 25087 --- [control-app] [           main] [                                                 ] c.o.p.c.o.a.OperatorCaseService          : {"event":"operator_case_transition","ts":"2026-09-08T20:39:30.124525384Z","caseId":"5fa9c793-63e0-4464-a62f-1313f068aac5","rule":"T10_CLAIM","to":"ACKED","revision":2}
2026-09-09T04:39:30.136+08:00  INFO 25087 --- [control-app] [           main] [                                                 ] o.s.mock.web.MockServletContext          : Initializing Spring TestDispatcherServlet ''
2026-09-09T04:39:30.136+08:00  INFO 25087 --- [control-app] [           main] [                                                 ] o.s.t.web.servlet.TestDispatcherServlet  : Initializing Servlet ''
2026-09-09T04:39:30.136+08:00  INFO 25087 --- [control-app] [           main] [                                                 ] o.s.t.web.servlet.TestDispatcherServlet  : Completed initialization in 0 ms
2026-09-09T04:39:30.137+08:00  INFO 25087 --- [control-app] [           main] [                                                 ] c.o.p.c.o.a.OperatorCaseService          : {"event":"operator_case_transition","ts":"2026-09-08T20:39:30.137056355Z","caseId":"d61bfd32-acc2-490c-9a65-53ce9c30fd04","rule":"T00_CREATE","to":"OPEN","revision":1}
2026-09-09T04:39:30.137+08:00  INFO 25087 --- [control-app] [           main] [                                                 ] c.o.p.c.o.a.OperatorCaseService          : {"event":"operator_case_transition","ts":"2026-09-08T20:39:30.137315041Z","caseId":"d61bfd32-acc2-490c-9a65-53ce9c30fd04","rule":"T30_RESOLVE","to":"RESOLVED","revision":2}
2026-09-09T04:39:30.140+08:00  INFO 25087 --- [control-app] [           main] [                                                 ] c.o.p.c.o.i.OperatorApiController        : operator-case claim: case=d61bfd32-acc2-490c-9a65-53ce9c30fd04 idem-key=ui-8 operator=sre-b
2026-09-09T04:39:30.142+08:00  INFO 25087 --- [control-app] [           main] [                                                 ] c.o.p.c.o.i.OperatorApiController        : operator-case claim: case=323cf3d8-1858-4ff5-91a6-b3e1c75dc310 idem-key=ui-9 operator=operator
2026-09-09T04:39:30.147+08:00  INFO 25087 --- [control-app] [           main] [                                                 ] o.s.mock.web.MockServletContext          : Initializing Spring TestDispatcherServlet ''
2026-09-09T04:39:30.147+08:00  INFO 25087 --- [control-app] [           main] [                                                 ] o.s.t.web.servlet.TestDispatcherServlet  : Initializing Servlet ''
2026-09-09T04:39:30.147+08:00  INFO 25087 --- [control-app] [           main] [                                                 ] o.s.t.web.servlet.TestDispatcherServlet  : Completed initialization in 0 ms
2026-09-09T04:39:30.148+08:00  INFO 25087 --- [control-app] [           main] [                                                 ] c.o.p.c.o.a.OperatorCaseService          : {"event":"operator_case_transition","ts":"2026-09-08T20:39:30.148217015Z","caseId":"8d774ed2-28c7-46cf-8940-c2b3a992b426","rule":"T00_CREATE","to":"OPEN","revision":1}
2026-09-09T04:39:30.148+08:00  INFO 25087 --- [control-app] [           main] [                                                 ] c.o.p.c.o.a.OperatorCaseService          : {"event":"operator_case_transition","ts":"2026-09-08T20:39:30.148519795Z","caseId":"e35d48fe-9af1-4564-a473-9bf70daa2e9f","rule":"T00_CREATE","to":"OPEN","revision":1}
2026-09-09T04:39:30.148+08:00  INFO 25087 --- [control-app] [           main] [                                                 ] c.o.p.c.o.a.OperatorCaseService          : {"event":"operator_case_transition","ts":"2026-09-08T20:39:30.148722527Z","caseId":"bcd01b97-4535-42a1-86f8-b90f4d65288c","rule":"T00_CREATE","to":"OPEN","revision":1}
2026-09-09T04:39:30.160+08:00  INFO 25087 --- [control-app] [           main] [                                                 ] o.s.mock.web.MockServletContext          : Initializing Spring TestDispatcherServlet ''
2026-09-09T04:39:30.160+08:00  INFO 25087 --- [control-app] [           main] [                                                 ] o.s.t.web.servlet.TestDispatcherServlet  : Initializing Servlet ''
2026-09-09T04:39:30.160+08:00  INFO 25087 --- [control-app] [           main] [                                                 ] o.s.t.web.servlet.TestDispatcherServlet  : Completed initialization in 0 ms
2026-09-09T04:39:30.161+08:00  INFO 25087 --- [control-app] [           main] [                                                 ] c.o.p.c.o.a.OperatorCaseService          : {"event":"operator_case_transition","ts":"2026-09-08T20:39:30.161212701Z","caseId":"5406738d-a145-4c09-944b-7611b02e3864","rule":"T00_CREATE","to":"OPEN","revision":1}
2026-09-09T04:39:30.163+08:00  INFO 25087 --- [control-app] [           main] [                                                 ] c.o.p.c.o.i.OperatorApiController        : operator-case claim: case=5406738d-a145-4c09-944b-7611b02e3864 idem-key=ui-1 operator=sre-li
2026-09-09T04:39:30.163+08:00  INFO 25087 --- [control-app] [           main] [                                                 ] c.o.p.c.o.a.OperatorCaseService          : {"event":"operator_case_transition","ts":"2026-09-08T20:39:30.163499428Z","caseId":"5406738d-a145-4c09-944b-7611b02e3864","rule":"T10_CLAIM","to":"ACKED","revision":2}
2026-09-09T04:39:30.169+08:00  INFO 25087 --- [control-app] [           main] [                                                 ] o.s.mock.web.MockServletContext          : Initializing Spring TestDispatcherServlet ''
2026-09-09T04:39:30.170+08:00  INFO 25087 --- [control-app] [           main] [                                                 ] o.s.t.web.servlet.TestDispatcherServlet  : Initializing Servlet ''
2026-09-09T04:39:30.170+08:00  INFO 25087 --- [control-app] [           main] [                                                 ] o.s.t.web.servlet.TestDispatcherServlet  : Completed initialization in 0 ms
2026-09-09T04:39:30.170+08:00  INFO 25087 --- [control-app] [           main] [                                                 ] c.o.p.c.o.a.OperatorCaseService          : {"event":"operator_case_transition","ts":"2026-09-08T20:39:30.170708465Z","caseId":"7886d6ac-1c21-4db0-9ad4-30d64074d5a3","rule":"T00_CREATE","to":"OPEN","revision":1}
2026-09-09T04:39:30.171+08:00  INFO 25087 --- [control-app] [           main] [                                                 ] c.o.p.c.o.a.OperatorCaseService          : {"event":"operator_case_transition","ts":"2026-09-08T20:39:30.171500757Z","caseId":"7886d6ac-1c21-4db0-9ad4-30d64074d5a3","rule":"T10_CLAIM","to":"ACKED","revision":2}
2026-09-09T04:39:30.175+08:00  INFO 25087 --- [control-app] [           main] [                                                 ] c.o.p.c.o.i.OperatorApiController        : operator-case resolve: case=7886d6ac-1c21-4db0-9ad4-30d64074d5a3 idem-key=ui-4 operator=operator-a
2026-09-09T04:39:30.175+08:00  INFO 25087 --- [control-app] [           main] [                                                 ] c.o.p.c.o.a.OperatorCaseService          : {"event":"operator_case_transition","ts":"2026-09-08T20:39:30.175542650Z","caseId":"7886d6ac-1c21-4db0-9ad4-30d64074d5a3","rule":"T31_RESOLVE","to":"RESOLVED","revision":3}
2026-09-09T04:39:30.181+08:00  INFO 25087 --- [control-app] [           main] [                                                 ] o.s.mock.web.MockServletContext          : Initializing Spring TestDispatcherServlet ''
2026-09-09T04:39:30.181+08:00  INFO 25087 --- [control-app] [           main] [                                                 ] o.s.t.web.servlet.TestDispatcherServlet  : Initializing Servlet ''
2026-09-09T04:39:30.181+08:00  INFO 25087 --- [control-app] [           main] [                                                 ] o.s.t.web.servlet.TestDispatcherServlet  : Completed initialization in 0 ms
2026-09-09T04:39:30.181+08:00  INFO 25087 --- [control-app] [           main] [                                                 ] c.o.p.c.o.a.OperatorCaseService          : {"event":"operator_case_transition","ts":"2026-09-08T20:39:30.181719844Z","caseId":"977c9886-450b-4fd0-959f-fb9fdc68f3ff","rule":"T00_CREATE","to":"OPEN","revision":1}
2026-09-09T04:39:30.181+08:00  INFO 25087 --- [control-app] [           main] [                                                 ] c.o.p.c.o.a.OperatorCaseService          : {"event":"operator_case_transition","ts":"2026-09-08T20:39:30.181907978Z","caseId":"977c9886-450b-4fd0-959f-fb9fdc68f3ff","rule":"T40_ASSIGN","to":"OPEN","revision":2}
2026-09-09T04:39:30.183+08:00  INFO 25087 --- [control-app] [           main] [                                                 ] c.o.p.c.o.i.OperatorApiController        : operator-case claim: case=977c9886-450b-4fd0-959f-fb9fdc68f3ff idem-key=ui-2 operator=sre-b
2026-09-09T04:39:30.190+08:00  INFO 25087 --- [control-app] [           main] [                                                 ] o.s.mock.web.MockServletContext          : Initializing Spring TestDispatcherServlet ''
2026-09-09T04:39:30.190+08:00  INFO 25087 --- [control-app] [           main] [                                                 ] o.s.t.web.servlet.TestDispatcherServlet  : Initializing Servlet ''
2026-09-09T04:39:30.190+08:00  INFO 25087 --- [control-app] [           main] [                                                 ] o.s.t.web.servlet.TestDispatcherServlet  : Completed initialization in 0 ms
2026-09-09T04:39:30.191+08:00  INFO 25087 --- [control-app] [           main] [                                                 ] c.o.p.c.o.a.OperatorCaseService          : {"event":"operator_case_transition","ts":"2026-09-08T20:39:30.190999161Z","caseId":"17d61565-58ae-4dbe-b368-bae2d50123a4","rule":"T00_CREATE","to":"OPEN","revision":1}
2026-09-09T04:39:30.191+08:00  INFO 25087 --- [control-app] [           main] [                                                 ] c.o.p.c.o.a.OperatorCaseService          : {"event":"operator_case_transition","ts":"2026-09-08T20:39:30.191205429Z","caseId":"17d61565-58ae-4dbe-b368-bae2d50123a4","rule":"T10_CLAIM","to":"ACKED","revision":2}
2026-09-09T04:39:30.191+08:00  INFO 25087 --- [control-app] [           main] [                                                 ] c.o.p.c.o.a.OperatorCaseService          : {"event":"operator_case_transition","ts":"2026-09-08T20:39:30.191407860Z","caseId":"74113462-92bb-44bc-8c7a-fcd2ef8d2ef2","rule":"T00_CREATE","to":"OPEN","revision":1}
[INFO] Tests run: 12, Failures: 0, Errors: 0, Skipped: 0, Time elapsed: 0.135 s -- in com.objwww.pr.control.ops.interfaces.OperatorApiControllerTest
[INFO] Running com.objwww.pr.control.interfaces.webhook.GitHubSignatureVerifierTest
[INFO] Tests run: 4, Failures: 0, Errors: 0, Skipped: 0, Time elapsed: 0.003 s -- in com.objwww.pr.control.interfaces.webhook.GitHubSignatureVerifierTest
[INFO] Running com.objwww.pr.control.interfaces.webhook.WebhookControllerTest
2026-09-09T04:39:30.277+08:00  INFO 25087 --- [control-app] [           main] [                                                 ] o.s.mock.web.MockServletContext          : Initializing Spring TestDispatcherServlet ''
2026-09-09T04:39:30.278+08:00  INFO 25087 --- [control-app] [           main] [                                                 ] o.s.t.web.servlet.TestDispatcherServlet  : Initializing Servlet ''
2026-09-09T04:39:30.278+08:00  INFO 25087 --- [control-app] [           main] [                                                 ] o.s.t.web.servlet.TestDispatcherServlet  : Completed initialization in 0 ms
2026-09-09T04:39:30.287+08:00  INFO 25087 --- [control-app] [           main] [                                                 ] o.s.mock.web.MockServletContext          : Initializing Spring TestDispatcherServlet ''
2026-09-09T04:39:30.287+08:00  INFO 25087 --- [control-app] [           main] [                                                 ] o.s.t.web.servlet.TestDispatcherServlet  : Initializing Servlet ''
2026-09-09T04:39:30.287+08:00  INFO 25087 --- [control-app] [           main] [                                                 ] o.s.t.web.servlet.TestDispatcherServlet  : Completed initialization in 0 ms
2026-09-09T04:39:30.295+08:00  INFO 25087 --- [control-app] [           main] [                                                 ] o.s.mock.web.MockServletContext          : Initializing Spring TestDispatcherServlet ''
2026-09-09T04:39:30.295+08:00  INFO 25087 --- [control-app] [           main] [                                                 ] o.s.t.web.servlet.TestDispatcherServlet  : Initializing Servlet ''
2026-09-09T04:39:30.295+08:00  INFO 25087 --- [control-app] [           main] [                                                 ] o.s.t.web.servlet.TestDispatcherServlet  : Completed initialization in 0 ms
2026-09-09T04:39:30.303+08:00  INFO 25087 --- [control-app] [           main] [                                                 ] o.s.mock.web.MockServletContext          : Initializing Spring TestDispatcherServlet ''
2026-09-09T04:39:30.303+08:00  INFO 25087 --- [control-app] [           main] [                                                 ] o.s.t.web.servlet.TestDispatcherServlet  : Initializing Servlet ''
2026-09-09T04:39:30.303+08:00  INFO 25087 --- [control-app] [           main] [                                                 ] o.s.t.web.servlet.TestDispatcherServlet  : Completed initialization in 0 ms
2026-09-09T04:39:30.313+08:00  INFO 25087 --- [control-app] [           main] [                                                 ] o.s.mock.web.MockServletContext          : Initializing Spring TestDispatcherServlet ''
2026-09-09T04:39:30.313+08:00  INFO 25087 --- [control-app] [           main] [                                                 ] o.s.t.web.servlet.TestDispatcherServlet  : Initializing Servlet ''
2026-09-09T04:39:30.313+08:00  INFO 25087 --- [control-app] [           main] [                                                 ] o.s.t.web.servlet.TestDispatcherServlet  : Completed initialization in 0 ms
2026-09-09T04:39:30.321+08:00  INFO 25087 --- [control-app] [           main] [                                                 ] o.s.mock.web.MockServletContext          : Initializing Spring TestDispatcherServlet ''
2026-09-09T04:39:30.321+08:00  INFO 25087 --- [control-app] [           main] [                                                 ] o.s.t.web.servlet.TestDispatcherServlet  : Initializing Servlet ''
2026-09-09T04:39:30.321+08:00  INFO 25087 --- [control-app] [           main] [                                                 ] o.s.t.web.servlet.TestDispatcherServlet  : Completed initialization in 0 ms
2026-09-09T04:39:30.328+08:00  INFO 25087 --- [control-app] [           main] [                                                 ] o.s.mock.web.MockServletContext          : Initializing Spring TestDispatcherServlet ''
2026-09-09T04:39:30.328+08:00  INFO 25087 --- [control-app] [           main] [                                                 ] o.s.t.web.servlet.TestDispatcherServlet  : Initializing Servlet ''
2026-09-09T04:39:30.328+08:00  INFO 25087 --- [control-app] [           main] [                                                 ] o.s.t.web.servlet.TestDispatcherServlet  : Completed initialization in 0 ms
[INFO] Tests run: 7, Failures: 0, Errors: 0, Skipped: 0, Time elapsed: 0.132 s -- in com.objwww.pr.control.interfaces.webhook.WebhookControllerTest
2026-09-09T04:39:30.342+08:00  INFO 25087 --- [control-app] [           main] [                                                 ] org.testcontainers.DockerClientFactory   : Testcontainers version: 1.20.4
2026-09-09T04:39:30.479+08:00  INFO 25087 --- [control-app] [           main] [                                                 ] o.t.d.DockerClientProviderStrategy       : Loaded org.testcontainers.dockerclient.UnixSocketClientProviderStrategy from ~/.testcontainers.properties, will try it first
2026-09-09T04:39:30.728+08:00  INFO 25087 --- [control-app] [           main] [                                                 ] o.t.d.DockerClientProviderStrategy       : Found Docker environment with local Unix socket (unix:///var/run/docker.sock)
2026-09-09T04:39:30.730+08:00  INFO 25087 --- [control-app] [           main] [                                                 ] org.testcontainers.DockerClientFactory   : Docker host IP address is localhost
2026-09-09T04:39:30.760+08:00  INFO 25087 --- [control-app] [           main] [                                                 ] org.testcontainers.DockerClientFactory   : Connected to docker: 
  Server Version: 26.1.4
  API Version: 1.45
  Operating System: CentOS Linux 7 (Core)
  Total Memory: 7725 MB
2026-09-09T04:39:30.770+08:00  INFO 25087 --- [control-app] [           main] [                                                 ] org.testcontainers.images.PullPolicy     : Image pull policy will be performed by: DefaultPullPolicy()
2026-09-09T04:39:30.773+08:00  INFO 25087 --- [control-app] [           main] [                                                 ] o.t.utility.ImageNameSubstitutor         : Image name substitution will be performed by: DefaultImageNameSubstitutor (composite of 'ConfigurationFileImageNameSubstitutor' and 'PrefixingImageNameSubstitutor')
2026-09-09T04:39:30.848+08:00  INFO 25087 --- [control-app] [           main] [                                                 ] tc.testcontainers/ryuk:0.11.0            : Creating container for image: testcontainers/ryuk:0.11.0
2026-09-09T04:39:30.853+08:00  INFO 25087 --- [control-app] [           main] [                                                 ] o.t.utility.RegistryAuthLocator          : Failure when attempting to lookup auth config. Please ignore if you don't have images in an authenticated registry. Details: (dockerImageName: testcontainers/ryuk:0.11.0, configFile: /root/.docker/config.json, configEnv: DOCKER_AUTH_CONFIG). Falling back to docker-java default behaviour. Exception message: Status 404: No config supplied. Checked in order: /root/.docker/config.json (file not found), DOCKER_AUTH_CONFIG (not set)
2026-09-09T04:39:30.967+08:00  INFO 25087 --- [control-app] [           main] [                                                 ] tc.testcontainers/ryuk:0.11.0            : Container testcontainers/ryuk:0.11.0 is starting: c27bccae2f07c5778c5c5ae6e22d80daa316ca1e35984114e5e6d31bedd4774b
2026-09-09T04:39:31.315+08:00  INFO 25087 --- [control-app] [           main] [                                                 ] tc.testcontainers/ryuk:0.11.0            : Container testcontainers/ryuk:0.11.0 started in PT0.466974158S
2026-09-09T04:39:31.322+08:00  INFO 25087 --- [control-app] [           main] [                                                 ] o.t.utility.RyukResourceReaper           : Ryuk started - will monitor and terminate Testcontainers containers on JVM exit
2026-09-09T04:39:31.323+08:00  INFO 25087 --- [control-app] [           main] [                                                 ] org.testcontainers.DockerClientFactory   : Checking the system...
2026-09-09T04:39:31.323+08:00  INFO 25087 --- [control-app] [           main] [                                                 ] org.testcontainers.DockerClientFactory   : ✔︎ Docker server version should be at least 1.6.0
[INFO] Running com.objwww.pr.control.it.PostgresDatasetPartitionAccessTest
2026-09-09T04:39:31.329+08:00  INFO 25087 --- [control-app] [           main] [                                                 ] tc.postgres:16-alpine                    : Creating container for image: postgres:16-alpine
2026-09-09T04:39:31.387+08:00  INFO 25087 --- [control-app] [           main] [                                                 ] tc.postgres:16-alpine                    : Container postgres:16-alpine is starting: cef402693b73f7da1aeceba4a3d9c06d8494fcbaf3dc02f040e2d0ebd798f9b7
2026-09-09T04:39:32.609+08:00  INFO 25087 --- [control-app] [           main] [                                                 ] tc.postgres:16-alpine                    : Container postgres:16-alpine started in PT1.279847883S
2026-09-09T04:39:32.609+08:00  INFO 25087 --- [control-app] [           main] [                                                 ] tc.postgres:16-alpine                    : Container is started (JDBC URL: jdbc:postgresql://localhost:33260/test?loggerLevel=OFF)
2026-09-09T04:39:32.615+08:00  INFO 25087 --- [control-app] [           main] [                                                 ] com.zaxxer.hikari.HikariDataSource       : HikariPool-1 - Starting...
2026-09-09T04:39:32.776+08:00  INFO 25087 --- [control-app] [           main] [                                                 ] com.zaxxer.hikari.pool.HikariPool        : HikariPool-1 - Added connection org.postgresql.jdbc.PgConnection@520f0d1c
2026-09-09T04:39:32.778+08:00  INFO 25087 --- [control-app] [           main] [                                                 ] com.zaxxer.hikari.HikariDataSource       : HikariPool-1 - Start completed.
2026-09-09T04:39:32.923+08:00  INFO 25087 --- [control-app] [           main] [                                                 ] org.flywaydb.core.FlywayExecutor         : Database: jdbc:postgresql://localhost:33260/test?loggerLevel=OFF (PostgreSQL 16.15)
2026-09-09T04:39:32.965+08:00  INFO 25087 --- [control-app] [           main] [                                                 ] o.f.c.i.s.JdbcTableSchemaHistory         : Schema history table "public"."flyway_schema_history" does not exist yet
2026-09-09T04:39:32.968+08:00  INFO 25087 --- [control-app] [           main] [                                                 ] o.f.core.internal.command.DbValidate     : Successfully validated 33 migrations (execution time 00:00.024s)
2026-09-09T04:39:32.979+08:00  INFO 25087 --- [control-app] [           main] [                                                 ] o.f.c.i.s.JdbcTableSchemaHistory         : Creating Schema History table "public"."flyway_schema_history" ...
2026-09-09T04:39:33.008+08:00  INFO 25087 --- [control-app] [           main] [                                                 ] o.f.core.internal.command.DbMigrate      : Current version of schema "public": << Empty Schema >>
2026-09-09T04:39:33.047+08:00  INFO 25087 --- [control-app] [           main] [                                                 ] o.f.core.internal.command.DbMigrate      : Migrating schema "public" to version "1 - m0 schema"
2026-09-09T04:39:33.148+08:00  INFO 25087 --- [control-app] [           main] [                                                 ] o.f.core.internal.command.DbMigrate      : Migrating schema "public" to version "2 - grants"
2026-09-09T04:39:33.172+08:00  INFO 25087 --- [control-app] [           main] [                                                 ] o.f.core.internal.command.DbMigrate      : Migrating schema "public" to version "3 - m1 inbox reconcile"
2026-09-09T04:39:33.202+08:00  INFO 25087 --- [control-app] [           main] [                                                 ] o.f.core.internal.command.DbMigrate      : Migrating schema "public" to version "4 - m2 checkpoint repair"
2026-09-09T04:39:33.232+08:00  INFO 25087 --- [control-app] [           main] [                                                 ] o.f.core.internal.command.DbMigrate      : Migrating schema "public" to version "5 - m3 model governance"
2026-09-09T04:39:33.265+08:00  INFO 25087 --- [control-app] [           main] [                                                 ] o.f.core.internal.command.DbMigrate      : Migrating schema "public" to version "6 - m4 sandbox"
2026-09-09T04:39:33.337+08:00  INFO 25087 --- [control-app] [           main] [                                                 ] o.f.core.internal.command.DbMigrate      : Migrating schema "public" to version "7 - am1 alert domain"
2026-09-09T04:39:33.410+08:00  INFO 25087 --- [control-app] [           main] [                                                 ] o.f.core.internal.command.DbMigrate      : Migrating schema "public" to version "8 - am1 dag reserve"
2026-09-09T04:39:33.439+08:00  INFO 25087 --- [control-app] [           main] [                                                 ] o.f.core.internal.command.DbMigrate      : Migrating schema "public" to version "9 - am3 eval notify"
2026-09-09T04:39:33.490+08:00  INFO 25087 --- [control-app] [           main] [                                                 ] o.f.core.internal.command.DbMigrate      : Migrating schema "public" to version "10 - am3 eval run"
2026-09-09T04:39:33.520+08:00  INFO 25087 --- [control-app] [           main] [                                                 ] o.f.core.internal.command.DbMigrate      : Migrating schema "public" to version "11 - am3 eval readonly"
2026-09-09T04:39:33.530+08:00  INFO 25087 --- [control-app] [           main] [                                                 ] o.f.core.internal.command.DbMigrate      : Migrating schema "public" to version "12 - am4 state expansion"
2026-09-09T04:39:33.551+08:00  INFO 25087 --- [control-app] [           main] [                                                 ] o.f.core.internal.command.DbMigrate      : Migrating schema "public" to version "13 - am4 budget ledger"
2026-09-09T04:39:33.571+08:00  INFO 25087 --- [control-app] [           main] [                                                 ] o.f.core.internal.command.DbMigrate      : Migrating schema "public" to version "14 - am4 rca event"
2026-09-09T04:39:33.587+08:00  INFO 25087 --- [control-app] [           main] [                                                 ] o.f.core.internal.command.DbMigrate      : Migrating schema "public" to version "15 - am4 tool invocation ledger"
2026-09-09T04:39:33.597+08:00  INFO 25087 --- [control-app] [           main] [                                                 ] o.f.core.internal.command.DbMigrate      : Migrating schema "public" to version "16 - am4 evidence snapshot"
2026-09-09T04:39:33.630+08:00  INFO 25087 --- [control-app] [           main] [                                                 ] o.f.core.internal.command.DbMigrate      : Migrating schema "public" to version "17 - am4 claim"
2026-09-09T04:39:33.643+08:00  INFO 25087 --- [control-app] [           main] [                                                 ] o.f.core.internal.command.DbMigrate      : Migrating schema "public" to version "18 - am4 task edge run scope"
2026-09-09T04:39:33.656+08:00  INFO 25087 --- [control-app] [           main] [                                                 ] o.f.core.internal.command.DbMigrate      : Migrating schema "public" to version "19 - am4 tool replay"
2026-09-09T04:39:33.669+08:00  INFO 25087 --- [control-app] [           main] [                                                 ] o.f.core.internal.command.DbMigrate      : Migrating schema "public" to version "20 - am5 dataset version"
2026-09-09T04:39:33.686+08:00  INFO 25087 --- [control-app] [           main] [                                                 ] o.f.core.internal.command.DbMigrate      : Migrating schema "public" to version "21 - am5 dataset partition"
2026-09-09T04:39:33.704+08:00  INFO 25087 --- [control-app] [           main] [                                                 ] o.f.core.internal.command.DbMigrate      : Migrating schema "public" to version "22 - am5 golden candidate"
2026-09-09T04:39:33.721+08:00  INFO 25087 --- [control-app] [           main] [                                                 ] o.f.core.internal.command.DbMigrate      : Migrating schema "public" to version "23 - am5 sampling fingerprint"
2026-09-09T04:39:33.728+08:00  INFO 25087 --- [control-app] [           main] [                                                 ] o.f.core.internal.command.DbMigrate      : Migrating schema "public" to version "24 - am5 config bundle"
2026-09-09T04:39:33.741+08:00  INFO 25087 --- [control-app] [           main] [                                                 ] o.f.core.internal.command.DbMigrate      : Migrating schema "public" to version "25 - am5 canary route"
2026-09-09T04:39:33.758+08:00  INFO 25087 --- [control-app] [           main] [                                                 ] o.f.core.internal.command.DbMigrate      : Migrating schema "public" to version "26 - am5 operator case"
2026-09-09T04:39:33.772+08:00  INFO 25087 --- [control-app] [           main] [                                                 ] o.f.core.internal.command.DbMigrate      : Migrating schema "public" to version "27 - am5 operator command"
2026-09-09T04:39:33.785+08:00  INFO 25087 --- [control-app] [           main] [                                                 ] o.f.core.internal.command.DbMigrate      : Migrating schema "public" to version "28 - am5 monthly partition"
2026-09-09T04:39:33.816+08:00  INFO 25087 --- [control-app] [           main] [                                                 ] o.f.core.internal.command.DbMigrate      : Migrating schema "public" to version "29 - am5 retention archive"
2026-09-09T04:39:33.834+08:00  INFO 25087 --- [control-app] [           main] [                                                 ] o.f.core.internal.command.DbMigrate      : Migrating schema "public" to version "30 - am6 canary window verdict"
2026-09-09T04:39:33.852+08:00  INFO 25087 --- [control-app] [           main] [                                                 ] o.f.core.internal.command.DbMigrate      : Migrating schema "public" to version "31 - ba52 canary decision fk deferred"
2026-09-09T04:39:33.859+08:00  INFO 25087 --- [control-app] [           main] [                                                 ] o.f.core.internal.command.DbMigrate      : Migrating schema "public" to version "32 - am6 engine comparison"
2026-09-09T04:39:33.874+08:00  INFO 25087 --- [control-app] [           main] [                                                 ] o.f.core.internal.command.DbMigrate      : Migrating schema "public" to version "33 - am6 run fallback"
2026-09-09T04:39:33.893+08:00  INFO 25087 --- [control-app] [           main] [                                                 ] o.f.core.internal.command.DbMigrate      : Successfully applied 33 migrations to schema "public", now at version v33 (execution time 00:00.578s)
2026-09-09T04:39:33.896+08:00  INFO 25087 --- [control-app] [           main] [                                                 ] com.zaxxer.hikari.HikariDataSource       : HikariPool-2 - Starting...
2026-09-09T04:39:33.913+08:00  INFO 25087 --- [control-app] [           main] [                                                 ] com.zaxxer.hikari.pool.HikariPool        : HikariPool-2 - Added connection org.postgresql.jdbc.PgConnection@177b41b
2026-09-09T04:39:33.913+08:00  INFO 25087 --- [control-app] [           main] [                                                 ] com.zaxxer.hikari.HikariDataSource       : HikariPool-2 - Start completed.
2026-09-09T04:39:33.913+08:00  INFO 25087 --- [control-app] [           main] [                                                 ] com.zaxxer.hikari.HikariDataSource       : HikariPool-3 - Starting...
2026-09-09T04:39:33.930+08:00  INFO 25087 --- [control-app] [           main] [                                                 ] com.zaxxer.hikari.pool.HikariPool        : HikariPool-3 - Added connection org.postgresql.jdbc.PgConnection@71a80dc3
2026-09-09T04:39:33.930+08:00  INFO 25087 --- [control-app] [           main] [                                                 ] com.zaxxer.hikari.HikariDataSource       : HikariPool-3 - Start completed.
2026-09-09T04:39:33.931+08:00  INFO 25087 --- [control-app] [           main] [                                                 ] com.zaxxer.hikari.HikariDataSource       : HikariPool-4 - Starting...
2026-09-09T04:39:33.958+08:00  INFO 25087 --- [control-app] [           main] [                                                 ] com.zaxxer.hikari.pool.HikariPool        : HikariPool-4 - Added connection org.postgresql.jdbc.PgConnection@755c4175
2026-09-09T04:39:33.959+08:00  INFO 25087 --- [control-app] [           main] [                                                 ] com.zaxxer.hikari.HikariDataSource       : HikariPool-4 - Start completed.
2026-09-09T04:39:33.959+08:00  INFO 25087 --- [control-app] [           main] [                                                 ] com.zaxxer.hikari.HikariDataSource       : HikariPool-5 - Starting...
2026-09-09T04:39:33.973+08:00  INFO 25087 --- [control-app] [           main] [                                                 ] com.zaxxer.hikari.pool.HikariPool        : HikariPool-5 - Added connection org.postgresql.jdbc.PgConnection@38da31db
2026-09-09T04:39:33.974+08:00  INFO 25087 --- [control-app] [           main] [                                                 ] com.zaxxer.hikari.HikariDataSource       : HikariPool-5 - Start completed.
2026-09-09T04:39:34.095+08:00  INFO 25087 --- [control-app] [           main] [                                                 ] com.zaxxer.hikari.HikariDataSource       : HikariPool-6 - Starting...
2026-09-09T04:39:34.126+08:00  INFO 25087 --- [control-app] [           main] [                                                 ] com.zaxxer.hikari.pool.HikariPool        : HikariPool-6 - Added connection org.postgresql.jdbc.PgConnection@4ba9bd7c
2026-09-09T04:39:34.131+08:00  INFO 25087 --- [control-app] [           main] [                                                 ] com.zaxxer.hikari.HikariDataSource       : HikariPool-6 - Start completed.
2026-09-09T04:39:34.351+08:00  INFO 25087 --- [control-app] [           main] [                                                 ] com.zaxxer.hikari.HikariDataSource       : HikariPool-7 - Starting...
2026-09-09T04:39:34.368+08:00  INFO 25087 --- [control-app] [           main] [                                                 ] com.zaxxer.hikari.pool.HikariPool        : HikariPool-7 - Added connection org.postgresql.jdbc.PgConnection@e0cc9c3
2026-09-09T04:39:34.368+08:00  INFO 25087 --- [control-app] [           main] [                                                 ] com.zaxxer.hikari.HikariDataSource       : HikariPool-7 - Start completed.
2026-09-09T04:39:34.534+08:00  INFO 25087 --- [control-app] [           main] [                                                 ] com.zaxxer.hikari.HikariDataSource       : HikariPool-8 - Starting...
2026-09-09T04:39:34.549+08:00  INFO 25087 --- [control-app] [           main] [                                                 ] com.zaxxer.hikari.pool.HikariPool        : HikariPool-8 - Added connection org.postgresql.jdbc.PgConnection@68997235
2026-09-09T04:39:34.549+08:00  INFO 25087 --- [control-app] [           main] [                                                 ] com.zaxxer.hikari.HikariDataSource       : HikariPool-8 - Start completed.
2026-09-09T04:39:34.693+08:00  INFO 25087 --- [control-app] [           main] [                                                 ] com.zaxxer.hikari.HikariDataSource       : HikariPool-9 - Starting...
2026-09-09T04:39:34.705+08:00  INFO 25087 --- [control-app] [           main] [                                                 ] com.zaxxer.hikari.pool.HikariPool        : HikariPool-9 - Added connection org.postgresql.jdbc.PgConnection@1ffdc8f5
2026-09-09T04:39:34.706+08:00  INFO 25087 --- [control-app] [           main] [                                                 ] com.zaxxer.hikari.HikariDataSource       : HikariPool-9 - Start completed.
2026-09-09T04:39:34.815+08:00  INFO 25087 --- [control-app] [           main] [                                                 ] com.zaxxer.hikari.HikariDataSource       : HikariPool-10 - Starting...
2026-09-09T04:39:34.826+08:00  INFO 25087 --- [control-app] [           main] [                                                 ] com.zaxxer.hikari.pool.HikariPool        : HikariPool-10 - Added connection org.postgresql.jdbc.PgConnection@3a2b8b95
2026-09-09T04:39:34.827+08:00  INFO 25087 --- [control-app] [           main] [                                                 ] com.zaxxer.hikari.HikariDataSource       : HikariPool-10 - Start completed.
[INFO] Tests run: 5, Failures: 0, Errors: 0, Skipped: 0, Time elapsed: 3.509 s -- in com.objwww.pr.control.it.PostgresDatasetPartitionAccessTest
[INFO] Running com.objwww.pr.control.it.PostgresConfigBundleRepositoryTest
2026-09-09T04:39:34.941+08:00  INFO 25087 --- [control-app] [           main] [                                                 ] c.o.p.c.r.a.ConfigBundleService          : bundle 发布: 30ad808ed98886e339611e59f7bac711638e216776d0231c3aad2a5fe468382c revision=1 by=op-1 policy=policy-2026-09
2026-09-09T04:39:34.948+08:00  INFO 25087 --- [control-app] [           main] [                                                 ] c.o.p.c.r.a.ConfigBundleService          : activate 落位: 30ad808ed98886e339611e59f7bac711638e216776d0231c3aad2a5fe468382c revision=1 by=op-1
2026-09-09T04:39:35.087+08:00  INFO 25087 --- [control-app] [           main] [                                                 ] c.o.p.c.r.a.ConfigBundleService          : bundle 发布: 30ad808ed98886e339611e59f7bac711638e216776d0231c3aad2a5fe468382c revision=1 by=op-1 policy=policy-2026-09
2026-09-09T04:39:35.191+08:00  INFO 25087 --- [control-app] [           main] [                                                 ] c.o.p.c.r.a.ConfigBundleService          : bundle 发布: 30ad808ed98886e339611e59f7bac711638e216776d0231c3aad2a5fe468382c revision=1 by=op-1 policy=policy-2026-09
2026-09-09T04:39:35.192+08:00  INFO 25087 --- [control-app] [           main] [                                                 ] c.o.p.c.r.a.ConfigBundleService          : bundle 发布: be840a4ff5d98fc58380e1ed2d6501f2a7edb25711430dc0e9023b687140db80 revision=2 by=op-1 policy=policy-2026-09
2026-09-09T04:39:35.194+08:00  INFO 25087 --- [control-app] [           main] [                                                 ] c.o.p.c.r.a.ConfigBundleService          : activate 落位: 30ad808ed98886e339611e59f7bac711638e216776d0231c3aad2a5fe468382c revision=1 by=op-1
2026-09-09T04:39:35.196+08:00  INFO 25087 --- [control-app] [           main] [                                                 ] c.o.p.c.r.a.ConfigBundleService          : activate 落位: be840a4ff5d98fc58380e1ed2d6501f2a7edb25711430dc0e9023b687140db80 revision=2 by=op-1
2026-09-09T04:39:35.199+08:00  INFO 25087 --- [control-app] [           main] [                                                 ] c.o.p.c.r.a.ConfigBundleService          : rollback 落位: 30ad808ed98886e339611e59f7bac711638e216776d0231c3aad2a5fe468382c revision=1 by=op-2
2026-09-09T04:39:35.296+08:00  INFO 25087 --- [control-app] [           main] [                                                 ] c.o.p.c.r.a.ConfigBundleService          : bundle 发布: 30ad808ed98886e339611e59f7bac711638e216776d0231c3aad2a5fe468382c revision=1 by=op-1 policy=policy-2026-09
2026-09-09T04:39:35.298+08:00  INFO 25087 --- [control-app] [           main] [                                                 ] c.o.p.c.r.a.ConfigBundleService          : bundle 幂等重放: 30ad808ed98886e339611e59f7bac711638e216776d0231c3aad2a5fe468382c revision=1 by=op-2
[INFO] Tests run: 4, Failures: 0, Errors: 0, Skipped: 0, Time elapsed: 0.464 s -- in com.objwww.pr.control.it.PostgresConfigBundleRepositoryTest
[INFO] Running com.objwww.pr.control.it.PostgresModelCallLedgerRepositoryTest
[INFO] Tests run: 2, Failures: 0, Errors: 0, Skipped: 0, Time elapsed: 0.213 s -- in com.objwww.pr.control.it.PostgresModelCallLedgerRepositoryTest
[INFO] Running com.objwww.pr.control.it.PostgresGoldenCandidateRepositoryTest
2026-09-09T04:39:35.608+08:00  INFO 25087 --- [control-app] [           main] [                                                 ] com.zaxxer.hikari.HikariDataSource       : HikariPool-11 - Starting...
2026-09-09T04:39:35.620+08:00  INFO 25087 --- [control-app] [           main] [                                                 ] com.zaxxer.hikari.pool.HikariPool        : HikariPool-11 - Added connection org.postgresql.jdbc.PgConnection@4dff309f
2026-09-09T04:39:35.620+08:00  INFO 25087 --- [control-app] [           main] [                                                 ] com.zaxxer.hikari.HikariDataSource       : HikariPool-11 - Start completed.
2026-09-09T04:39:35.637+08:00  INFO 25087 --- [control-app] [           main] [                                                 ] com.zaxxer.hikari.HikariDataSource       : HikariPool-11 - Shutdown initiated...
2026-09-09T04:39:35.639+08:00  INFO 25087 --- [control-app] [           main] [                                                 ] com.zaxxer.hikari.HikariDataSource       : HikariPool-11 - Shutdown completed.
2026-09-09T04:39:35.753+08:00  INFO 25087 --- [control-app] [           main] [                                                 ] com.zaxxer.hikari.HikariDataSource       : HikariPool-12 - Starting...
2026-09-09T04:39:35.763+08:00  INFO 25087 --- [control-app] [           main] [                                                 ] com.zaxxer.hikari.pool.HikariPool        : HikariPool-12 - Added connection org.postgresql.jdbc.PgConnection@5c1e9cc5
2026-09-09T04:39:35.764+08:00  INFO 25087 --- [control-app] [           main] [                                                 ] com.zaxxer.hikari.HikariDataSource       : HikariPool-12 - Start completed.
2026-09-09T04:39:35.769+08:00  INFO 25087 --- [control-app] [           main] [                                                 ] com.zaxxer.hikari.HikariDataSource       : HikariPool-12 - Shutdown initiated...
2026-09-09T04:39:35.770+08:00  INFO 25087 --- [control-app] [           main] [                                                 ] com.zaxxer.hikari.HikariDataSource       : HikariPool-12 - Shutdown completed.
2026-09-09T04:39:35.928+08:00  INFO 25087 --- [control-app] [           main] [                                                 ] com.zaxxer.hikari.HikariDataSource       : HikariPool-13 - Starting...
2026-09-09T04:39:35.942+08:00  INFO 25087 --- [control-app] [           main] [                                                 ] com.zaxxer.hikari.pool.HikariPool        : HikariPool-13 - Added connection org.postgresql.jdbc.PgConnection@44e73aad
2026-09-09T04:39:35.942+08:00  INFO 25087 --- [control-app] [           main] [                                                 ] com.zaxxer.hikari.HikariDataSource       : HikariPool-13 - Start completed.
2026-09-09T04:39:35.963+08:00  INFO 25087 --- [control-app] [           main] [                                                 ] com.zaxxer.hikari.HikariDataSource       : HikariPool-13 - Shutdown initiated...
2026-09-09T04:39:35.966+08:00  INFO 25087 --- [control-app] [           main] [                                                 ] com.zaxxer.hikari.HikariDataSource       : HikariPool-13 - Shutdown completed.
2026-09-09T04:39:36.061+08:00  INFO 25087 --- [control-app] [           main] [                                                 ] com.zaxxer.hikari.HikariDataSource       : HikariPool-14 - Starting...
2026-09-09T04:39:36.068+08:00  INFO 25087 --- [control-app] [           main] [                                                 ] com.zaxxer.hikari.pool.HikariPool        : HikariPool-14 - Added connection org.postgresql.jdbc.PgConnection@26e276e2
2026-09-09T04:39:36.069+08:00  INFO 25087 --- [control-app] [           main] [                                                 ] com.zaxxer.hikari.HikariDataSource       : HikariPool-14 - Start completed.
2026-09-09T04:39:36.090+08:00  INFO 25087 --- [control-app] [           main] [                                                 ] com.zaxxer.hikari.HikariDataSource       : HikariPool-14 - Shutdown initiated...
2026-09-09T04:39:36.091+08:00  INFO 25087 --- [control-app] [           main] [                                                 ] com.zaxxer.hikari.HikariDataSource       : HikariPool-14 - Shutdown completed.
2026-09-09T04:39:36.166+08:00  INFO 25087 --- [control-app] [           main] [                                                 ] com.zaxxer.hikari.HikariDataSource       : HikariPool-15 - Starting...
2026-09-09T04:39:36.173+08:00  INFO 25087 --- [control-app] [           main] [                                                 ] com.zaxxer.hikari.pool.HikariPool        : HikariPool-15 - Added connection org.postgresql.jdbc.PgConnection@402df0f
2026-09-09T04:39:36.173+08:00  INFO 25087 --- [control-app] [           main] [                                                 ] com.zaxxer.hikari.HikariDataSource       : HikariPool-15 - Start completed.
2026-09-09T04:39:36.188+08:00  INFO 25087 --- [control-app] [           main] [                                                 ] com.zaxxer.hikari.HikariDataSource       : HikariPool-15 - Shutdown initiated...
2026-09-09T04:39:36.190+08:00  INFO 25087 --- [control-app] [           main] [                                                 ] com.zaxxer.hikari.HikariDataSource       : HikariPool-15 - Shutdown completed.
[INFO] Tests run: 5, Failures: 0, Errors: 0, Skipped: 0, Time elapsed: 0.677 s -- in com.objwww.pr.control.it.PostgresGoldenCandidateRepositoryTest
[INFO] Running com.objwww.pr.control.it.PostgresDatasetVersionRepositoryTest
[INFO] Tests run: 5, Failures: 0, Errors: 0, Skipped: 0, Time elapsed: 0.417 s -- in com.objwww.pr.control.it.PostgresDatasetVersionRepositoryTest
[INFO] 
[INFO] Results:
[INFO] 
[INFO] Tests run: 1106, Failures: 0, Errors: 0, Skipped: 0
[INFO] 
[INFO] 
[INFO] --- jar:3.4.2:jar (default-jar) @ control-app ---
[INFO] Building jar: /opt/projects/pr_agent_it/control-app/target/control-app-0.0.1-SNAPSHOT.jar
[INFO] 
[INFO] --- spring-boot:3.4.5:repackage (repackage) @ control-app ---
[INFO] Attaching repackaged archive /opt/projects/pr_agent_it/control-app/target/control-app-0.0.1-SNAPSHOT-exec.jar with classifier exec
[INFO] 
[INFO] --- failsafe:3.5.3:integration-test (default) @ control-app ---
[INFO] Using auto detected provider org.apache.maven.surefire.junitplatform.JUnitPlatformProvider
[INFO] 
[INFO] -------------------------------------------------------
[INFO]  T E S T S
[INFO] -------------------------------------------------------
04:39:38.863 [main] INFO org.testcontainers.DockerClientFactory -- Testcontainers version: 1.20.4
04:39:39.035 [main] INFO org.testcontainers.dockerclient.DockerClientProviderStrategy -- Loaded org.testcontainers.dockerclient.UnixSocketClientProviderStrategy from ~/.testcontainers.properties, will try it first
04:39:39.349 [main] INFO org.testcontainers.dockerclient.DockerClientProviderStrategy -- Found Docker environment with local Unix socket (unix:///var/run/docker.sock)
04:39:39.354 [main] INFO org.testcontainers.DockerClientFactory -- Docker host IP address is localhost
04:39:39.373 [main] INFO org.testcontainers.DockerClientFactory -- Connected to docker: 
  Server Version: 26.1.4
  API Version: 1.45
  Operating System: CentOS Linux 7 (Core)
  Total Memory: 7725 MB
04:39:39.384 [main] INFO org.testcontainers.images.PullPolicy -- Image pull policy will be performed by: DefaultPullPolicy()
04:39:39.386 [main] INFO org.testcontainers.utility.ImageNameSubstitutor -- Image name substitution will be performed by: DefaultImageNameSubstitutor (composite of 'ConfigurationFileImageNameSubstitutor' and 'PrefixingImageNameSubstitutor')
04:39:39.486 [main] INFO tc.testcontainers/ryuk:0.11.0 -- Creating container for image: testcontainers/ryuk:0.11.0
04:39:39.491 [main] INFO org.testcontainers.utility.RegistryAuthLocator -- Failure when attempting to lookup auth config. Please ignore if you don't have images in an authenticated registry. Details: (dockerImageName: testcontainers/ryuk:0.11.0, configFile: /root/.docker/config.json, configEnv: DOCKER_AUTH_CONFIG). Falling back to docker-java default behaviour. Exception message: Status 404: No config supplied. Checked in order: /root/.docker/config.json (file not found), DOCKER_AUTH_CONFIG (not set)
04:39:39.738 [main] INFO tc.testcontainers/ryuk:0.11.0 -- Container testcontainers/ryuk:0.11.0 is starting: 2355d1d6b2aad016378e7ee22844ecb0e1b60dae3c7107e19b0fb4dbb3cf9d8f
04:39:40.092 [main] INFO tc.testcontainers/ryuk:0.11.0 -- Container testcontainers/ryuk:0.11.0 started in PT0.605592382S
04:39:40.096 [main] INFO org.testcontainers.utility.RyukResourceReaper -- Ryuk started - will monitor and terminate Testcontainers containers on JVM exit
04:39:40.096 [main] INFO org.testcontainers.DockerClientFactory -- Checking the system...
04:39:40.097 [main] INFO org.testcontainers.DockerClientFactory -- ✔︎ Docker server version should be at least 1.6.0
[INFO] Running com.objwww.pr.control.it.PostgresOperatorCaseIT
04:39:40.118 [main] INFO tc.postgres:16-alpine -- Creating container for image: postgres:16-alpine
04:39:40.176 [main] INFO tc.postgres:16-alpine -- Container postgres:16-alpine is starting: 10208b41dafee5e10c65d81a0c60fa1cb5f89c20b3345847117090260425a781
04:39:41.369 [main] INFO tc.postgres:16-alpine -- Container postgres:16-alpine started in PT1.251220706S
04:39:41.370 [main] INFO tc.postgres:16-alpine -- Container is started (JDBC URL: jdbc:postgresql://localhost:33262/test?loggerLevel=OFF)
04:39:41.381 [main] INFO com.zaxxer.hikari.HikariDataSource -- HikariPool-1 - Starting...
04:39:41.629 [main] INFO com.zaxxer.hikari.pool.HikariPool -- HikariPool-1 - Added connection org.postgresql.jdbc.PgConnection@69e49a81
04:39:41.630 [main] INFO com.zaxxer.hikari.HikariDataSource -- HikariPool-1 - Start completed.
04:39:42.038 [main] INFO org.flywaydb.core.FlywayExecutor -- Database: jdbc:postgresql://localhost:33262/test?loggerLevel=OFF (PostgreSQL 16.15)
04:39:42.153 [main] INFO org.flywaydb.core.internal.schemahistory.JdbcTableSchemaHistory -- Schema history table "public"."flyway_schema_history" does not exist yet
04:39:42.157 [main] INFO org.flywaydb.core.internal.command.DbValidate -- Successfully validated 33 migrations (execution time 00:00.075s)
04:39:42.175 [main] INFO org.flywaydb.core.internal.schemahistory.JdbcTableSchemaHistory -- Creating Schema History table "public"."flyway_schema_history" ...
04:39:42.235 [main] INFO org.flywaydb.core.internal.command.DbMigrate -- Current version of schema "public": << Empty Schema >>
04:39:42.290 [main] INFO org.flywaydb.core.internal.command.DbMigrate -- Migrating schema "public" to version "1 - m0 schema"
04:39:42.412 [main] INFO org.flywaydb.core.internal.command.DbMigrate -- Migrating schema "public" to version "2 - grants"
04:39:42.463 [main] INFO org.flywaydb.core.internal.command.DbMigrate -- Migrating schema "public" to version "3 - m1 inbox reconcile"
04:39:42.536 [main] INFO org.flywaydb.core.internal.command.DbMigrate -- Migrating schema "public" to version "4 - m2 checkpoint repair"
04:39:42.597 [main] INFO org.flywaydb.core.internal.command.DbMigrate -- Migrating schema "public" to version "5 - m3 model governance"
04:39:42.642 [main] INFO org.flywaydb.core.internal.command.DbMigrate -- Migrating schema "public" to version "6 - m4 sandbox"
04:39:42.695 [main] INFO org.flywaydb.core.internal.command.DbMigrate -- Migrating schema "public" to version "7 - am1 alert domain"
04:39:42.755 [main] INFO org.flywaydb.core.internal.command.DbMigrate -- Migrating schema "public" to version "8 - am1 dag reserve"
04:39:42.778 [main] INFO org.flywaydb.core.internal.command.DbMigrate -- Migrating schema "public" to version "9 - am3 eval notify"
04:39:42.830 [main] INFO org.flywaydb.core.internal.command.DbMigrate -- Migrating schema "public" to version "10 - am3 eval run"
04:39:42.850 [main] INFO org.flywaydb.core.internal.command.DbMigrate -- Migrating schema "public" to version "11 - am3 eval readonly"
04:39:42.856 [main] INFO org.flywaydb.core.internal.command.DbMigrate -- Migrating schema "public" to version "12 - am4 state expansion"
04:39:42.868 [main] INFO org.flywaydb.core.internal.command.DbMigrate -- Migrating schema "public" to version "13 - am4 budget ledger"
04:39:42.889 [main] INFO org.flywaydb.core.internal.command.DbMigrate -- Migrating schema "public" to version "14 - am4 rca event"
04:39:42.908 [main] INFO org.flywaydb.core.internal.command.DbMigrate -- Migrating schema "public" to version "15 - am4 tool invocation ledger"
04:39:42.919 [main] INFO org.flywaydb.core.internal.command.DbMigrate -- Migrating schema "public" to version "16 - am4 evidence snapshot"
04:39:42.935 [main] INFO org.flywaydb.core.internal.command.DbMigrate -- Migrating schema "public" to version "17 - am4 claim"
04:39:42.946 [main] INFO org.flywaydb.core.internal.command.DbMigrate -- Migrating schema "public" to version "18 - am4 task edge run scope"
04:39:42.955 [main] INFO org.flywaydb.core.internal.command.DbMigrate -- Migrating schema "public" to version "19 - am4 tool replay"
04:39:42.967 [main] INFO org.flywaydb.core.internal.command.DbMigrate -- Migrating schema "public" to version "20 - am5 dataset version"
04:39:42.986 [main] INFO org.flywaydb.core.internal.command.DbMigrate -- Migrating schema "public" to version "21 - am5 dataset partition"
04:39:43.008 [main] INFO org.flywaydb.core.internal.command.DbMigrate -- Migrating schema "public" to version "22 - am5 golden candidate"
04:39:43.028 [main] INFO org.flywaydb.core.internal.command.DbMigrate -- Migrating schema "public" to version "23 - am5 sampling fingerprint"
04:39:43.038 [main] INFO org.flywaydb.core.internal.command.DbMigrate -- Migrating schema "public" to version "24 - am5 config bundle"
04:39:43.057 [main] INFO org.flywaydb.core.internal.command.DbMigrate -- Migrating schema "public" to version "25 - am5 canary route"
04:39:43.080 [main] INFO org.flywaydb.core.internal.command.DbMigrate -- Migrating schema "public" to version "26 - am5 operator case"
04:39:43.107 [main] INFO org.flywaydb.core.internal.command.DbMigrate -- Migrating schema "public" to version "27 - am5 operator command"
04:39:43.120 [main] INFO org.flywaydb.core.internal.command.DbMigrate -- Migrating schema "public" to version "28 - am5 monthly partition"
04:39:43.153 [main] INFO org.flywaydb.core.internal.command.DbMigrate -- Migrating schema "public" to version "29 - am5 retention archive"
04:39:43.181 [main] INFO org.flywaydb.core.internal.command.DbMigrate -- Migrating schema "public" to version "30 - am6 canary window verdict"
04:39:43.211 [main] INFO org.flywaydb.core.internal.command.DbMigrate -- Migrating schema "public" to version "31 - ba52 canary decision fk deferred"
04:39:43.219 [main] INFO org.flywaydb.core.internal.command.DbMigrate -- Migrating schema "public" to version "32 - am6 engine comparison"
04:39:43.238 [main] INFO org.flywaydb.core.internal.command.DbMigrate -- Migrating schema "public" to version "33 - am6 run fallback"
04:39:43.261 [main] INFO org.flywaydb.core.internal.command.DbMigrate -- Successfully applied 33 migrations to schema "public", now at version v33 (execution time 00:00.643s)
04:39:43.266 [main] INFO com.zaxxer.hikari.HikariDataSource -- HikariPool-2 - Starting...
04:39:43.297 [main] INFO com.zaxxer.hikari.pool.HikariPool -- HikariPool-2 - Added connection org.postgresql.jdbc.PgConnection@3a790e40
04:39:43.298 [main] INFO com.zaxxer.hikari.HikariDataSource -- HikariPool-2 - Start completed.
04:39:43.298 [main] INFO com.zaxxer.hikari.HikariDataSource -- HikariPool-3 - Starting...
04:39:43.320 [main] INFO com.zaxxer.hikari.pool.HikariPool -- HikariPool-3 - Added connection org.postgresql.jdbc.PgConnection@23a918c7
04:39:43.321 [main] INFO com.zaxxer.hikari.HikariDataSource -- HikariPool-3 - Start completed.
04:39:43.321 [main] INFO com.zaxxer.hikari.HikariDataSource -- HikariPool-4 - Starting...
04:39:43.338 [main] INFO com.zaxxer.hikari.pool.HikariPool -- HikariPool-4 - Added connection org.postgresql.jdbc.PgConnection@77ab22be
04:39:43.339 [main] INFO com.zaxxer.hikari.HikariDataSource -- HikariPool-4 - Start completed.
04:39:43.339 [main] INFO com.zaxxer.hikari.HikariDataSource -- HikariPool-5 - Starting...
04:39:43.351 [main] INFO com.zaxxer.hikari.pool.HikariPool -- HikariPool-5 - Added connection org.postgresql.jdbc.PgConnection@280d4882
04:39:43.351 [main] INFO com.zaxxer.hikari.HikariDataSource -- HikariPool-5 - Start completed.
04:39:43.557 [main] INFO com.objwww.pr.control.ops.application.OperatorCaseService -- {"event":"operator_case_transition","ts":"2026-09-08T20:39:43.555767865Z","revision":1,"to":"OPEN","rule":"T00_CREATE","caseId":"a5afb3bc-0c9f-446f-b071-f4c8ababa5ad"}
04:39:43.591 [main] INFO com.objwww.pr.control.ops.application.OperatorCaseService -- {"event":"operator_case_transition","ts":"2026-09-08T20:39:43.591479885Z","revision":2,"to":"OPEN","rule":"T60_ESCALATE","caseId":"a5afb3bc-0c9f-446f-b071-f4c8ababa5ad"}
04:39:43.661 [main] INFO com.objwww.pr.control.ops.application.OperatorCaseService -- {"event":"operator_case_transition","ts":"2026-09-08T20:39:43.660984890Z","revision":3,"to":"RESOLVED","rule":"T30_RESOLVE","caseId":"a5afb3bc-0c9f-446f-b071-f4c8ababa5ad"}
04:39:43.782 [main] INFO com.objwww.pr.control.ops.application.OperatorCaseService -- {"event":"operator_case_transition","ts":"2026-09-08T20:39:43.782584681Z","revision":1,"to":"OPEN","rule":"T00_CREATE","caseId":"7a4888de-64d2-46b6-80e0-bfb4f85af29d"}
04:39:43.790 [pool-2-thread-2] INFO com.objwww.pr.control.ops.application.OperatorCaseService -- {"event":"operator_case_transition","ts":"2026-09-08T20:39:43.790076281Z","revision":2,"to":"ACKED","rule":"T10_CLAIM","caseId":"7a4888de-64d2-46b6-80e0-bfb4f85af29d"}
04:39:43.899 [main] INFO com.objwww.pr.control.ops.application.OperatorCaseService -- {"event":"operator_case_transition","ts":"2026-09-08T20:39:43.899726466Z","revision":1,"to":"OPEN","rule":"T00_CREATE","caseId":"814b3c4a-f21d-49c4-8f6f-078f1c420558"}
04:39:43.902 [main] INFO com.objwww.pr.control.ops.application.OperatorCaseService -- {"event":"operator_case_transition","ts":"2026-09-08T20:39:43.902422232Z","revision":2,"to":"OPEN","rule":"T50_MERGE","caseId":"814b3c4a-f21d-49c4-8f6f-078f1c420558"}
04:39:43.906 [main] INFO com.objwww.pr.control.ops.application.OperatorCaseService -- {"event":"operator_case_transition","ts":"2026-09-08T20:39:43.906770262Z","revision":3,"to":"OPEN","rule":"T50_MERGE","caseId":"814b3c4a-f21d-49c4-8f6f-078f1c420558"}
[INFO] Tests run: 3, Failures: 0, Errors: 0, Skipped: 0, Time elapsed: 3.816 s -- in com.objwww.pr.control.it.PostgresOperatorCaseIT
[INFO] Running com.objwww.pr.control.it.AlertEvidenceIT
[INFO] Tests run: 4, Failures: 0, Errors: 0, Skipped: 0, Time elapsed: 0.400 s -- in com.objwww.pr.control.it.AlertEvidenceIT
[INFO] Running com.objwww.pr.control.it.PostgresRcaTaskRepositoryIT
[INFO] Tests run: 4, Failures: 0, Errors: 0, Skipped: 0, Time elapsed: 0.418 s -- in com.objwww.pr.control.it.PostgresRcaTaskRepositoryIT
[INFO] Running com.objwww.pr.control.it.AlertV10EvalRunIT
[INFO] Tests run: 6, Failures: 0, Errors: 0, Skipped: 0, Time elapsed: 0.571 s -- in com.objwww.pr.control.it.AlertV10EvalRunIT
[INFO] Running com.objwww.pr.control.it.AlertToolInvocationLedgerIT
[INFO] Tests run: 5, Failures: 0, Errors: 0, Skipped: 0, Time elapsed: 0.351 s -- in com.objwww.pr.control.it.AlertToolInvocationLedgerIT
[INFO] Running com.objwww.pr.control.it.AlertV18TaskEdgeRunScopeIT
[INFO] Tests run: 4, Failures: 0, Errors: 0, Skipped: 0, Time elapsed: 0.347 s -- in com.objwww.pr.control.it.AlertV18TaskEdgeRunScopeIT
[INFO] Running com.objwww.pr.control.it.AlertV12StateExpansionIT
[INFO] Tests run: 4, Failures: 0, Errors: 0, Skipped: 0, Time elapsed: 0.306 s -- in com.objwww.pr.control.it.AlertV12StateExpansionIT
[INFO] Running com.objwww.pr.control.it.AlertDagCycleGuardIT
[INFO] Tests run: 1, Failures: 0, Errors: 0, Skipped: 0, Time elapsed: 0.108 s -- in com.objwww.pr.control.it.AlertDagCycleGuardIT
[INFO] Running com.objwww.pr.control.it.AlertIncidentBudgetIT
[INFO] Tests run: 5, Failures: 0, Errors: 0, Skipped: 0, Time elapsed: 0.364 s -- in com.objwww.pr.control.it.AlertIncidentBudgetIT
[INFO] Running com.objwww.pr.control.it.AlertToolReplayStoreIT
[INFO] Tests run: 4, Failures: 0, Errors: 0, Skipped: 0, Time elapsed: 0.280 s -- in com.objwww.pr.control.it.AlertToolReplayStoreIT
[INFO] Running com.objwww.pr.control.it.Am4E2E06FaultDrillIT
04:39:47.259 [main] INFO com.objwww.pr.control.alert.application.RcaRunOrchestrator -- {"event":"rca_task_decision","ts":"2026-09-08T20:39:47.259297673Z","attempt_id":"46474006-6809-49dd-872e-f7b0eea2eac2","task_id":"027bf676-f636-4e58-9429-1f015c7ee107","run_id":"b2071a27-5669-4841-85a1-d763e5029e21","decision":"COMPLETED","latency_ms":21}
04:39:47.292 [main] WARN com.objwww.pr.control.alert.application.RcaRunOrchestrator -- task 027bf676-f636-4e58-9429-1f015c7ee107 旧租约提交被拒 owner=e06-worker epoch=1
04:39:47.540 [main] INFO com.objwww.pr.control.alert.application.RcaRunOrchestrator -- {"event":"rca_task_decision","ts":"2026-09-08T20:39:47.539897583Z","attempt_id":"f0f2d68d-acac-4669-8ad6-d75cbf960bae","task_id":"400f8f0b-fb7f-4988-81ce-926eb13416e2","run_id":"901ab2a9-5086-4d1c-ad83-3037731b0b06","decision":"COMPLETED","latency_ms":3}
04:39:47.750 [main] INFO com.objwww.pr.control.alert.application.DeterministicSupervisor -- {"event":"am4_run_reporting","ts":"2026-09-08T20:39:47.750164780Z","run_id":"fedff980-4268-4570-865c-0f8a66e9fb9a"}
04:39:47.750 [main] INFO com.objwww.pr.control.alert.application.DeterministicSupervisor -- run fedff980-4268-4570-865c-0f8a66e9fb9a 全任务终态 → REPORTING（报告链组装）
04:39:47.853 [main] INFO com.objwww.pr.control.alert.application.DeterministicSupervisor -- {"event":"am4_run_reporting","ts":"2026-09-08T20:39:47.853038522Z","run_id":"d8204776-ca1a-49af-a3b2-cdf49067f7d2"}
04:39:47.853 [main] INFO com.objwww.pr.control.alert.application.DeterministicSupervisor -- run d8204776-ca1a-49af-a3b2-cdf49067f7d2 全任务终态 → REPORTING（报告链组装）
04:39:47.884 [main] INFO com.objwww.pr.control.alert.application.DeterministicSupervisor -- {"event":"am4_run_reporting","ts":"2026-09-08T20:39:47.884569998Z","run_id":"aee07e7c-1a2a-4f9f-826a-0eb22199845d"}
04:39:47.884 [main] INFO com.objwww.pr.control.alert.application.DeterministicSupervisor -- run aee07e7c-1a2a-4f9f-826a-0eb22199845d 全任务终态 → REPORTING（报告链组装）
[INFO] Tests run: 6, Failures: 0, Errors: 0, Skipped: 0, Time elapsed: 0.809 s -- in com.objwww.pr.control.it.Am4E2E06FaultDrillIT
[INFO] Running com.objwww.pr.control.it.Am4E2E08ReplayIT
[INFO] Tests run: 2, Failures: 0, Errors: 0, Skipped: 0, Time elapsed: 0.261 s -- in com.objwww.pr.control.it.Am4E2E08ReplayIT
[INFO] Running com.objwww.pr.control.it.PostgresArchiveIT
04:39:48.272 [main] INFO com.objwww.pr.control.ops.application.ArchiveService -- CONTROL_ARCHIVE_REJECTED table=rca_event partition=rca_event_2026_10 gate=legal_hold
04:39:48.283 [main] INFO com.objwww.pr.control.ops.application.ArchiveService -- CONTROL_ARCHIVE_REJECTED table=rca_event partition=rca_event_2026_10 gate=legal_hold
04:39:48.480 [main] INFO com.objwww.pr.control.ops.application.ArchiveService -- CONTROL_ARCHIVE_REJECTED table=rca_event partition=rca_event_2026_10 gate=export_failed
04:39:48.579 [main] INFO com.objwww.pr.control.ops.application.ArchiveService -- CONTROL_ARCHIVE_REJECTED table=rca_event partition=rca_event_2026_10 gate=verify_failed
[INFO] Tests run: 5, Failures: 0, Errors: 0, Skipped: 0, Time elapsed: 0.534 s -- in com.objwww.pr.control.it.PostgresArchiveIT
[INFO] Running com.objwww.pr.control.it.AlertV7MigrationContractIT
[INFO] Tests run: 5, Failures: 0, Errors: 0, Skipped: 0, Time elapsed: 0.419 s -- in com.objwww.pr.control.it.AlertV7MigrationContractIT
[INFO] Running com.objwww.pr.control.it.AlertM3RepositoryIT
[INFO] Tests run: 9, Failures: 0, Errors: 0, Skipped: 0, Time elapsed: 0.808 s -- in com.objwww.pr.control.it.AlertM3RepositoryIT
[INFO] Running com.objwww.pr.control.it.AlertV9MigrationContractIT
[INFO] Tests run: 9, Failures: 0, Errors: 0, Skipped: 0, Time elapsed: 0.776 s -- in com.objwww.pr.control.it.AlertV9MigrationContractIT
[INFO] Running com.objwww.pr.control.it.AlertRunBudgetLedgerIT
[INFO] Tests run: 9, Failures: 0, Errors: 0, Skipped: 0, Time elapsed: 0.796 s -- in com.objwww.pr.control.it.AlertRunBudgetLedgerIT
[INFO] Running com.objwww.pr.control.it.Am6NativeFullChainIT
04:39:51.614 [main] INFO com.objwww.pr.control.alert.application.DeterministicSupervisor -- {"event":"am4_run_reporting","ts":"2026-09-08T20:39:51.614192228Z","run_id":"4a03b221-cb76-4aa7-bc50-6ff744bd67cd"}
04:39:51.614 [main] INFO com.objwww.pr.control.alert.application.DeterministicSupervisor -- run 4a03b221-cb76-4aa7-bc50-6ff744bd67cd 全任务终态 → REPORTING（报告链组装）
04:39:51.639 [main] INFO com.objwww.pr.control.infrastructure.nativeexec.NativeInvestigationExecutor -- native 全链完成 run=4a03b221-cb76-4aa7-bc50-6ff744bd67cd reportOutcome=CONFIRMED claims=1 validation=STRUCTURE_VALIDATED 快照=7f4fe07992caef0eb7c9c2612a69a720bc307e34a2f7e5b71f1ea08b9b2f3045
04:39:51.651 [main] INFO com.objwww.pr.control.alert.application.RcaRunOrchestrator -- {"event":"rca_task_decision","ts":"2026-09-08T20:39:51.651830586Z","attempt_id":"c2635b79-321e-49b0-8215-2e174593f401","task_id":"b0440900-4b5f-4098-af3b-2c7a980a53d0","run_id":"4a03b221-cb76-4aa7-bc50-6ff744bd67cd","decision":"COMPLETED","latency_ms":54}
[INFO] Tests run: 2, Failures: 0, Errors: 0, Skipped: 0, Time elapsed: 0.252 s -- in com.objwww.pr.control.it.Am6NativeFullChainIT
[INFO] Running com.objwww.pr.control.it.AlertDagPromotionIT
[INFO] Tests run: 3, Failures: 0, Errors: 0, Skipped: 0, Time elapsed: 0.256 s -- in com.objwww.pr.control.it.AlertDagPromotionIT
[INFO] Running com.objwww.pr.control.it.PostgresCanaryRoutingIT
[INFO] Tests run: 5, Failures: 0, Errors: 0, Skipped: 0, Time elapsed: 0.426 s -- in com.objwww.pr.control.it.PostgresCanaryRoutingIT
[INFO] Running com.objwww.pr.control.it.AlertClaimIT
[INFO] Tests run: 8, Failures: 0, Errors: 0, Skipped: 0, Time elapsed: 0.642 s -- in com.objwww.pr.control.it.AlertClaimIT
[INFO] Running com.objwww.pr.control.it.PostgresRetentionIT
[INFO] Tests run: 4, Failures: 0, Errors: 0, Skipped: 0, Time elapsed: 0.300 s -- in com.objwww.pr.control.it.PostgresRetentionIT
[INFO] Running com.objwww.pr.control.it.CanaryWindowPromotionIT
[INFO] Tests run: 2, Failures: 0, Errors: 0, Skipped: 0, Time elapsed: 0.192 s -- in com.objwww.pr.control.it.CanaryWindowPromotionIT
[INFO] Running com.objwww.pr.control.it.AlertRcaEventIT
[INFO] Tests run: 7, Failures: 0, Errors: 0, Skipped: 0, Time elapsed: 0.685 s -- in com.objwww.pr.control.it.AlertRcaEventIT
[INFO] Running com.objwww.pr.control.it.PostgresEngineComparisonIT
[INFO] Tests run: 2, Failures: 0, Errors: 0, Skipped: 0, Time elapsed: 0.171 s -- in com.objwww.pr.control.it.PostgresEngineComparisonIT
[INFO] Running com.objwww.pr.control.it.PostgresRunFallbackIT
04:39:54.540 [pool-11-thread-2] WARN com.objwww.pr.control.alert.application.FallbackService -- NATIVE run e9923bab-9d93-41ae-bbe1-848f399ac79c 失败（TIMEOUT）→ 恰一次铸 HOLMES fallback run 89d89464-012f-4326-9dc6-ec5bc73c5360
04:39:54.541 [pool-11-thread-2] INFO com.objwww.pr.control.alert.application.FallbackService -- {"event":"rca_fallback_decision","ts":"2026-09-08T20:39:54.541032970Z","source_run_id":"e9923bab-9d93-41ae-bbe1-848f399ac79c","outcome":"CAST","error_class":"TIMEOUT","incident_id":"8601b9d4-e3ed-4d73-a877-8c9b74417da7"}
04:39:54.542 [pool-11-thread-3] INFO com.objwww.pr.control.alert.application.FallbackService -- {"event":"rca_fallback_decision","ts":"2026-09-08T20:39:54.542581035Z","source_run_id":"e9923bab-9d93-41ae-bbe1-848f399ac79c","outcome":"ALREADY_CAST","error_class":"TIMEOUT","incident_id":"8601b9d4-e3ed-4d73-a877-8c9b74417da7"}
04:39:54.543 [pool-11-thread-16] INFO com.objwww.pr.control.alert.application.FallbackService -- {"event":"rca_fallback_decision","ts":"2026-09-08T20:39:54.543780094Z","source_run_id":"e9923bab-9d93-41ae-bbe1-848f399ac79c","outcome":"ALREADY_CAST","error_class":"TIMEOUT","incident_id":"8601b9d4-e3ed-4d73-a877-8c9b74417da7"}
04:39:54.545 [pool-11-thread-10] INFO com.objwww.pr.control.alert.application.FallbackService -- {"event":"rca_fallback_decision","ts":"2026-09-08T20:39:54.544956279Z","source_run_id":"e9923bab-9d93-41ae-bbe1-848f399ac79c","outcome":"ALREADY_CAST","error_class":"TIMEOUT","incident_id":"8601b9d4-e3ed-4d73-a877-8c9b74417da7"}
04:39:54.546 [pool-11-thread-12] INFO com.objwww.pr.control.alert.application.FallbackService -- {"event":"rca_fallback_decision","ts":"2026-09-08T20:39:54.546492983Z","source_run_id":"e9923bab-9d93-41ae-bbe1-848f399ac79c","outcome":"ALREADY_CAST","error_class":"TIMEOUT","incident_id":"8601b9d4-e3ed-4d73-a877-8c9b74417da7"}
04:39:54.547 [pool-11-thread-17] INFO com.objwww.pr.control.alert.application.FallbackService -- {"event":"rca_fallback_decision","ts":"2026-09-08T20:39:54.547537340Z","source_run_id":"e9923bab-9d93-41ae-bbe1-848f399ac79c","outcome":"ALREADY_CAST","error_class":"TIMEOUT","incident_id":"8601b9d4-e3ed-4d73-a877-8c9b74417da7"}
04:39:54.548 [pool-11-thread-15] INFO com.objwww.pr.control.alert.application.FallbackService -- {"event":"rca_fallback_decision","ts":"2026-09-08T20:39:54.548501516Z","source_run_id":"e9923bab-9d93-41ae-bbe1-848f399ac79c","outcome":"ALREADY_CAST","error_class":"TIMEOUT","incident_id":"8601b9d4-e3ed-4d73-a877-8c9b74417da7"}
04:39:54.550 [pool-11-thread-8] INFO com.objwww.pr.control.alert.application.FallbackService -- {"event":"rca_fallback_decision","ts":"2026-09-08T20:39:54.550371388Z","source_run_id":"e9923bab-9d93-41ae-bbe1-848f399ac79c","outcome":"ALREADY_CAST","error_class":"TIMEOUT","incident_id":"8601b9d4-e3ed-4d73-a877-8c9b74417da7"}
04:39:54.553 [pool-11-thread-9] INFO com.objwww.pr.control.alert.application.FallbackService -- {"event":"rca_fallback_decision","ts":"2026-09-08T20:39:54.553874376Z","source_run_id":"e9923bab-9d93-41ae-bbe1-848f399ac79c","outcome":"ALREADY_CAST","error_class":"TIMEOUT","incident_id":"8601b9d4-e3ed-4d73-a877-8c9b74417da7"}
04:39:54.557 [pool-11-thread-6] INFO com.objwww.pr.control.alert.application.FallbackService -- {"event":"rca_fallback_decision","ts":"2026-09-08T20:39:54.557620841Z","source_run_id":"e9923bab-9d93-41ae-bbe1-848f399ac79c","outcome":"ALREADY_CAST","error_class":"TIMEOUT","incident_id":"8601b9d4-e3ed-4d73-a877-8c9b74417da7"}
04:39:54.569 [pool-11-thread-7] INFO com.objwww.pr.control.alert.application.FallbackService -- {"event":"rca_fallback_decision","ts":"2026-09-08T20:39:54.569644857Z","source_run_id":"e9923bab-9d93-41ae-bbe1-848f399ac79c","outcome":"ALREADY_CAST","error_class":"TIMEOUT","incident_id":"8601b9d4-e3ed-4d73-a877-8c9b74417da7"}
04:39:54.571 [pool-11-thread-13] INFO com.objwww.pr.control.alert.application.FallbackService -- {"event":"rca_fallback_decision","ts":"2026-09-08T20:39:54.571370507Z","source_run_id":"e9923bab-9d93-41ae-bbe1-848f399ac79c","outcome":"ALREADY_CAST","error_class":"TIMEOUT","incident_id":"8601b9d4-e3ed-4d73-a877-8c9b74417da7"}
04:39:54.572 [pool-11-thread-18] INFO com.objwww.pr.control.alert.application.FallbackService -- {"event":"rca_fallback_decision","ts":"2026-09-08T20:39:54.572509673Z","source_run_id":"e9923bab-9d93-41ae-bbe1-848f399ac79c","outcome":"ALREADY_CAST","error_class":"TIMEOUT","incident_id":"8601b9d4-e3ed-4d73-a877-8c9b74417da7"}
04:39:54.573 [pool-11-thread-20] INFO com.objwww.pr.control.alert.application.FallbackService -- {"event":"rca_fallback_decision","ts":"2026-09-08T20:39:54.573510548Z","source_run_id":"e9923bab-9d93-41ae-bbe1-848f399ac79c","outcome":"ALREADY_CAST","error_class":"TIMEOUT","incident_id":"8601b9d4-e3ed-4d73-a877-8c9b74417da7"}
04:39:54.574 [pool-11-thread-19] INFO com.objwww.pr.control.alert.application.FallbackService -- {"event":"rca_fallback_decision","ts":"2026-09-08T20:39:54.574497036Z","source_run_id":"e9923bab-9d93-41ae-bbe1-848f399ac79c","outcome":"ALREADY_CAST","error_class":"TIMEOUT","incident_id":"8601b9d4-e3ed-4d73-a877-8c9b74417da7"}
04:39:54.575 [pool-11-thread-1] INFO com.objwww.pr.control.alert.application.FallbackService -- {"event":"rca_fallback_decision","ts":"2026-09-08T20:39:54.575650969Z","source_run_id":"e9923bab-9d93-41ae-bbe1-848f399ac79c","outcome":"ALREADY_CAST","error_class":"TIMEOUT","incident_id":"8601b9d4-e3ed-4d73-a877-8c9b74417da7"}
04:39:54.576 [pool-11-thread-5] INFO com.objwww.pr.control.alert.application.FallbackService -- {"event":"rca_fallback_decision","ts":"2026-09-08T20:39:54.576765950Z","source_run_id":"e9923bab-9d93-41ae-bbe1-848f399ac79c","outcome":"ALREADY_CAST","error_class":"TIMEOUT","incident_id":"8601b9d4-e3ed-4d73-a877-8c9b74417da7"}
04:39:54.578 [pool-11-thread-11] INFO com.objwww.pr.control.alert.application.FallbackService -- {"event":"rca_fallback_decision","ts":"2026-09-08T20:39:54.578506027Z","source_run_id":"e9923bab-9d93-41ae-bbe1-848f399ac79c","outcome":"ALREADY_CAST","error_class":"TIMEOUT","incident_id":"8601b9d4-e3ed-4d73-a877-8c9b74417da7"}
04:39:54.579 [pool-11-thread-4] INFO com.objwww.pr.control.alert.application.FallbackService -- {"event":"rca_fallback_decision","ts":"2026-09-08T20:39:54.579664489Z","source_run_id":"e9923bab-9d93-41ae-bbe1-848f399ac79c","outcome":"ALREADY_CAST","error_class":"TIMEOUT","incident_id":"8601b9d4-e3ed-4d73-a877-8c9b74417da7"}
04:39:54.581 [pool-11-thread-14] INFO com.objwww.pr.control.alert.application.FallbackService -- {"event":"rca_fallback_decision","ts":"2026-09-08T20:39:54.581138915Z","source_run_id":"e9923bab-9d93-41ae-bbe1-848f399ac79c","outcome":"ALREADY_CAST","error_class":"TIMEOUT","incident_id":"8601b9d4-e3ed-4d73-a877-8c9b74417da7"}
04:39:54.603 [main] INFO com.objwww.pr.control.alert.application.FallbackService -- {"event":"rca_fallback_decision","ts":"2026-09-08T20:39:54.603742176Z","source_run_id":"e9923bab-9d93-41ae-bbe1-848f399ac79c","outcome":"ALREADY_CAST","error_class":"TIMEOUT","incident_id":"8601b9d4-e3ed-4d73-a877-8c9b74417da7"}
04:39:54.716 [main] WARN com.objwww.pr.control.alert.application.FallbackService -- NATIVE run c33a9cfb-12d4-493c-ab20-fac5b7fbf19f 失败（TIMEOUT）→ 恰一次铸 HOLMES fallback run b38f7333-71bc-4463-9d19-4c615cd86e62
04:39:54.716 [main] INFO com.objwww.pr.control.alert.application.FallbackService -- {"event":"rca_fallback_decision","ts":"2026-09-08T20:39:54.716615401Z","source_run_id":"c33a9cfb-12d4-493c-ab20-fac5b7fbf19f","outcome":"CAST","error_class":"TIMEOUT","incident_id":"ec74e74d-f417-426e-a27e-103ac98312f2"}
04:39:54.962 [main] WARN com.objwww.pr.control.alert.application.FallbackService -- NATIVE run 1f059fe3-a870-43cd-9418-0ae6d4a60be4 失败（EXECUTOR_ERROR）→ 恰一次铸 HOLMES fallback run 60b0cf2c-87d7-4fd1-a783-81b19810a1b3
04:39:54.963 [main] INFO com.objwww.pr.control.alert.application.FallbackService -- {"event":"rca_fallback_decision","ts":"2026-09-08T20:39:54.963087135Z","source_run_id":"1f059fe3-a870-43cd-9418-0ae6d4a60be4","outcome":"CAST","error_class":"EXECUTOR_ERROR","incident_id":"ff0ee31f-fd8e-49d5-9e3a-c6b2e5dd13c9"}
04:39:54.965 [main] INFO com.objwww.pr.control.alert.application.FallbackService -- {"event":"rca_fallback_decision","ts":"2026-09-08T20:39:54.965204884Z","source_run_id":"60b0cf2c-87d7-4fd1-a783-81b19810a1b3","outcome":"INELIGIBLE_ENGINE","error_class":"EXECUTOR_ERROR","incident_id":"ff0ee31f-fd8e-49d5-9e3a-c6b2e5dd13c9"}
04:39:54.971 [main] INFO com.objwww.pr.control.alert.application.FallbackService -- {"event":"rca_fallback_decision","ts":"2026-09-08T20:39:54.971650303Z","source_run_id":"a2d465d2-e799-4a7c-a1f7-a0789c744672","outcome":"INELIGIBLE_ERROR_CLASS","error_class":"ADAPTER_PACKAGE_REJECTED","incident_id":"52dd2d4a-995d-4822-b03e-f5fa79aeaa53"}
[INFO] Tests run: 4, Failures: 0, Errors: 0, Skipped: 0, Time elapsed: 0.544 s -- in com.objwww.pr.control.it.PostgresRunFallbackIT
[INFO] Running com.objwww.pr.control.it.AlertGenerationFenceIT
04:39:55.187 [main] INFO com.objwww.pr.control.alert.application.RcaRunOrchestrator -- {"event":"rca_task_decision","ts":"2026-09-08T20:39:55.187690913Z","run_state":"SUPERSEDED","attempt_id":"f16d1570-b979-4bd1-964d-52e552bc8e3b","task_id":"7e2d25d5-82b8-4aec-9f05-1497269367c0","run_id":"a1078576-7e22-4838-aed6-58ab3322aad9","decision":"STALE_GENERATION"}
04:39:55.188 [main] WARN com.objwww.pr.control.alert.application.RcaRunOrchestrator -- task 7e2d25d5-82b8-4aec-9f05-1497269367c0 旧代结果作废（run a1078576-7e22-4838-aed6-58ab3322aad9 state=SUPERSEDED），task→STALE 零落档
[INFO] Tests run: 2, Failures: 0, Errors: 0, Skipped: 0, Time elapsed: 0.219 s -- in com.objwww.pr.control.it.AlertGenerationFenceIT
[INFO] Running com.objwww.pr.control.it.AlertEvidenceSnapshotIT
[INFO] Tests run: 3, Failures: 0, Errors: 0, Skipped: 0, Time elapsed: 0.256 s -- in com.objwww.pr.control.it.AlertEvidenceSnapshotIT
[INFO] 
[INFO] Results:
[INFO] 
[INFO] Tests run: 127, Failures: 0, Errors: 0, Skipped: 0
[INFO] 
[INFO] 
[INFO] --- failsafe:3.5.3:verify (default) @ control-app ---
[INFO] 
[INFO] ---------------------< com.objwww.pr:order-arena >----------------------
[INFO] Building order-arena 0.0.1-SNAPSHOT                                [4/6]
[INFO]   from order-arena/pom.xml
[INFO] --------------------------------[ jar ]---------------------------------
[INFO] 
[INFO] --- clean:3.4.1:clean (default-clean) @ order-arena ---
[INFO] Deleting /opt/projects/pr_agent_it/order-arena/target
[INFO] 
[INFO] --- resources:3.3.1:resources (default-resources) @ order-arena ---
[INFO] Copying 2 resources from src/main/resources to target/classes
[INFO] Copying 7 resources from src/main/resources to target/classes
[INFO] 
[INFO] --- compiler:3.13.0:compile (default-compile) @ order-arena ---
[INFO] Recompiling the module because of changed dependency.
[INFO] Compiling 59 source files with javac [debug parameters release 21] to target/classes
[INFO] 
[INFO] --- resources:3.3.1:testResources (default-testResources) @ order-arena ---
[INFO] skip non existing resourceDirectory /opt/projects/pr_agent_it/order-arena/src/test/resources
[INFO] 
[INFO] --- compiler:3.13.0:testCompile (default-testCompile) @ order-arena ---
[INFO] Recompiling the module because of changed dependency.
[INFO] Compiling 17 source files with javac [debug parameters release 21] to target/test-classes
[INFO] /opt/projects/pr_agent_it/order-arena/src/test/java/com/objwww/pr/arena/deploy/ComposeTopologyContractTest.java: /opt/projects/pr_agent_it/order-arena/src/test/java/com/objwww/pr/arena/deploy/ComposeTopologyContractTest.java uses unchecked or unsafe operations.
[INFO] /opt/projects/pr_agent_it/order-arena/src/test/java/com/objwww/pr/arena/deploy/ComposeTopologyContractTest.java: Recompile with -Xlint:unchecked for details.
[INFO] 
[INFO] --- surefire:3.5.3:test (default-test) @ order-arena ---
[INFO] Using auto detected provider org.apache.maven.surefire.junitplatform.JUnitPlatformProvider
[INFO] 
[INFO] -------------------------------------------------------
[INFO]  T E S T S
[INFO] -------------------------------------------------------
[INFO] Running com.objwww.pr.arena.domain.statemachine.StateMachineExhaustiveTest
[INFO] Tests run: 5, Failures: 0, Errors: 0, Skipped: 0, Time elapsed: 0.118 s -- in com.objwww.pr.arena.domain.statemachine.StateMachineExhaustiveTest
[INFO] Running com.objwww.pr.arena.ArenaArchitectureTest
04:39:57.406 [main] INFO com.tngtech.archunit.core.PluginLoader -- Detected Java version 21.0.12.1
[INFO] Tests run: 3, Failures: 0, Errors: 0, Skipped: 0, Time elapsed: 2.093 s -- in com.objwww.pr.arena.ArenaArchitectureTest
[INFO] Running com.objwww.pr.arena.deploy.ComposeTopologyContractTest
[INFO] Tests run: 10, Failures: 0, Errors: 0, Skipped: 0, Time elapsed: 0.161 s -- in com.objwww.pr.arena.deploy.ComposeTopologyContractTest
[INFO] Running com.objwww.pr.arena.application.TrafficGeneratorTest
[INFO] Tests run: 2, Failures: 0, Errors: 0, Skipped: 0, Time elapsed: 0.059 s -- in com.objwww.pr.arena.application.TrafficGeneratorTest
[INFO] Running com.objwww.pr.arena.ArenaContextSmokeTest
04:39:59.804 [main] INFO org.springframework.test.context.support.AnnotationConfigContextLoaderUtils -- Could not detect default configuration classes for test class [com.objwww.pr.arena.ArenaContextSmokeTest]: ArenaContextSmokeTest does not declare any static, non-private, non-final, nested classes annotated with @Configuration.
04:39:59.900 [main] INFO org.springframework.boot.test.context.SpringBootTestContextBootstrapper -- Found @SpringBootConfiguration com.objwww.pr.arena.ArenaApplication for test class com.objwww.pr.arena.ArenaContextSmokeTest

  .   ____          _            __ _ _
 /\\ / ___'_ __ _ _(_)_ __  __ _ \ \ \ \
( ( )\___ | '_ | '_| | '_ \/ _` | \ \ \ \
 \\/  ___)| |_)| | | | | || (_| |  ) ) ) )
  '  |____| .__|_| |_|_| |_\__, | / / / /
 =========|_|==============|___/=/_/_/_/

 :: Spring Boot ::                (v3.4.5)

2026-09-09T04:40:00.301+08:00  INFO 30032 --- [order-arena] [           main] c.objwww.pr.arena.ArenaContextSmokeTest  : Starting ArenaContextSmokeTest using Java 21.0.12.1 with PID 30032 (started by root in /opt/projects/pr_agent_it/order-arena)
2026-09-09T04:40:00.302+08:00  INFO 30032 --- [order-arena] [           main] c.objwww.pr.arena.ArenaContextSmokeTest  : No active profile set, falling back to 1 default profile: "default"
2026-09-09T04:40:01.859+08:00  INFO 30032 --- [order-arena] [           main] c.objwww.pr.arena.ArenaContextSmokeTest  : Started ArenaContextSmokeTest in 1.828 seconds (process running for 5.235)
Mockito is currently self-attaching to enable the inline-mock-maker. This will no longer work in future releases of the JDK. Please add Mockito as an agent to your build what is described in Mockito's documentation: https://javadoc.io/doc/org.mockito/mockito-core/latest/org/mockito/Mockito.html#0.3
OpenJDK 64-Bit Server VM warning: Sharing is only supported for boot loader classes because bootstrap classpath has been appended
WARNING: A Java agent has been loaded dynamically (/root/.m2/repository/net/bytebuddy/byte-buddy-agent/1.15.11/byte-buddy-agent-1.15.11.jar)
WARNING: If a serviceability tool is in use, please run with -XX:+EnableDynamicAgentLoading to hide this warning
WARNING: If a serviceability tool is not in use, please run with -Djdk.instrument.traceUsage for more information
WARNING: Dynamic loading of agents will be disallowed by default in a future release
[INFO] Tests run: 2, Failures: 0, Errors: 0, Skipped: 0, Time elapsed: 2.970 s -- in com.objwww.pr.arena.ArenaContextSmokeTest
[INFO] Running com.objwww.pr.arena.interfaces.OrderControllerTest
2026-09-09T04:40:02.736+08:00  INFO 30032 --- [order-arena] [           main] o.s.mock.web.MockServletContext          : Initializing Spring TestDispatcherServlet ''
2026-09-09T04:40:02.736+08:00  INFO 30032 --- [order-arena] [           main] o.s.t.web.servlet.TestDispatcherServlet  : Initializing Servlet ''
2026-09-09T04:40:02.738+08:00  INFO 30032 --- [order-arena] [           main] o.s.t.web.servlet.TestDispatcherServlet  : Completed initialization in 0 ms
2026-09-09T04:40:02.908+08:00  INFO 30032 --- [order-arena] [           main] o.s.mock.web.MockServletContext          : Initializing Spring TestDispatcherServlet ''
2026-09-09T04:40:02.909+08:00  INFO 30032 --- [order-arena] [           main] o.s.t.web.servlet.TestDispatcherServlet  : Initializing Servlet ''
2026-09-09T04:40:02.909+08:00  INFO 30032 --- [order-arena] [           main] o.s.t.web.servlet.TestDispatcherServlet  : Completed initialization in 0 ms
2026-09-09T04:40:02.920+08:00  INFO 30032 --- [order-arena] [           main] o.s.mock.web.MockServletContext          : Initializing Spring TestDispatcherServlet ''
2026-09-09T04:40:02.920+08:00  INFO 30032 --- [order-arena] [           main] o.s.t.web.servlet.TestDispatcherServlet  : Initializing Servlet ''
2026-09-09T04:40:02.921+08:00  INFO 30032 --- [order-arena] [           main] o.s.t.web.servlet.TestDispatcherServlet  : Completed initialization in 0 ms
2026-09-09T04:40:02.940+08:00  INFO 30032 --- [order-arena] [           main] o.s.mock.web.MockServletContext          : Initializing Spring TestDispatcherServlet ''
2026-09-09T04:40:02.940+08:00  INFO 30032 --- [order-arena] [           main] o.s.t.web.servlet.TestDispatcherServlet  : Initializing Servlet ''
2026-09-09T04:40:02.941+08:00  INFO 30032 --- [order-arena] [           main] o.s.t.web.servlet.TestDispatcherServlet  : Completed initialization in 1 ms
2026-09-09T04:40:02.951+08:00  INFO 30032 --- [order-arena] [           main] o.s.mock.web.MockServletContext          : Initializing Spring TestDispatcherServlet ''
2026-09-09T04:40:02.951+08:00  INFO 30032 --- [order-arena] [           main] o.s.t.web.servlet.TestDispatcherServlet  : Initializing Servlet ''
2026-09-09T04:40:02.952+08:00  INFO 30032 --- [order-arena] [           main] o.s.t.web.servlet.TestDispatcherServlet  : Completed initialization in 1 ms
2026-09-09T04:40:02.967+08:00  INFO 30032 --- [order-arena] [           main] o.s.mock.web.MockServletContext          : Initializing Spring TestDispatcherServlet ''
2026-09-09T04:40:02.968+08:00  INFO 30032 --- [order-arena] [           main] o.s.t.web.servlet.TestDispatcherServlet  : Initializing Servlet ''
2026-09-09T04:40:02.968+08:00  INFO 30032 --- [order-arena] [           main] o.s.t.web.servlet.TestDispatcherServlet  : Completed initialization in 0 ms
2026-09-09T04:40:02.980+08:00  INFO 30032 --- [order-arena] [           main] o.s.mock.web.MockServletContext          : Initializing Spring TestDispatcherServlet ''
2026-09-09T04:40:02.980+08:00  INFO 30032 --- [order-arena] [           main] o.s.t.web.servlet.TestDispatcherServlet  : Initializing Servlet ''
2026-09-09T04:40:02.980+08:00  INFO 30032 --- [order-arena] [           main] o.s.t.web.servlet.TestDispatcherServlet  : Completed initialization in 0 ms
2026-09-09T04:40:02.991+08:00  INFO 30032 --- [order-arena] [           main] o.s.mock.web.MockServletContext          : Initializing Spring TestDispatcherServlet ''
2026-09-09T04:40:02.991+08:00  INFO 30032 --- [order-arena] [           main] o.s.t.web.servlet.TestDispatcherServlet  : Initializing Servlet ''
2026-09-09T04:40:02.991+08:00  INFO 30032 --- [order-arena] [           main] o.s.t.web.servlet.TestDispatcherServlet  : Completed initialization in 0 ms
[INFO] Tests run: 8, Failures: 0, Errors: 0, Skipped: 0, Time elapsed: 0.287 s -- in com.objwww.pr.arena.interfaces.OrderControllerTest
[INFO] 
[INFO] Results:
[INFO] 
[INFO] Tests run: 30, Failures: 0, Errors: 0, Skipped: 0
[INFO] 
[INFO] 
[INFO] --- jar:3.4.2:jar (default-jar) @ order-arena ---
[INFO] Building jar: /opt/projects/pr_agent_it/order-arena/target/order-arena-0.0.1-SNAPSHOT.jar
[INFO] 
[INFO] --- spring-boot:3.4.5:repackage (repackage) @ order-arena ---
[INFO] Attaching repackaged archive /opt/projects/pr_agent_it/order-arena/target/order-arena-0.0.1-SNAPSHOT-exec.jar with classifier exec
[INFO] 
[INFO] --- failsafe:3.5.3:integration-test (default) @ order-arena ---
[INFO] Using auto detected provider org.apache.maven.surefire.junitplatform.JUnitPlatformProvider
[INFO] 
[INFO] -------------------------------------------------------
[INFO]  T E S T S
[INFO] -------------------------------------------------------
04:40:04.199 [main] INFO org.testcontainers.DockerClientFactory -- Testcontainers version: 1.20.4
04:40:04.403 [main] INFO org.testcontainers.dockerclient.DockerClientProviderStrategy -- Loaded org.testcontainers.dockerclient.UnixSocketClientProviderStrategy from ~/.testcontainers.properties, will try it first
04:40:04.679 [main] INFO org.testcontainers.dockerclient.DockerClientProviderStrategy -- Found Docker environment with local Unix socket (unix:///var/run/docker.sock)
04:40:04.681 [main] INFO org.testcontainers.DockerClientFactory -- Docker host IP address is localhost
04:40:04.696 [main] INFO org.testcontainers.DockerClientFactory -- Connected to docker: 
  Server Version: 26.1.4
  API Version: 1.45
  Operating System: CentOS Linux 7 (Core)
  Total Memory: 7725 MB
04:40:04.709 [main] INFO org.testcontainers.images.PullPolicy -- Image pull policy will be performed by: DefaultPullPolicy()
04:40:04.711 [main] INFO org.testcontainers.utility.ImageNameSubstitutor -- Image name substitution will be performed by: DefaultImageNameSubstitutor (composite of 'ConfigurationFileImageNameSubstitutor' and 'PrefixingImageNameSubstitutor')
04:40:04.786 [main] INFO tc.testcontainers/ryuk:0.11.0 -- Creating container for image: testcontainers/ryuk:0.11.0
04:40:04.791 [main] INFO org.testcontainers.utility.RegistryAuthLocator -- Failure when attempting to lookup auth config. Please ignore if you don't have images in an authenticated registry. Details: (dockerImageName: testcontainers/ryuk:0.11.0, configFile: /root/.docker/config.json, configEnv: DOCKER_AUTH_CONFIG). Falling back to docker-java default behaviour. Exception message: Status 404: No config supplied. Checked in order: /root/.docker/config.json (file not found), DOCKER_AUTH_CONFIG (not set)
04:40:04.959 [main] INFO tc.testcontainers/ryuk:0.11.0 -- Container testcontainers/ryuk:0.11.0 is starting: a678a7e499eee11882096188f7e1b138b7f5011ce6266cfc3d18346adc357ae3
04:40:05.329 [main] INFO tc.testcontainers/ryuk:0.11.0 -- Container testcontainers/ryuk:0.11.0 started in PT0.543111173S
04:40:05.335 [main] INFO org.testcontainers.utility.RyukResourceReaper -- Ryuk started - will monitor and terminate Testcontainers containers on JVM exit
04:40:05.336 [main] INFO org.testcontainers.DockerClientFactory -- Checking the system...
04:40:05.336 [main] INFO org.testcontainers.DockerClientFactory -- ✔︎ Docker server version should be at least 1.6.0
[INFO] Running com.objwww.pr.arena.it.DomainProbeEpisodeIT
04:40:05.364 [main] INFO tc.postgres:16-alpine -- Creating container for image: postgres:16-alpine
04:40:05.470 [main] INFO tc.postgres:16-alpine -- Container postgres:16-alpine is starting: 5860d5f56622592e02ed1a7138fac81629ecd2a9c25e9240447928ea10736872
04:40:06.970 [main] INFO tc.postgres:16-alpine -- Container postgres:16-alpine started in PT1.606132965S
04:40:06.971 [main] INFO tc.postgres:16-alpine -- Container is started (JDBC URL: jdbc:postgresql://localhost:33264/test?loggerLevel=OFF)
04:40:06.980 [main] INFO com.zaxxer.hikari.HikariDataSource -- HikariPool-1 - Starting...
04:40:07.183 [main] INFO com.zaxxer.hikari.pool.HikariPool -- HikariPool-1 - Added connection org.postgresql.jdbc.PgConnection@25b5c5e3
04:40:07.184 [main] INFO com.zaxxer.hikari.HikariDataSource -- HikariPool-1 - Start completed.
04:40:07.528 [main] INFO org.flywaydb.core.FlywayExecutor -- Database: jdbc:postgresql://localhost:33264/test?loggerLevel=OFF (PostgreSQL 16.15)
04:40:07.590 [main] INFO org.flywaydb.core.internal.database.base.Schema -- Creating schema "arena" ...
04:40:07.597 [main] INFO org.flywaydb.core.internal.schemahistory.JdbcTableSchemaHistory -- Creating Schema History table "arena"."flyway_schema_history" ...
04:40:07.679 [main] INFO org.flywaydb.core.internal.command.DbMigrate -- Current version of schema "arena": null
04:40:07.721 [main] INFO org.flywaydb.core.internal.command.DbMigrate -- Migrating schema "arena" to version "1 - am2 order base"
04:40:07.729 [main] WARN org.flywaydb.core.internal.sqlscript.DefaultSqlScriptExecutor -- DB: schema "arena" already exists, skipping (SQL State: 42P06 - Error Code: 0)
04:40:07.800 [main] INFO org.flywaydb.core.internal.command.DbMigrate -- Migrating schema "arena" to version "2 - am2 compensation outbox"
04:40:07.827 [main] INFO org.flywaydb.core.internal.command.DbMigrate -- Migrating schema "arena" to version "3 - am2 chaos gt"
04:40:07.857 [main] INFO org.flywaydb.core.internal.command.DbMigrate -- Migrating schema "arena" to version "4 - am2 probe reconcile"
04:40:07.878 [main] INFO org.flywaydb.core.internal.command.DbMigrate -- Migrating schema "arena" to version "5 - am2 scenario map"
04:40:07.891 [main] INFO org.flywaydb.core.internal.command.DbMigrate -- Migrating schema "arena" to version "6 - am2 drop map fp unique"
04:40:07.902 [main] INFO org.flywaydb.core.internal.command.DbMigrate -- Migrating schema "arena" to version "7 - am3 eval gt barrier"
04:40:07.914 [main] INFO org.flywaydb.core.internal.command.DbMigrate -- Successfully applied 7 migrations to schema "arena", now at version v7 (execution time 00:00.134s)
04:40:07.920 [main] INFO com.zaxxer.hikari.HikariDataSource -- HikariPool-2 - Starting...
04:40:07.936 [main] INFO com.zaxxer.hikari.pool.HikariPool -- HikariPool-2 - Added connection org.postgresql.jdbc.PgConnection@3ed34ef5
04:40:07.937 [main] INFO com.zaxxer.hikari.HikariDataSource -- HikariPool-2 - Start completed.
04:40:07.937 [main] INFO com.zaxxer.hikari.HikariDataSource -- HikariPool-3 - Starting...
04:40:07.956 [main] INFO com.zaxxer.hikari.pool.HikariPool -- HikariPool-3 - Added connection org.postgresql.jdbc.PgConnection@506a1372
04:40:07.957 [main] INFO com.zaxxer.hikari.HikariDataSource -- HikariPool-3 - Start completed.
04:40:07.957 [main] INFO com.zaxxer.hikari.HikariDataSource -- HikariPool-4 - Starting...
04:40:07.969 [main] INFO com.zaxxer.hikari.pool.HikariPool -- HikariPool-4 - Added connection org.postgresql.jdbc.PgConnection@76464795
04:40:07.970 [main] INFO com.zaxxer.hikari.HikariDataSource -- HikariPool-4 - Start completed.
04:40:08.116 [main] WARN com.objwww.pr.arena.application.DomainProbe -- 领域探针失明（保留末值，不伪装恢复）: simulated outage
[INFO] Tests run: 3, Failures: 0, Errors: 0, Skipped: 0, Time elapsed: 2.944 s -- in com.objwww.pr.arena.it.DomainProbeEpisodeIT
[INFO] Running com.objwww.pr.arena.it.ChaosRecoveryIT
04:40:08.366 [main] INFO com.objwww.pr.arena.application.chaos.ChaosRecoveryService -- F1 恢复收口: scenario=f1-sc-paid 重复行=2 补偿=1
04:40:08.404 [main] WARN com.objwww.pr.arena.application.chaos.ChaosRecoveryService -- F2 注入回跳: scenario=f2-sc-it 单数=1
04:40:08.410 [main] WARN com.objwww.pr.arena.application.chaos.ChaosRecoveryService -- F2 注入回跳: scenario=f2-sc-it 单数=1
04:40:08.425 [main] INFO com.objwww.pr.arena.application.chaos.ChaosRecoveryService -- F2 恢复收口: scenario=f2-sc-it 恢复=2
04:40:08.441 [main] INFO com.objwww.pr.arena.application.chaos.ChaosRecoveryService -- F2 恢复收口: scenario=f2-sc-it 恢复=0
04:40:08.480 [main] INFO com.objwww.pr.arena.application.chaos.ChaosRecoveryService -- F1 恢复收口: scenario=f1-sc-rec 重复行=2 补偿=1
[INFO] Tests run: 3, Failures: 0, Errors: 0, Skipped: 0, Time elapsed: 0.200 s -- in com.objwww.pr.arena.it.ChaosRecoveryIT
[INFO] Running com.objwww.pr.arena.it.F3ReconcileIT
04:40:08.557 [main] INFO com.objwww.pr.arena.application.F3ReconcileService -- F3 CAPTURE 迟到成功，补 PAID: order=b03cb404-8c34-42e8-8aae-7135ae74e6b7
04:40:08.594 [main] INFO com.objwww.pr.arena.application.F3ReconcileService -- F3 AUTH 迟到成功，补 ENABLE: order=89a745e9-ffb3-4f0a-ae78-5c2cad90582c
04:40:08.649 [main] INFO com.objwww.pr.arena.application.F3ReconcileService -- F3 AUTH 裁定拒绝，废单补偿: order=f343d5c5-be5f-4da9-b548-8b2b24fdac4d
04:40:08.689 [main] INFO com.objwww.pr.arena.application.F3ReconcileService -- F3 AUTH 裁定拒绝，废单补偿: order=16243f33-e0d4-43a9-b35d-233c5c65cef5
[INFO] Tests run: 5, Failures: 0, Errors: 0, Skipped: 0, Time elapsed: 0.201 s -- in com.objwww.pr.arena.it.F3ReconcileIT
[INFO] Running com.objwww.pr.arena.it.ArenaV3ChaosMigrationIT
[INFO] Tests run: 11, Failures: 0, Errors: 0, Skipped: 0, Time elapsed: 0.309 s -- in com.objwww.pr.arena.it.ArenaV3ChaosMigrationIT
[INFO] Running com.objwww.pr.arena.it.ArenaV2OutboxMigrationIT
[INFO] Tests run: 5, Failures: 0, Errors: 0, Skipped: 0, Time elapsed: 0.137 s -- in com.objwww.pr.arena.it.ArenaV2OutboxMigrationIT
[INFO] Running com.objwww.pr.arena.it.ArenaPermissionMatrixIT
[INFO] Tests run: 7, Failures: 0, Errors: 0, Skipped: 0, Time elapsed: 0.204 s -- in com.objwww.pr.arena.it.ArenaPermissionMatrixIT
[INFO] Running com.objwww.pr.arena.it.PostgresChaosSwitchboardIT
04:40:09.405 [main] INFO com.zaxxer.hikari.HikariDataSource -- HikariPool-5 - Starting...
04:40:09.406 [main] INFO com.zaxxer.hikari.HikariDataSource -- HikariPool-5 - Start completed.
04:40:09.711 [main] WARN com.objwww.pr.arena.application.chaos.ChaosSwitchboard -- chaos 开关读面 fail-closed: Connection refused
04:40:10.012 [main] WARN com.objwww.pr.arena.application.chaos.ChaosSwitchboard -- chaos 会话读面 fail-closed: Connection refused
04:40:10.013 [main] INFO com.zaxxer.hikari.HikariDataSource -- HikariPool-5 - Shutdown initiated...
04:40:10.043 [main] INFO com.zaxxer.hikari.HikariDataSource -- HikariPool-5 - Shutdown completed.
[INFO] Tests run: 4, Failures: 0, Errors: 0, Skipped: 0, Time elapsed: 0.729 s -- in com.objwww.pr.arena.it.PostgresChaosSwitchboardIT
[INFO] Running com.objwww.pr.arena.it.PostgresIdempotencyRepositoryIT
[INFO] Tests run: 6, Failures: 0, Errors: 0, Skipped: 0, Time elapsed: 0.154 s -- in com.objwww.pr.arena.it.PostgresIdempotencyRepositoryIT
[INFO] Running com.objwww.pr.arena.it.ArenaEvalGtBarrierIT
[INFO] Tests run: 4, Failures: 0, Errors: 0, Skipped: 0, Time elapsed: 0.084 s -- in com.objwww.pr.arena.it.ArenaEvalGtBarrierIT
[INFO] Running com.objwww.pr.arena.it.ArenaV1MigrationContractIT
[INFO] Tests run: 10, Failures: 0, Errors: 0, Skipped: 0, Time elapsed: 0.213 s -- in com.objwww.pr.arena.it.ArenaV1MigrationContractIT
[INFO] 
[INFO] Results:
[INFO] 
[INFO] Tests run: 58, Failures: 0, Errors: 0, Skipped: 0
[INFO] 
[INFO] 
[INFO] --- failsafe:3.5.3:verify (default) @ order-arena ---
[INFO] 
[INFO] ------------------< com.objwww.pr:arena-chaos-admin >-------------------
[INFO] Building arena-chaos-admin 0.0.1-SNAPSHOT                          [5/6]
[INFO]   from arena-chaos-admin/pom.xml
[INFO] --------------------------------[ jar ]---------------------------------
[INFO] 
[INFO] --- clean:3.4.1:clean (default-clean) @ arena-chaos-admin ---
[INFO] Deleting /opt/projects/pr_agent_it/arena-chaos-admin/target
[INFO] 
[INFO] --- resources:3.3.1:resources (default-resources) @ arena-chaos-admin ---
[INFO] Copying 2 resources from src/main/resources to target/classes
[INFO] Copying 0 resource from src/main/resources to target/classes
[INFO] 
[INFO] --- compiler:3.13.0:compile (default-compile) @ arena-chaos-admin ---
[INFO] Recompiling the module because of changed dependency.
[INFO] Compiling 7 source files with javac [debug parameters release 21] to target/classes
[INFO] 
[INFO] --- resources:3.3.1:testResources (default-testResources) @ arena-chaos-admin ---
[INFO] skip non existing resourceDirectory /opt/projects/pr_agent_it/arena-chaos-admin/src/test/resources
[INFO] 
[INFO] --- compiler:3.13.0:testCompile (default-testCompile) @ arena-chaos-admin ---
[INFO] Recompiling the module because of changed dependency.
[INFO] Compiling 5 source files with javac [debug parameters release 21] to target/test-classes
[INFO] 
[INFO] --- surefire:3.5.3:test (default-test) @ arena-chaos-admin ---
[INFO] Using auto detected provider org.apache.maven.surefire.junitplatform.JUnitPlatformProvider
[INFO] 
[INFO] -------------------------------------------------------
[INFO]  T E S T S
[INFO] -------------------------------------------------------
[INFO] Running com.objwww.pr.arenaadmin.fingerprint.AlertmanagerFingerprintTest
[INFO] Tests run: 5, Failures: 0, Errors: 0, Skipped: 0, Time elapsed: 0.095 s -- in com.objwww.pr.arenaadmin.fingerprint.AlertmanagerFingerprintTest
[INFO] Running com.objwww.pr.arenaadmin.interfaces.ChaosAdminControllerTest
Mockito is currently self-attaching to enable the inline-mock-maker. This will no longer work in future releases of the JDK. Please add Mockito as an agent to your build what is described in Mockito's documentation: https://javadoc.io/doc/org.mockito/mockito-core/latest/org/mockito/Mockito.html#0.3
OpenJDK 64-Bit Server VM warning: Sharing is only supported for boot loader classes because bootstrap classpath has been appended
WARNING: A Java agent has been loaded dynamically (/root/.m2/repository/net/bytebuddy/byte-buddy-agent/1.15.11/byte-buddy-agent-1.15.11.jar)
WARNING: If a serviceability tool is in use, please run with -XX:+EnableDynamicAgentLoading to hide this warning
WARNING: If a serviceability tool is not in use, please run with -Djdk.instrument.traceUsage for more information
WARNING: Dynamic loading of agents will be disallowed by default in a future release
04:40:13.397 [main] INFO org.springframework.mock.web.MockServletContext -- Initializing Spring TestDispatcherServlet ''
04:40:13.403 [main] INFO org.springframework.test.web.servlet.TestDispatcherServlet -- Initializing Servlet ''
04:40:13.408 [main] INFO org.springframework.test.web.servlet.TestDispatcherServlet -- Completed initialization in 3 ms
04:40:13.423 [main] INFO org.springframework.mock.web.MockServletContext -- Initializing Spring TestDispatcherServlet ''
04:40:13.423 [main] INFO org.springframework.test.web.servlet.TestDispatcherServlet -- Initializing Servlet ''
04:40:13.423 [main] INFO org.springframework.test.web.servlet.TestDispatcherServlet -- Completed initialization in 0 ms
04:40:13.599 [main] WARN com.objwww.pr.arenaadmin.interfaces.ChaosAdminController -- chaos 关闭: F3 scenario=f3-e2e-001（进入 RECOVERING，等待恢复收口）
04:40:13.676 [main] INFO org.springframework.mock.web.MockServletContext -- Initializing Spring TestDispatcherServlet ''
04:40:13.676 [main] INFO org.springframework.test.web.servlet.TestDispatcherServlet -- Initializing Servlet ''
04:40:13.676 [main] INFO org.springframework.test.web.servlet.TestDispatcherServlet -- Completed initialization in 0 ms
04:40:13.700 [main] INFO org.springframework.mock.web.MockServletContext -- Initializing Spring TestDispatcherServlet ''
04:40:13.700 [main] INFO org.springframework.test.web.servlet.TestDispatcherServlet -- Initializing Servlet ''
04:40:13.700 [main] INFO org.springframework.test.web.servlet.TestDispatcherServlet -- Completed initialization in 0 ms
04:40:13.747 [main] INFO org.springframework.mock.web.MockServletContext -- Initializing Spring TestDispatcherServlet ''
04:40:13.747 [main] INFO org.springframework.test.web.servlet.TestDispatcherServlet -- Initializing Servlet ''
04:40:13.748 [main] INFO org.springframework.test.web.servlet.TestDispatcherServlet -- Completed initialization in 1 ms
04:40:13.757 [main] INFO org.springframework.mock.web.MockServletContext -- Initializing Spring TestDispatcherServlet ''
04:40:13.757 [main] INFO org.springframework.test.web.servlet.TestDispatcherServlet -- Initializing Servlet ''
04:40:13.757 [main] INFO org.springframework.test.web.servlet.TestDispatcherServlet -- Completed initialization in 0 ms
04:40:13.783 [main] INFO org.springframework.mock.web.MockServletContext -- Initializing Spring TestDispatcherServlet ''
04:40:13.783 [main] INFO org.springframework.test.web.servlet.TestDispatcherServlet -- Initializing Servlet ''
04:40:13.783 [main] INFO org.springframework.test.web.servlet.TestDispatcherServlet -- Completed initialization in 0 ms
04:40:13.789 [main] INFO org.springframework.mock.web.MockServletContext -- Initializing Spring TestDispatcherServlet ''
04:40:13.789 [main] INFO org.springframework.test.web.servlet.TestDispatcherServlet -- Initializing Servlet ''
04:40:13.790 [main] INFO org.springframework.test.web.servlet.TestDispatcherServlet -- Completed initialization in 1 ms
04:40:13.803 [main] INFO org.springframework.mock.web.MockServletContext -- Initializing Spring TestDispatcherServlet ''
04:40:13.803 [main] INFO org.springframework.test.web.servlet.TestDispatcherServlet -- Initializing Servlet ''
04:40:13.804 [main] INFO org.springframework.test.web.servlet.TestDispatcherServlet -- Completed initialization in 1 ms
04:40:13.808 [main] INFO org.springframework.mock.web.MockServletContext -- Initializing Spring TestDispatcherServlet ''
04:40:13.809 [main] INFO org.springframework.test.web.servlet.TestDispatcherServlet -- Initializing Servlet ''
04:40:13.809 [main] INFO org.springframework.test.web.servlet.TestDispatcherServlet -- Completed initialization in 0 ms
04:40:13.824 [main] INFO org.springframework.mock.web.MockServletContext -- Initializing Spring TestDispatcherServlet ''
04:40:13.825 [main] INFO org.springframework.test.web.servlet.TestDispatcherServlet -- Initializing Servlet ''
04:40:13.825 [main] INFO org.springframework.test.web.servlet.TestDispatcherServlet -- Completed initialization in 0 ms
04:40:13.830 [main] INFO org.springframework.mock.web.MockServletContext -- Initializing Spring TestDispatcherServlet ''
04:40:13.831 [main] INFO org.springframework.test.web.servlet.TestDispatcherServlet -- Initializing Servlet ''
04:40:13.831 [main] INFO org.springframework.test.web.servlet.TestDispatcherServlet -- Completed initialization in 0 ms
04:40:13.847 [main] INFO org.springframework.mock.web.MockServletContext -- Initializing Spring TestDispatcherServlet ''
04:40:13.847 [main] INFO org.springframework.test.web.servlet.TestDispatcherServlet -- Initializing Servlet ''
04:40:13.847 [main] INFO org.springframework.test.web.servlet.TestDispatcherServlet -- Completed initialization in 0 ms
04:40:13.851 [main] INFO org.springframework.mock.web.MockServletContext -- Initializing Spring TestDispatcherServlet ''
04:40:13.851 [main] INFO org.springframework.test.web.servlet.TestDispatcherServlet -- Initializing Servlet ''
04:40:13.851 [main] INFO org.springframework.test.web.servlet.TestDispatcherServlet -- Completed initialization in 0 ms
04:40:13.863 [main] INFO org.springframework.mock.web.MockServletContext -- Initializing Spring TestDispatcherServlet ''
04:40:13.863 [main] INFO org.springframework.test.web.servlet.TestDispatcherServlet -- Initializing Servlet ''
04:40:13.863 [main] INFO org.springframework.test.web.servlet.TestDispatcherServlet -- Completed initialization in 0 ms
04:40:13.868 [main] INFO org.springframework.mock.web.MockServletContext -- Initializing Spring TestDispatcherServlet ''
04:40:13.868 [main] INFO org.springframework.test.web.servlet.TestDispatcherServlet -- Initializing Servlet ''
04:40:13.868 [main] INFO org.springframework.test.web.servlet.TestDispatcherServlet -- Completed initialization in 0 ms
04:40:13.884 [main] WARN com.objwww.pr.arenaadmin.interfaces.ChaosAdminController -- chaos 激活: F3 scenario=f3-e2e-001 operator=it
[INFO] Tests run: 8, Failures: 0, Errors: 0, Skipped: 0, Time elapsed: 2.082 s -- in com.objwww.pr.arenaadmin.interfaces.ChaosAdminControllerTest
[INFO] Running com.objwww.pr.arenaadmin.ChaosAdminContextSmokeTest
04:40:13.924 [main] INFO org.springframework.test.context.support.AnnotationConfigContextLoaderUtils -- Could not detect default configuration classes for test class [com.objwww.pr.arenaadmin.ChaosAdminContextSmokeTest]: ChaosAdminContextSmokeTest does not declare any static, non-private, non-final, nested classes annotated with @Configuration.
04:40:14.048 [main] INFO org.springframework.boot.test.context.SpringBootTestContextBootstrapper -- Found @SpringBootConfiguration com.objwww.pr.arenaadmin.ChaosAdminApplication for test class com.objwww.pr.arenaadmin.ChaosAdminContextSmokeTest

  .   ____          _            __ _ _
 /\\ / ___'_ __ _ _(_)_ __  __ _ \ \ \ \
( ( )\___ | '_ | '_| | '_ \/ _` | \ \ \ \
 \\/  ___)| |_)| | | | | || (_| |  ) ) ) )
  '  |____| .__|_| |_|_| |_\__, | / / / /
 =========|_|==============|___/=/_/_/_/

 :: Spring Boot ::                (v3.4.5)

2026-09-09T04:40:14.448+08:00  INFO 32014 --- [arena-chaos-admin] [           main] c.o.p.a.ChaosAdminContextSmokeTest       : Starting ChaosAdminContextSmokeTest using Java 21.0.12.1 with PID 32014 (started by root in /opt/projects/pr_agent_it/arena-chaos-admin)
2026-09-09T04:40:14.450+08:00  INFO 32014 --- [arena-chaos-admin] [           main] c.o.p.a.ChaosAdminContextSmokeTest       : No active profile set, falling back to 1 default profile: "default"
2026-09-09T04:40:15.404+08:00  INFO 32014 --- [arena-chaos-admin] [           main] c.o.p.a.ChaosAdminContextSmokeTest       : Started ChaosAdminContextSmokeTest in 1.282 seconds (process running for 4.27)
[INFO] Tests run: 1, Failures: 0, Errors: 0, Skipped: 0, Time elapsed: 1.544 s -- in com.objwww.pr.arenaadmin.ChaosAdminContextSmokeTest
[INFO] 
[INFO] Results:
[INFO] 
[INFO] Tests run: 14, Failures: 0, Errors: 0, Skipped: 0
[INFO] 
[INFO] 
[INFO] --- jar:3.4.2:jar (default-jar) @ arena-chaos-admin ---
[INFO] Building jar: /opt/projects/pr_agent_it/arena-chaos-admin/target/arena-chaos-admin-0.0.1-SNAPSHOT.jar
[INFO] 
[INFO] --- spring-boot:3.4.5:repackage (repackage) @ arena-chaos-admin ---
[INFO] Attaching repackaged archive /opt/projects/pr_agent_it/arena-chaos-admin/target/arena-chaos-admin-0.0.1-SNAPSHOT-exec.jar with classifier exec
[INFO] 
[INFO] --- failsafe:3.5.3:integration-test (default) @ arena-chaos-admin ---
[INFO] Using auto detected provider org.apache.maven.surefire.junitplatform.JUnitPlatformProvider
[INFO] 
[INFO] -------------------------------------------------------
[INFO]  T E S T S
[INFO] -------------------------------------------------------
04:40:16.368 [main] INFO org.testcontainers.DockerClientFactory -- Testcontainers version: 1.20.4
04:40:16.578 [main] INFO org.testcontainers.dockerclient.DockerClientProviderStrategy -- Loaded org.testcontainers.dockerclient.UnixSocketClientProviderStrategy from ~/.testcontainers.properties, will try it first
04:40:16.881 [main] INFO org.testcontainers.dockerclient.DockerClientProviderStrategy -- Found Docker environment with local Unix socket (unix:///var/run/docker.sock)
04:40:16.884 [main] INFO org.testcontainers.DockerClientFactory -- Docker host IP address is localhost
04:40:16.903 [main] INFO org.testcontainers.DockerClientFactory -- Connected to docker: 
  Server Version: 26.1.4
  API Version: 1.45
  Operating System: CentOS Linux 7 (Core)
  Total Memory: 7725 MB
04:40:16.913 [main] INFO org.testcontainers.images.PullPolicy -- Image pull policy will be performed by: DefaultPullPolicy()
04:40:16.915 [main] INFO org.testcontainers.utility.ImageNameSubstitutor -- Image name substitution will be performed by: DefaultImageNameSubstitutor (composite of 'ConfigurationFileImageNameSubstitutor' and 'PrefixingImageNameSubstitutor')
04:40:16.987 [main] INFO tc.testcontainers/ryuk:0.11.0 -- Creating container for image: testcontainers/ryuk:0.11.0
04:40:16.992 [main] INFO org.testcontainers.utility.RegistryAuthLocator -- Failure when attempting to lookup auth config. Please ignore if you don't have images in an authenticated registry. Details: (dockerImageName: testcontainers/ryuk:0.11.0, configFile: /root/.docker/config.json, configEnv: DOCKER_AUTH_CONFIG). Falling back to docker-java default behaviour. Exception message: Status 404: No config supplied. Checked in order: /root/.docker/config.json (file not found), DOCKER_AUTH_CONFIG (not set)
04:40:17.181 [main] INFO tc.testcontainers/ryuk:0.11.0 -- Container testcontainers/ryuk:0.11.0 is starting: 0d9a6209bc8a9058b9302363c079945f967efec0434f27a7ba7caf23123c4e18
04:40:17.513 [main] INFO tc.testcontainers/ryuk:0.11.0 -- Container testcontainers/ryuk:0.11.0 started in PT0.525620822S
04:40:17.518 [main] INFO org.testcontainers.utility.RyukResourceReaper -- Ryuk started - will monitor and terminate Testcontainers containers on JVM exit
04:40:17.518 [main] INFO org.testcontainers.DockerClientFactory -- Checking the system...
04:40:17.518 [main] INFO org.testcontainers.DockerClientFactory -- ✔︎ Docker server version should be at least 1.6.0
[INFO] Running com.objwww.pr.arenaadmin.it.ChaosActivationLifecycleIT
04:40:17.537 [main] INFO tc.postgres:16-alpine -- Creating container for image: postgres:16-alpine
04:40:17.598 [main] INFO tc.postgres:16-alpine -- Container postgres:16-alpine is starting: 433b15cca15e53c2bde053795a28b17619f893eb10c919cefce0256e249968ad
04:40:18.728 [main] INFO tc.postgres:16-alpine -- Container postgres:16-alpine started in PT1.190545489S
04:40:18.729 [main] INFO tc.postgres:16-alpine -- Container is started (JDBC URL: jdbc:postgresql://localhost:33266/test?loggerLevel=OFF)
04:40:18.739 [main] INFO com.zaxxer.hikari.HikariDataSource -- HikariPool-1 - Starting...
04:40:18.936 [main] INFO com.zaxxer.hikari.pool.HikariPool -- HikariPool-1 - Added connection org.postgresql.jdbc.PgConnection@629f066f
04:40:18.937 [main] INFO com.zaxxer.hikari.HikariDataSource -- HikariPool-1 - Start completed.
04:40:19.382 [main] INFO org.flywaydb.core.FlywayExecutor -- Database: jdbc:postgresql://localhost:33266/test?loggerLevel=OFF (PostgreSQL 16.15)
04:40:19.428 [main] INFO org.flywaydb.core.internal.database.base.Schema -- Creating schema "arena" ...
04:40:19.436 [main] INFO org.flywaydb.core.internal.schemahistory.JdbcTableSchemaHistory -- Creating Schema History table "arena"."flyway_schema_history" ...
04:40:19.511 [main] INFO org.flywaydb.core.internal.command.DbMigrate -- Current version of schema "arena": null
04:40:19.550 [main] INFO org.flywaydb.core.internal.command.DbMigrate -- Migrating schema "arena" to version "1 - am2 order base"
04:40:19.557 [main] WARN org.flywaydb.core.internal.sqlscript.DefaultSqlScriptExecutor -- DB: schema "arena" already exists, skipping (SQL State: 42P06 - Error Code: 0)
04:40:19.634 [main] INFO org.flywaydb.core.internal.command.DbMigrate -- Migrating schema "arena" to version "2 - am2 compensation outbox"
04:40:19.678 [main] INFO org.flywaydb.core.internal.command.DbMigrate -- Migrating schema "arena" to version "3 - am2 chaos gt"
04:40:19.716 [main] INFO org.flywaydb.core.internal.command.DbMigrate -- Migrating schema "arena" to version "4 - am2 probe reconcile"
04:40:19.760 [main] INFO org.flywaydb.core.internal.command.DbMigrate -- Migrating schema "arena" to version "5 - am2 scenario map"
04:40:19.784 [main] INFO org.flywaydb.core.internal.command.DbMigrate -- Migrating schema "arena" to version "6 - am2 drop map fp unique"
04:40:19.794 [main] INFO org.flywaydb.core.internal.command.DbMigrate -- Migrating schema "arena" to version "7 - am3 eval gt barrier"
04:40:19.807 [main] INFO org.flywaydb.core.internal.command.DbMigrate -- Successfully applied 7 migrations to schema "arena", now at version v7 (execution time 00:00.170s)
04:40:19.812 [main] INFO com.zaxxer.hikari.HikariDataSource -- HikariPool-2 - Starting...
04:40:19.824 [main] INFO com.zaxxer.hikari.pool.HikariPool -- HikariPool-2 - Added connection org.postgresql.jdbc.PgConnection@7e53339
04:40:19.824 [main] INFO com.zaxxer.hikari.HikariDataSource -- HikariPool-2 - Start completed.
04:40:19.825 [main] INFO com.zaxxer.hikari.HikariDataSource -- HikariPool-3 - Starting...
04:40:19.835 [main] INFO com.zaxxer.hikari.pool.HikariPool -- HikariPool-3 - Added connection org.postgresql.jdbc.PgConnection@68f0f72c
04:40:19.836 [main] INFO com.zaxxer.hikari.HikariDataSource -- HikariPool-3 - Start completed.
[INFO] Tests run: 8, Failures: 0, Errors: 0, Skipped: 0, Time elapsed: 2.675 s -- in com.objwww.pr.arenaadmin.it.ChaosActivationLifecycleIT
[INFO] 
[INFO] Results:
[INFO] 
[INFO] Tests run: 8, Failures: 0, Errors: 0, Skipped: 0
[INFO] 
[INFO] 
[INFO] --- failsafe:3.5.3:verify (default) @ arena-chaos-admin ---
[INFO] 
[INFO] ----------------------< com.objwww.pr:notify-app >----------------------
[INFO] Building notify-app 0.0.1-SNAPSHOT                                 [6/6]
[INFO]   from notify-app/pom.xml
[INFO] --------------------------------[ jar ]---------------------------------
[INFO] 
[INFO] --- clean:3.4.1:clean (default-clean) @ notify-app ---
[INFO] Deleting /opt/projects/pr_agent_it/notify-app/target
[INFO] 
[INFO] --- resources:3.3.1:resources (default-resources) @ notify-app ---
[INFO] Copying 1 resource from src/main/resources to target/classes
[INFO] Copying 0 resource from src/main/resources to target/classes
[INFO] 
[INFO] --- compiler:3.13.0:compile (default-compile) @ notify-app ---
[INFO] Recompiling the module because of changed dependency.
[INFO] Compiling 16 source files with javac [debug parameters release 21] to target/classes
[INFO] 
[INFO] --- resources:3.3.1:testResources (default-testResources) @ notify-app ---
[INFO] skip non existing resourceDirectory /opt/projects/pr_agent_it/notify-app/src/test/resources
[INFO] 
[INFO] --- compiler:3.13.0:testCompile (default-testCompile) @ notify-app ---
[INFO] Recompiling the module because of changed dependency.
[INFO] Compiling 7 source files with javac [debug parameters release 21] to target/test-classes
[INFO] 
[INFO] --- surefire:3.5.3:test (default-test) @ notify-app ---
[INFO] Using auto detected provider org.apache.maven.surefire.junitplatform.JUnitPlatformProvider
[INFO] 
[INFO] -------------------------------------------------------
[INFO]  T E S T S
[INFO] -------------------------------------------------------
[INFO] Running com.objwww.pr.notify.domain.service.NotificationRendererTest
[INFO] Tests run: 5, Failures: 0, Errors: 0, Skipped: 0, Time elapsed: 0.294 s -- in com.objwww.pr.notify.domain.service.NotificationRendererTest
[INFO] Running com.objwww.pr.notify.domain.service.FencedNotifyExecutorTest
[INFO] Tests run: 6, Failures: 0, Errors: 0, Skipped: 0, Time elapsed: 0.045 s -- in com.objwww.pr.notify.domain.service.FencedNotifyExecutorTest
[INFO] Running com.objwww.pr.notify.domain.channel.WebhookChannelTest
[INFO] Tests run: 6, Failures: 0, Errors: 0, Skipped: 0, Time elapsed: 0.064 s -- in com.objwww.pr.notify.domain.channel.WebhookChannelTest
[INFO] Running com.objwww.pr.notify.application.NotifyOutboxClaimerTest
04:40:21.796 [main] INFO com.objwww.pr.notify.application.NotifyOutboxClaimer -- NotifyOutboxClaimer 启动: owner=owner-1
04:40:21.953 [main] WARN com.objwww.pr.notify.application.NotifyOutboxClaimer -- 执行通知失败（行留租约待回收）: operation=e01cb246-4851-42c4-80c1-9ca1e13aea7a
java.lang.IllegalStateException: boom
	at com.objwww.pr.notify.application.NotifyOutboxClaimerTest.lambda$executesBatchSeriallyAndIsolatesFailures$0(NotifyOutboxClaimerTest.java:34)
	at com.objwww.pr.notify.application.NotifyOutboxClaimer.runOnce(NotifyOutboxClaimer.java:59)
	at com.objwww.pr.notify.application.NotifyOutboxClaimerTest.executesBatchSeriallyAndIsolatesFailures(NotifyOutboxClaimerTest.java:42)
	at java.base/jdk.internal.reflect.DirectMethodHandleAccessor.invoke(DirectMethodHandleAccessor.java:103)
	at java.base/java.lang.reflect.Method.invoke(Method.java:580)
	at org.junit.platform.commons.util.ReflectionUtils.invokeMethod(ReflectionUtils.java:767)
	at org.junit.jupiter.engine.execution.MethodInvocation.proceed(MethodInvocation.java:60)
	at org.junit.jupiter.engine.execution.InvocationInterceptorChain$ValidatingInvocation.proceed(InvocationInterceptorChain.java:131)
	at org.junit.jupiter.engine.extension.TimeoutExtension.intercept(TimeoutExtension.java:156)
	at org.junit.jupiter.engine.extension.TimeoutExtension.interceptTestableMethod(TimeoutExtension.java:147)
	at org.junit.jupiter.engine.extension.TimeoutExtension.interceptTestMethod(TimeoutExtension.java:86)
	at org.junit.jupiter.engine.execution.InterceptingExecutableInvoker$ReflectiveInterceptorCall.lambda$ofVoidMethod$0(InterceptingExecutableInvoker.java:103)
	at org.junit.jupiter.engine.execution.InterceptingExecutableInvoker.lambda$invoke$0(InterceptingExecutableInvoker.java:93)
	at org.junit.jupiter.engine.execution.InvocationInterceptorChain$InterceptedInvocation.proceed(InvocationInterceptorChain.java:106)
	at org.junit.jupiter.engine.execution.InvocationInterceptorChain.proceed(InvocationInterceptorChain.java:64)
	at org.junit.jupiter.engine.execution.InvocationInterceptorChain.chainAndInvoke(InvocationInterceptorChain.java:45)
	at org.junit.jupiter.engine.execution.InvocationInterceptorChain.invoke(InvocationInterceptorChain.java:37)
	at org.junit.jupiter.engine.execution.InterceptingExecutableInvoker.invoke(InterceptingExecutableInvoker.java:92)
	at org.junit.jupiter.engine.execution.InterceptingExecutableInvoker.invoke(InterceptingExecutableInvoker.java:86)
	at org.junit.jupiter.engine.descriptor.TestMethodTestDescriptor.lambda$invokeTestMethod$8(TestMethodTestDescriptor.java:217)
	at org.junit.platform.engine.support.hierarchical.ThrowableCollector.execute(ThrowableCollector.java:73)
	at org.junit.jupiter.engine.descriptor.TestMethodTestDescriptor.invokeTestMethod(TestMethodTestDescriptor.java:213)
	at org.junit.jupiter.engine.descriptor.TestMethodTestDescriptor.execute(TestMethodTestDescriptor.java:138)
	at org.junit.jupiter.engine.descriptor.TestMethodTestDescriptor.execute(TestMethodTestDescriptor.java:68)
	at org.junit.platform.engine.support.hierarchical.NodeTestTask.lambda$executeRecursively$6(NodeTestTask.java:156)
	at org.junit.platform.engine.support.hierarchical.ThrowableCollector.execute(ThrowableCollector.java:73)
	at org.junit.platform.engine.support.hierarchical.NodeTestTask.lambda$executeRecursively$8(NodeTestTask.java:146)
	at org.junit.platform.engine.support.hierarchical.Node.around(Node.java:137)
	at org.junit.platform.engine.support.hierarchical.NodeTestTask.lambda$executeRecursively$9(NodeTestTask.java:144)
	at org.junit.platform.engine.support.hierarchical.ThrowableCollector.execute(ThrowableCollector.java:73)
	at org.junit.platform.engine.support.hierarchical.NodeTestTask.executeRecursively(NodeTestTask.java:143)
	at org.junit.platform.engine.support.hierarchical.NodeTestTask.execute(NodeTestTask.java:100)
	at java.base/java.util.ArrayList.forEach(ArrayList.java:1596)
	at org.junit.platform.engine.support.hierarchical.SameThreadHierarchicalTestExecutorService.invokeAll(SameThreadHierarchicalTestExecutorService.java:41)
	at org.junit.platform.engine.support.hierarchical.NodeTestTask.lambda$executeRecursively$6(NodeTestTask.java:160)
	at org.junit.platform.engine.support.hierarchical.ThrowableCollector.execute(ThrowableCollector.java:73)
	at org.junit.platform.engine.support.hierarchical.NodeTestTask.lambda$executeRecursively$8(NodeTestTask.java:146)
	at org.junit.platform.engine.support.hierarchical.Node.around(Node.java:137)
	at org.junit.platform.engine.support.hierarchical.NodeTestTask.lambda$executeRecursively$9(NodeTestTask.java:144)
	at org.junit.platform.engine.support.hierarchical.ThrowableCollector.execute(ThrowableCollector.java:73)
	at org.junit.platform.engine.support.hierarchical.NodeTestTask.executeRecursively(NodeTestTask.java:143)
	at org.junit.platform.engine.support.hierarchical.NodeTestTask.execute(NodeTestTask.java:100)
	at java.base/java.util.ArrayList.forEach(ArrayList.java:1596)
	at org.junit.platform.engine.support.hierarchical.SameThreadHierarchicalTestExecutorService.invokeAll(SameThreadHierarchicalTestExecutorService.java:41)
	at org.junit.platform.engine.support.hierarchical.NodeTestTask.lambda$executeRecursively$6(NodeTestTask.java:160)
	at org.junit.platform.engine.support.hierarchical.ThrowableCollector.execute(ThrowableCollector.java:73)
	at org.junit.platform.engine.support.hierarchical.NodeTestTask.lambda$executeRecursively$8(NodeTestTask.java:146)
	at org.junit.platform.engine.support.hierarchical.Node.around(Node.java:137)
	at org.junit.platform.engine.support.hierarchical.NodeTestTask.lambda$executeRecursively$9(NodeTestTask.java:144)
	at org.junit.platform.engine.support.hierarchical.ThrowableCollector.execute(ThrowableCollector.java:73)
	at org.junit.platform.engine.support.hierarchical.NodeTestTask.executeRecursively(NodeTestTask.java:143)
	at org.junit.platform.engine.support.hierarchical.NodeTestTask.execute(NodeTestTask.java:100)
	at org.junit.platform.engine.support.hierarchical.SameThreadHierarchicalTestExecutorService.submit(SameThreadHierarchicalTestExecutorService.java:35)
	at org.junit.platform.engine.support.hierarchical.HierarchicalTestExecutor.execute(HierarchicalTestExecutor.java:57)
	at org.junit.platform.engine.support.hierarchical.HierarchicalTestEngine.execute(HierarchicalTestEngine.java:54)
	at org.junit.platform.launcher.core.EngineExecutionOrchestrator.execute(EngineExecutionOrchestrator.java:198)
	at org.junit.platform.launcher.core.EngineExecutionOrchestrator.execute(EngineExecutionOrchestrator.java:169)
	at org.junit.platform.launcher.core.EngineExecutionOrchestrator.execute(EngineExecutionOrchestrator.java:93)
	at org.junit.platform.launcher.core.EngineExecutionOrchestrator.lambda$execute$0(EngineExecutionOrchestrator.java:58)
	at org.junit.platform.launcher.core.EngineExecutionOrchestrator.withInterceptedStreams(EngineExecutionOrchestrator.java:141)
	at org.junit.platform.launcher.core.EngineExecutionOrchestrator.execute(EngineExecutionOrchestrator.java:57)
	at org.junit.platform.launcher.core.DefaultLauncher.execute(DefaultLauncher.java:103)
	at org.junit.platform.launcher.core.DefaultLauncher.execute(DefaultLauncher.java:85)
	at org.junit.platform.launcher.core.DelegatingLauncher.execute(DelegatingLauncher.java:47)
	at org.apache.maven.surefire.junitplatform.LazyLauncher.execute(LazyLauncher.java:56)
	at org.apache.maven.surefire.junitplatform.JUnitPlatformProvider.execute(JUnitPlatformProvider.java:194)
	at org.apache.maven.surefire.junitplatform.JUnitPlatformProvider.invokeAllTests(JUnitPlatformProvider.java:150)
	at org.apache.maven.surefire.junitplatform.JUnitPlatformProvider.invoke(JUnitPlatformProvider.java:124)
	at org.apache.maven.surefire.booter.ForkedBooter.runSuitesInProcess(ForkedBooter.java:385)
	at org.apache.maven.surefire.booter.ForkedBooter.execute(ForkedBooter.java:162)
	at org.apache.maven.surefire.booter.ForkedBooter.run(ForkedBooter.java:507)
	at org.apache.maven.surefire.booter.ForkedBooter.main(ForkedBooter.java:495)
[INFO] Tests run: 2, Failures: 0, Errors: 0, Skipped: 0, Time elapsed: 0.219 s -- in com.objwww.pr.notify.application.NotifyOutboxClaimerTest
[INFO] 
[INFO] Results:
[INFO] 
[INFO] Tests run: 19, Failures: 0, Errors: 0, Skipped: 0
[INFO] 
[INFO] 
[INFO] --- jar:3.4.2:jar (default-jar) @ notify-app ---
[INFO] Building jar: /opt/projects/pr_agent_it/notify-app/target/notify-app-0.0.1-SNAPSHOT.jar
[INFO] 
[INFO] --- spring-boot:3.4.5:repackage (repackage) @ notify-app ---
[INFO] Attaching repackaged archive /opt/projects/pr_agent_it/notify-app/target/notify-app-0.0.1-SNAPSHOT-exec.jar with classifier exec
[INFO] 
[INFO] --- failsafe:3.5.3:integration-test (default) @ notify-app ---
[INFO] Using auto detected provider org.apache.maven.surefire.junitplatform.JUnitPlatformProvider
[INFO] 
[INFO] -------------------------------------------------------
[INFO]  T E S T S
[INFO] -------------------------------------------------------
04:40:22.756 [main] INFO org.testcontainers.DockerClientFactory -- Testcontainers version: 1.20.4
04:40:22.959 [main] INFO org.testcontainers.dockerclient.DockerClientProviderStrategy -- Loaded org.testcontainers.dockerclient.UnixSocketClientProviderStrategy from ~/.testcontainers.properties, will try it first
04:40:23.329 [main] INFO org.testcontainers.dockerclient.DockerClientProviderStrategy -- Found Docker environment with local Unix socket (unix:///var/run/docker.sock)
04:40:23.331 [main] INFO org.testcontainers.DockerClientFactory -- Docker host IP address is localhost
04:40:23.355 [main] INFO org.testcontainers.DockerClientFactory -- Connected to docker: 
  Server Version: 26.1.4
  API Version: 1.45
  Operating System: CentOS Linux 7 (Core)
  Total Memory: 7725 MB
04:40:23.367 [main] INFO org.testcontainers.images.PullPolicy -- Image pull policy will be performed by: DefaultPullPolicy()
04:40:23.368 [main] INFO org.testcontainers.utility.ImageNameSubstitutor -- Image name substitution will be performed by: DefaultImageNameSubstitutor (composite of 'ConfigurationFileImageNameSubstitutor' and 'PrefixingImageNameSubstitutor')
04:40:23.442 [main] INFO tc.testcontainers/ryuk:0.11.0 -- Creating container for image: testcontainers/ryuk:0.11.0
04:40:23.447 [main] INFO org.testcontainers.utility.RegistryAuthLocator -- Failure when attempting to lookup auth config. Please ignore if you don't have images in an authenticated registry. Details: (dockerImageName: testcontainers/ryuk:0.11.0, configFile: /root/.docker/config.json, configEnv: DOCKER_AUTH_CONFIG). Falling back to docker-java default behaviour. Exception message: Status 404: No config supplied. Checked in order: /root/.docker/config.json (file not found), DOCKER_AUTH_CONFIG (not set)
04:40:23.589 [main] INFO tc.testcontainers/ryuk:0.11.0 -- Container testcontainers/ryuk:0.11.0 is starting: 03b75ba044c38759349e082a0ee76208122922be89f7fe0f81e24e9a79d238b8
04:40:23.873 [main] INFO tc.testcontainers/ryuk:0.11.0 -- Container testcontainers/ryuk:0.11.0 started in PT0.430939128S
04:40:23.878 [main] INFO org.testcontainers.utility.RyukResourceReaper -- Ryuk started - will monitor and terminate Testcontainers containers on JVM exit
04:40:23.878 [main] INFO org.testcontainers.DockerClientFactory -- Checking the system...
04:40:23.879 [main] INFO org.testcontainers.DockerClientFactory -- ✔︎ Docker server version should be at least 1.6.0
[INFO] Running com.objwww.pr.notify.it.NotifyOutboxStoreIT
04:40:23.900 [main] INFO tc.postgres:16-alpine -- Creating container for image: postgres:16-alpine
04:40:23.953 [main] INFO tc.postgres:16-alpine -- Container postgres:16-alpine is starting: 9f8f00c13864ebbeeddf003f5a80443fb7726199c747cf560b59390908601fe7
04:40:25.177 [main] INFO tc.postgres:16-alpine -- Container postgres:16-alpine started in PT1.276517957S
04:40:25.177 [main] INFO tc.postgres:16-alpine -- Container is started (JDBC URL: jdbc:postgresql://localhost:33268/test?loggerLevel=OFF)
04:40:25.187 [main] INFO com.zaxxer.hikari.HikariDataSource -- HikariPool-1 - Starting...
04:40:25.378 [main] INFO com.zaxxer.hikari.pool.HikariPool -- HikariPool-1 - Added connection org.postgresql.jdbc.PgConnection@74fe5966
04:40:25.379 [main] INFO com.zaxxer.hikari.HikariDataSource -- HikariPool-1 - Start completed.
04:40:25.689 [main] INFO org.flywaydb.core.FlywayExecutor -- Database: jdbc:postgresql://localhost:33268/test?loggerLevel=OFF (PostgreSQL 16.15)
04:40:25.753 [main] INFO org.flywaydb.core.internal.schemahistory.JdbcTableSchemaHistory -- Schema history table "public"."flyway_schema_history" does not exist yet
04:40:25.757 [main] INFO org.flywaydb.core.internal.command.DbValidate -- Successfully validated 33 migrations (execution time 00:00.039s)
04:40:25.771 [main] INFO org.flywaydb.core.internal.schemahistory.JdbcTableSchemaHistory -- Creating Schema History table "public"."flyway_schema_history" ...
04:40:25.834 [main] INFO org.flywaydb.core.internal.command.DbMigrate -- Current version of schema "public": << Empty Schema >>
04:40:25.916 [main] INFO org.flywaydb.core.internal.command.DbMigrate -- Migrating schema "public" to version "1 - m0 schema"
04:40:26.012 [main] INFO org.flywaydb.core.internal.command.DbMigrate -- Migrating schema "public" to version "2 - grants"
04:40:26.035 [main] INFO org.flywaydb.core.internal.command.DbMigrate -- Migrating schema "public" to version "3 - m1 inbox reconcile"
04:40:26.068 [main] INFO org.flywaydb.core.internal.command.DbMigrate -- Migrating schema "public" to version "4 - m2 checkpoint repair"
04:40:26.100 [main] INFO org.flywaydb.core.internal.command.DbMigrate -- Migrating schema "public" to version "5 - m3 model governance"
04:40:26.126 [main] INFO org.flywaydb.core.internal.command.DbMigrate -- Migrating schema "public" to version "6 - m4 sandbox"
04:40:26.170 [main] INFO org.flywaydb.core.internal.command.DbMigrate -- Migrating schema "public" to version "7 - am1 alert domain"
04:40:26.227 [main] INFO org.flywaydb.core.internal.command.DbMigrate -- Migrating schema "public" to version "8 - am1 dag reserve"
04:40:26.250 [main] INFO org.flywaydb.core.internal.command.DbMigrate -- Migrating schema "public" to version "9 - am3 eval notify"
04:40:26.325 [main] INFO org.flywaydb.core.internal.command.DbMigrate -- Migrating schema "public" to version "10 - am3 eval run"
04:40:26.359 [main] INFO org.flywaydb.core.internal.command.DbMigrate -- Migrating schema "public" to version "11 - am3 eval readonly"
04:40:26.372 [main] INFO org.flywaydb.core.internal.command.DbMigrate -- Migrating schema "public" to version "12 - am4 state expansion"
04:40:26.399 [main] INFO org.flywaydb.core.internal.command.DbMigrate -- Migrating schema "public" to version "13 - am4 budget ledger"
04:40:26.429 [main] INFO org.flywaydb.core.internal.command.DbMigrate -- Migrating schema "public" to version "14 - am4 rca event"
04:40:26.451 [main] INFO org.flywaydb.core.internal.command.DbMigrate -- Migrating schema "public" to version "15 - am4 tool invocation ledger"
04:40:26.467 [main] INFO org.flywaydb.core.internal.command.DbMigrate -- Migrating schema "public" to version "16 - am4 evidence snapshot"
04:40:26.485 [main] INFO org.flywaydb.core.internal.command.DbMigrate -- Migrating schema "public" to version "17 - am4 claim"
04:40:26.498 [main] INFO org.flywaydb.core.internal.command.DbMigrate -- Migrating schema "public" to version "18 - am4 task edge run scope"
04:40:26.508 [main] INFO org.flywaydb.core.internal.command.DbMigrate -- Migrating schema "public" to version "19 - am4 tool replay"
04:40:26.518 [main] INFO org.flywaydb.core.internal.command.DbMigrate -- Migrating schema "public" to version "20 - am5 dataset version"
04:40:26.533 [main] INFO org.flywaydb.core.internal.command.DbMigrate -- Migrating schema "public" to version "21 - am5 dataset partition"
04:40:26.551 [main] INFO org.flywaydb.core.internal.command.DbMigrate -- Migrating schema "public" to version "22 - am5 golden candidate"
04:40:26.567 [main] INFO org.flywaydb.core.internal.command.DbMigrate -- Migrating schema "public" to version "23 - am5 sampling fingerprint"
04:40:26.574 [main] INFO org.flywaydb.core.internal.command.DbMigrate -- Migrating schema "public" to version "24 - am5 config bundle"
04:40:26.587 [main] INFO org.flywaydb.core.internal.command.DbMigrate -- Migrating schema "public" to version "25 - am5 canary route"
04:40:26.604 [main] INFO org.flywaydb.core.internal.command.DbMigrate -- Migrating schema "public" to version "26 - am5 operator case"
04:40:26.621 [main] INFO org.flywaydb.core.internal.command.DbMigrate -- Migrating schema "public" to version "27 - am5 operator command"
04:40:26.635 [main] INFO org.flywaydb.core.internal.command.DbMigrate -- Migrating schema "public" to version "28 - am5 monthly partition"
04:40:26.668 [main] INFO org.flywaydb.core.internal.command.DbMigrate -- Migrating schema "public" to version "29 - am5 retention archive"
04:40:26.706 [main] INFO org.flywaydb.core.internal.command.DbMigrate -- Migrating schema "public" to version "30 - am6 canary window verdict"
04:40:26.726 [main] INFO org.flywaydb.core.internal.command.DbMigrate -- Migrating schema "public" to version "31 - ba52 canary decision fk deferred"
04:40:26.733 [main] INFO org.flywaydb.core.internal.command.DbMigrate -- Migrating schema "public" to version "32 - am6 engine comparison"
04:40:26.747 [main] INFO org.flywaydb.core.internal.command.DbMigrate -- Migrating schema "public" to version "33 - am6 run fallback"
04:40:26.772 [main] INFO org.flywaydb.core.internal.command.DbMigrate -- Successfully applied 33 migrations to schema "public", now at version v33 (execution time 00:00.581s)
04:40:26.776 [main] INFO com.zaxxer.hikari.HikariDataSource -- HikariPool-2 - Starting...
04:40:26.787 [main] INFO com.zaxxer.hikari.pool.HikariPool -- HikariPool-2 - Added connection org.postgresql.jdbc.PgConnection@2370ac7a
04:40:26.788 [main] INFO com.zaxxer.hikari.HikariDataSource -- HikariPool-2 - Start completed.
04:40:26.920 [main] INFO com.zaxxer.hikari.HikariDataSource -- HikariPool-3 - Starting...
04:40:26.943 [main] INFO com.zaxxer.hikari.pool.HikariPool -- HikariPool-3 - Added connection org.postgresql.jdbc.PgConnection@54db056b
04:40:26.944 [main] INFO com.zaxxer.hikari.HikariDataSource -- HikariPool-3 - Start completed.
04:40:27.001 [main] INFO com.zaxxer.hikari.HikariDataSource -- HikariPool-3 - Shutdown initiated...
04:40:27.003 [main] INFO com.zaxxer.hikari.HikariDataSource -- HikariPool-3 - Shutdown completed.
[INFO] Tests run: 7, Failures: 0, Errors: 0, Skipped: 0, Time elapsed: 3.663 s -- in com.objwww.pr.notify.it.NotifyOutboxStoreIT
[INFO] Running com.objwww.pr.notify.it.NotifyPermissionIT
[INFO] Tests run: 3, Failures: 0, Errors: 0, Skipped: 0, Time elapsed: 0.240 s -- in com.objwww.pr.notify.it.NotifyPermissionIT
[INFO] 
[INFO] Results:
[INFO] 
[INFO] Tests run: 10, Failures: 0, Errors: 0, Skipped: 0
[INFO] 
[INFO] 
[INFO] --- failsafe:3.5.3:verify (default) @ notify-app ---
[INFO] ------------------------------------------------------------------------
[INFO] Reactor Summary for pr-agent 0.0.1-SNAPSHOT:
[INFO] 
[INFO] pr-agent ........................................... SUCCESS [  0.487 s]
[INFO] shared-kernel ...................................... SUCCESS [  5.707 s]
[INFO] control-app ........................................ SUCCESS [ 56.690 s]
[INFO] order-arena ........................................ SUCCESS [ 15.055 s]
[INFO] arena-chaos-admin .................................. SUCCESS [  9.638 s]
[INFO] notify-app ......................................... SUCCESS [  7.606 s]
[INFO] ------------------------------------------------------------------------
[INFO] BUILD SUCCESS
[INFO] ------------------------------------------------------------------------
[INFO] Total time:  01:35 min
[INFO] Finished at: 2026-09-09T04:40:27+08:00
[INFO] ------------------------------------------------------------------------
