[INFO] Scanning for projects...
[INFO] ------------------------------------------------------------------------
[INFO] Reactor Build Order:
[INFO] 
[INFO] pr-agent                                                           [pom]
[INFO] shared-kernel                                                      [jar]
[INFO] control-app                                                        [jar]
[INFO] order-arena                                                        [jar]
[INFO] arena-chaos-admin                                                  [jar]
[INFO] notify-app                                                         [jar]
[INFO] 
[INFO] -----------------------< com.objwww.pr:pr-agent >-----------------------
[INFO] Building pr-agent 0.0.1-SNAPSHOT                                   [1/6]
[INFO]   from pom.xml
[INFO] --------------------------------[ pom ]---------------------------------
[INFO] 
[INFO] --- clean:3.4.1:clean (default-clean) @ pr-agent ---
[INFO] 
[INFO] --- failsafe:3.5.3:integration-test (default) @ pr-agent ---
[INFO] No tests to run.
[INFO] 
[INFO] --- failsafe:3.5.3:verify (default) @ pr-agent ---
[INFO] No tests to run.
[INFO] 
[INFO] --------------------< com.objwww.pr:shared-kernel >---------------------
[INFO] Building shared-kernel 0.0.1-SNAPSHOT                              [2/6]
[INFO]   from shared-kernel/pom.xml
[INFO] --------------------------------[ jar ]---------------------------------
[INFO] 
[INFO] --- clean:3.4.1:clean (default-clean) @ shared-kernel ---
[INFO] Deleting /opt/projects/pr_agent_it/shared-kernel/target
[INFO] 
[INFO] --- resources:3.3.1:resources (default-resources) @ shared-kernel ---
[INFO] skip non existing resourceDirectory /opt/projects/pr_agent_it/shared-kernel/src/main/resources
[INFO] skip non existing resourceDirectory /opt/projects/pr_agent_it/shared-kernel/src/main/resources
[INFO] 
[INFO] --- compiler:3.13.0:compile (default-compile) @ shared-kernel ---
[INFO] Recompiling the module because of changed source code.
[INFO] Compiling 34 source files with javac [debug parameters release 21] to target/classes
[INFO] 
[INFO] --- resources:3.3.1:testResources (default-testResources) @ shared-kernel ---
[INFO] skip non existing resourceDirectory /opt/projects/pr_agent_it/shared-kernel/src/test/resources
[INFO] 
[INFO] --- compiler:3.13.0:testCompile (default-testCompile) @ shared-kernel ---
[INFO] Recompiling the module because of changed dependency.
[INFO] Compiling 7 source files with javac [debug parameters release 21] to target/test-classes
[INFO] 
[INFO] --- surefire:3.5.3:test (default-test) @ shared-kernel ---
[INFO] Using auto detected provider org.apache.maven.surefire.junitplatform.JUnitPlatformProvider
[INFO] 
[INFO] -------------------------------------------------------
[INFO]  T E S T S
[INFO] -------------------------------------------------------
SLF4J(W): No SLF4J providers were found.
SLF4J(W): Defaulting to no-operation (NOP) logger implementation
SLF4J(W): See https://www.slf4j.org/codes.html#noProviders for further details.
[INFO] Running com.objwww.pr.shared.DigestTest
[INFO] Tests run: 11, Failures: 0, Errors: 0, Skipped: 0, Time elapsed: 0.153 s -- in com.objwww.pr.shared.DigestTest
[INFO] Running com.objwww.pr.shared.OutboxStateMachineTest
[INFO] Tests run: 67, Failures: 0, Errors: 0, Skipped: 0, Time elapsed: 0.250 s -- in com.objwww.pr.shared.OutboxStateMachineTest
[INFO] Running com.objwww.pr.shared.TypedRequestTest
[INFO] Tests run: 4, Failures: 0, Errors: 0, Skipped: 0, Time elapsed: 0.007 s -- in com.objwww.pr.shared.TypedRequestTest
[INFO] Running com.objwww.pr.shared.DependencyVerdictEvaluatorTest
[INFO] Tests run: 17, Failures: 0, Errors: 0, Skipped: 0, Time elapsed: 0.083 s -- in com.objwww.pr.shared.DependencyVerdictEvaluatorTest
[INFO] Running com.objwww.pr.shared.RevisionFenceTest
[INFO] Tests run: 5, Failures: 0, Errors: 0, Skipped: 0, Time elapsed: 0.007 s -- in com.objwww.pr.shared.RevisionFenceTest
[INFO] Running com.objwww.pr.shared.SharedKernelArchitectureTest
[INFO] Tests run: 1, Failures: 0, Errors: 0, Skipped: 0, Time elapsed: 1.538 s -- in com.objwww.pr.shared.SharedKernelArchitectureTest
[INFO] Running com.objwww.pr.shared.snapshot.SafeTarExtractorTest
[INFO] Tests run: 3, Failures: 0, Errors: 0, Skipped: 0, Time elapsed: 0.023 s -- in com.objwww.pr.shared.snapshot.SafeTarExtractorTest
[INFO] 
[INFO] Results:
[INFO] 
[INFO] Tests run: 108, Failures: 0, Errors: 0, Skipped: 0
[INFO] 
[INFO] 
[INFO] --- jar:3.4.2:jar (default-jar) @ shared-kernel ---
[INFO] Building jar: /opt/projects/pr_agent_it/shared-kernel/target/shared-kernel-0.0.1-SNAPSHOT.jar
[INFO] 
[INFO] --- failsafe:3.5.3:integration-test (default) @ shared-kernel ---
[INFO] 
[INFO] --- failsafe:3.5.3:verify (default) @ shared-kernel ---
[INFO] No tests to run.
[INFO] 
[INFO] ---------------------< com.objwww.pr:control-app >----------------------
[INFO] Building control-app 0.0.1-SNAPSHOT                                [3/6]
[INFO]   from control-app/pom.xml
[INFO] --------------------------------[ jar ]---------------------------------
[INFO] 
[INFO] --- clean:3.4.1:clean (default-clean) @ control-app ---
[INFO] Deleting /opt/projects/pr_agent_it/control-app/target
[INFO] 
[INFO] --- resources:3.3.1:resources (default-resources) @ control-app ---
[INFO] Copying 3 resources from src/main/resources to target/classes
[INFO] Copying 34 resources from src/main/resources to target/classes
[INFO] 
[INFO] --- compiler:3.13.0:compile (default-compile) @ control-app ---
[INFO] Recompiling the module because of changed dependency.
[INFO] Compiling 440 source files with javac [debug parameters release 21] to target/classes
[WARNING] /opt/projects/pr_agent_it/control-app/src/main/java/com/objwww/pr/control/infrastructure/model/RawHttpErrorCapture.java:[23,17] handleError(org.springframework.http.client.ClientHttpResponse) in org.springframework.web.client.ResponseErrorHandler has been deprecated and marked for removal
[INFO] /opt/projects/pr_agent_it/control-app/src/main/java/com/objwww/pr/control/alert/application/agent/SingleToolEvidenceAgent.java: Some input files use unchecked or unsafe operations.
[INFO] /opt/projects/pr_agent_it/control-app/src/main/java/com/objwww/pr/control/alert/application/agent/SingleToolEvidenceAgent.java: Recompile with -Xlint:unchecked for details.
[INFO] 
[INFO] --- resources:3.3.1:testResources (default-testResources) @ control-app ---
[INFO] Copying 5 resources from src/test/resources to target/test-classes
[INFO] 
[INFO] --- compiler:3.13.0:testCompile (default-testCompile) @ control-app ---
[INFO] Recompiling the module because of changed dependency.
[INFO] Compiling 205 source files with javac [debug parameters release 21] to target/test-classes
[INFO] /opt/projects/pr_agent_it/control-app/src/test/java/com/objwww/pr/control/alert/application/replay/ShadowToolFaceTest.java: Some input files use or override a deprecated API.
[INFO] /opt/projects/pr_agent_it/control-app/src/test/java/com/objwww/pr/control/alert/application/replay/ShadowToolFaceTest.java: Recompile with -Xlint:deprecation for details.
[INFO] /opt/projects/pr_agent_it/control-app/src/test/java/com/objwww/pr/control/alert/application/PlanCompilerTest.java: Some input files use unchecked or unsafe operations.
[INFO] /opt/projects/pr_agent_it/control-app/src/test/java/com/objwww/pr/control/alert/application/PlanCompilerTest.java: Recompile with -Xlint:unchecked for details.
[INFO] 
[INFO] --- surefire:3.5.3:test (default-test) @ control-app ---
[INFO] Using auto detected provider org.apache.maven.surefire.junitplatform.JUnitPlatformProvider
[INFO] 
[INFO] -------------------------------------------------------
[INFO]  T E S T S
[INFO] -------------------------------------------------------
[INFO] Running com.objwww.pr.control.domain.review.ReviewAgentLoopTest
[INFO] Tests run: 7, Failures: 0, Errors: 0, Skipped: 0, Time elapsed: 0.389 s -- in com.objwww.pr.control.domain.review.ReviewAgentLoopTest
[INFO] Running com.objwww.pr.control.domain.review.FindingMapperTest
[INFO] Tests run: 7, Failures: 0, Errors: 0, Skipped: 0, Time elapsed: 0.013 s -- in com.objwww.pr.control.domain.review.FindingMapperTest
[INFO] Running com.objwww.pr.control.domain.statemachine.RunStateMachineTest
[INFO] Tests run: 3, Failures: 0, Errors: 0, Skipped: 0, Time elapsed: 0.017 s -- in com.objwww.pr.control.domain.statemachine.RunStateMachineTest
[INFO] Running com.objwww.pr.control.domain.statemachine.AttemptStatusMachineTest
[INFO] Tests run: 2, Failures: 0, Errors: 0, Skipped: 0, Time elapsed: 0.014 s -- in com.objwww.pr.control.domain.statemachine.AttemptStatusMachineTest
[INFO] Running com.objwww.pr.control.domain.statemachine.StepStateMachineTest
[INFO] Tests run: 2, Failures: 0, Errors: 0, Skipped: 0, Time elapsed: 0.012 s -- in com.objwww.pr.control.domain.statemachine.StepStateMachineTest
[INFO] Running com.objwww.pr.control.domain.ai.CircuitBreakerTest
[INFO] Tests run: 10, Failures: 0, Errors: 0, Skipped: 0, Time elapsed: 0.045 s -- in com.objwww.pr.control.domain.ai.CircuitBreakerTest
[INFO] Running com.objwww.pr.control.domain.ai.ModelRouterTest
[INFO] Tests run: 31, Failures: 0, Errors: 0, Skipped: 0, Time elapsed: 0.042 s -- in com.objwww.pr.control.domain.ai.ModelRouterTest
[INFO] Running com.objwww.pr.control.domain.ai.ModelBudgetGuardTest
[INFO] Tests run: 6, Failures: 0, Errors: 0, Skipped: 0, Time elapsed: 0.011 s -- in com.objwww.pr.control.domain.ai.ModelBudgetGuardTest
[INFO] Running com.objwww.pr.control.domain.ai.MockModelClientTest
[INFO] Tests run: 2, Failures: 0, Errors: 0, Skipped: 0, Time elapsed: 0.003 s -- in com.objwww.pr.control.domain.ai.MockModelClientTest
[INFO] Running com.objwww.pr.control.domain.ai.PricingServiceTest
[INFO] Tests run: 7, Failures: 0, Errors: 0, Skipped: 0, Time elapsed: 0.011 s -- in com.objwww.pr.control.domain.ai.PricingServiceTest
[INFO] Running com.objwww.pr.control.domain.ai.ModelStepBudgetGuardTest
[INFO] Tests run: 7, Failures: 0, Errors: 0, Skipped: 0, Time elapsed: 0.007 s -- in com.objwww.pr.control.domain.ai.ModelStepBudgetGuardTest
[INFO] Running com.objwww.pr.control.domain.tool.PolicyEngineTest
[INFO] Tests run: 4, Failures: 0, Errors: 0, Skipped: 0, Time elapsed: 0.015 s -- in com.objwww.pr.control.domain.tool.PolicyEngineTest
[INFO] Running com.objwww.pr.control.domain.model.PRRevisionTest
[INFO] Tests run: 2, Failures: 0, Errors: 0, Skipped: 0, Time elapsed: 0.011 s -- in com.objwww.pr.control.domain.model.PRRevisionTest
[INFO] Running com.objwww.pr.control.domain.snapshot.SafeTarExtractorTest
[INFO] Tests run: 14, Failures: 0, Errors: 0, Skipped: 0, Time elapsed: 0.191 s -- in com.objwww.pr.control.domain.snapshot.SafeTarExtractorTest
[INFO] Running com.objwww.pr.control.domain.service.ProjectorTest
[INFO] Tests run: 8, Failures: 0, Errors: 0, Skipped: 0, Time elapsed: 0.010 s -- in com.objwww.pr.control.domain.service.ProjectorTest
[INFO] Running com.objwww.pr.control.domain.service.RevisionServiceTest
[INFO] Tests run: 6, Failures: 0, Errors: 0, Skipped: 0, Time elapsed: 0.011 s -- in com.objwww.pr.control.domain.service.RevisionServiceTest
[INFO] Running com.objwww.pr.control.release.domain.model.ConfigBundleTest
[INFO] Tests run: 6, Failures: 0, Errors: 0, Skipped: 0, Time elapsed: 0.040 s -- in com.objwww.pr.control.release.domain.model.ConfigBundleTest
[INFO] Running com.objwww.pr.control.release.domain.service.CanaryBucketerTest
[INFO] Tests run: 7, Failures: 0, Errors: 0, Skipped: 0, Time elapsed: 0.037 s -- in com.objwww.pr.control.release.domain.service.CanaryBucketerTest
[INFO] Running com.objwww.pr.control.release.domain.service.CanaryWindowEvaluatorTest
[INFO] Tests run: 9, Failures: 0, Errors: 0, Skipped: 0, Time elapsed: 0.046 s -- in com.objwww.pr.control.release.domain.service.CanaryWindowEvaluatorTest
[INFO] Running com.objwww.pr.control.release.application.ConfigBundleServiceTest
02:46:33.863 [main] INFO com.objwww.pr.control.release.application.ConfigBundleService -- bundle 发布: 30ad808ed98886e339611e59f7bac711638e216776d0231c3aad2a5fe468382c revision=1 by=op policy=policy-2026-09
02:46:33.866 [main] INFO com.objwww.pr.control.release.application.ConfigBundleService -- bundle 发布: be840a4ff5d98fc58380e1ed2d6501f2a7edb25711430dc0e9023b687140db80 revision=2 by=op policy=policy-2026-09
02:46:33.867 [main] INFO com.objwww.pr.control.release.application.ConfigBundleService -- activate 落位: 30ad808ed98886e339611e59f7bac711638e216776d0231c3aad2a5fe468382c revision=1 by=op
02:46:33.870 [main] INFO com.objwww.pr.control.release.application.ConfigBundleService -- bundle 发布: 30ad808ed98886e339611e59f7bac711638e216776d0231c3aad2a5fe468382c revision=1 by=op policy=policy-2026-09
02:46:33.870 [main] INFO com.objwww.pr.control.release.application.ConfigBundleService -- activate 落位: 30ad808ed98886e339611e59f7bac711638e216776d0231c3aad2a5fe468382c revision=1 by=op
02:46:33.871 [main] INFO com.objwww.pr.control.release.application.ConfigBundleService -- bundle 发布: 30ad808ed98886e339611e59f7bac711638e216776d0231c3aad2a5fe468382c revision=1 by=op policy=policy-2026-09
02:46:33.871 [main] INFO com.objwww.pr.control.release.application.ConfigBundleService -- activate 落位: 30ad808ed98886e339611e59f7bac711638e216776d0231c3aad2a5fe468382c revision=1 by=op
02:46:33.873 [main] INFO com.objwww.pr.control.release.application.ConfigBundleService -- bundle 发布: 30ad808ed98886e339611e59f7bac711638e216776d0231c3aad2a5fe468382c revision=1 by=op policy=policy-2026-09
02:46:33.874 [main] INFO com.objwww.pr.control.release.application.ConfigBundleService -- bundle 发布: be840a4ff5d98fc58380e1ed2d6501f2a7edb25711430dc0e9023b687140db80 revision=2 by=op policy=policy-2026-09
02:46:33.874 [main] INFO com.objwww.pr.control.release.application.ConfigBundleService -- activate 落位: 30ad808ed98886e339611e59f7bac711638e216776d0231c3aad2a5fe468382c revision=1 by=op
02:46:33.874 [main] INFO com.objwww.pr.control.release.application.ConfigBundleService -- activate 落位: be840a4ff5d98fc58380e1ed2d6501f2a7edb25711430dc0e9023b687140db80 revision=2 by=op
02:46:33.874 [main] INFO com.objwww.pr.control.release.application.ConfigBundleService -- rollback 落位: 30ad808ed98886e339611e59f7bac711638e216776d0231c3aad2a5fe468382c revision=1 by=release-operator
02:46:33.877 [main] INFO com.objwww.pr.control.release.application.ConfigBundleService -- bundle 发布: 30ad808ed98886e339611e59f7bac711638e216776d0231c3aad2a5fe468382c revision=1 by=release-operator policy=policy-2026-09
02:46:33.877 [main] INFO com.objwww.pr.control.release.application.ConfigBundleService -- bundle 幂等重放: 30ad808ed98886e339611e59f7bac711638e216776d0231c3aad2a5fe468382c revision=1 by=release-operator
02:46:33.877 [main] INFO com.objwww.pr.control.release.application.ConfigBundleService -- bundle 发布: be840a4ff5d98fc58380e1ed2d6501f2a7edb25711430dc0e9023b687140db80 revision=2 by=release-operator policy=policy-2026-09
02:46:33.878 [main] INFO com.objwww.pr.control.release.application.ConfigBundleService -- bundle 发布: 30ad808ed98886e339611e59f7bac711638e216776d0231c3aad2a5fe468382c revision=1 by=op policy=policy-2026-09
02:46:33.879 [main] INFO com.objwww.pr.control.release.application.ConfigBundleService -- bundle 发布: be840a4ff5d98fc58380e1ed2d6501f2a7edb25711430dc0e9023b687140db80 revision=2 by=op policy=policy-2026-09
02:46:33.879 [main] INFO com.objwww.pr.control.release.application.ConfigBundleService -- activate 落位: 30ad808ed98886e339611e59f7bac711638e216776d0231c3aad2a5fe468382c revision=1 by=release-operator
02:46:33.879 [main] INFO com.objwww.pr.control.release.application.ConfigBundleService -- activate 落位: be840a4ff5d98fc58380e1ed2d6501f2a7edb25711430dc0e9023b687140db80 revision=2 by=release-operator
[INFO] Tests run: 7, Failures: 0, Errors: 0, Skipped: 0, Time elapsed: 0.020 s -- in com.objwww.pr.control.release.application.ConfigBundleServiceTest
[INFO] Running com.objwww.pr.control.release.application.EngineComparisonRecorderTest
[INFO] Tests run: 6, Failures: 0, Errors: 0, Skipped: 0, Time elapsed: 0.091 s -- in com.objwww.pr.control.release.application.EngineComparisonRecorderTest
[INFO] Running com.objwww.pr.control.release.application.CanaryRouterTest
02:46:33.983 [main] WARN com.objwww.pr.control.release.application.CanaryRouter -- canary 爆炸半径达上限，自动停放量: nativeRuns=1 cap=1 bundle=be2802f5ee3f3cd8b48e8bc1048f8896d2f57a771f977c998321f60f5eca0d3d
02:46:33.983 [main] WARN com.objwww.pr.control.release.application.CanaryRouter -- canary 爆炸半径达上限，自动停放量: nativeRuns=1 cap=1 bundle=be2802f5ee3f3cd8b48e8bc1048f8896d2f57a771f977c998321f60f5eca0d3d
[INFO] Tests run: 11, Failures: 0, Errors: 0, Skipped: 0, Time elapsed: 0.018 s -- in com.objwww.pr.control.release.application.CanaryRouterTest
[INFO] Running com.objwww.pr.control.release.interfaces.ConfigBundleControllerTest
02:46:34.311 [main] INFO org.springframework.mock.web.MockServletContext -- Initializing Spring TestDispatcherServlet ''
02:46:34.311 [main] INFO org.springframework.test.web.servlet.TestDispatcherServlet -- Initializing Servlet ''
02:46:34.313 [main] INFO org.springframework.test.web.servlet.TestDispatcherServlet -- Completed initialization in 2 ms
02:46:34.432 [main] INFO org.springframework.mock.web.MockServletContext -- Initializing Spring TestDispatcherServlet ''
02:46:34.432 [main] INFO org.springframework.test.web.servlet.TestDispatcherServlet -- Initializing Servlet ''
02:46:34.432 [main] INFO org.springframework.test.web.servlet.TestDispatcherServlet -- Completed initialization in 0 ms
02:46:34.437 [main] INFO com.objwww.pr.control.release.application.ConfigBundleService -- bundle 发布: 30ad808ed98886e339611e59f7bac711638e216776d0231c3aad2a5fe468382c revision=1 by=release-operator policy=policy-2026-09
02:46:34.467 [main] INFO com.objwww.pr.control.release.application.ConfigBundleService -- bundle 发布: be840a4ff5d98fc58380e1ed2d6501f2a7edb25711430dc0e9023b687140db80 revision=2 by=release-operator policy=policy-2026-09
02:46:34.470 [main] INFO com.objwww.pr.control.release.interfaces.ConfigBundleController -- config-bundle activate: digest=30ad808ed98886e339611e59f7bac711638e216776d0231c3aad2a5fe468382c body-keys=[]
02:46:34.470 [main] INFO com.objwww.pr.control.release.application.ConfigBundleService -- activate 落位: 30ad808ed98886e339611e59f7bac711638e216776d0231c3aad2a5fe468382c revision=1 by=release-operator
02:46:34.472 [main] INFO com.objwww.pr.control.release.interfaces.ConfigBundleController -- config-bundle activate: digest=be840a4ff5d98fc58380e1ed2d6501f2a7edb25711430dc0e9023b687140db80 body-keys=[]
02:46:34.472 [main] INFO com.objwww.pr.control.release.application.ConfigBundleService -- activate 落位: be840a4ff5d98fc58380e1ed2d6501f2a7edb25711430dc0e9023b687140db80 revision=2 by=release-operator
02:46:34.475 [main] INFO com.objwww.pr.control.release.interfaces.ConfigBundleController -- config-bundle rollback: digest=30ad808ed98886e339611e59f7bac711638e216776d0231c3aad2a5fe468382c body-keys=[toDigest]
02:46:34.475 [main] INFO com.objwww.pr.control.release.application.ConfigBundleService -- rollback 落位: 30ad808ed98886e339611e59f7bac711638e216776d0231c3aad2a5fe468382c revision=1 by=release-operator
02:46:34.479 [main] INFO com.objwww.pr.control.release.interfaces.ConfigBundleController -- config-bundle rollback: digest=null body-keys=[]
02:46:34.487 [main] INFO org.springframework.mock.web.MockServletContext -- Initializing Spring TestDispatcherServlet ''
02:46:34.487 [main] INFO org.springframework.test.web.servlet.TestDispatcherServlet -- Initializing Servlet ''
02:46:34.487 [main] INFO org.springframework.test.web.servlet.TestDispatcherServlet -- Completed initialization in 0 ms
02:46:34.494 [main] INFO com.objwww.pr.control.release.application.ConfigBundleService -- bundle 发布: 30ad808ed98886e339611e59f7bac711638e216776d0231c3aad2a5fe468382c revision=1 by=release-operator policy=policy-2026-09
02:46:34.497 [main] INFO com.objwww.pr.control.release.interfaces.ConfigBundleController -- config-bundle activate: digest=30ad808ed98886e339611e59f7bac711638e216776d0231c3aad2a5fe468382c body-keys=[]
02:46:34.497 [main] INFO com.objwww.pr.control.release.application.ConfigBundleService -- activate 落位: 30ad808ed98886e339611e59f7bac711638e216776d0231c3aad2a5fe468382c revision=1 by=release-operator
02:46:34.515 [main] INFO org.springframework.mock.web.MockServletContext -- Initializing Spring TestDispatcherServlet ''
02:46:34.515 [main] INFO org.springframework.test.web.servlet.TestDispatcherServlet -- Initializing Servlet ''
02:46:34.515 [main] INFO org.springframework.test.web.servlet.TestDispatcherServlet -- Completed initialization in 0 ms
02:46:34.534 [main] INFO org.springframework.mock.web.MockServletContext -- Initializing Spring TestDispatcherServlet ''
02:46:34.534 [main] INFO org.springframework.test.web.servlet.TestDispatcherServlet -- Initializing Servlet ''
02:46:34.534 [main] INFO org.springframework.test.web.servlet.TestDispatcherServlet -- Completed initialization in 0 ms
02:46:34.537 [main] INFO com.objwww.pr.control.release.application.ConfigBundleService -- bundle 发布: 30ad808ed98886e339611e59f7bac711638e216776d0231c3aad2a5fe468382c revision=1 by=release-operator policy=policy-2026-09
02:46:34.541 [main] INFO com.objwww.pr.control.release.application.ConfigBundleService -- bundle 幂等重放: 30ad808ed98886e339611e59f7bac711638e216776d0231c3aad2a5fe468382c revision=1 by=release-operator
02:46:34.550 [main] INFO org.springframework.mock.web.MockServletContext -- Initializing Spring TestDispatcherServlet ''
02:46:34.550 [main] INFO org.springframework.test.web.servlet.TestDispatcherServlet -- Initializing Servlet ''
02:46:34.550 [main] INFO org.springframework.test.web.servlet.TestDispatcherServlet -- Completed initialization in 0 ms
02:46:34.553 [main] INFO com.objwww.pr.control.release.application.ConfigBundleService -- bundle 发布: 30ad808ed98886e339611e59f7bac711638e216776d0231c3aad2a5fe468382c revision=1 by=release-operator policy=policy-2026-09
02:46:34.556 [main] INFO com.objwww.pr.control.release.application.ConfigBundleService -- bundle 发布: be840a4ff5d98fc58380e1ed2d6501f2a7edb25711430dc0e9023b687140db80 revision=2 by=release-operator policy=policy-2026-09
02:46:34.559 [main] INFO com.objwww.pr.control.release.interfaces.ConfigBundleController -- config-bundle activate: digest=30ad808ed98886e339611e59f7bac711638e216776d0231c3aad2a5fe468382c body-keys=[]
02:46:34.559 [main] INFO com.objwww.pr.control.release.application.ConfigBundleService -- activate 落位: 30ad808ed98886e339611e59f7bac711638e216776d0231c3aad2a5fe468382c revision=1 by=release-operator
02:46:34.561 [main] INFO com.objwww.pr.control.release.interfaces.ConfigBundleController -- config-bundle activate: digest=be840a4ff5d98fc58380e1ed2d6501f2a7edb25711430dc0e9023b687140db80 body-keys=[]
02:46:34.561 [main] WARN com.objwww.pr.control.release.application.ConfigBundleService -- activate CAS 竞争失败: target=be840a4ff5d98fc58380e1ed2d6501f2a7edb25711430dc0e9023b687140db80 by=release-operator
02:46:34.568 [main] INFO org.springframework.mock.web.MockServletContext -- Initializing Spring TestDispatcherServlet ''
02:46:34.568 [main] INFO org.springframework.test.web.servlet.TestDispatcherServlet -- Initializing Servlet ''
02:46:34.568 [main] INFO org.springframework.test.web.servlet.TestDispatcherServlet -- Completed initialization in 0 ms
02:46:34.571 [main] INFO com.objwww.pr.control.release.application.ConfigBundleService -- bundle 发布: 30ad808ed98886e339611e59f7bac711638e216776d0231c3aad2a5fe468382c revision=1 by=release-operator policy=policy-2026-09
02:46:34.573 [main] INFO com.objwww.pr.control.release.interfaces.ConfigBundleController -- config-bundle activate: digest=30ad808ed98886e339611e59f7bac711638e216776d0231c3aad2a5fe468382c body-keys=[]
02:46:34.574 [main] INFO com.objwww.pr.control.release.application.ConfigBundleService -- activate 落位: 30ad808ed98886e339611e59f7bac711638e216776d0231c3aad2a5fe468382c revision=1 by=release-operator
02:46:34.575 [main] INFO com.objwww.pr.control.release.interfaces.ConfigBundleController -- config-bundle activate: digest=30ad808ed98886e339611e59f7bac711638e216776d0231c3aad2a5fe468382c body-keys=[]
02:46:34.576 [main] INFO com.objwww.pr.control.release.interfaces.ConfigBundleController -- config-bundle activate: digest=ead6ef03d61ee60c533d6d450c50a1e559a8a37f6b796a4094cd0dac6b744428 body-keys=[]
[INFO] Tests run: 7, Failures: 0, Errors: 0, Skipped: 0, Time elapsed: 0.584 s -- in com.objwww.pr.control.release.interfaces.ConfigBundleControllerTest
[INFO] Running com.objwww.pr.control.release.interfaces.CanaryStatusControllerTest
02:46:34.585 [main] INFO org.springframework.mock.web.MockServletContext -- Initializing Spring TestDispatcherServlet ''
02:46:34.585 [main] INFO org.springframework.test.web.servlet.TestDispatcherServlet -- Initializing Servlet ''
02:46:34.586 [main] INFO org.springframework.test.web.servlet.TestDispatcherServlet -- Completed initialization in 0 ms
02:46:34.597 [main] INFO org.springframework.mock.web.MockServletContext -- Initializing Spring TestDispatcherServlet ''
02:46:34.598 [main] INFO org.springframework.test.web.servlet.TestDispatcherServlet -- Initializing Servlet ''
02:46:34.598 [main] INFO org.springframework.test.web.servlet.TestDispatcherServlet -- Completed initialization in 0 ms
02:46:34.614 [main] INFO org.springframework.mock.web.MockServletContext -- Initializing Spring TestDispatcherServlet ''
02:46:34.614 [main] INFO org.springframework.test.web.servlet.TestDispatcherServlet -- Initializing Servlet ''
02:46:34.614 [main] INFO org.springframework.test.web.servlet.TestDispatcherServlet -- Completed initialization in 0 ms
02:46:34.629 [main] INFO org.springframework.mock.web.MockServletContext -- Initializing Spring TestDispatcherServlet ''
02:46:34.629 [main] INFO org.springframework.test.web.servlet.TestDispatcherServlet -- Initializing Servlet ''
02:46:34.630 [main] INFO org.springframework.test.web.servlet.TestDispatcherServlet -- Completed initialization in 1 ms
02:46:34.638 [main] INFO org.springframework.mock.web.MockServletContext -- Initializing Spring TestDispatcherServlet ''
02:46:34.638 [main] INFO org.springframework.test.web.servlet.TestDispatcherServlet -- Initializing Servlet ''
02:46:34.638 [main] INFO org.springframework.test.web.servlet.TestDispatcherServlet -- Completed initialization in 0 ms
[INFO] Tests run: 5, Failures: 0, Errors: 0, Skipped: 0, Time elapsed: 0.063 s -- in com.objwww.pr.control.release.interfaces.CanaryStatusControllerTest
[INFO] Running com.objwww.pr.control.eval.domain.statemachine.GoldenCandidateStateMachineTest
[INFO] Tests run: 2, Failures: 0, Errors: 0, Skipped: 0, Time elapsed: 0.005 s -- in com.objwww.pr.control.eval.domain.statemachine.GoldenCandidateStateMachineTest
[INFO] Running com.objwww.pr.control.eval.domain.ScenarioMetricsTest
[INFO] Tests run: 5, Failures: 0, Errors: 0, Skipped: 0, Time elapsed: 0.007 s -- in com.objwww.pr.control.eval.domain.ScenarioMetricsTest
[INFO] Running com.objwww.pr.control.eval.domain.SynonymLexiconTest
[INFO] Tests run: 5, Failures: 0, Errors: 0, Skipped: 0, Time elapsed: 0.065 s -- in com.objwww.pr.control.eval.domain.SynonymLexiconTest
[INFO] Running com.objwww.pr.control.eval.domain.litellm.UsageLedgerReconcilerTest
[INFO] Tests run: 12, Failures: 0, Errors: 0, Skipped: 0, Time elapsed: 0.034 s -- in com.objwww.pr.control.eval.domain.litellm.UsageLedgerReconcilerTest
[INFO] Running com.objwww.pr.control.eval.domain.GoldenScenarioRegistryTest
[INFO] Tests run: 4, Failures: 0, Errors: 0, Skipped: 0, Time elapsed: 0.030 s -- in com.objwww.pr.control.eval.domain.GoldenScenarioRegistryTest
[INFO] Running com.objwww.pr.control.eval.domain.port.DatasetAdapterTest
[INFO] Tests run: 5, Failures: 0, Errors: 0, Skipped: 0, Time elapsed: 0.007 s -- in com.objwww.pr.control.eval.domain.port.DatasetAdapterTest
[INFO] Running com.objwww.pr.control.eval.domain.model.SamplingFingerprintTest
[INFO] Tests run: 6, Failures: 0, Errors: 0, Skipped: 0, Time elapsed: 0.013 s -- in com.objwww.pr.control.eval.domain.model.SamplingFingerprintTest
[INFO] Running com.objwww.pr.control.eval.domain.model.EvalCaseV1Test
[INFO] Tests run: 3, Failures: 0, Errors: 0, Skipped: 0, Time elapsed: 0.003 s -- in com.objwww.pr.control.eval.domain.model.EvalCaseV1Test
[INFO] Running com.objwww.pr.control.eval.domain.model.DatasetVersionTest
[INFO] Tests run: 3, Failures: 0, Errors: 0, Skipped: 0, Time elapsed: 0.007 s -- in com.objwww.pr.control.eval.domain.model.DatasetVersionTest
[INFO] Running com.objwww.pr.control.eval.domain.model.CaseVersionTest
[INFO] Tests run: 4, Failures: 0, Errors: 0, Skipped: 0, Time elapsed: 0.004 s -- in com.objwww.pr.control.eval.domain.model.CaseVersionTest
[INFO] Running com.objwww.pr.control.eval.domain.EvalRunMetadataTest
[INFO] Tests run: 4, Failures: 0, Errors: 0, Skipped: 0, Time elapsed: 0.011 s -- in com.objwww.pr.control.eval.domain.EvalRunMetadataTest
[INFO] Running com.objwww.pr.control.eval.domain.EvalCaseResultTest
[INFO] Tests run: 3, Failures: 0, Errors: 0, Skipped: 0, Time elapsed: 0.011 s -- in com.objwww.pr.control.eval.domain.EvalCaseResultTest
[INFO] Running com.objwww.pr.control.eval.domain.service.SafetyGateTest
[INFO] Tests run: 8, Failures: 0, Errors: 0, Skipped: 0, Time elapsed: 0.015 s -- in com.objwww.pr.control.eval.domain.service.SafetyGateTest
[INFO] Running com.objwww.pr.control.eval.domain.service.QualityGateTest
[INFO] Tests run: 13, Failures: 0, Errors: 0, Skipped: 0, Time elapsed: 0.018 s -- in com.objwww.pr.control.eval.domain.service.QualityGateTest
[INFO] Running com.objwww.pr.control.eval.domain.service.SixDimEvaluatorTest
[INFO] Tests run: 11, Failures: 0, Errors: 0, Skipped: 0, Time elapsed: 0.016 s -- in com.objwww.pr.control.eval.domain.service.SixDimEvaluatorTest
[INFO] Running com.objwww.pr.control.eval.domain.service.HypothesisSearchServiceTest
[INFO] Tests run: 5, Failures: 0, Errors: 0, Skipped: 0, Time elapsed: 0.007 s -- in com.objwww.pr.control.eval.domain.service.HypothesisSearchServiceTest
[INFO] Running com.objwww.pr.control.eval.domain.service.PairedTrialStatsTest
[INFO] Tests run: 8, Failures: 0, Errors: 0, Skipped: 0, Time elapsed: 0.017 s -- in com.objwww.pr.control.eval.domain.service.PairedTrialStatsTest
[INFO] Running com.objwww.pr.control.eval.infrastructure.adapter.OrderArenaAdapterTest
[INFO] Tests run: 2, Failures: 0, Errors: 0, Skipped: 0, Time elapsed: 0.002 s -- in com.objwww.pr.control.eval.infrastructure.adapter.OrderArenaAdapterTest
[INFO] Running com.objwww.pr.control.eval.infrastructure.adapter.RcaEvalAdapterTest
[INFO] Tests run: 1, Failures: 0, Errors: 0, Skipped: 0, Time elapsed: 0.002 s -- in com.objwww.pr.control.eval.infrastructure.adapter.RcaEvalAdapterTest
[INFO] Running com.objwww.pr.control.eval.infrastructure.adapter.Rca100AdapterTest
[INFO] Tests run: 3, Failures: 0, Errors: 0, Skipped: 0, Time elapsed: 0.007 s -- in com.objwww.pr.control.eval.infrastructure.adapter.Rca100AdapterTest
[INFO] Running com.objwww.pr.control.eval.infrastructure.identity.DatasetPartitionAccessTest
[INFO] Tests run: 4, Failures: 0, Errors: 0, Skipped: 0, Time elapsed: 0.006 s -- in com.objwww.pr.control.eval.infrastructure.identity.DatasetPartitionAccessTest
[INFO] Running com.objwww.pr.control.eval.application.UsageLedgerServiceTest
02:46:34.956 [main] WARN com.objwww.pr.control.eval.application.UsageLedgerService -- SpendLogs 查询失败，usage 对账降级 UNMATCHED（run=3658dfda-1349-4df0-ae51-380affa72e30）: LiteLLM /spend/logs 调用失败: HTTP 500
02:46:34.957 [main] WARN com.objwww.pr.control.eval.application.UsageLedgerService -- usage 对账: run=3658dfda-1349-4df0-ae51-380affa72e30 取得 proxy 行数=1
02:46:34.958 [main] WARN com.objwww.pr.control.eval.application.UsageLedgerService -- LiteLLM 未配置（app.alert.eval.litellm.base-url 为空），usage 对账按 chain③ 降级 UNMATCHED/BEST_EFFORT
02:46:34.959 [main] WARN com.objwww.pr.control.eval.application.UsageLedgerService -- LiteLLM 未配置（app.alert.eval.litellm.base-url 为空），usage 对账按 chain③ 降级 UNMATCHED/BEST_EFFORT
02:46:34.961 [main] WARN com.objwww.pr.control.eval.application.UsageLedgerService -- usage_json 解析失败按 usage_missing 落账: attempt=e09856ea-c0f4-4c5f-bc24-43fd38945bb0
02:46:34.961 [main] WARN com.objwww.pr.control.eval.application.UsageLedgerService -- LiteLLM 未配置（app.alert.eval.litellm.base-url 为空），usage 对账按 chain③ 降级 UNMATCHED/BEST_EFFORT
[INFO] Tests run: 5, Failures: 0, Errors: 0, Skipped: 0, Time elapsed: 0.009 s -- in com.objwww.pr.control.eval.application.UsageLedgerServiceTest
[INFO] Running com.objwww.pr.control.eval.application.BaselineReportGeneratorTest
[INFO] Tests run: 5, Failures: 0, Errors: 0, Skipped: 0, Time elapsed: 0.015 s -- in com.objwww.pr.control.eval.application.BaselineReportGeneratorTest
[INFO] Running com.objwww.pr.control.eval.application.EvalGateRunnerTest
[INFO] Tests run: 4, Failures: 0, Errors: 0, Skipped: 0, Time elapsed: 0.009 s -- in com.objwww.pr.control.eval.application.EvalGateRunnerTest
[INFO] Running com.objwww.pr.control.eval.application.SingleCaseScorerTest
[INFO] Tests run: 6, Failures: 0, Errors: 0, Skipped: 0, Time elapsed: 0.021 s -- in com.objwww.pr.control.eval.application.SingleCaseScorerTest
[INFO] Running com.objwww.pr.control.eval.application.FinalReportSelectorTest
[INFO] Tests run: 3, Failures: 0, Errors: 0, Skipped: 0, Time elapsed: 0.006 s -- in com.objwww.pr.control.eval.application.FinalReportSelectorTest
[INFO] Running com.objwww.pr.control.eval.application.ScenarioEvaluatorTest
[INFO] Tests run: 5, Failures: 0, Errors: 0, Skipped: 0, Time elapsed: 0.005 s -- in com.objwww.pr.control.eval.application.ScenarioEvaluatorTest
[INFO] Running com.objwww.pr.control.eval.application.EvalBatchRunnerTest
02:46:35.030 [main] WARN com.objwww.pr.control.eval.application.EvalBatchRunner -- 场景 S1 第 1 轮注入失败: flagd admin down
[INFO] Tests run: 4, Failures: 0, Errors: 0, Skipped: 0, Time elapsed: 0.036 s -- in com.objwww.pr.control.eval.application.EvalBatchRunnerTest
[INFO] Running com.objwww.pr.control.eval.application.GoldenCandidateServiceTest
[INFO] Tests run: 8, Failures: 0, Errors: 0, Skipped: 0, Time elapsed: 0.017 s -- in com.objwww.pr.control.eval.application.GoldenCandidateServiceTest
[INFO] Running com.objwww.pr.control.eval.application.EvalRunnerProfileIsolationTest
[INFO] Tests run: 2, Failures: 0, Errors: 0, Skipped: 0, Time elapsed: 0.537 s -- in com.objwww.pr.control.eval.application.EvalRunnerProfileIsolationTest
[INFO] Running com.objwww.pr.control.infrastructure.config.AlertAm4ConfigTest
[INFO] Tests run: 4, Failures: 0, Errors: 0, Skipped: 0, Time elapsed: 0.010 s -- in com.objwww.pr.control.infrastructure.config.AlertAm4ConfigTest
[INFO] Running com.objwww.pr.control.infrastructure.config.NativeCapabilityProbeTest
[INFO] Tests run: 5, Failures: 0, Errors: 0, Skipped: 0, Time elapsed: 0.007 s -- in com.objwww.pr.control.infrastructure.config.NativeCapabilityProbeTest
[INFO] Running com.objwww.pr.control.infrastructure.litellm.HttpLiteLlmAdminClientTest
[INFO] Tests run: 4, Failures: 0, Errors: 0, Skipped: 0, Time elapsed: 0.140 s -- in com.objwww.pr.control.infrastructure.litellm.HttpLiteLlmAdminClientTest
[INFO] Running com.objwww.pr.control.infrastructure.holmes.ToolCallAdapterTest
[INFO] Tests run: 3, Failures: 0, Errors: 0, Skipped: 0, Time elapsed: 0.005 s -- in com.objwww.pr.control.infrastructure.holmes.ToolCallAdapterTest
[INFO] Running com.objwww.pr.control.infrastructure.holmes.HolmesErrorClassifierTest
[INFO] Tests run: 6, Failures: 0, Errors: 0, Skipped: 0, Time elapsed: 0.007 s -- in com.objwww.pr.control.infrastructure.holmes.HolmesErrorClassifierTest
[INFO] Running com.objwww.pr.control.infrastructure.holmes.HolmesResponseParserTest
[INFO] Tests run: 8, Failures: 0, Errors: 0, Skipped: 0, Time elapsed: 0.028 s -- in com.objwww.pr.control.infrastructure.holmes.HolmesResponseParserTest
[INFO] Running com.objwww.pr.control.infrastructure.holmes.HolmesInvestigationExecutorWireMockTest
02:46:36.494 [main] INFO com.objwww.pr.control.infrastructure.holmes.HolmesInvestigationExecutor -- {"event":"rca_attempt_finished","ts":"2026-09-08T18:46:36.493686657Z","task_id":"20b3f8d8-63f4-46db-8d40-0010fdc59549","run_id":"976434fa-601d-4680-b8fc-9a24c4611b6c","attempt_id":"e8ec2beb-2273-4d72-acd9-e5b0a8e07871","validation_status":"REJECTED_SCHEMA_VERSION","usage_missing":true,"latency_ms":0}
02:46:36.528 [main] INFO com.objwww.pr.control.infrastructure.holmes.HolmesInvestigationExecutor -- {"event":"rca_attempt_finished","ts":"2026-09-08T18:46:36.528068377Z","task_id":"31e980d2-12c2-41d7-acd7-6ac3e3247f03","run_id":"b6f5dc9f-ed11-45f2-95cc-f7a0596b94d6","attempt_id":"8f59f3a4-f151-4bf1-8ee9-f8c2c01d6086","validation_status":"STRUCTURE_VALIDATED","usage_missing":false,"latency_ms":0}
02:46:36.549 [main] INFO com.objwww.pr.control.infrastructure.holmes.HolmesInvestigationExecutor -- {"event":"rca_attempt_finished","ts":"2026-09-08T18:46:36.549074418Z","task_id":"60d0284f-f9ec-420e-90b7-fc081c446279","run_id":"d6615690-4e46-4798-95f6-c1c8fa73af33","attempt_id":"af495ed3-10c2-44f5-883c-aca280dc6452","validation_status":"STRUCTURE_VALIDATED","usage_missing":false,"latency_ms":0}
02:46:36.575 [main] INFO com.objwww.pr.control.infrastructure.holmes.HolmesInvestigationExecutor -- {"event":"rca_attempt_finished","ts":"2026-09-08T18:46:36.575150707Z","task_id":"3d515017-a621-47ed-9ca6-0eb8607e7e4c","run_id":"fefb4dc1-ae5c-445b-9632-76d4de5424fb","attempt_id":"95c97b35-9098-472c-a736-f6713ac0d511","validation_status":"REJECTED_MALFORMED","usage_missing":true,"latency_ms":0}
02:46:36.613 [main] INFO com.objwww.pr.control.infrastructure.holmes.HolmesInvestigationExecutor -- {"event":"rca_attempt_finished","ts":"2026-09-08T18:46:36.613062146Z","task_id":"08a793cf-1040-4c28-a7d1-ccb307c6247f","run_id":"c32a938c-7473-4d2d-80c5-b64a9da1b3ba","attempt_id":"1fac332a-5fb9-4688-8e37-ffda10e96711","validation_status":"STRUCTURE_VALIDATED","usage_missing":true,"latency_ms":0}
02:46:36.647 [main] INFO com.objwww.pr.control.infrastructure.holmes.HolmesInvestigationExecutor -- {"event":"rca_attempt_finished","ts":"2026-09-08T18:46:36.647823842Z","task_id":"7d92c112-ce34-48b3-9fa1-383c214df227","run_id":"c9723ed6-ab55-4add-8cbc-7caa6d983702","attempt_id":"b835c006-8139-47d2-a635-3d2e8eabd749","validation_status":"STRUCTURE_VALIDATED","usage_missing":true,"latency_ms":0}
02:46:36.686 [main] INFO com.objwww.pr.control.infrastructure.holmes.HolmesInvestigationExecutor -- {"event":"rca_attempt_finished","ts":"2026-09-08T18:46:36.686452782Z","task_id":"3c672e60-5090-411c-86ec-626d7394d512","run_id":"6bc0764d-ecd9-42ca-9783-eefcfde8372d","attempt_id":"73cb948e-2aef-4625-a2a6-c6e77758b413","validation_status":"STRUCTURE_VALIDATED","usage_missing":false,"latency_ms":0}
02:46:36.705 [main] INFO com.objwww.pr.control.infrastructure.holmes.HolmesInvestigationExecutor -- {"event":"rca_attempt_finished","ts":"2026-09-08T18:46:36.705606794Z","task_id":"74a2a182-943f-40e9-abfb-c8cfd6ff54cb","run_id":"f50a5abb-660c-47c6-b8b3-4aed9573c670","attempt_id":"91292dbd-7801-4260-991c-0a2dc6655c40","validation_status":"STRUCTURE_VALIDATED","usage_missing":false,"latency_ms":0}
02:46:37.868 [main] INFO com.objwww.pr.control.infrastructure.holmes.HolmesInvestigationExecutor -- {"event":"rca_attempt_finished","ts":"2026-09-08T18:46:37.868654802Z","task_id":"519defde-c6e4-4559-81df-65901a886998","run_id":"7a68e47b-5082-4a34-8468-e381899339b0","attempt_id":"f4256b75-c506-4c21-bcff-0df29da921c1","validation_status":"STRUCTURE_VALIDATED","usage_missing":false,"latency_ms":0}
02:46:37.922 [main] INFO com.objwww.pr.control.infrastructure.holmes.HolmesInvestigationExecutor -- {"event":"rca_attempt_finished","ts":"2026-09-08T18:46:37.922342441Z","task_id":"d142db34-d3ea-4bbb-9847-65e5ecb0511b","run_id":"5a9dc766-bc72-4ee7-aaf1-0451bc27fd8e","attempt_id":"dbb6c040-eab4-45af-a0e3-79f4f1041b21","validation_status":"STRUCTURE_VALIDATED","usage_missing":false,"latency_ms":0}
02:46:37.941 [main] INFO com.objwww.pr.control.infrastructure.holmes.HolmesInvestigationExecutor -- {"event":"rca_attempt_finished","ts":"2026-09-08T18:46:37.941763688Z","task_id":"9637b78b-c95c-420b-a54c-39a094fc1cf4","run_id":"c8d72e9c-1b11-4ff4-87cb-87a2563ad96a","attempt_id":"8d5c30f2-c89e-4684-8401-278b10707221","validation_status":"REJECTED_SCHEMA_MISMATCH","usage_missing":false,"latency_ms":0}
02:46:37.958 [main] INFO com.objwww.pr.control.infrastructure.holmes.HolmesInvestigationExecutor -- {"event":"rca_attempt_finished","ts":"2026-09-08T18:46:37.958392013Z","task_id":"e7aa7615-dcd0-409d-bccb-ce747471d22f","run_id":"9c8627e7-be84-4770-8188-af4116ad241a","attempt_id":"58277ae7-294a-400f-91d5-97c734d254ef","validation_status":"REJECTED_OVERSIZE","usage_missing":true,"latency_ms":0}
02:46:37.974 [main] INFO com.objwww.pr.control.infrastructure.holmes.HolmesInvestigationExecutor -- {"event":"rca_attempt_finished","ts":"2026-09-08T18:46:37.974114443Z","task_id":"f34f0c9c-2e28-4f0c-b87c-554f13db46d4","run_id":"8184e6ea-8fae-46ed-a0eb-ff95fb03f553","attempt_id":"37f1c8ef-e9f4-44fc-b169-3f3fa00f4ff3","validation_status":"REJECTED_SCHEMA_MISMATCH","usage_missing":true,"latency_ms":0}
02:46:37.991 [main] INFO com.objwww.pr.control.infrastructure.holmes.HolmesInvestigationExecutor -- {"event":"rca_attempt_finished","ts":"2026-09-08T18:46:37.990919281Z","task_id":"12f2d5ed-ed77-4eaf-9397-6b67f1198e94","run_id":"ffa0bdd9-2a0b-4f8b-acae-47e4c1974c1c","attempt_id":"58ee36c8-a385-430e-8977-4018f28d6b56","validation_status":"REJECTED_MALFORMED","usage_missing":true,"latency_ms":0}
[INFO] Tests run: 20, Failures: 0, Errors: 0, Skipped: 0, Time elapsed: 2.173 s -- in com.objwww.pr.control.infrastructure.holmes.HolmesInvestigationExecutorWireMockTest
[INFO] Running com.objwww.pr.control.infrastructure.nativeexec.NativeInvestigationExecutorTest
02:46:38.019 [main] INFO com.objwww.pr.control.alert.application.DeterministicSupervisor -- {"event":"am4_run_reporting","ts":"2026-09-08T18:46:38.019623389Z","run_id":"772bf153-1a40-495e-b215-3f274d4a7538"}
02:46:38.019 [main] INFO com.objwww.pr.control.alert.application.DeterministicSupervisor -- run 772bf153-1a40-495e-b215-3f274d4a7538 全任务终态 → REPORTING（报告链组装）
02:46:38.028 [main] INFO com.objwww.pr.control.infrastructure.nativeexec.NativeInvestigationExecutor -- native 全链完成 run=772bf153-1a40-495e-b215-3f274d4a7538 reportOutcome=CONFIRMED claims=1 validation=STRUCTURE_VALIDATED 快照=6582eb7268b061d956d770afc2cfeb4f2b9435fa97143db05f1e256d97a047d7
02:46:38.032 [main] INFO com.objwww.pr.control.alert.application.RcaRunOrchestrator -- {"event":"rca_task_decision","ts":"2026-09-08T18:46:38.032024755Z","decision":"COMPLETED","run_id":"772bf153-1a40-495e-b215-3f274d4a7538","task_id":"ce875da8-c689-4e4d-b38a-f5b2919d37e1","attempt_id":"8d5d275b-85b0-41ff-8567-ba4f6ac20c36","latency_ms":0}
02:46:38.035 [main] INFO com.objwww.pr.control.alert.application.DeterministicSupervisor -- {"event":"am4_plan_rejected","ts":"2026-09-08T18:46:38.035099916Z","run_id":"459097b1-94f1-495c-aa51-188482f8c4c9","reason":"schema_version 必须为 am4-plan.v1，实际: bogus"}
02:46:38.035 [main] WARN com.objwww.pr.control.alert.application.DeterministicSupervisor -- run 459097b1-94f1-495c-aa51-188482f8c4c9 提案被确定性拒绝 → FAILED（schema_version 必须为 am4-plan.v1，实际: bogus）
[INFO] Tests run: 3, Failures: 0, Errors: 0, Skipped: 0, Time elapsed: 0.041 s -- in com.objwww.pr.control.infrastructure.nativeexec.NativeInvestigationExecutorTest
[INFO] Running com.objwww.pr.control.infrastructure.persistence.Am5MigrationContractTest
[INFO] Tests run: 21, Failures: 0, Errors: 0, Skipped: 0, Time elapsed: 0.043 s -- in com.objwww.pr.control.infrastructure.persistence.Am5MigrationContractTest
[INFO] Running com.objwww.pr.control.infrastructure.persistence.Am6MigrationContractTest
[INFO] Tests run: 6, Failures: 0, Errors: 0, Skipped: 0, Time elapsed: 0.009 s -- in com.objwww.pr.control.infrastructure.persistence.Am6MigrationContractTest
[INFO] Running com.objwww.pr.control.infrastructure.persistence.PostgresClaimTaskKeyFilterContractTest
[INFO] Tests run: 2, Failures: 0, Errors: 0, Skipped: 0, Time elapsed: 0.003 s -- in com.objwww.pr.control.infrastructure.persistence.PostgresClaimTaskKeyFilterContractTest
[INFO] Running com.objwww.pr.control.infrastructure.persistence.M7MigrationContractTest
[INFO] Tests run: 7, Failures: 0, Errors: 0, Skipped: 0, Time elapsed: 0.014 s -- in com.objwww.pr.control.infrastructure.persistence.M7MigrationContractTest
[INFO] Running com.objwww.pr.control.infrastructure.persistence.PostgresArchiveManifestRepositoryFenceTest
[INFO] Tests run: 1, Failures: 0, Errors: 0, Skipped: 0, Time elapsed: 0.002 s -- in com.objwww.pr.control.infrastructure.persistence.PostgresArchiveManifestRepositoryFenceTest
[INFO] Running com.objwww.pr.control.infrastructure.selfcheck.ControlSelfCheckTest
02:46:38.120 [main] INFO com.objwww.pr.control.infrastructure.selfcheck.StartupSelfCheckRunner -- [control] 启动自检通过（B25 运行时门）
[INFO] Tests run: 6, Failures: 0, Errors: 0, Skipped: 0, Time elapsed: 0.007 s -- in com.objwww.pr.control.infrastructure.selfcheck.ControlSelfCheckTest
[INFO] Running com.objwww.pr.control.infrastructure.tool.PrometheusMetricsWireMockTest
[INFO] Tests run: 3, Failures: 0, Errors: 0, Skipped: 0, Time elapsed: 0.328 s -- in com.objwww.pr.control.infrastructure.tool.PrometheusMetricsWireMockTest
[INFO] Running com.objwww.pr.control.infrastructure.github.HttpCredentialTokenPortTest
[INFO] Tests run: 3, Failures: 0, Errors: 0, Skipped: 0, Time elapsed: 0.037 s -- in com.objwww.pr.control.infrastructure.github.HttpCredentialTokenPortTest
[INFO] Running com.objwww.pr.control.infrastructure.model.SpringAiModelClientTest
Mockito is currently self-attaching to enable the inline-mock-maker. This will no longer work in future releases of the JDK. Please add Mockito as an agent to your build what is described in Mockito's documentation: https://javadoc.io/doc/org.mockito/mockito-core/latest/org/mockito/Mockito.html#0.3
WARNING: A Java agent has been loaded dynamically (/root/.m2/repository/net/bytebuddy/byte-buddy-agent/1.15.11/byte-buddy-agent-1.15.11.jar)
WARNING: If a serviceability tool is in use, please run with -XX:+EnableDynamicAgentLoading to hide this warning
WARNING: If a serviceability tool is not in use, please run with -Djdk.instrument.traceUsage for more information
WARNING: Dynamic loading of agents will be disallowed by default in a future release
OpenJDK 64-Bit Server VM warning: Sharing is only supported for boot loader classes because bootstrap classpath has been appended
[INFO] Tests run: 6, Failures: 0, Errors: 0, Skipped: 0, Time elapsed: 1.137 s -- in com.objwww.pr.control.infrastructure.model.SpringAiModelClientTest
[INFO] Running com.objwww.pr.control.infrastructure.model.ProviderErrorClassifierTest
[INFO] Tests run: 17, Failures: 0, Errors: 0, Skipped: 0, Time elapsed: 0.048 s -- in com.objwww.pr.control.infrastructure.model.ProviderErrorClassifierTest
[INFO] Running com.objwww.pr.control.infrastructure.observability.GatusProbeConfigContractTest
[INFO] Tests run: 4, Failures: 0, Errors: 0, Skipped: 0, Time elapsed: 0.024 s -- in com.objwww.pr.control.infrastructure.observability.GatusProbeConfigContractTest
[INFO] Running com.objwww.pr.control.infrastructure.observability.StructuredLogTest
02:46:39.725 [main] INFO structured-log-test -- {"event":"e","ts":"2026-09-08T18:46:39.725068889Z","error":null}
02:46:39.727 [main] INFO structured-log-test -- {"event":"e","ts":"2026-09-08T18:46:39.727576813Z","secret_like":"quote\" and\nnewline\ttab"}
02:46:39.730 [main] INFO structured-log-test -- {"event":"rca_task_decision","ts":"2026-09-08T18:46:39.730348372Z","run_id":"r-1","decision":"COMPLETED","latency_ms":42}
02:46:39.737 [main] WARN structured-log-test -- structured log 序列化失败 event=e
[INFO] Tests run: 4, Failures: 0, Errors: 0, Skipped: 0, Time elapsed: 0.016 s -- in com.objwww.pr.control.infrastructure.observability.StructuredLogTest
[INFO] Running com.objwww.pr.control.infrastructure.observability.AlertMetricsLabelAllowlistTest
[INFO] Tests run: 3, Failures: 0, Errors: 0, Skipped: 0, Time elapsed: 0.022 s -- in com.objwww.pr.control.infrastructure.observability.AlertMetricsLabelAllowlistTest
[INFO] Running com.objwww.pr.control.infrastructure.observability.ControlCollectorConfigContractTest
[INFO] Tests run: 3, Failures: 0, Errors: 0, Skipped: 0, Time elapsed: 0.045 s -- in com.objwww.pr.control.infrastructure.observability.ControlCollectorConfigContractTest
[INFO] Running com.objwww.pr.control.infrastructure.observability.TracedTasksTest
Sep 09, 2026 2:46:39 AM brave.Tracing$LogSpanHandler end
INFO: {"traceId":"c49d569cb5d4700c","id":"c49d569cb5d4700c","name":"parent","timestamp":1788893199868700,"duration":2137,"localEndpoint":{"serviceName":"unknown","ipv4":"172.24.0.1"}}
[INFO] Tests run: 3, Failures: 0, Errors: 0, Skipped: 0, Time elapsed: 0.069 s -- in com.objwww.pr.control.infrastructure.observability.TracedTasksTest
[INFO] Running com.objwww.pr.control.ControlArchitectureTest
02:46:39.912 [main] INFO com.tngtech.archunit.core.PluginLoader -- Detected Java version 21.0.12.1
[INFO] Tests run: 18, Failures: 0, Errors: 0, Skipped: 0, Time elapsed: 3.694 s -- in com.objwww.pr.control.ControlArchitectureTest
[INFO] Running com.objwww.pr.control.alert.domain.statemachine.AlertStateMachineTest
[INFO] Tests run: 8, Failures: 0, Errors: 0, Skipped: 0, Time elapsed: 0.020 s -- in com.objwww.pr.control.alert.domain.statemachine.AlertStateMachineTest
[INFO] Running com.objwww.pr.control.alert.domain.statemachine.RcaStateContractTest
[INFO] Tests run: 8, Failures: 0, Errors: 0, Skipped: 0, Time elapsed: 0.011 s -- in com.objwww.pr.control.alert.domain.statemachine.RcaStateContractTest
[INFO] Running com.objwww.pr.control.alert.domain.agent.AgentProfileTest
[INFO] Tests run: 6, Failures: 0, Errors: 0, Skipped: 0, Time elapsed: 0.020 s -- in com.objwww.pr.control.alert.domain.agent.AgentProfileTest
[INFO] Running com.objwww.pr.control.alert.domain.dag.PlanProposalTest
[INFO] Tests run: 10, Failures: 0, Errors: 0, Skipped: 0, Time elapsed: 0.016 s -- in com.objwww.pr.control.alert.domain.dag.PlanProposalTest
[INFO] Running com.objwww.pr.control.alert.domain.dag.DagTaskStateTest
[INFO] Tests run: 3, Failures: 0, Errors: 0, Skipped: 0, Time elapsed: 0.002 s -- in com.objwww.pr.control.alert.domain.dag.DagTaskStateTest
[INFO] Running com.objwww.pr.control.alert.domain.dag.DagPromoterTest
[INFO] Tests run: 16, Failures: 0, Errors: 0, Skipped: 0, Time elapsed: 0.021 s -- in com.objwww.pr.control.alert.domain.dag.DagPromoterTest
[INFO] Running com.objwww.pr.control.alert.domain.dag.DagCycleDetectorTest
[INFO] Tests run: 10, Failures: 0, Errors: 0, Skipped: 0, Time elapsed: 0.005 s -- in com.objwww.pr.control.alert.domain.dag.DagCycleDetectorTest
[INFO] Running com.objwww.pr.control.alert.domain.tool.ToolReasonCodeTest
[INFO] Tests run: 2, Failures: 0, Errors: 0, Skipped: 0, Time elapsed: 0.003 s -- in com.objwww.pr.control.alert.domain.tool.ToolReasonCodeTest
[INFO] Running com.objwww.pr.control.alert.domain.tool.ToolArgsValidatorTest
[INFO] Tests run: 5, Failures: 0, Errors: 0, Skipped: 0, Time elapsed: 0.007 s -- in com.objwww.pr.control.alert.domain.tool.ToolArgsValidatorTest
[INFO] Running com.objwww.pr.control.alert.domain.tool.InternalCanonicalJsonV1Test
[INFO] Tests run: 9, Failures: 0, Errors: 0, Skipped: 0, Time elapsed: 0.006 s -- in com.objwww.pr.control.alert.domain.tool.InternalCanonicalJsonV1Test
[INFO] Running com.objwww.pr.control.alert.domain.tool.ActionDigestTest
[INFO] Tests run: 7, Failures: 0, Errors: 0, Skipped: 0, Time elapsed: 0.011 s -- in com.objwww.pr.control.alert.domain.tool.ActionDigestTest
[INFO] Running com.objwww.pr.control.alert.domain.tool.ToolPolicyTest
[INFO] Tests run: 3, Failures: 0, Errors: 0, Skipped: 0, Time elapsed: 0.007 s -- in com.objwww.pr.control.alert.domain.tool.ToolPolicyTest
[INFO] Running com.objwww.pr.control.alert.domain.tool.ToolDefinitionTest
[INFO] Tests run: 7, Failures: 0, Errors: 0, Skipped: 0, Time elapsed: 0.012 s -- in com.objwww.pr.control.alert.domain.tool.ToolDefinitionTest
[INFO] Running com.objwww.pr.control.alert.domain.model.EvidencePackageV2ContractTest
[INFO] Tests run: 6, Failures: 0, Errors: 0, Skipped: 0, Time elapsed: 0.024 s -- in com.objwww.pr.control.alert.domain.model.EvidencePackageV2ContractTest
[INFO] Running com.objwww.pr.control.alert.domain.budget.RunBudgetTest
[INFO] Tests run: 11, Failures: 0, Errors: 0, Skipped: 0, Time elapsed: 0.014 s -- in com.objwww.pr.control.alert.domain.budget.RunBudgetTest
[INFO] Running com.objwww.pr.control.alert.domain.budget.DoomLoopGuardTest
[INFO] Tests run: 7, Failures: 0, Errors: 0, Skipped: 0, Time elapsed: 0.008 s -- in com.objwww.pr.control.alert.domain.budget.DoomLoopGuardTest
[INFO] Running com.objwww.pr.control.alert.domain.claim.ClaimReducerTest
[INFO] Tests run: 20, Failures: 0, Errors: 0, Skipped: 0, Time elapsed: 0.012 s -- in com.objwww.pr.control.alert.domain.claim.ClaimReducerTest
[INFO] Running com.objwww.pr.control.alert.domain.claim.ClaimVerdictTest
[INFO] Tests run: 8, Failures: 0, Errors: 0, Skipped: 0, Time elapsed: 0.007 s -- in com.objwww.pr.control.alert.domain.claim.ClaimVerdictTest
[INFO] Running com.objwww.pr.control.alert.domain.claim.ClaimProjectionTest
[INFO] Tests run: 9, Failures: 0, Errors: 0, Skipped: 0, Time elapsed: 0.004 s -- in com.objwww.pr.control.alert.domain.claim.ClaimProjectionTest
[INFO] Running com.objwww.pr.control.alert.domain.claim.ReportAssemblerTest
[INFO] Tests run: 11, Failures: 0, Errors: 0, Skipped: 0, Time elapsed: 0.012 s -- in com.objwww.pr.control.alert.domain.claim.ReportAssemblerTest
[INFO] Running com.objwww.pr.control.alert.domain.claim.ClaimTest
[INFO] Tests run: 7, Failures: 0, Errors: 0, Skipped: 0, Time elapsed: 0.006 s -- in com.objwww.pr.control.alert.domain.claim.ClaimTest
[INFO] Running com.objwww.pr.control.alert.domain.evidence.EvidenceEnvelopeTest
[INFO] Tests run: 6, Failures: 0, Errors: 0, Skipped: 0, Time elapsed: 0.006 s -- in com.objwww.pr.control.alert.domain.evidence.EvidenceEnvelopeTest
[INFO] Running com.objwww.pr.control.alert.domain.evidence.EvidenceSnapshotBuilderTest
[INFO] Tests run: 5, Failures: 0, Errors: 0, Skipped: 0, Time elapsed: 0.009 s -- in com.objwww.pr.control.alert.domain.evidence.EvidenceSnapshotBuilderTest
[INFO] Running com.objwww.pr.control.alert.domain.service.AlertIdentityFactoryTest
[INFO] Tests run: 6, Failures: 0, Errors: 0, Skipped: 0, Time elapsed: 0.006 s -- in com.objwww.pr.control.alert.domain.service.AlertIdentityFactoryTest
[INFO] Running com.objwww.pr.control.alert.domain.service.SlaPolicyTest
[INFO] Tests run: 6, Failures: 0, Errors: 0, Skipped: 0, Time elapsed: 0.014 s -- in com.objwww.pr.control.alert.domain.service.SlaPolicyTest
[INFO] Running com.objwww.pr.control.alert.domain.service.DeferredPolicyTest
[INFO] Tests run: 2, Failures: 0, Errors: 0, Skipped: 0, Time elapsed: 0.003 s -- in com.objwww.pr.control.alert.domain.service.DeferredPolicyTest
[INFO] Running com.objwww.pr.control.alert.domain.service.EvidencePackageValidatorTest
[INFO] Tests run: 19, Failures: 0, Errors: 0, Skipped: 0, Time elapsed: 0.067 s -- in com.objwww.pr.control.alert.domain.service.EvidencePackageValidatorTest
[INFO] Running com.objwww.pr.control.alert.infrastructure.config.AlertConfigBridgeTest
[INFO] Tests run: 4, Failures: 0, Errors: 0, Skipped: 0, Time elapsed: 0.056 s -- in com.objwww.pr.control.alert.infrastructure.config.AlertConfigBridgeTest
[INFO] Running com.objwww.pr.control.alert.infrastructure.selfcheck.AlertSelfCheckTest
[INFO] Tests run: 7, Failures: 0, Errors: 0, Skipped: 0, Time elapsed: 0.006 s -- in com.objwww.pr.control.alert.infrastructure.selfcheck.AlertSelfCheckTest
[INFO] Running com.objwww.pr.control.alert.application.agent.MetricsAgentTest
[INFO] Tests run: 10, Failures: 0, Errors: 0, Skipped: 0, Time elapsed: 0.049 s -- in com.objwww.pr.control.alert.application.agent.MetricsAgentTest
[INFO] Running com.objwww.pr.control.alert.application.agent.ChangeAgentTest
[INFO] Tests run: 4, Failures: 0, Errors: 0, Skipped: 0, Time elapsed: 0.014 s -- in com.objwww.pr.control.alert.application.agent.ChangeAgentTest
[INFO] Running com.objwww.pr.control.alert.application.agent.AgentRegistryTest
[INFO] Tests run: 5, Failures: 0, Errors: 0, Skipped: 0, Time elapsed: 0.005 s -- in com.objwww.pr.control.alert.application.agent.AgentRegistryTest
[INFO] Running com.objwww.pr.control.alert.application.agent.NativeRcaAgentTest
[INFO] Tests run: 6, Failures: 0, Errors: 0, Skipped: 0, Time elapsed: 0.005 s -- in com.objwww.pr.control.alert.application.agent.NativeRcaAgentTest
[INFO] Running com.objwww.pr.control.alert.application.agent.LogsAgentTest
[INFO] Tests run: 5, Failures: 0, Errors: 0, Skipped: 0, Time elapsed: 0.007 s -- in com.objwww.pr.control.alert.application.agent.LogsAgentTest
[INFO] Running com.objwww.pr.control.alert.application.RcaWorkerTest
02:46:44.127 [main] INFO com.objwww.pr.control.alert.application.RcaRunOrchestrator -- {"event":"rca_task_decision","ts":"2026-09-08T18:46:44.127400871Z","decision":"COMPLETED","run_id":"77ac9d85-b73a-438e-b274-ffc96c1b65a4","task_id":"5e13e13d-57e9-4939-a8e3-cdd210f4e1ba","attempt_id":"381d59fe-7b0b-4c8e-830e-86047b944ef4","latency_ms":0}
02:46:44.127 [main] INFO com.objwww.pr.control.alert.application.RcaRunOrchestrator -- incident d4b935a8-1899-4286-861f-e821bc6058fb 材料变化，铸 RERUN run
02:46:44.128 [main] INFO com.objwww.pr.control.alert.application.RcaRunOrchestrator -- {"event":"rca_task_decision","ts":"2026-09-08T18:46:44.128758678Z","decision":"COMPLETED","run_id":"151a792f-398d-4242-818a-66a1f7692e03","task_id":"4e512ddc-0b4d-4163-a36b-94a6ae69b58b","attempt_id":"8d1ef619-64c0-4568-bab7-495254b5e539","latency_ms":0}
02:46:44.130 [main] INFO com.objwww.pr.control.alert.application.RcaRunOrchestrator -- {"event":"rca_task_decision","ts":"2026-09-08T18:46:44.130802557Z","decision":"RETRY_SCHEDULED","run_id":"e5ccd15c-645f-47cb-a0e4-63c9fbf21093","task_id":"5f3e85c1-e31d-4cc2-9486-d5335ae85b71","attempt_id":"63bd622b-24e0-4718-99e6-f94fd7bc1afa","latency_ms":0}
02:46:44.131 [main] INFO com.objwww.pr.control.alert.application.RcaRunOrchestrator -- {"event":"rca_task_decision","ts":"2026-09-08T18:46:44.131187031Z","decision":"RETRY_SCHEDULED","run_id":"e5ccd15c-645f-47cb-a0e4-63c9fbf21093","task_id":"5f3e85c1-e31d-4cc2-9486-d5335ae85b71","attempt_id":"6c51aec8-d2f4-49a7-a8c9-b6ae61905d05","latency_ms":0}
02:46:44.131 [main] INFO com.objwww.pr.control.alert.application.RcaRunOrchestrator -- {"event":"rca_task_decision","ts":"2026-09-08T18:46:44.131411514Z","decision":"DEAD","run_id":"e5ccd15c-645f-47cb-a0e4-63c9fbf21093","task_id":"5f3e85c1-e31d-4cc2-9486-d5335ae85b71","attempt_id":"33108cc1-8289-4ad6-9ede-fe2941b35fc7","latency_ms":0}
02:46:44.133 [main] WARN com.objwww.pr.control.alert.application.RcaWorker -- task 43a3777e-1d05-45cf-9457-cc45254ea17a 租约过期回收 owner=worker-a → RETRY_WAIT
02:46:44.133 [main] WARN com.objwww.pr.control.alert.application.RcaWorker -- 悬挂账本 d4595610-676a-4a77-aea3-acbeb7d89cab STARTED→UNKNOWN（崩溃回收）
02:46:44.136 [main] INFO com.objwww.pr.control.alert.application.RcaRunOrchestrator -- {"event":"rca_task_decision","ts":"2026-09-08T18:46:44.136613050Z","decision":"COMPLETED","run_id":"f73cf4c3-8c1d-4827-a1b8-7ac0837ff158","task_id":"14038165-ba9b-4aa6-b6cb-c00816aa3b39","attempt_id":"ded7351b-5621-46fe-84be-e29bea6b9eb0","latency_ms":0}
02:46:44.138 [main] WARN com.objwww.pr.control.alert.application.RcaWorker -- 悬挂调查记录 713f812b-804d-4bbd-9dc1-c4b5dedb3df0 STARTED→UNKNOWN（崩溃回收）
02:46:44.143 [main] INFO com.objwww.pr.control.alert.application.RcaRunOrchestrator -- {"event":"rca_task_decision","ts":"2026-09-08T18:46:44.142961977Z","decision":"DEAD","run_id":"d82282e9-e544-47f1-a031-bfc0c0677478","task_id":"3e35f353-4f89-42da-88ac-e214f16a5319","attempt_id":"364afc72-1fdc-44d5-b5b6-22542690d07e","latency_ms":0}
02:46:44.145 [main] WARN com.objwww.pr.control.alert.application.RcaWorker -- task de2611fb-8e38-488e-98e0-16cb7faa0aea 租约过期回收 owner=worker-a → STALE
02:46:44.147 [main] INFO com.objwww.pr.control.alert.application.RcaRunOrchestrator -- {"event":"rca_task_decision","ts":"2026-09-08T18:46:44.147252999Z","decision":"COMPLETED","run_id":"3dcd5aba-abdf-4a32-beb5-b5f914d0e441","task_id":"dc6f2263-c905-480f-9e79-1af3e442db2f","attempt_id":"c35bc641-c14e-4085-a468-bc6cf1752981","latency_ms":0}
02:46:44.149 [main] INFO com.objwww.pr.control.alert.application.RcaRunOrchestrator -- {"event":"rca_task_decision","ts":"2026-09-08T18:46:44.149208651Z","decision":"RETRY_SCHEDULED","run_id":"848bbcfb-4d88-4420-97f0-7e1e6742903d","task_id":"85adb42a-cdc6-4a87-b3ae-92dd7b9fe56c","attempt_id":"18069fc0-9cb6-40a3-b505-7cd8079c5463","latency_ms":0}
02:46:44.149 [main] INFO com.objwww.pr.control.alert.application.RcaRunOrchestrator -- {"event":"rca_task_decision","ts":"2026-09-08T18:46:44.149714143Z","decision":"COMPLETED","run_id":"848bbcfb-4d88-4420-97f0-7e1e6742903d","task_id":"85adb42a-cdc6-4a87-b3ae-92dd7b9fe56c","attempt_id":"51a61d25-a573-46e7-a1ab-6325fb6de453","latency_ms":0}
02:46:44.152 [main] INFO com.objwww.pr.control.alert.application.RcaRunOrchestrator -- {"event":"rca_task_decision","ts":"2026-09-08T18:46:44.152357622Z","decision":"COMPLETED","run_id":"fcc16f2a-1d97-4859-8eb0-b7209a49577b","task_id":"cd557a54-3adc-4f91-803c-d09292f0ee26","attempt_id":"ad4a458d-bfe1-4164-99b6-603544de5b2a","latency_ms":0}
02:46:44.155 [main] INFO com.objwww.pr.control.alert.application.RcaRunOrchestrator -- {"event":"rca_task_decision","ts":"2026-09-08T18:46:44.154967637Z","decision":"STALE_GENERATION","run_id":"db92af38-9801-4f16-bfef-16520fae5b99","task_id":"1a3e601a-7a6d-40e7-8e94-ba4545761782","attempt_id":"63c00f9d-fdbd-44d7-8786-feaff4a0978c","run_state":"SUPERSEDED"}
02:46:44.155 [main] WARN com.objwww.pr.control.alert.application.RcaRunOrchestrator -- task 1a3e601a-7a6d-40e7-8e94-ba4545761782 旧代结果作废（run db92af38-9801-4f16-bfef-16520fae5b99 state=SUPERSEDED），task→STALE 零落档
02:46:44.157 [main] WARN com.objwww.pr.control.alert.application.RcaWorker -- task 6a3b262b-1aa4-4e3f-8b8c-75afd98c2682 租约过期回收 owner=worker-a → RETRY_WAIT
02:46:44.158 [main] INFO com.objwww.pr.control.alert.application.RcaRunOrchestrator -- {"event":"rca_task_decision","ts":"2026-09-08T18:46:44.158329508Z","decision":"COMPLETED","run_id":"4d28acdb-d7aa-4053-9fc7-99dfff9a9584","task_id":"6a3b262b-1aa4-4e3f-8b8c-75afd98c2682","attempt_id":"fc15dae6-c99b-4b6e-9ee1-dd3d69a2d236","latency_ms":0}
02:46:44.158 [main] WARN com.objwww.pr.control.alert.application.RcaRunOrchestrator -- task 6a3b262b-1aa4-4e3f-8b8c-75afd98c2682 旧租约提交被拒 owner=worker-a epoch=1
[INFO] Tests run: 13, Failures: 0, Errors: 0, Skipped: 0, Time elapsed: 0.048 s -- in com.objwww.pr.control.alert.application.RcaWorkerTest
[INFO] Running com.objwww.pr.control.alert.application.EventQueryServiceTest
[INFO] Tests run: 5, Failures: 0, Errors: 0, Skipped: 0, Time elapsed: 0.011 s -- in com.objwww.pr.control.alert.application.EventQueryServiceTest
[INFO] Running com.objwww.pr.control.alert.application.EventPayloadSanitizerTest
[INFO] Tests run: 6, Failures: 0, Errors: 0, Skipped: 0, Time elapsed: 0.003 s -- in com.objwww.pr.control.alert.application.EventPayloadSanitizerTest
[INFO] Running com.objwww.pr.control.alert.application.holmes.HolmesEvidenceAdapterTest
[INFO] Tests run: 5, Failures: 0, Errors: 0, Skipped: 0, Time elapsed: 0.016 s -- in com.objwww.pr.control.alert.application.holmes.HolmesEvidenceAdapterTest
[INFO] Running com.objwww.pr.control.alert.application.SseStreamServiceTest
02:46:44.200 [main] WARN com.objwww.pr.control.alert.application.SseStreamService -- sse drain gap: runId=38ec9a2a-34af-4e0a-983b-f26e905fdade cursor=1 latestSeq=4 → resync
[INFO] Tests run: 4, Failures: 0, Errors: 0, Skipped: 0, Time elapsed: 0.004 s -- in com.objwww.pr.control.alert.application.SseStreamServiceTest
[INFO] Running com.objwww.pr.control.alert.application.PlanCompilerTest
[INFO] Tests run: 8, Failures: 0, Errors: 0, Skipped: 0, Time elapsed: 0.021 s -- in com.objwww.pr.control.alert.application.PlanCompilerTest
[INFO] Running com.objwww.pr.control.alert.application.ControlAlertRouterTest
02:46:44.230 [main] INFO com.objwww.pr.control.alert.application.ControlAlertRouter -- {"event":"CONTROL_ALERT_REJECTED","ts":"2026-09-08T18:46:44.229914774Z","receiver":"rca-oncall","gate":"identity"}
02:46:44.237 [main] INFO com.objwww.pr.control.alert.application.ControlAlertRouter -- {"event":"CONTROL_ALERT_ONCALL","ts":"2026-09-08T18:46:44.237021639Z","inbox_id":"e87928d4-5f19-4e5a-8d7b-df06c9083178","receiver":"rca-oncall","group_key":"g:RCA_SYSTEM_CollectorDown","alertnames":"RCA_SYSTEM_CollectorDown","scopes":"rca_system","alert_count":1}
02:46:44.239 [main] INFO com.objwww.pr.control.alert.application.ControlAlertRouter -- {"event":"CONTROL_ALERT_REJECTED","ts":"2026-09-08T18:46:44.238969878Z","receiver":"rca-oncall","gate":"identity"}
02:46:44.240 [main] INFO com.objwww.pr.control.alert.application.ControlAlertRouter -- {"event":"CONTROL_ALERT_REJECTED","ts":"2026-09-08T18:46:44.240464553Z","receiver":"zhongtai","gate":"route_not_allowlisted"}
02:46:44.241 [main] INFO com.objwww.pr.control.alert.application.ControlAlertRouter -- {"event":"CONTROL_ALERT_ONCALL","ts":"2026-09-08T18:46:44.241274267Z","inbox_id":"074c0387-46c4-4dda-bd4f-458d07886f35","receiver":"rca-oncall","group_key":"g:Gatus_CanaryProbe","alertnames":"Gatus_CanaryProbe","scopes":"rca_system","alert_count":1}
02:46:44.244 [main] INFO com.objwww.pr.control.alert.application.ControlAlertRouter -- {"event":"CONTROL_ALERT_REJECTED","ts":"2026-09-08T18:46:44.244070133Z","receiver":"rca-oncall","gate":"scope_not_allowlisted"}
02:46:44.245 [main] INFO com.objwww.pr.control.alert.application.ControlAlertRouter -- {"event":"CONTROL_ALERT_REJECTED","ts":"2026-09-08T18:46:44.245162901Z","receiver":"rca-oncall","gate":"scope_not_allowlisted"}
02:46:44.246 [main] INFO com.objwww.pr.control.alert.application.ControlAlertRouter -- {"event":"CONTROL_ALERT_ONCALL","ts":"2026-09-08T18:46:44.246342663Z","inbox_id":"0ce62eda-c9d5-4944-8d13-b4f0c4cd80dd","receiver":"rca-oncall","group_key":"g:RCA_SYSTEM_X","alertnames":"RCA_SYSTEM_X","scopes":"rca_system","alert_count":1}
[INFO] Tests run: 10, Failures: 0, Errors: 0, Skipped: 0, Time elapsed: 0.020 s -- in com.objwww.pr.control.alert.application.ControlAlertRouterTest
[INFO] Running com.objwww.pr.control.alert.application.Am4ShadowFullChainG2Test
02:46:44.268 [main] INFO com.objwww.pr.control.alert.application.DeterministicSupervisor -- {"event":"am4_run_reporting","ts":"2026-09-08T18:46:44.267931701Z","run_id":"0e3de232-e83a-48aa-882d-c57b8ef8d389"}
02:46:44.268 [main] INFO com.objwww.pr.control.alert.application.DeterministicSupervisor -- run 0e3de232-e83a-48aa-882d-c57b8ef8d389 全任务终态 → REPORTING（报告链组装）
[INFO] Tests run: 3, Failures: 0, Errors: 0, Skipped: 0, Time elapsed: 0.025 s -- in com.objwww.pr.control.alert.application.Am4ShadowFullChainG2Test
[INFO] Running com.objwww.pr.control.alert.application.CommandServiceTest
[INFO] Tests run: 8, Failures: 0, Errors: 0, Skipped: 0, Time elapsed: 0.007 s -- in com.objwww.pr.control.alert.application.CommandServiceTest
[INFO] Running com.objwww.pr.control.alert.application.RunBudgetGateTest
[INFO] Tests run: 4, Failures: 0, Errors: 0, Skipped: 0, Time elapsed: 0.007 s -- in com.objwww.pr.control.alert.application.RunBudgetGateTest
[INFO] Running com.objwww.pr.control.alert.application.tool.ToolGatewayWireMockTest
[INFO] Tests run: 3, Failures: 0, Errors: 0, Skipped: 0, Time elapsed: 0.882 s -- in com.objwww.pr.control.alert.application.tool.ToolGatewayWireMockTest
[INFO] Running com.objwww.pr.control.alert.application.tool.ReplayToolGatewayTest
[INFO] Tests run: 8, Failures: 0, Errors: 0, Skipped: 0, Time elapsed: 0.017 s -- in com.objwww.pr.control.alert.application.tool.ReplayToolGatewayTest
[INFO] Running com.objwww.pr.control.alert.application.tool.ToolRegistryTest
[INFO] Tests run: 4, Failures: 0, Errors: 0, Skipped: 0, Time elapsed: 0.004 s -- in com.objwww.pr.control.alert.application.tool.ToolRegistryTest
[INFO] Running com.objwww.pr.control.alert.application.tool.ToolGatewayTest
[INFO] Tests run: 10, Failures: 0, Errors: 0, Skipped: 0, Time elapsed: 0.220 s -- in com.objwww.pr.control.alert.application.tool.ToolGatewayTest
[INFO] Running com.objwww.pr.control.alert.application.DagExecutionServiceTest
[INFO] Tests run: 10, Failures: 0, Errors: 0, Skipped: 0, Time elapsed: 0.007 s -- in com.objwww.pr.control.alert.application.DagExecutionServiceTest
[INFO] Running com.objwww.pr.control.alert.application.Am4ShadowTriggerTest
AM4_SHADOW_TASK=investigate-logs=EVIDENCE_PRODUCED
AM4_SHADOW_TASK=investigate-change=EVIDENCE_PRODUCED
AM4_SHADOW_TASK=investigate-metrics=EVIDENCE_PRODUCED
AM4_SHADOW_TASK=snapshot=f93a344a6b48b4fe5fd8e2734d5a146f46bd68cf8d77536ed0e2d8e2c03edd51
02:46:45.451 [main] INFO com.objwww.pr.control.alert.application.DeterministicSupervisor -- {"event":"am4_run_reporting","ts":"2026-09-08T18:46:45.451486259Z","run_id":"5cd2063f-5947-4b03-8709-f15c210cb76d"}
02:46:45.451 [main] INFO com.objwww.pr.control.alert.application.DeterministicSupervisor -- run 5cd2063f-5947-4b03-8709-f15c210cb76d 全任务终态 → REPORTING（报告链组装）
AM4_SHADOW_RUN_ID=5cd2063f-5947-4b03-8709-f15c210cb76d
[INFO] Tests run: 5, Failures: 0, Errors: 0, Skipped: 0, Time elapsed: 0.025 s -- in com.objwww.pr.control.alert.application.Am4ShadowTriggerTest
[INFO] Running com.objwww.pr.control.alert.application.RunQueryServiceTest
[INFO] Tests run: 4, Failures: 0, Errors: 0, Skipped: 0, Time elapsed: 0.007 s -- in com.objwww.pr.control.alert.application.RunQueryServiceTest
[INFO] Running com.objwww.pr.control.alert.application.RcaStateBackfillJobTest
02:46:45.474 [main] INFO com.objwww.pr.control.alert.application.RcaStateBackfillJob -- {"event":"rca_state_backfill_progress","ts":"2026-09-08T18:46:45.474497305Z","table":"rca_task","violations":0,"batches":1,"rows":2}
02:46:45.475 [main] INFO com.objwww.pr.control.alert.application.RcaStateBackfillJob -- {"event":"rca_state_backfill_progress","ts":"2026-09-08T18:46:45.475551380Z","table":"rca_task","violations":0,"batches":2,"rows":4}
02:46:45.475 [main] INFO com.objwww.pr.control.alert.application.RcaStateBackfillJob -- {"event":"rca_state_backfill_progress","ts":"2026-09-08T18:46:45.475713625Z","table":"rca_task","violations":0,"batches":3,"rows":5}
02:46:45.478 [main] INFO com.objwww.pr.control.alert.application.RcaStateBackfillJob -- {"event":"rca_state_backfill_progress","ts":"2026-09-08T18:46:45.477994952Z","table":"rca_run","violations":0,"batches":1,"rows":2}
02:46:45.478 [main] INFO com.objwww.pr.control.alert.application.RcaStateBackfillJob -- {"event":"rca_state_backfill_progress","ts":"2026-09-08T18:46:45.478185772Z","table":"rca_run","violations":0,"batches":2,"rows":3}
02:46:45.478 [main] INFO com.objwww.pr.control.alert.application.RcaStateBackfillJob -- {"event":"rca_state_backfill_reconciled","ts":"2026-09-08T18:46:45.478526402Z","violations":0,"run_rows":3,"batches":5,"digest":"4ca1357fd4b199d31c370842c907357ab131a659696953f6c76f10069f374c5d","task_rows":5}
02:46:45.479 [main] INFO com.objwww.pr.control.alert.application.RcaStateBackfillJob -- {"event":"rca_state_backfill_progress","ts":"2026-09-08T18:46:45.479114270Z","table":"rca_task","violations":0,"batches":1,"rows":2}
02:46:45.479 [main] INFO com.objwww.pr.control.alert.application.RcaStateBackfillJob -- {"event":"rca_state_backfill_progress","ts":"2026-09-08T18:46:45.479262589Z","table":"rca_task","violations":0,"batches":2,"rows":4}
02:46:45.479 [main] INFO com.objwww.pr.control.alert.application.RcaStateBackfillJob -- {"event":"rca_state_backfill_progress","ts":"2026-09-08T18:46:45.479335496Z","table":"rca_task","violations":0,"batches":3,"rows":5}
02:46:45.479 [main] INFO com.objwww.pr.control.alert.application.RcaStateBackfillJob -- {"event":"rca_state_backfill_progress","ts":"2026-09-08T18:46:45.479414886Z","table":"rca_run","violations":0,"batches":1,"rows":2}
02:46:45.479 [main] INFO com.objwww.pr.control.alert.application.RcaStateBackfillJob -- {"event":"rca_state_backfill_progress","ts":"2026-09-08T18:46:45.479550261Z","table":"rca_run","violations":0,"batches":2,"rows":3}
02:46:45.479 [main] INFO com.objwww.pr.control.alert.application.RcaStateBackfillJob -- {"event":"rca_state_backfill_reconciled","ts":"2026-09-08T18:46:45.479651462Z","violations":0,"run_rows":3,"batches":5,"digest":"4ca1357fd4b199d31c370842c907357ab131a659696953f6c76f10069f374c5d","task_rows":5}
02:46:45.480 [main] INFO com.objwww.pr.control.alert.application.RcaStateBackfillJob -- {"event":"rca_state_backfill_progress","ts":"2026-09-08T18:46:45.480706078Z","table":"rca_task","violations":0,"batches":1,"rows":1}
02:46:45.481 [main] INFO com.objwww.pr.control.alert.application.RcaStateBackfillJob -- {"event":"rca_state_backfill_progress","ts":"2026-09-08T18:46:45.481610241Z","table":"rca_task","violations":0,"batches":1,"rows":1}
02:46:45.481 [main] INFO com.objwww.pr.control.alert.application.RcaStateBackfillJob -- {"event":"rca_state_backfill_progress","ts":"2026-09-08T18:46:45.481749684Z","table":"rca_task","violations":0,"batches":2,"rows":2}
02:46:45.481 [main] INFO com.objwww.pr.control.alert.application.RcaStateBackfillJob -- {"event":"rca_state_backfill_progress","ts":"2026-09-08T18:46:45.481913382Z","table":"rca_task","violations":0,"batches":3,"rows":3}
02:46:45.482 [main] INFO com.objwww.pr.control.alert.application.RcaStateBackfillJob -- {"event":"rca_state_backfill_progress","ts":"2026-09-08T18:46:45.482014723Z","table":"rca_task","violations":0,"batches":4,"rows":4}
02:46:45.482 [main] INFO com.objwww.pr.control.alert.application.RcaStateBackfillJob -- {"event":"rca_state_backfill_progress","ts":"2026-09-08T18:46:45.482132735Z","table":"rca_task","violations":0,"batches":5,"rows":5}
02:46:45.482 [main] INFO com.objwww.pr.control.alert.application.RcaStateBackfillJob -- {"event":"rca_state_backfill_progress","ts":"2026-09-08T18:46:45.482242992Z","table":"rca_task","violations":0,"batches":6,"rows":6}
02:46:45.482 [main] INFO com.objwww.pr.control.alert.application.RcaStateBackfillJob -- {"event":"rca_state_backfill_progress","ts":"2026-09-08T18:46:45.482343291Z","table":"rca_task","violations":0,"batches":7,"rows":7}
02:46:45.482 [main] INFO com.objwww.pr.control.alert.application.RcaStateBackfillJob -- {"event":"rca_state_backfill_progress","ts":"2026-09-08T18:46:45.482410127Z","table":"rca_task","violations":0,"batches":8,"rows":7}
02:46:45.482 [main] INFO com.objwww.pr.control.alert.application.RcaStateBackfillJob -- {"event":"rca_state_backfill_progress","ts":"2026-09-08T18:46:45.482470180Z","table":"rca_run","violations":0,"batches":1,"rows":1}
02:46:45.482 [main] INFO com.objwww.pr.control.alert.application.RcaStateBackfillJob -- {"event":"rca_state_backfill_progress","ts":"2026-09-08T18:46:45.482527058Z","table":"rca_run","violations":0,"batches":2,"rows":1}
02:46:45.482 [main] INFO com.objwww.pr.control.alert.application.RcaStateBackfillJob -- {"event":"rca_state_backfill_reconciled","ts":"2026-09-08T18:46:45.482627727Z","violations":0,"run_rows":1,"batches":10,"digest":"2fdb1966afacb8c902f0e49771770522ad967f6eda2dcf5d56fb99480f565edb","task_rows":7}
02:46:45.482 [main] INFO com.objwww.pr.control.alert.application.RcaStateBackfillJob -- {"event":"rca_state_backfill_progress","ts":"2026-09-08T18:46:45.482766338Z","table":"rca_task","violations":0,"batches":1,"rows":7}
02:46:45.482 [main] INFO com.objwww.pr.control.alert.application.RcaStateBackfillJob -- {"event":"rca_state_backfill_progress","ts":"2026-09-08T18:46:45.482875724Z","table":"rca_run","violations":0,"batches":1,"rows":1}
02:46:45.483 [main] INFO com.objwww.pr.control.alert.application.RcaStateBackfillJob -- {"event":"rca_state_backfill_reconciled","ts":"2026-09-08T18:46:45.482985200Z","violations":0,"run_rows":1,"batches":2,"digest":"2fdb1966afacb8c902f0e49771770522ad967f6eda2dcf5d56fb99480f565edb","task_rows":7}
02:46:45.483 [main] INFO com.objwww.pr.control.alert.application.RcaStateBackfillJob -- {"event":"rca_state_backfill_progress","ts":"2026-09-08T18:46:45.483756072Z","table":"rca_task","violations":1,"batches":1,"rows":2}
02:46:45.483 [main] INFO com.objwww.pr.control.alert.application.RcaStateBackfillJob -- {"event":"rca_state_backfill_progress","ts":"2026-09-08T18:46:45.483866310Z","table":"rca_run","violations":0,"batches":1,"rows":1}
02:46:45.484 [main] INFO com.objwww.pr.control.alert.application.RcaStateBackfillJob -- {"event":"rca_state_backfill_reconciled","ts":"2026-09-08T18:46:45.483971938Z","violations":1,"run_rows":1,"batches":2,"digest":"266d86814df7b18c146e096c5e63a7a2140e4c5217df8b306b76267cff8357de","task_rows":2}
[INFO] Tests run: 5, Failures: 0, Errors: 0, Skipped: 0, Time elapsed: 0.014 s -- in com.objwww.pr.control.alert.application.RcaStateBackfillJobTest
[INFO] Running com.objwww.pr.control.alert.application.NativeEngineWiringTest
02:46:45.491 [main] INFO com.objwww.pr.control.alert.application.RcaRunOrchestrator -- {"event":"rca_task_decision","ts":"2026-09-08T18:46:45.491623528Z","decision":"COMPLETED","run_id":"2acbd71a-f330-4f5c-afbc-4f100cc48ccd","task_id":"4e1e066f-e82d-40ae-952b-22cb2d800df1","attempt_id":"84e1921d-bf76-46dc-8c39-cae9df7f7ac0","latency_ms":0}
02:46:45.491 [main] INFO com.objwww.pr.control.alert.application.RcaRunOrchestrator -- incident edaea7e5-5537-4fdb-978a-160bdb1bb08f 材料变化，铸 RERUN run
02:46:45.495 [main] INFO com.objwww.pr.control.alert.application.RcaRunOrchestrator -- {"event":"rca_task_decision","ts":"2026-09-08T18:46:45.495514055Z","decision":"COMPLETED","run_id":"39b288ee-c0b5-432f-b639-d5f7461742d0","task_id":"08b2bcaa-3fd1-4588-a12a-059671262a98","attempt_id":"263bd3c5-109f-4c47-bef3-a63df4e9ce0b","latency_ms":0}
02:46:45.497 [main] INFO com.objwww.pr.control.alert.application.RcaRunOrchestrator -- {"event":"rca_task_decision","ts":"2026-09-08T18:46:45.497229516Z","decision":"DEAD","run_id":"3874177e-1300-4b9d-8ae4-80e9d57066dd","task_id":"a0c398f7-05ff-4247-87b0-ae7cb6552676","attempt_id":"dce5a389-8d87-46c1-b7bc-1a1b9af95880","latency_ms":0}
[INFO] Tests run: 6, Failures: 0, Errors: 0, Skipped: 0, Time elapsed: 0.013 s -- in com.objwww.pr.control.alert.application.NativeEngineWiringTest
[INFO] Running com.objwww.pr.control.alert.application.AlertInboxProcessorTest
02:46:45.502 [main] WARN com.objwww.pr.control.alert.application.AlertInboxProcessor -- alert_inbox 26c171f1-85b3-4f75-9df8-c395d22b3df3 死信: payload_raw JSON 解析失败: Unexpected character ('n' (code 110)): was expecting double-quote to start field name
 at [Source: REDACTED (`StreamReadFeature.INCLUDE_SOURCE_IN_LOCATION` disabled); line: 1, column: 2]
02:46:45.521 [main] WARN com.objwww.pr.control.alert.application.AlertInboxProcessor -- alert_inbox 21814a7b-1cf6-4fb8-90e4-c4772f5e6dda 死信: 缺少 alertname 标签，无法铸造 incidentKey
[INFO] Tests run: 16, Failures: 0, Errors: 0, Skipped: 0, Time elapsed: 0.028 s -- in com.objwww.pr.control.alert.application.AlertInboxProcessorTest
[INFO] Running com.objwww.pr.control.alert.application.reconcile.ReconcileBudgetGateTest
[INFO] Tests run: 9, Failures: 0, Errors: 0, Skipped: 0, Time elapsed: 0.008 s -- in com.objwww.pr.control.alert.application.reconcile.ReconcileBudgetGateTest
[INFO] Running com.objwww.pr.control.alert.application.reconcile.IncidentSourceReconcilerTest
[INFO] Tests run: 6, Failures: 0, Errors: 0, Skipped: 0, Time elapsed: 0.003 s -- in com.objwww.pr.control.alert.application.reconcile.IncidentSourceReconcilerTest
[INFO] Running com.objwww.pr.control.alert.application.DeterministicSupervisorTest
02:46:45.545 [main] INFO com.objwww.pr.control.alert.application.DeterministicSupervisor -- {"event":"am4_run_reporting","ts":"2026-09-08T18:46:45.544932976Z","run_id":"2d23a99f-c572-48ae-a892-f05b12573e53"}
02:46:45.545 [main] INFO com.objwww.pr.control.alert.application.DeterministicSupervisor -- run 2d23a99f-c572-48ae-a892-f05b12573e53 全任务终态 → REPORTING（报告链组装）
02:46:45.559 [main] INFO com.objwww.pr.control.alert.application.DeterministicSupervisor -- {"event":"am4_run_reporting","ts":"2026-09-08T18:46:45.559502896Z","run_id":"4a698817-aba6-41cb-8021-8c59d4079732"}
02:46:45.559 [main] INFO com.objwww.pr.control.alert.application.DeterministicSupervisor -- run 4a698817-aba6-41cb-8021-8c59d4079732 全任务终态 → REPORTING（报告链组装）
02:46:45.560 [main] INFO com.objwww.pr.control.alert.application.DeterministicSupervisor -- {"event":"am4_plan_rejected","ts":"2026-09-08T18:46:45.560875029Z","run_id":"4867e9dc-a927-4de8-8b3c-cacb1832a127","reason":"提案成环: a -> b -> a"}
02:46:45.561 [main] WARN com.objwww.pr.control.alert.application.DeterministicSupervisor -- run 4867e9dc-a927-4de8-8b3c-cacb1832a127 提案被确定性拒绝 → FAILED（提案成环: a -> b -> a）
02:46:45.574 [main] INFO com.objwww.pr.control.alert.application.DeterministicSupervisor -- {"event":"am4_run_reporting","ts":"2026-09-08T18:46:45.574076351Z","run_id":"5c6f8d45-3be4-44f4-9a91-e3b0fd803c02"}
02:46:45.574 [main] INFO com.objwww.pr.control.alert.application.DeterministicSupervisor -- run 5c6f8d45-3be4-44f4-9a91-e3b0fd803c02 全任务终态 → REPORTING（报告链组装）
[INFO] Tests run: 11, Failures: 0, Errors: 0, Skipped: 0, Time elapsed: 0.033 s -- in com.objwww.pr.control.alert.application.DeterministicSupervisorTest
[INFO] Running com.objwww.pr.control.alert.application.replay.SnapshotShadowRouterTest
[INFO] Tests run: 3, Failures: 0, Errors: 0, Skipped: 0, Time elapsed: 0.009 s -- in com.objwww.pr.control.alert.application.replay.SnapshotShadowRouterTest
[INFO] Running com.objwww.pr.control.alert.application.replay.ShadowToolFaceTest
[INFO] Tests run: 4, Failures: 0, Errors: 0, Skipped: 0, Time elapsed: 0.014 s -- in com.objwww.pr.control.alert.application.replay.ShadowToolFaceTest
[INFO] Running com.objwww.pr.control.alert.application.replay.AgentReplayRunnerTest
[INFO] Tests run: 4, Failures: 0, Errors: 0, Skipped: 0, Time elapsed: 0.008 s -- in com.objwww.pr.control.alert.application.replay.AgentReplayRunnerTest
[INFO] Running com.objwww.pr.control.alert.application.replay.ReadOnlyToolFaceTest
[INFO] Tests run: 3, Failures: 0, Errors: 0, Skipped: 0, Time elapsed: 0.004 s -- in com.objwww.pr.control.alert.application.replay.ReadOnlyToolFaceTest
[INFO] Running com.objwww.pr.control.alert.application.NativeReportAdapterTest
[INFO] Tests run: 3, Failures: 0, Errors: 0, Skipped: 0, Time elapsed: 0.011 s -- in com.objwww.pr.control.alert.application.NativeReportAdapterTest
[INFO] Running com.objwww.pr.control.alert.application.ReportCompletedNotifierTest
[INFO] Tests run: 6, Failures: 0, Errors: 0, Skipped: 0, Time elapsed: 0.014 s -- in com.objwww.pr.control.alert.application.ReportCompletedNotifierTest
[INFO] Running com.objwww.pr.control.alert.interfaces.RunCommandControllerTest
02:46:45.655 [main] INFO org.springframework.mock.web.MockServletContext -- Initializing Spring TestDispatcherServlet ''
02:46:45.655 [main] INFO org.springframework.test.web.servlet.TestDispatcherServlet -- Initializing Servlet ''
02:46:45.655 [main] INFO org.springframework.test.web.servlet.TestDispatcherServlet -- Completed initialization in 0 ms
02:46:45.668 [main] INFO org.springframework.mock.web.MockServletContext -- Initializing Spring TestDispatcherServlet ''
02:46:45.668 [main] INFO org.springframework.test.web.servlet.TestDispatcherServlet -- Initializing Servlet ''
02:46:45.669 [main] INFO org.springframework.test.web.servlet.TestDispatcherServlet -- Completed initialization in 0 ms
02:46:45.685 [main] INFO org.springframework.mock.web.MockServletContext -- Initializing Spring TestDispatcherServlet ''
02:46:45.685 [main] INFO org.springframework.test.web.servlet.TestDispatcherServlet -- Initializing Servlet ''
02:46:45.685 [main] INFO org.springframework.test.web.servlet.TestDispatcherServlet -- Completed initialization in 0 ms
02:46:45.695 [main] INFO org.springframework.mock.web.MockServletContext -- Initializing Spring TestDispatcherServlet ''
02:46:45.695 [main] INFO org.springframework.test.web.servlet.TestDispatcherServlet -- Initializing Servlet ''
02:46:45.695 [main] INFO org.springframework.test.web.servlet.TestDispatcherServlet -- Completed initialization in 0 ms
[INFO] Tests run: 4, Failures: 0, Errors: 0, Skipped: 0, Time elapsed: 0.062 s -- in com.objwww.pr.control.alert.interfaces.RunCommandControllerTest
[INFO] Running com.objwww.pr.control.alert.interfaces.AlertWebhookControllerTest
02:46:45.720 [main] INFO org.springframework.mock.web.MockServletContext -- Initializing Spring TestDispatcherServlet ''
02:46:45.721 [main] INFO org.springframework.test.web.servlet.TestDispatcherServlet -- Initializing Servlet ''
02:46:45.721 [main] INFO org.springframework.test.web.servlet.TestDispatcherServlet -- Completed initialization in 0 ms
02:46:45.731 [main] INFO org.springframework.mock.web.MockServletContext -- Initializing Spring TestDispatcherServlet ''
02:46:45.731 [main] INFO org.springframework.test.web.servlet.TestDispatcherServlet -- Initializing Servlet ''
02:46:45.731 [main] INFO org.springframework.test.web.servlet.TestDispatcherServlet -- Completed initialization in 0 ms
02:46:45.738 [main] INFO org.springframework.mock.web.MockServletContext -- Initializing Spring TestDispatcherServlet ''
02:46:45.738 [main] INFO org.springframework.test.web.servlet.TestDispatcherServlet -- Initializing Servlet ''
02:46:45.738 [main] INFO org.springframework.test.web.servlet.TestDispatcherServlet -- Completed initialization in 0 ms
02:46:45.746 [main] INFO org.springframework.mock.web.MockServletContext -- Initializing Spring TestDispatcherServlet ''
02:46:45.746 [main] INFO org.springframework.test.web.servlet.TestDispatcherServlet -- Initializing Servlet ''
02:46:45.746 [main] INFO org.springframework.test.web.servlet.TestDispatcherServlet -- Completed initialization in 0 ms
02:46:45.754 [main] INFO org.springframework.mock.web.MockServletContext -- Initializing Spring TestDispatcherServlet ''
02:46:45.754 [main] INFO org.springframework.test.web.servlet.TestDispatcherServlet -- Initializing Servlet ''
02:46:45.754 [main] INFO org.springframework.test.web.servlet.TestDispatcherServlet -- Completed initialization in 0 ms
02:46:45.757 [main] INFO org.springframework.mock.web.MockServletContext -- Initializing Spring TestDispatcherServlet ''
02:46:45.757 [main] INFO org.springframework.test.web.servlet.TestDispatcherServlet -- Initializing Servlet ''
02:46:45.757 [main] INFO org.springframework.test.web.servlet.TestDispatcherServlet -- Completed initialization in 0 ms
02:46:45.767 [main] INFO org.springframework.mock.web.MockServletContext -- Initializing Spring TestDispatcherServlet ''
02:46:45.767 [main] INFO org.springframework.test.web.servlet.TestDispatcherServlet -- Initializing Servlet ''
02:46:45.769 [main] INFO org.springframework.test.web.servlet.TestDispatcherServlet -- Completed initialization in 2 ms
02:46:45.777 [main] INFO org.springframework.mock.web.MockServletContext -- Initializing Spring TestDispatcherServlet ''
02:46:45.778 [main] INFO org.springframework.test.web.servlet.TestDispatcherServlet -- Initializing Servlet ''
02:46:45.778 [main] INFO org.springframework.test.web.servlet.TestDispatcherServlet -- Completed initialization in 0 ms
02:46:45.783 [main] INFO org.springframework.mock.web.MockServletContext -- Initializing Spring TestDispatcherServlet ''
02:46:45.783 [main] INFO org.springframework.test.web.servlet.TestDispatcherServlet -- Initializing Servlet ''
02:46:45.783 [main] INFO org.springframework.test.web.servlet.TestDispatcherServlet -- Completed initialization in 0 ms
02:46:45.796 [main] INFO org.springframework.mock.web.MockServletContext -- Initializing Spring TestDispatcherServlet ''
02:46:45.796 [main] INFO org.springframework.test.web.servlet.TestDispatcherServlet -- Initializing Servlet ''
02:46:45.796 [main] INFO org.springframework.test.web.servlet.TestDispatcherServlet -- Completed initialization in 0 ms
02:46:45.803 [main] INFO org.springframework.mock.web.MockServletContext -- Initializing Spring TestDispatcherServlet ''
02:46:45.803 [main] INFO org.springframework.test.web.servlet.TestDispatcherServlet -- Initializing Servlet ''
02:46:45.803 [main] INFO org.springframework.test.web.servlet.TestDispatcherServlet -- Completed initialization in 0 ms
02:46:45.819 [main] INFO org.springframework.mock.web.MockServletContext -- Initializing Spring TestDispatcherServlet ''
02:46:45.819 [main] INFO org.springframework.test.web.servlet.TestDispatcherServlet -- Initializing Servlet ''
02:46:45.819 [main] INFO org.springframework.test.web.servlet.TestDispatcherServlet -- Completed initialization in 0 ms
02:46:45.821 [main] INFO com.objwww.pr.control.alert.application.ControlAlertRouter -- {"event":"CONTROL_ALERT_REJECTED","ts":"2026-09-08T18:46:45.821793474Z","receiver":"control-app","gate":"identity"}
02:46:45.827 [main] INFO org.springframework.mock.web.MockServletContext -- Initializing Spring TestDispatcherServlet ''
02:46:45.827 [main] INFO org.springframework.test.web.servlet.TestDispatcherServlet -- Initializing Servlet ''
02:46:45.827 [main] INFO org.springframework.test.web.servlet.TestDispatcherServlet -- Completed initialization in 0 ms
02:46:45.835 [main] INFO org.springframework.mock.web.MockServletContext -- Initializing Spring TestDispatcherServlet ''
02:46:45.835 [main] INFO org.springframework.test.web.servlet.TestDispatcherServlet -- Initializing Servlet ''
02:46:45.835 [main] INFO org.springframework.test.web.servlet.TestDispatcherServlet -- Completed initialization in 0 ms
02:46:45.837 [main] INFO com.objwww.pr.control.alert.application.ControlAlertRouter -- {"event":"CONTROL_ALERT_ONCALL","ts":"2026-09-08T18:46:45.837518289Z","inbox_id":"5e1eeae6-cdbd-46b1-911b-bc11bab37d8e","receiver":"rca-oncall","group_key":"g:RCA_SYSTEM:collector","alertnames":"RCA_SYSTEM_CollectorDown","scopes":"rca_system","alert_count":1}
02:46:45.842 [main] INFO org.springframework.mock.web.MockServletContext -- Initializing Spring TestDispatcherServlet ''
02:46:45.842 [main] INFO org.springframework.test.web.servlet.TestDispatcherServlet -- Initializing Servlet ''
02:46:45.842 [main] INFO org.springframework.test.web.servlet.TestDispatcherServlet -- Completed initialization in 0 ms
02:46:45.855 [main] INFO org.springframework.mock.web.MockServletContext -- Initializing Spring TestDispatcherServlet ''
02:46:45.856 [main] INFO org.springframework.test.web.servlet.TestDispatcherServlet -- Initializing Servlet ''
02:46:45.856 [main] INFO org.springframework.test.web.servlet.TestDispatcherServlet -- Completed initialization in 0 ms
02:46:45.864 [main] INFO org.springframework.mock.web.MockServletContext -- Initializing Spring TestDispatcherServlet ''
02:46:45.864 [main] INFO org.springframework.test.web.servlet.TestDispatcherServlet -- Initializing Servlet ''
02:46:45.865 [main] INFO org.springframework.test.web.servlet.TestDispatcherServlet -- Completed initialization in 1 ms
02:46:45.872 [main] WARN com.objwww.pr.control.alert.interfaces.AlertWebhookController -- 整组无法持久化，返回 503: db down
[INFO] Tests run: 13, Failures: 0, Errors: 0, Skipped: 0, Time elapsed: 0.183 s -- in com.objwww.pr.control.alert.interfaces.AlertWebhookControllerTest
[INFO] Running com.objwww.pr.control.alert.interfaces.EventQueryControllerTest
02:46:45.911 [main] INFO org.springframework.mock.web.MockServletContext -- Initializing Spring TestDispatcherServlet ''
02:46:45.911 [main] INFO org.springframework.test.web.servlet.TestDispatcherServlet -- Initializing Servlet ''
02:46:45.911 [main] INFO org.springframework.test.web.servlet.TestDispatcherServlet -- Completed initialization in 0 ms
02:46:45.936 [main] INFO org.springframework.mock.web.MockServletContext -- Initializing Spring TestDispatcherServlet ''
02:46:45.936 [main] INFO org.springframework.test.web.servlet.TestDispatcherServlet -- Initializing Servlet ''
02:46:45.937 [main] INFO org.springframework.test.web.servlet.TestDispatcherServlet -- Completed initialization in 1 ms
02:46:45.953 [main] INFO org.springframework.mock.web.MockServletContext -- Initializing Spring TestDispatcherServlet ''
02:46:45.953 [main] INFO org.springframework.test.web.servlet.TestDispatcherServlet -- Initializing Servlet ''
02:46:45.953 [main] INFO org.springframework.test.web.servlet.TestDispatcherServlet -- Completed initialization in 0 ms
02:46:45.970 [main] INFO org.springframework.mock.web.MockServletContext -- Initializing Spring TestDispatcherServlet ''
02:46:45.970 [main] INFO org.springframework.test.web.servlet.TestDispatcherServlet -- Initializing Servlet ''
02:46:45.970 [main] INFO org.springframework.test.web.servlet.TestDispatcherServlet -- Completed initialization in 0 ms
02:46:45.991 [main] INFO org.springframework.mock.web.MockServletContext -- Initializing Spring TestDispatcherServlet ''
02:46:45.992 [main] INFO org.springframework.test.web.servlet.TestDispatcherServlet -- Initializing Servlet ''
02:46:45.992 [main] INFO org.springframework.test.web.servlet.TestDispatcherServlet -- Completed initialization in 0 ms
02:46:46.026 [main] INFO org.springframework.mock.web.MockServletContext -- Initializing Spring TestDispatcherServlet ''
02:46:46.026 [main] INFO org.springframework.test.web.servlet.TestDispatcherServlet -- Initializing Servlet ''
02:46:46.026 [main] INFO org.springframework.test.web.servlet.TestDispatcherServlet -- Completed initialization in 0 ms
[INFO] Tests run: 6, Failures: 0, Errors: 0, Skipped: 0, Time elapsed: 0.138 s -- in com.objwww.pr.control.alert.interfaces.EventQueryControllerTest
[INFO] Running com.objwww.pr.control.alert.support.AlertInMemoryStoresTest
[INFO] Tests run: 6, Failures: 0, Errors: 0, Skipped: 0, Time elapsed: 0.004 s -- in com.objwww.pr.control.alert.support.AlertInMemoryStoresTest
[INFO] Running com.objwww.pr.control.application.SnapshotServiceTest
[INFO] Tests run: 3, Failures: 0, Errors: 0, Skipped: 0, Time elapsed: 0.022 s -- in com.objwww.pr.control.application.SnapshotServiceTest
[INFO] Running com.objwww.pr.control.application.IntakeServiceTest
02:46:46.122 [main] INFO com.objwww.pr.control.application.IntakeService -- webhook 重投幂等返回 delivery=d-1 run=0d0fc5e8-a461-41de-81a3-9e4e4cfebcb5
[INFO] Tests run: 2, Failures: 0, Errors: 0, Skipped: 0, Time elapsed: 0.071 s -- in com.objwww.pr.control.application.IntakeServiceTest
[INFO] Running com.objwww.pr.control.application.ModelGatewayTest
02:46:46.134 [main] WARN com.objwww.pr.control.application.ModelGateway -- 账本 STARTED 写失败，零触网（D5）: RuntimeException
02:46:46.146 [main] WARN com.objwww.pr.control.application.ModelGateway -- 账本终态写失败（SUCCEEDED），转 UNKNOWN 语义: RuntimeException
[INFO] Tests run: 10, Failures: 0, Errors: 0, Skipped: 0, Time elapsed: 0.020 s -- in com.objwww.pr.control.application.ModelGatewayTest
[INFO] Running com.objwww.pr.control.application.ReviewOrchestratorT1Test
[INFO] Tests run: 4, Failures: 0, Errors: 0, Skipped: 0, Time elapsed: 0.007 s -- in com.objwww.pr.control.application.ReviewOrchestratorT1Test
[INFO] Running com.objwww.pr.control.application.ReviewOrchestratorT2Test
[INFO] Tests run: 5, Failures: 0, Errors: 0, Skipped: 0, Time elapsed: 0.017 s -- in com.objwww.pr.control.application.ReviewOrchestratorT2Test
[INFO] Running com.objwww.pr.control.application.ReviewStepExecutorTest
[INFO] Tests run: 7, Failures: 0, Errors: 0, Skipped: 0, Time elapsed: 0.023 s -- in com.objwww.pr.control.application.ReviewStepExecutorTest
[INFO] Running com.objwww.pr.control.application.WorkItemWorkerTest
02:46:46.244 [lease-heartbeat] WARN com.objwww.pr.control.application.WorkItemWorker -- 租约心跳失效，停止执行: work_item=9ff74e48-e0be-47b7-a431-6f9cd668d3f6
[INFO] Tests run: 11, Failures: 0, Errors: 0, Skipped: 0, Time elapsed: 0.043 s -- in com.objwww.pr.control.application.WorkItemWorkerTest
[INFO] Running com.objwww.pr.control.application.OutboxWriterTest
[INFO] Tests run: 7, Failures: 0, Errors: 0, Skipped: 0, Time elapsed: 0.004 s -- in com.objwww.pr.control.application.OutboxWriterTest
[INFO] Running com.objwww.pr.control.ControlContextSmokeTest
02:46:46.284 [main] INFO org.springframework.test.context.support.AnnotationConfigContextLoaderUtils -- Could not detect default configuration classes for test class [com.objwww.pr.control.ControlContextSmokeTest]: ControlContextSmokeTest does not declare any static, non-private, non-final, nested classes annotated with @Configuration.
02:46:46.367 [main] INFO org.springframework.boot.test.context.SpringBootTestContextBootstrapper -- Found @SpringBootConfiguration com.objwww.pr.control.ControlApplication for test class com.objwww.pr.control.ControlContextSmokeTest

  .   ____          _            __ _ _
 /\\ / ___'_ __ _ _(_)_ __  __ _ \ \ \ \
( ( )\___ | '_ | '_| | '_ \/ _` | \ \ \ \
 \\/  ___)| |_)| | | | | || (_| |  ) ) ) )
  '  |____| .__|_| |_|_| |_\__, | / / / /
 =========|_|==============|___/=/_/_/_/

 :: Spring Boot ::                (v3.4.5)

2026-09-09T02:46:46.609+08:00  INFO 7822 --- [control-app] [           main] [                                                 ] c.o.pr.control.ControlContextSmokeTest   : Starting ControlContextSmokeTest using Java 21.0.12.1 with PID 7822 (started by root in /opt/projects/pr_agent_it/control-app)
2026-09-09T02:46:46.611+08:00  INFO 7822 --- [control-app] [           main] [                                                 ] c.o.pr.control.ControlContextSmokeTest   : No active profile set, falling back to 1 default profile: "default"
2026-09-09T02:46:48.305+08:00  INFO 7822 --- [control-app] [           main] [                                                 ] o.s.b.a.e.web.EndpointLinksResolver      : Exposing 3 endpoints beneath base path '/actuator'
2026-09-09T02:46:48.369+08:00  INFO 7822 --- [control-app] [           main] [                                                 ] c.o.pr.control.ControlContextSmokeTest   : Started ControlContextSmokeTest in 1.943 seconds (process running for 16.987)
[INFO] Tests run: 1, Failures: 0, Errors: 0, Skipped: 0, Time elapsed: 2.264 s -- in com.objwww.pr.control.ControlContextSmokeTest
[INFO] Running com.objwww.pr.control.ops.domain.statemachine.OperatorCaseStateMachineTest
[INFO] Tests run: 4, Failures: 0, Errors: 0, Skipped: 0, Time elapsed: 0.005 s -- in com.objwww.pr.control.ops.domain.statemachine.OperatorCaseStateMachineTest
[INFO] Running com.objwww.pr.control.ops.domain.model.RetentionPolicyTest
[INFO] Tests run: 5, Failures: 0, Errors: 0, Skipped: 0, Time elapsed: 0.028 s -- in com.objwww.pr.control.ops.domain.model.RetentionPolicyTest
[INFO] Running com.objwww.pr.control.ops.application.ArchiveServiceTest
2026-09-09T02:46:48.562+08:00  INFO 7822 --- [control-app] [           main] [                                                 ] c.o.p.c.ops.application.ArchiveService   : CONTROL_ARCHIVE_REJECTED table=rca_event partition=rca_event_2026_07 gate=verify_failed
2026-09-09T02:46:48.570+08:00  INFO 7822 --- [control-app] [           main] [                                                 ] c.o.p.c.ops.application.ArchiveService   : CONTROL_ARCHIVE_REJECTED table=rca_event partition=rca_event_2026_07 gate=legal_hold
2026-09-09T02:46:48.571+08:00  INFO 7822 --- [control-app] [           main] [                                                 ] c.o.p.c.ops.application.ArchiveService   : CONTROL_ARCHIVE_REJECTED table=rca_event partition=rca_event_2026_07 gate=export_failed
[INFO] Tests run: 7, Failures: 0, Errors: 0, Skipped: 0, Time elapsed: 0.014 s -- in com.objwww.pr.control.ops.application.ArchiveServiceTest
[INFO] Running com.objwww.pr.control.ops.application.RetentionServiceTest
[INFO] Tests run: 8, Failures: 0, Errors: 0, Skipped: 0, Time elapsed: 0.012 s -- in com.objwww.pr.control.ops.application.RetentionServiceTest
[INFO] Running com.objwww.pr.control.ops.application.OperatorCaseServiceTest
2026-09-09T02:46:48.590+08:00  INFO 7822 --- [control-app] [           main] [                                                 ] c.o.p.c.o.a.OperatorCaseService          : {"event":"operator_case_transition","ts":"2026-09-08T18:46:48.588801996Z","caseId":"68964d6c-ef55-46b8-ac0f-ee7c38fa9d09","rule":"T00_CREATE","to":"OPEN","revision":1}
2026-09-09T02:46:48.592+08:00  INFO 7822 --- [control-app] [           main] [                                                 ] c.o.p.c.o.a.OperatorCaseService          : {"event":"operator_case_transition","ts":"2026-09-08T18:46:48.592240071Z","caseId":"68964d6c-ef55-46b8-ac0f-ee7c38fa9d09","rule":"T10_CLAIM","to":"ACKED","revision":2}
2026-09-09T02:46:48.593+08:00  INFO 7822 --- [control-app] [           main] [                                                 ] c.o.p.c.o.a.OperatorCaseService          : {"event":"operator_case_transition","ts":"2026-09-08T18:46:48.593352165Z","caseId":"68964d6c-ef55-46b8-ac0f-ee7c38fa9d09","rule":"T31_RESOLVE","to":"RESOLVED","revision":3}
2026-09-09T02:46:48.594+08:00  INFO 7822 --- [control-app] [           main] [                                                 ] c.o.p.c.o.a.OperatorCaseService          : {"event":"operator_case_transition","ts":"2026-09-08T18:46:48.594736962Z","caseId":"9dc508e6-ac76-4787-bb1c-97562e4a3f13","rule":"T00_CREATE","to":"OPEN","revision":1}
2026-09-09T02:46:48.595+08:00  INFO 7822 --- [control-app] [           main] [                                                 ] c.o.p.c.o.a.OperatorCaseService          : {"event":"operator_case_transition","ts":"2026-09-08T18:46:48.595364344Z","caseId":"9dc508e6-ac76-4787-bb1c-97562e4a3f13","rule":"T50_MERGE","to":"OPEN","revision":2}
2026-09-09T02:46:48.596+08:00  INFO 7822 --- [control-app] [           main] [                                                 ] c.o.p.c.o.a.OperatorCaseService          : {"event":"operator_case_transition","ts":"2026-09-08T18:46:48.596389976Z","caseId":"03be9d3c-e4d3-4bba-8f4e-6d8f8672e2d8","rule":"T00_CREATE","to":"OPEN","revision":1}
2026-09-09T02:46:48.597+08:00  INFO 7822 --- [control-app] [           main] [                                                 ] c.o.p.c.o.a.OperatorCaseService          : {"event":"operator_case_transition","ts":"2026-09-08T18:46:48.597299549Z","caseId":"03be9d3c-e4d3-4bba-8f4e-6d8f8672e2d8","rule":"T40_ASSIGN","to":"OPEN","revision":2}
2026-09-09T02:46:48.599+08:00  INFO 7822 --- [control-app] [           main] [                                                 ] c.o.p.c.o.a.OperatorCaseService          : {"event":"operator_case_transition","ts":"2026-09-08T18:46:48.599708526Z","caseId":"459b8069-6f53-4c0c-95e6-49f1545f8338","rule":"T00_CREATE","to":"OPEN","revision":1}
2026-09-09T02:46:48.600+08:00  INFO 7822 --- [control-app] [           main] [                                                 ] c.o.p.c.o.a.OperatorCaseService          : {"event":"operator_case_transition","ts":"2026-09-08T18:46:48.600059767Z","caseId":"459b8069-6f53-4c0c-95e6-49f1545f8338","rule":"T10_CLAIM","to":"ACKED","revision":2}
2026-09-09T02:46:48.600+08:00  INFO 7822 --- [control-app] [           main] [                                                 ] c.o.p.c.o.a.OperatorCaseService          : {"event":"operator_case_transition","ts":"2026-09-08T18:46:48.600908696Z","caseId":"ffb1d53b-474f-4020-8f81-f254dc0042b8","rule":"T00_CREATE","to":"OPEN","revision":1}
2026-09-09T02:46:48.601+08:00  INFO 7822 --- [control-app] [           main] [                                                 ] c.o.p.c.o.a.OperatorCaseService          : {"event":"operator_case_transition","ts":"2026-09-08T18:46:48.601118902Z","caseId":"ffb1d53b-474f-4020-8f81-f254dc0042b8","rule":"T30_RESOLVE","to":"RESOLVED","revision":2}
2026-09-09T02:46:48.602+08:00  INFO 7822 --- [control-app] [           main] [                                                 ] c.o.p.c.o.a.OperatorCaseService          : {"event":"operator_case_transition","ts":"2026-09-08T18:46:48.602478693Z","caseId":"7ba493e3-531d-4aef-882f-abd58b5d5eb0","rule":"T00_CREATE","to":"OPEN","revision":1}
2026-09-09T02:46:48.602+08:00  INFO 7822 --- [control-app] [           main] [                                                 ] c.o.p.c.o.a.OperatorCaseService          : {"event":"operator_case_transition","ts":"2026-09-08T18:46:48.602741568Z","caseId":"7ba493e3-531d-4aef-882f-abd58b5d5eb0","rule":"T60_ESCALATE","to":"OPEN","revision":2}
2026-09-09T02:46:48.603+08:00  INFO 7822 --- [control-app] [           main] [                                                 ] c.o.p.c.o.a.OperatorCaseService          : {"event":"operator_case_transition","ts":"2026-09-08T18:46:48.603353179Z","caseId":"82bb882f-2c0e-4e41-86ab-3dc425556286","rule":"T00_CREATE","to":"OPEN","revision":1}
2026-09-09T02:46:48.603+08:00  INFO 7822 --- [control-app] [           main] [                                                 ] c.o.p.c.o.a.OperatorCaseService          : {"event":"operator_case_transition","ts":"2026-09-08T18:46:48.603567012Z","caseId":"82bb882f-2c0e-4e41-86ab-3dc425556286","rule":"T10_CLAIM","to":"ACKED","revision":2}
2026-09-09T02:46:48.603+08:00  INFO 7822 --- [control-app] [           main] [                                                 ] c.o.p.c.o.a.OperatorCaseService          : {"event":"operator_case_transition","ts":"2026-09-08T18:46:48.603742593Z","caseId":"82bb882f-2c0e-4e41-86ab-3dc425556286","rule":"T31_RESOLVE","to":"RESOLVED","revision":3}
2026-09-09T02:46:48.604+08:00  INFO 7822 --- [control-app] [           main] [                                                 ] c.o.p.c.o.a.OperatorCaseService          : {"event":"operator_case_transition","ts":"2026-09-08T18:46:48.604026878Z","caseId":"82bb882f-2c0e-4e41-86ab-3dc425556286","rule":"T52_MERGE","to":"RESOLVED","revision":4}
2026-09-09T02:46:48.604+08:00  INFO 7822 --- [control-app] [           main] [                                                 ] c.o.p.c.o.a.OperatorCaseService          : {"event":"operator_case_transition","ts":"2026-09-08T18:46:48.604733449Z","caseId":"c7b50b26-e620-4a54-8fb3-48e351a60dbc","rule":"T00_CREATE","to":"OPEN","revision":1}
2026-09-09T02:46:48.605+08:00  INFO 7822 --- [control-app] [           main] [                                                 ] c.o.p.c.o.a.OperatorCaseService          : {"event":"operator_case_transition","ts":"2026-09-08T18:46:48.605418078Z","caseId":"9cb8226f-f343-4194-9149-9219d516e816","rule":"T00_CREATE","to":"OPEN","revision":1}
2026-09-09T02:46:48.605+08:00  INFO 7822 --- [control-app] [           main] [                                                 ] c.o.p.c.o.a.OperatorCaseService          : {"event":"operator_case_transition","ts":"2026-09-08T18:46:48.605649955Z","caseId":"9cb8226f-f343-4194-9149-9219d516e816","rule":"T10_CLAIM","to":"ACKED","revision":2}
2026-09-09T02:46:48.609+08:00  INFO 7822 --- [control-app] [           main] [                                                 ] c.o.p.c.o.a.OperatorCaseService          : {"event":"operator_case_transition","ts":"2026-09-08T18:46:48.609087399Z","caseId":"5506494a-b763-4bdd-9051-1bfa2453bfe8","rule":"T00_CREATE","to":"OPEN","revision":1}
2026-09-09T02:46:48.609+08:00  INFO 7822 --- [control-app] [           main] [                                                 ] c.o.p.c.o.a.OperatorCaseService          : {"event":"operator_case_transition","ts":"2026-09-08T18:46:48.609468546Z","caseId":"5506494a-b763-4bdd-9051-1bfa2453bfe8","rule":"T10_CLAIM","to":"ACKED","revision":2}
2026-09-09T02:46:48.610+08:00  INFO 7822 --- [control-app] [           main] [                                                 ] c.o.p.c.o.a.OperatorCaseService          : {"event":"operator_case_transition","ts":"2026-09-08T18:46:48.610191087Z","caseId":"4d2047c8-eb75-4911-abb6-2b63b8df703b","rule":"T00_CREATE","to":"OPEN","revision":1}
2026-09-09T02:46:48.610+08:00  INFO 7822 --- [control-app] [           main] [                                                 ] c.o.p.c.o.a.OperatorCaseService          : {"event":"operator_case_transition","ts":"2026-09-08T18:46:48.610475844Z","caseId":"4d2047c8-eb75-4911-abb6-2b63b8df703b","rule":"T50_MERGE","to":"OPEN","revision":2}
2026-09-09T02:46:48.610+08:00  INFO 7822 --- [control-app] [           main] [                                                 ] c.o.p.c.o.a.OperatorCaseService          : {"event":"operator_case_transition","ts":"2026-09-08T18:46:48.610703483Z","caseId":"4d2047c8-eb75-4911-abb6-2b63b8df703b","rule":"T50_MERGE","to":"OPEN","revision":3}
2026-09-09T02:46:48.613+08:00  INFO 7822 --- [control-app] [           main] [                                                 ] c.o.p.c.o.a.OperatorCaseService          : {"event":"operator_case_transition","ts":"2026-09-08T18:46:48.613269274Z","caseId":"67163cfc-8848-4f4c-ba66-52f06e1a8d47","rule":"T00_CREATE","to":"OPEN","revision":1}
2026-09-09T02:46:48.613+08:00  INFO 7822 --- [control-app] [           main] [                                                 ] c.o.p.c.o.a.OperatorCaseService          : {"event":"operator_case_transition","ts":"2026-09-08T18:46:48.613676261Z","caseId":"67163cfc-8848-4f4c-ba66-52f06e1a8d47","rule":"T60_ESCALATE","to":"OPEN","revision":2}
2026-09-09T02:46:48.614+08:00  INFO 7822 --- [control-app] [           main] [                                                 ] c.o.p.c.o.a.OperatorCaseService          : {"event":"operator_case_transition","ts":"2026-09-08T18:46:48.614782304Z","caseId":"00b4e8bd-dc9d-40fb-93d4-9db09d399099","rule":"T00_CREATE","to":"OPEN","revision":1}
2026-09-09T02:46:48.615+08:00  INFO 7822 --- [control-app] [           main] [                                                 ] c.o.p.c.o.a.OperatorCaseService          : {"event":"operator_case_transition","ts":"2026-09-08T18:46:48.615054447Z","caseId":"00b4e8bd-dc9d-40fb-93d4-9db09d399099","rule":"T10_CLAIM","to":"ACKED","revision":2}
2026-09-09T02:46:48.615+08:00  INFO 7822 --- [control-app] [           main] [                                                 ] c.o.p.c.o.a.OperatorCaseService          : {"event":"operator_case_transition","ts":"2026-09-08T18:46:48.615725160Z","caseId":"00b4e8bd-dc9d-40fb-93d4-9db09d399099","rule":"T31_RESOLVE","to":"RESOLVED","revision":3}
2026-09-09T02:46:48.616+08:00  INFO 7822 --- [control-app] [           main] [                                                 ] c.o.p.c.o.a.OperatorCaseService          : {"event":"operator_case_transition","ts":"2026-09-08T18:46:48.616442190Z","caseId":"802c9b95-bc3a-4709-bc15-1d45c3afc51a","rule":"T00_CREATE","to":"OPEN","revision":1}
2026-09-09T02:46:48.616+08:00  INFO 7822 --- [control-app] [           main] [                                                 ] c.o.p.c.o.a.OperatorCaseService          : {"event":"operator_case_transition","ts":"2026-09-08T18:46:48.616671722Z","caseId":"802c9b95-bc3a-4709-bc15-1d45c3afc51a","rule":"T40_ASSIGN","to":"OPEN","revision":2}
2026-09-09T02:46:48.622+08:00  INFO 7822 --- [control-app] [           main] [                                                 ] c.o.p.c.o.a.OperatorCaseService          : {"event":"operator_case_transition","ts":"2026-09-08T18:46:48.622265487Z","caseId":"bd64085d-aa9e-4130-a40e-5625070912c9","rule":"T00_CREATE","to":"OPEN","revision":1}
2026-09-09T02:46:48.622+08:00  INFO 7822 --- [control-app] [           main] [                                                 ] c.o.p.c.o.a.OperatorCaseService          : {"event":"operator_case_transition","ts":"2026-09-08T18:46:48.622645353Z","caseId":"bd64085d-aa9e-4130-a40e-5625070912c9","rule":"T10_CLAIM","to":"ACKED","revision":2}
[INFO] Tests run: 16, Failures: 0, Errors: 0, Skipped: 0, Time elapsed: 0.039 s -- in com.objwww.pr.control.ops.application.OperatorCaseServiceTest
[INFO] Running com.objwww.pr.control.ops.interfaces.OperatorApiControllerTest
2026-09-09T02:46:48.637+08:00  INFO 7822 --- [control-app] [           main] [                                                 ] o.s.mock.web.MockServletContext          : Initializing Spring TestDispatcherServlet ''
2026-09-09T02:46:48.637+08:00  INFO 7822 --- [control-app] [           main] [                                                 ] o.s.t.web.servlet.TestDispatcherServlet  : Initializing Servlet ''
2026-09-09T02:46:48.637+08:00  INFO 7822 --- [control-app] [           main] [                                                 ] o.s.t.web.servlet.TestDispatcherServlet  : Completed initialization in 0 ms
2026-09-09T02:46:48.653+08:00  INFO 7822 --- [control-app] [           main] [                                                 ] o.s.mock.web.MockServletContext          : Initializing Spring TestDispatcherServlet ''
2026-09-09T02:46:48.653+08:00  INFO 7822 --- [control-app] [           main] [                                                 ] o.s.t.web.servlet.TestDispatcherServlet  : Initializing Servlet ''
2026-09-09T02:46:48.653+08:00  INFO 7822 --- [control-app] [           main] [                                                 ] o.s.t.web.servlet.TestDispatcherServlet  : Completed initialization in 0 ms
2026-09-09T02:46:48.666+08:00  INFO 7822 --- [control-app] [           main] [                                                 ] o.s.mock.web.MockServletContext          : Initializing Spring TestDispatcherServlet ''
2026-09-09T02:46:48.666+08:00  INFO 7822 --- [control-app] [           main] [                                                 ] o.s.t.web.servlet.TestDispatcherServlet  : Initializing Servlet ''
2026-09-09T02:46:48.666+08:00  INFO 7822 --- [control-app] [           main] [                                                 ] o.s.t.web.servlet.TestDispatcherServlet  : Completed initialization in 0 ms
2026-09-09T02:46:48.667+08:00  INFO 7822 --- [control-app] [           main] [                                                 ] c.o.p.c.o.a.OperatorCaseService          : {"event":"operator_case_transition","ts":"2026-09-08T18:46:48.667123888Z","caseId":"23c85c63-1c23-4695-99dd-b1b1889b9bff","rule":"T00_CREATE","to":"OPEN","revision":1}
2026-09-09T02:46:48.667+08:00  INFO 7822 --- [control-app] [           main] [                                                 ] c.o.p.c.o.a.OperatorCaseService          : {"event":"operator_case_transition","ts":"2026-09-08T18:46:48.667527779Z","caseId":"f17c0c81-94a3-4d2b-9420-06976a23dc27","rule":"T00_CREATE","to":"OPEN","revision":1}
2026-09-09T02:46:48.667+08:00  INFO 7822 --- [control-app] [           main] [                                                 ] c.o.p.c.o.a.OperatorCaseService          : {"event":"operator_case_transition","ts":"2026-09-08T18:46:48.667749868Z","caseId":"f17c0c81-94a3-4d2b-9420-06976a23dc27","rule":"T10_CLAIM","to":"ACKED","revision":2}
2026-09-09T02:46:48.668+08:00  INFO 7822 --- [control-app] [           main] [                                                 ] c.o.p.c.o.a.OperatorCaseService          : {"event":"operator_case_transition","ts":"2026-09-08T18:46:48.668039964Z","caseId":"3996f70b-7959-437c-b52c-e71ade1f7b70","rule":"T00_CREATE","to":"OPEN","revision":1}
2026-09-09T02:46:48.668+08:00  INFO 7822 --- [control-app] [           main] [                                                 ] c.o.p.c.o.a.OperatorCaseService          : {"event":"operator_case_transition","ts":"2026-09-08T18:46:48.668323007Z","caseId":"57c0cc10-d932-4168-8969-cb3afdfed36e","rule":"T00_CREATE","to":"OPEN","revision":1}
2026-09-09T02:46:48.668+08:00  INFO 7822 --- [control-app] [           main] [                                                 ] c.o.p.c.o.a.OperatorCaseService          : {"event":"operator_case_transition","ts":"2026-09-08T18:46:48.668576945Z","caseId":"57c0cc10-d932-4168-8969-cb3afdfed36e","rule":"T10_CLAIM","to":"ACKED","revision":2}
2026-09-09T02:46:48.668+08:00  INFO 7822 --- [control-app] [           main] [                                                 ] c.o.p.c.o.a.OperatorCaseService          : {"event":"operator_case_transition","ts":"2026-09-08T18:46:48.668883973Z","caseId":"fac9da51-17bf-4c78-b4d3-4a936d582d5b","rule":"T00_CREATE","to":"OPEN","revision":1}
2026-09-09T02:46:48.669+08:00  INFO 7822 --- [control-app] [           main] [                                                 ] c.o.p.c.o.a.OperatorCaseService          : {"event":"operator_case_transition","ts":"2026-09-08T18:46:48.669076366Z","caseId":"fac9da51-17bf-4c78-b4d3-4a936d582d5b","rule":"T30_RESOLVE","to":"RESOLVED","revision":2}
2026-09-09T02:46:48.679+08:00  INFO 7822 --- [control-app] [           main] [                                                 ] o.s.mock.web.MockServletContext          : Initializing Spring TestDispatcherServlet ''
2026-09-09T02:46:48.679+08:00  INFO 7822 --- [control-app] [           main] [                                                 ] o.s.t.web.servlet.TestDispatcherServlet  : Initializing Servlet ''
2026-09-09T02:46:48.679+08:00  INFO 7822 --- [control-app] [           main] [                                                 ] o.s.t.web.servlet.TestDispatcherServlet  : Completed initialization in 0 ms
2026-09-09T02:46:48.680+08:00  INFO 7822 --- [control-app] [           main] [                                                 ] c.o.p.c.o.a.OperatorCaseService          : {"event":"operator_case_transition","ts":"2026-09-08T18:46:48.680399470Z","caseId":"796917ac-1610-4764-a4c5-15af733850ff","rule":"T00_CREATE","to":"OPEN","revision":1}
2026-09-09T02:46:48.680+08:00  INFO 7822 --- [control-app] [           main] [                                                 ] c.o.p.c.o.a.OperatorCaseService          : {"event":"operator_case_transition","ts":"2026-09-08T18:46:48.680602643Z","caseId":"796917ac-1610-4764-a4c5-15af733850ff","rule":"T10_CLAIM","to":"ACKED","revision":2}
2026-09-09T02:46:48.683+08:00  INFO 7822 --- [control-app] [           main] [                                                 ] c.o.p.c.o.i.OperatorApiController        : operator-case resolve: case=796917ac-1610-4764-a4c5-15af733850ff idem-key=ui-5 operator=operator-a
2026-09-09T02:46:48.684+08:00  INFO 7822 --- [control-app] [           main] [                                                 ] c.o.p.c.o.a.OperatorCaseService          : {"event":"operator_case_transition","ts":"2026-09-08T18:46:48.684148570Z","caseId":"796917ac-1610-4764-a4c5-15af733850ff","rule":"T31_RESOLVE","to":"RESOLVED","revision":3}
2026-09-09T02:46:48.691+08:00  INFO 7822 --- [control-app] [           main] [                                                 ] o.s.mock.web.MockServletContext          : Initializing Spring TestDispatcherServlet ''
2026-09-09T02:46:48.691+08:00  INFO 7822 --- [control-app] [           main] [                                                 ] o.s.t.web.servlet.TestDispatcherServlet  : Initializing Servlet ''
2026-09-09T02:46:48.691+08:00  INFO 7822 --- [control-app] [           main] [                                                 ] o.s.t.web.servlet.TestDispatcherServlet  : Completed initialization in 0 ms
2026-09-09T02:46:48.692+08:00  INFO 7822 --- [control-app] [           main] [                                                 ] c.o.p.c.o.a.OperatorCaseService          : {"event":"operator_case_transition","ts":"2026-09-08T18:46:48.692227315Z","caseId":"36981d8c-5cfd-4603-a072-085d659e2296","rule":"T00_CREATE","to":"OPEN","revision":1}
2026-09-09T02:46:48.694+08:00  INFO 7822 --- [control-app] [           main] [                                                 ] c.o.p.c.o.i.OperatorApiController        : operator-case assign: case=36981d8c-5cfd-4603-a072-085d659e2296 idem-key=ui-6 operator=dispatcher
2026-09-09T02:46:48.694+08:00  INFO 7822 --- [control-app] [           main] [                                                 ] c.o.p.c.o.a.OperatorCaseService          : {"event":"operator_case_transition","ts":"2026-09-08T18:46:48.694708138Z","caseId":"36981d8c-5cfd-4603-a072-085d659e2296","rule":"T40_ASSIGN","to":"OPEN","revision":2}
2026-09-09T02:46:48.696+08:00  INFO 7822 --- [control-app] [           main] [                                                 ] c.o.p.c.o.i.OperatorApiController        : operator-case assign: case=36981d8c-5cfd-4603-a072-085d659e2296 idem-key=ui-7 operator=dispatcher
2026-09-09T02:46:48.696+08:00  INFO 7822 --- [control-app] [           main] [                                                 ] c.o.p.c.o.a.OperatorCaseService          : {"event":"operator_case_transition","ts":"2026-09-08T18:46:48.696930854Z","caseId":"36981d8c-5cfd-4603-a072-085d659e2296","rule":"T40_ASSIGN","to":"OPEN","revision":3}
2026-09-09T02:46:48.701+08:00  INFO 7822 --- [control-app] [           main] [                                                 ] o.s.mock.web.MockServletContext          : Initializing Spring TestDispatcherServlet ''
2026-09-09T02:46:48.702+08:00  INFO 7822 --- [control-app] [           main] [                                                 ] o.s.t.web.servlet.TestDispatcherServlet  : Initializing Servlet ''
2026-09-09T02:46:48.702+08:00  INFO 7822 --- [control-app] [           main] [                                                 ] o.s.t.web.servlet.TestDispatcherServlet  : Completed initialization in 0 ms
2026-09-09T02:46:48.702+08:00  INFO 7822 --- [control-app] [           main] [                                                 ] c.o.p.c.o.a.OperatorCaseService          : {"event":"operator_case_transition","ts":"2026-09-08T18:46:48.702514449Z","caseId":"8c1e96b9-71ed-477f-a7cb-c2224511d1bb","rule":"T00_CREATE","to":"OPEN","revision":1}
2026-09-09T02:46:48.702+08:00  INFO 7822 --- [control-app] [           main] [                                                 ] c.o.p.c.o.a.OperatorCaseService          : {"event":"operator_case_transition","ts":"2026-09-08T18:46:48.702693616Z","caseId":"8c1e96b9-71ed-477f-a7cb-c2224511d1bb","rule":"T10_CLAIM","to":"ACKED","revision":2}
2026-09-09T02:46:48.714+08:00  INFO 7822 --- [control-app] [           main] [                                                 ] o.s.mock.web.MockServletContext          : Initializing Spring TestDispatcherServlet ''
2026-09-09T02:46:48.714+08:00  INFO 7822 --- [control-app] [           main] [                                                 ] o.s.t.web.servlet.TestDispatcherServlet  : Initializing Servlet ''
2026-09-09T02:46:48.714+08:00  INFO 7822 --- [control-app] [           main] [                                                 ] o.s.t.web.servlet.TestDispatcherServlet  : Completed initialization in 0 ms
2026-09-09T02:46:48.715+08:00  INFO 7822 --- [control-app] [           main] [                                                 ] c.o.p.c.o.a.OperatorCaseService          : {"event":"operator_case_transition","ts":"2026-09-08T18:46:48.715388896Z","caseId":"bf5a0828-08d8-4ff7-ab02-207937fa2a7f","rule":"T00_CREATE","to":"OPEN","revision":1}
2026-09-09T02:46:48.715+08:00  INFO 7822 --- [control-app] [           main] [                                                 ] c.o.p.c.o.a.OperatorCaseService          : {"event":"operator_case_transition","ts":"2026-09-08T18:46:48.715709840Z","caseId":"bf5a0828-08d8-4ff7-ab02-207937fa2a7f","rule":"T30_RESOLVE","to":"RESOLVED","revision":2}
2026-09-09T02:46:48.718+08:00  INFO 7822 --- [control-app] [           main] [                                                 ] c.o.p.c.o.i.OperatorApiController        : operator-case claim: case=bf5a0828-08d8-4ff7-ab02-207937fa2a7f idem-key=ui-8 operator=sre-b
2026-09-09T02:46:48.720+08:00  INFO 7822 --- [control-app] [           main] [                                                 ] c.o.p.c.o.i.OperatorApiController        : operator-case claim: case=314a7195-63c2-4488-aaa4-4a2ef768b92a idem-key=ui-9 operator=operator
2026-09-09T02:46:48.724+08:00  INFO 7822 --- [control-app] [           main] [                                                 ] o.s.mock.web.MockServletContext          : Initializing Spring TestDispatcherServlet ''
2026-09-09T02:46:48.725+08:00  INFO 7822 --- [control-app] [           main] [                                                 ] o.s.t.web.servlet.TestDispatcherServlet  : Initializing Servlet ''
2026-09-09T02:46:48.725+08:00  INFO 7822 --- [control-app] [           main] [                                                 ] o.s.t.web.servlet.TestDispatcherServlet  : Completed initialization in 0 ms
2026-09-09T02:46:48.725+08:00  INFO 7822 --- [control-app] [           main] [                                                 ] c.o.p.c.o.a.OperatorCaseService          : {"event":"operator_case_transition","ts":"2026-09-08T18:46:48.725590749Z","caseId":"d098f85c-f606-4d52-90bc-3c6bab342306","rule":"T00_CREATE","to":"OPEN","revision":1}
2026-09-09T02:46:48.725+08:00  INFO 7822 --- [control-app] [           main] [                                                 ] c.o.p.c.o.a.OperatorCaseService          : {"event":"operator_case_transition","ts":"2026-09-08T18:46:48.725829027Z","caseId":"21a386d7-4da9-4419-a427-f9ca01ecafda","rule":"T00_CREATE","to":"OPEN","revision":1}
2026-09-09T02:46:48.726+08:00  INFO 7822 --- [control-app] [           main] [                                                 ] c.o.p.c.o.a.OperatorCaseService          : {"event":"operator_case_transition","ts":"2026-09-08T18:46:48.726019216Z","caseId":"45c104bf-871f-4636-9f15-a69609a6d086","rule":"T00_CREATE","to":"OPEN","revision":1}
2026-09-09T02:46:48.756+08:00  INFO 7822 --- [control-app] [           main] [                                                 ] o.s.mock.web.MockServletContext          : Initializing Spring TestDispatcherServlet ''
2026-09-09T02:46:48.756+08:00  INFO 7822 --- [control-app] [           main] [                                                 ] o.s.t.web.servlet.TestDispatcherServlet  : Initializing Servlet ''
2026-09-09T02:46:48.756+08:00  INFO 7822 --- [control-app] [           main] [                                                 ] o.s.t.web.servlet.TestDispatcherServlet  : Completed initialization in 0 ms
2026-09-09T02:46:48.757+08:00  INFO 7822 --- [control-app] [           main] [                                                 ] c.o.p.c.o.a.OperatorCaseService          : {"event":"operator_case_transition","ts":"2026-09-08T18:46:48.757243560Z","caseId":"65ed93d6-df47-4616-9ab6-9b8d5f981a5c","rule":"T00_CREATE","to":"OPEN","revision":1}
2026-09-09T02:46:48.761+08:00  INFO 7822 --- [control-app] [           main] [                                                 ] c.o.p.c.o.i.OperatorApiController        : operator-case claim: case=65ed93d6-df47-4616-9ab6-9b8d5f981a5c idem-key=ui-1 operator=sre-li
2026-09-09T02:46:48.761+08:00  INFO 7822 --- [control-app] [           main] [                                                 ] c.o.p.c.o.a.OperatorCaseService          : {"event":"operator_case_transition","ts":"2026-09-08T18:46:48.761311040Z","caseId":"65ed93d6-df47-4616-9ab6-9b8d5f981a5c","rule":"T10_CLAIM","to":"ACKED","revision":2}
2026-09-09T02:46:48.769+08:00  INFO 7822 --- [control-app] [           main] [                                                 ] o.s.mock.web.MockServletContext          : Initializing Spring TestDispatcherServlet ''
2026-09-09T02:46:48.769+08:00  INFO 7822 --- [control-app] [           main] [                                                 ] o.s.t.web.servlet.TestDispatcherServlet  : Initializing Servlet ''
2026-09-09T02:46:48.769+08:00  INFO 7822 --- [control-app] [           main] [                                                 ] o.s.t.web.servlet.TestDispatcherServlet  : Completed initialization in 0 ms
2026-09-09T02:46:48.770+08:00  INFO 7822 --- [control-app] [           main] [                                                 ] c.o.p.c.o.a.OperatorCaseService          : {"event":"operator_case_transition","ts":"2026-09-08T18:46:48.770012567Z","caseId":"5a9d1035-7ea1-49ea-a20d-255209a0b799","rule":"T00_CREATE","to":"OPEN","revision":1}
2026-09-09T02:46:48.770+08:00  INFO 7822 --- [control-app] [           main] [                                                 ] c.o.p.c.o.a.OperatorCaseService          : {"event":"operator_case_transition","ts":"2026-09-08T18:46:48.770320668Z","caseId":"5a9d1035-7ea1-49ea-a20d-255209a0b799","rule":"T10_CLAIM","to":"ACKED","revision":2}
2026-09-09T02:46:48.774+08:00  INFO 7822 --- [control-app] [           main] [                                                 ] c.o.p.c.o.i.OperatorApiController        : operator-case resolve: case=5a9d1035-7ea1-49ea-a20d-255209a0b799 idem-key=ui-4 operator=operator-a
2026-09-09T02:46:48.775+08:00  INFO 7822 --- [control-app] [           main] [                                                 ] c.o.p.c.o.a.OperatorCaseService          : {"event":"operator_case_transition","ts":"2026-09-08T18:46:48.775117963Z","caseId":"5a9d1035-7ea1-49ea-a20d-255209a0b799","rule":"T31_RESOLVE","to":"RESOLVED","revision":3}
2026-09-09T02:46:48.783+08:00  INFO 7822 --- [control-app] [           main] [                                                 ] o.s.mock.web.MockServletContext          : Initializing Spring TestDispatcherServlet ''
2026-09-09T02:46:48.783+08:00  INFO 7822 --- [control-app] [           main] [                                                 ] o.s.t.web.servlet.TestDispatcherServlet  : Initializing Servlet ''
2026-09-09T02:46:48.783+08:00  INFO 7822 --- [control-app] [           main] [                                                 ] o.s.t.web.servlet.TestDispatcherServlet  : Completed initialization in 0 ms
2026-09-09T02:46:48.783+08:00  INFO 7822 --- [control-app] [           main] [                                                 ] c.o.p.c.o.a.OperatorCaseService          : {"event":"operator_case_transition","ts":"2026-09-08T18:46:48.783792850Z","caseId":"c8d85842-824f-4e1c-bb3a-17827510aeed","rule":"T00_CREATE","to":"OPEN","revision":1}
2026-09-09T02:46:48.785+08:00  INFO 7822 --- [control-app] [           main] [                                                 ] c.o.p.c.o.a.OperatorCaseService          : {"event":"operator_case_transition","ts":"2026-09-08T18:46:48.784050886Z","caseId":"c8d85842-824f-4e1c-bb3a-17827510aeed","rule":"T40_ASSIGN","to":"OPEN","revision":2}
2026-09-09T02:46:48.787+08:00  INFO 7822 --- [control-app] [           main] [                                                 ] c.o.p.c.o.i.OperatorApiController        : operator-case claim: case=c8d85842-824f-4e1c-bb3a-17827510aeed idem-key=ui-2 operator=sre-b
2026-09-09T02:46:48.793+08:00  INFO 7822 --- [control-app] [           main] [                                                 ] o.s.mock.web.MockServletContext          : Initializing Spring TestDispatcherServlet ''
2026-09-09T02:46:48.793+08:00  INFO 7822 --- [control-app] [           main] [                                                 ] o.s.t.web.servlet.TestDispatcherServlet  : Initializing Servlet ''
2026-09-09T02:46:48.793+08:00  INFO 7822 --- [control-app] [           main] [                                                 ] o.s.t.web.servlet.TestDispatcherServlet  : Completed initialization in 0 ms
2026-09-09T02:46:48.794+08:00  INFO 7822 --- [control-app] [           main] [                                                 ] c.o.p.c.o.a.OperatorCaseService          : {"event":"operator_case_transition","ts":"2026-09-08T18:46:48.793946052Z","caseId":"60c65bbf-47f8-4f5e-97a6-bee8961ded62","rule":"T00_CREATE","to":"OPEN","revision":1}
2026-09-09T02:46:48.794+08:00  INFO 7822 --- [control-app] [           main] [                                                 ] c.o.p.c.o.a.OperatorCaseService          : {"event":"operator_case_transition","ts":"2026-09-08T18:46:48.794169311Z","caseId":"60c65bbf-47f8-4f5e-97a6-bee8961ded62","rule":"T10_CLAIM","to":"ACKED","revision":2}
2026-09-09T02:46:48.794+08:00  INFO 7822 --- [control-app] [           main] [                                                 ] c.o.p.c.o.a.OperatorCaseService          : {"event":"operator_case_transition","ts":"2026-09-08T18:46:48.794365592Z","caseId":"cace5006-43ad-481b-af81-5dc8332b56b3","rule":"T00_CREATE","to":"OPEN","revision":1}
[INFO] Tests run: 12, Failures: 0, Errors: 0, Skipped: 0, Time elapsed: 0.175 s -- in com.objwww.pr.control.ops.interfaces.OperatorApiControllerTest
[INFO] Running com.objwww.pr.control.interfaces.webhook.GitHubSignatureVerifierTest
[INFO] Tests run: 4, Failures: 0, Errors: 0, Skipped: 0, Time elapsed: 0.003 s -- in com.objwww.pr.control.interfaces.webhook.GitHubSignatureVerifierTest
[INFO] Running com.objwww.pr.control.interfaces.webhook.WebhookControllerTest
2026-09-09T02:46:48.898+08:00  INFO 7822 --- [control-app] [           main] [                                                 ] o.s.mock.web.MockServletContext          : Initializing Spring TestDispatcherServlet ''
2026-09-09T02:46:48.899+08:00  INFO 7822 --- [control-app] [           main] [                                                 ] o.s.t.web.servlet.TestDispatcherServlet  : Initializing Servlet ''
2026-09-09T02:46:48.899+08:00  INFO 7822 --- [control-app] [           main] [                                                 ] o.s.t.web.servlet.TestDispatcherServlet  : Completed initialization in 0 ms
2026-09-09T02:46:48.908+08:00  INFO 7822 --- [control-app] [           main] [                                                 ] o.s.mock.web.MockServletContext          : Initializing Spring TestDispatcherServlet ''
2026-09-09T02:46:48.908+08:00  INFO 7822 --- [control-app] [           main] [                                                 ] o.s.t.web.servlet.TestDispatcherServlet  : Initializing Servlet ''
2026-09-09T02:46:48.908+08:00  INFO 7822 --- [control-app] [           main] [                                                 ] o.s.t.web.servlet.TestDispatcherServlet  : Completed initialization in 0 ms
2026-09-09T02:46:48.914+08:00  INFO 7822 --- [control-app] [           main] [                                                 ] o.s.mock.web.MockServletContext          : Initializing Spring TestDispatcherServlet ''
2026-09-09T02:46:48.915+08:00  INFO 7822 --- [control-app] [           main] [                                                 ] o.s.t.web.servlet.TestDispatcherServlet  : Initializing Servlet ''
2026-09-09T02:46:48.915+08:00  INFO 7822 --- [control-app] [           main] [                                                 ] o.s.t.web.servlet.TestDispatcherServlet  : Completed initialization in 0 ms
2026-09-09T02:46:48.921+08:00  INFO 7822 --- [control-app] [           main] [                                                 ] o.s.mock.web.MockServletContext          : Initializing Spring TestDispatcherServlet ''
2026-09-09T02:46:48.922+08:00  INFO 7822 --- [control-app] [           main] [                                                 ] o.s.t.web.servlet.TestDispatcherServlet  : Initializing Servlet ''
2026-09-09T02:46:48.922+08:00  INFO 7822 --- [control-app] [           main] [                                                 ] o.s.t.web.servlet.TestDispatcherServlet  : Completed initialization in 0 ms
2026-09-09T02:46:48.928+08:00  INFO 7822 --- [control-app] [           main] [                                                 ] o.s.mock.web.MockServletContext          : Initializing Spring TestDispatcherServlet ''
2026-09-09T02:46:48.929+08:00  INFO 7822 --- [control-app] [           main] [                                                 ] o.s.t.web.servlet.TestDispatcherServlet  : Initializing Servlet ''
2026-09-09T02:46:48.929+08:00  INFO 7822 --- [control-app] [           main] [                                                 ] o.s.t.web.servlet.TestDispatcherServlet  : Completed initialization in 0 ms
2026-09-09T02:46:48.934+08:00  INFO 7822 --- [control-app] [           main] [                                                 ] o.s.mock.web.MockServletContext          : Initializing Spring TestDispatcherServlet ''
2026-09-09T02:46:48.934+08:00  INFO 7822 --- [control-app] [           main] [                                                 ] o.s.t.web.servlet.TestDispatcherServlet  : Initializing Servlet ''
2026-09-09T02:46:48.934+08:00  INFO 7822 --- [control-app] [           main] [                                                 ] o.s.t.web.servlet.TestDispatcherServlet  : Completed initialization in 0 ms
2026-09-09T02:46:48.940+08:00  INFO 7822 --- [control-app] [           main] [                                                 ] o.s.mock.web.MockServletContext          : Initializing Spring TestDispatcherServlet ''
2026-09-09T02:46:48.940+08:00  INFO 7822 --- [control-app] [           main] [                                                 ] o.s.t.web.servlet.TestDispatcherServlet  : Initializing Servlet ''
2026-09-09T02:46:48.940+08:00  INFO 7822 --- [control-app] [           main] [                                                 ] o.s.t.web.servlet.TestDispatcherServlet  : Completed initialization in 0 ms
[INFO] Tests run: 7, Failures: 0, Errors: 0, Skipped: 0, Time elapsed: 0.139 s -- in com.objwww.pr.control.interfaces.webhook.WebhookControllerTest
2026-09-09T02:46:48.951+08:00  INFO 7822 --- [control-app] [           main] [                                                 ] org.testcontainers.DockerClientFactory   : Testcontainers version: 1.20.4
2026-09-09T02:46:49.083+08:00  INFO 7822 --- [control-app] [           main] [                                                 ] o.t.d.DockerClientProviderStrategy       : Loaded org.testcontainers.dockerclient.UnixSocketClientProviderStrategy from ~/.testcontainers.properties, will try it first
2026-09-09T02:46:49.328+08:00  INFO 7822 --- [control-app] [           main] [                                                 ] o.t.d.DockerClientProviderStrategy       : Found Docker environment with local Unix socket (unix:///var/run/docker.sock)
2026-09-09T02:46:49.330+08:00  INFO 7822 --- [control-app] [           main] [                                                 ] org.testcontainers.DockerClientFactory   : Docker host IP address is localhost
2026-09-09T02:46:49.348+08:00  INFO 7822 --- [control-app] [           main] [                                                 ] org.testcontainers.DockerClientFactory   : Connected to docker: 
  Server Version: 26.1.4
  API Version: 1.45
  Operating System: CentOS Linux 7 (Core)
  Total Memory: 7725 MB
2026-09-09T02:46:49.360+08:00  INFO 7822 --- [control-app] [           main] [                                                 ] org.testcontainers.images.PullPolicy     : Image pull policy will be performed by: DefaultPullPolicy()
2026-09-09T02:46:49.363+08:00  INFO 7822 --- [control-app] [           main] [                                                 ] o.t.utility.ImageNameSubstitutor         : Image name substitution will be performed by: DefaultImageNameSubstitutor (composite of 'ConfigurationFileImageNameSubstitutor' and 'PrefixingImageNameSubstitutor')
2026-09-09T02:46:49.515+08:00  INFO 7822 --- [control-app] [           main] [                                                 ] tc.testcontainers/ryuk:0.11.0            : Creating container for image: testcontainers/ryuk:0.11.0
2026-09-09T02:46:49.519+08:00  INFO 7822 --- [control-app] [           main] [                                                 ] o.t.utility.RegistryAuthLocator          : Failure when attempting to lookup auth config. Please ignore if you don't have images in an authenticated registry. Details: (dockerImageName: testcontainers/ryuk:0.11.0, configFile: /root/.docker/config.json, configEnv: DOCKER_AUTH_CONFIG). Falling back to docker-java default behaviour. Exception message: Status 404: No config supplied. Checked in order: /root/.docker/config.json (file not found), DOCKER_AUTH_CONFIG (not set)
2026-09-09T02:46:49.657+08:00  INFO 7822 --- [control-app] [           main] [                                                 ] tc.testcontainers/ryuk:0.11.0            : Container testcontainers/ryuk:0.11.0 is starting: dde7c30f2a9a6a98cb949589bebf626b7949a7d44acdc4ad3173079a71650cb2
2026-09-09T02:46:49.933+08:00  INFO 7822 --- [control-app] [           main] [                                                 ] tc.testcontainers/ryuk:0.11.0            : Container testcontainers/ryuk:0.11.0 started in PT0.418399187S
2026-09-09T02:46:49.939+08:00  INFO 7822 --- [control-app] [           main] [                                                 ] o.t.utility.RyukResourceReaper           : Ryuk started - will monitor and terminate Testcontainers containers on JVM exit
2026-09-09T02:46:49.939+08:00  INFO 7822 --- [control-app] [           main] [                                                 ] org.testcontainers.DockerClientFactory   : Checking the system...
2026-09-09T02:46:49.939+08:00  INFO 7822 --- [control-app] [           main] [                                                 ] org.testcontainers.DockerClientFactory   : ✔︎ Docker server version should be at least 1.6.0
[INFO] Running com.objwww.pr.control.it.PostgresDatasetPartitionAccessTest
2026-09-09T02:46:49.944+08:00  INFO 7822 --- [control-app] [           main] [                                                 ] tc.postgres:16-alpine                    : Creating container for image: postgres:16-alpine
2026-09-09T02:46:50.006+08:00  INFO 7822 --- [control-app] [           main] [                                                 ] tc.postgres:16-alpine                    : Container postgres:16-alpine is starting: d9da2842f558e5b4acde69b3b6b6dab010d673b67b071232e47eb8c37fa27c2a
2026-09-09T02:46:51.337+08:00  INFO 7822 --- [control-app] [           main] [                                                 ] tc.postgres:16-alpine                    : Container postgres:16-alpine started in PT1.392818271S
2026-09-09T02:46:51.337+08:00  INFO 7822 --- [control-app] [           main] [                                                 ] tc.postgres:16-alpine                    : Container is started (JDBC URL: jdbc:postgresql://localhost:33240/test?loggerLevel=OFF)
2026-09-09T02:46:51.343+08:00  INFO 7822 --- [control-app] [           main] [                                                 ] com.zaxxer.hikari.HikariDataSource       : HikariPool-1 - Starting...
2026-09-09T02:46:51.465+08:00  INFO 7822 --- [control-app] [           main] [                                                 ] com.zaxxer.hikari.pool.HikariPool        : HikariPool-1 - Added connection org.postgresql.jdbc.PgConnection@4d60b31b
2026-09-09T02:46:51.467+08:00  INFO 7822 --- [control-app] [           main] [                                                 ] com.zaxxer.hikari.HikariDataSource       : HikariPool-1 - Start completed.
2026-09-09T02:46:51.616+08:00  INFO 7822 --- [control-app] [           main] [                                                 ] org.flywaydb.core.FlywayExecutor         : Database: jdbc:postgresql://localhost:33240/test?loggerLevel=OFF (PostgreSQL 16.15)
2026-09-09T02:46:51.678+08:00  INFO 7822 --- [control-app] [           main] [                                                 ] o.f.c.i.s.JdbcTableSchemaHistory         : Schema history table "public"."flyway_schema_history" does not exist yet
2026-09-09T02:46:51.685+08:00  INFO 7822 --- [control-app] [           main] [                                                 ] o.f.core.internal.command.DbValidate     : Successfully validated 32 migrations (execution time 00:00.047s)
2026-09-09T02:46:51.709+08:00  INFO 7822 --- [control-app] [           main] [                                                 ] o.f.c.i.s.JdbcTableSchemaHistory         : Creating Schema History table "public"."flyway_schema_history" ...
2026-09-09T02:46:51.746+08:00  INFO 7822 --- [control-app] [           main] [                                                 ] o.f.core.internal.command.DbMigrate      : Current version of schema "public": << Empty Schema >>
2026-09-09T02:46:51.803+08:00  INFO 7822 --- [control-app] [           main] [                                                 ] o.f.core.internal.command.DbMigrate      : Migrating schema "public" to version "1 - m0 schema"
2026-09-09T02:46:51.944+08:00  INFO 7822 --- [control-app] [           main] [                                                 ] o.f.core.internal.command.DbMigrate      : Migrating schema "public" to version "2 - grants"
2026-09-09T02:46:51.988+08:00  INFO 7822 --- [control-app] [           main] [                                                 ] o.f.core.internal.command.DbMigrate      : Migrating schema "public" to version "3 - m1 inbox reconcile"
2026-09-09T02:46:52.039+08:00  INFO 7822 --- [control-app] [           main] [                                                 ] o.f.core.internal.command.DbMigrate      : Migrating schema "public" to version "4 - m2 checkpoint repair"
2026-09-09T02:46:52.072+08:00  INFO 7822 --- [control-app] [           main] [                                                 ] o.f.core.internal.command.DbMigrate      : Migrating schema "public" to version "5 - m3 model governance"
2026-09-09T02:46:52.112+08:00  INFO 7822 --- [control-app] [           main] [                                                 ] o.f.core.internal.command.DbMigrate      : Migrating schema "public" to version "6 - m4 sandbox"
2026-09-09T02:46:52.190+08:00  INFO 7822 --- [control-app] [           main] [                                                 ] o.f.core.internal.command.DbMigrate      : Migrating schema "public" to version "7 - am1 alert domain"
2026-09-09T02:46:52.272+08:00  INFO 7822 --- [control-app] [           main] [                                                 ] o.f.core.internal.command.DbMigrate      : Migrating schema "public" to version "8 - am1 dag reserve"
2026-09-09T02:46:52.304+08:00  INFO 7822 --- [control-app] [           main] [                                                 ] o.f.core.internal.command.DbMigrate      : Migrating schema "public" to version "9 - am3 eval notify"
2026-09-09T02:46:52.382+08:00  INFO 7822 --- [control-app] [           main] [                                                 ] o.f.core.internal.command.DbMigrate      : Migrating schema "public" to version "10 - am3 eval run"
2026-09-09T02:46:52.408+08:00  INFO 7822 --- [control-app] [           main] [                                                 ] o.f.core.internal.command.DbMigrate      : Migrating schema "public" to version "11 - am3 eval readonly"
2026-09-09T02:46:52.421+08:00  INFO 7822 --- [control-app] [           main] [                                                 ] o.f.core.internal.command.DbMigrate      : Migrating schema "public" to version "12 - am4 state expansion"
2026-09-09T02:46:52.437+08:00  INFO 7822 --- [control-app] [           main] [                                                 ] o.f.core.internal.command.DbMigrate      : Migrating schema "public" to version "13 - am4 budget ledger"
2026-09-09T02:46:52.458+08:00  INFO 7822 --- [control-app] [           main] [                                                 ] o.f.core.internal.command.DbMigrate      : Migrating schema "public" to version "14 - am4 rca event"
2026-09-09T02:46:52.484+08:00  INFO 7822 --- [control-app] [           main] [                                                 ] o.f.core.internal.command.DbMigrate      : Migrating schema "public" to version "15 - am4 tool invocation ledger"
2026-09-09T02:46:52.499+08:00  INFO 7822 --- [control-app] [           main] [                                                 ] o.f.core.internal.command.DbMigrate      : Migrating schema "public" to version "16 - am4 evidence snapshot"
2026-09-09T02:46:52.519+08:00  INFO 7822 --- [control-app] [           main] [                                                 ] o.f.core.internal.command.DbMigrate      : Migrating schema "public" to version "17 - am4 claim"
2026-09-09T02:46:52.533+08:00  INFO 7822 --- [control-app] [           main] [                                                 ] o.f.core.internal.command.DbMigrate      : Migrating schema "public" to version "18 - am4 task edge run scope"
2026-09-09T02:46:52.545+08:00  INFO 7822 --- [control-app] [           main] [                                                 ] o.f.core.internal.command.DbMigrate      : Migrating schema "public" to version "19 - am4 tool replay"
2026-09-09T02:46:52.557+08:00  INFO 7822 --- [control-app] [           main] [                                                 ] o.f.core.internal.command.DbMigrate      : Migrating schema "public" to version "20 - am5 dataset version"
2026-09-09T02:46:52.577+08:00  INFO 7822 --- [control-app] [           main] [                                                 ] o.f.core.internal.command.DbMigrate      : Migrating schema "public" to version "21 - am5 dataset partition"
2026-09-09T02:46:52.602+08:00  INFO 7822 --- [control-app] [           main] [                                                 ] o.f.core.internal.command.DbMigrate      : Migrating schema "public" to version "22 - am5 golden candidate"
2026-09-09T02:46:52.635+08:00  INFO 7822 --- [control-app] [           main] [                                                 ] o.f.core.internal.command.DbMigrate      : Migrating schema "public" to version "23 - am5 sampling fingerprint"
2026-09-09T02:46:52.648+08:00  INFO 7822 --- [control-app] [           main] [                                                 ] o.f.core.internal.command.DbMigrate      : Migrating schema "public" to version "24 - am5 config bundle"
2026-09-09T02:46:52.672+08:00  INFO 7822 --- [control-app] [           main] [                                                 ] o.f.core.internal.command.DbMigrate      : Migrating schema "public" to version "25 - am5 canary route"
2026-09-09T02:46:52.706+08:00  INFO 7822 --- [control-app] [           main] [                                                 ] o.f.core.internal.command.DbMigrate      : Migrating schema "public" to version "26 - am5 operator case"
2026-09-09T02:46:52.726+08:00  INFO 7822 --- [control-app] [           main] [                                                 ] o.f.core.internal.command.DbMigrate      : Migrating schema "public" to version "27 - am5 operator command"
2026-09-09T02:46:52.743+08:00  INFO 7822 --- [control-app] [           main] [                                                 ] o.f.core.internal.command.DbMigrate      : Migrating schema "public" to version "28 - am5 monthly partition"
2026-09-09T02:46:52.782+08:00  INFO 7822 --- [control-app] [           main] [                                                 ] o.f.core.internal.command.DbMigrate      : Migrating schema "public" to version "29 - am5 retention archive"
2026-09-09T02:46:52.812+08:00  INFO 7822 --- [control-app] [           main] [                                                 ] o.f.core.internal.command.DbMigrate      : Migrating schema "public" to version "30 - am6 canary window verdict"
2026-09-09T02:46:52.835+08:00  INFO 7822 --- [control-app] [           main] [                                                 ] o.f.core.internal.command.DbMigrate      : Migrating schema "public" to version "31 - ba52 canary decision fk deferred"
2026-09-09T02:46:52.844+08:00  INFO 7822 --- [control-app] [           main] [                                                 ] o.f.core.internal.command.DbMigrate      : Migrating schema "public" to version "32 - am6 engine comparison"
2026-09-09T02:46:52.861+08:00  INFO 7822 --- [control-app] [           main] [                                                 ] o.f.core.internal.command.DbMigrate      : Successfully applied 32 migrations to schema "public", now at version v32 (execution time 00:00.751s)
2026-09-09T02:46:52.867+08:00  INFO 7822 --- [control-app] [           main] [                                                 ] com.zaxxer.hikari.HikariDataSource       : HikariPool-2 - Starting...
2026-09-09T02:46:52.884+08:00  INFO 7822 --- [control-app] [           main] [                                                 ] com.zaxxer.hikari.pool.HikariPool        : HikariPool-2 - Added connection org.postgresql.jdbc.PgConnection@679580d9
2026-09-09T02:46:52.885+08:00  INFO 7822 --- [control-app] [           main] [                                                 ] com.zaxxer.hikari.HikariDataSource       : HikariPool-2 - Start completed.
2026-09-09T02:46:52.885+08:00  INFO 7822 --- [control-app] [           main] [                                                 ] com.zaxxer.hikari.HikariDataSource       : HikariPool-3 - Starting...
2026-09-09T02:46:52.906+08:00  INFO 7822 --- [control-app] [           main] [                                                 ] com.zaxxer.hikari.pool.HikariPool        : HikariPool-3 - Added connection org.postgresql.jdbc.PgConnection@659adaab
2026-09-09T02:46:52.907+08:00  INFO 7822 --- [control-app] [           main] [                                                 ] com.zaxxer.hikari.HikariDataSource       : HikariPool-3 - Start completed.
2026-09-09T02:46:52.907+08:00  INFO 7822 --- [control-app] [           main] [                                                 ] com.zaxxer.hikari.HikariDataSource       : HikariPool-4 - Starting...
2026-09-09T02:46:52.921+08:00  INFO 7822 --- [control-app] [           main] [                                                 ] com.zaxxer.hikari.pool.HikariPool        : HikariPool-4 - Added connection org.postgresql.jdbc.PgConnection@53967b86
2026-09-09T02:46:52.921+08:00  INFO 7822 --- [control-app] [           main] [                                                 ] com.zaxxer.hikari.HikariDataSource       : HikariPool-4 - Start completed.
2026-09-09T02:46:52.922+08:00  INFO 7822 --- [control-app] [           main] [                                                 ] com.zaxxer.hikari.HikariDataSource       : HikariPool-5 - Starting...
2026-09-09T02:46:52.940+08:00  INFO 7822 --- [control-app] [           main] [                                                 ] com.zaxxer.hikari.pool.HikariPool        : HikariPool-5 - Added connection org.postgresql.jdbc.PgConnection@5aa3cbaa
2026-09-09T02:46:52.941+08:00  INFO 7822 --- [control-app] [           main] [                                                 ] com.zaxxer.hikari.HikariDataSource       : HikariPool-5 - Start completed.
2026-09-09T02:46:53.142+08:00  INFO 7822 --- [control-app] [           main] [                                                 ] com.zaxxer.hikari.HikariDataSource       : HikariPool-6 - Starting...
2026-09-09T02:46:53.169+08:00  INFO 7822 --- [control-app] [           main] [                                                 ] com.zaxxer.hikari.pool.HikariPool        : HikariPool-6 - Added connection org.postgresql.jdbc.PgConnection@36e85d6
2026-09-09T02:46:53.170+08:00  INFO 7822 --- [control-app] [           main] [                                                 ] com.zaxxer.hikari.HikariDataSource       : HikariPool-6 - Start completed.
2026-09-09T02:46:53.366+08:00  INFO 7822 --- [control-app] [           main] [                                                 ] com.zaxxer.hikari.HikariDataSource       : HikariPool-7 - Starting...
2026-09-09T02:46:53.387+08:00  INFO 7822 --- [control-app] [           main] [                                                 ] com.zaxxer.hikari.pool.HikariPool        : HikariPool-7 - Added connection org.postgresql.jdbc.PgConnection@13ecdcc6
2026-09-09T02:46:53.387+08:00  INFO 7822 --- [control-app] [           main] [                                                 ] com.zaxxer.hikari.HikariDataSource       : HikariPool-7 - Start completed.
2026-09-09T02:46:53.524+08:00  INFO 7822 --- [control-app] [           main] [                                                 ] com.zaxxer.hikari.HikariDataSource       : HikariPool-8 - Starting...
2026-09-09T02:46:53.532+08:00  INFO 7822 --- [control-app] [           main] [                                                 ] com.zaxxer.hikari.pool.HikariPool        : HikariPool-8 - Added connection org.postgresql.jdbc.PgConnection@6075ace9
2026-09-09T02:46:53.532+08:00  INFO 7822 --- [control-app] [           main] [                                                 ] com.zaxxer.hikari.HikariDataSource       : HikariPool-8 - Start completed.
2026-09-09T02:46:53.617+08:00  INFO 7822 --- [control-app] [           main] [                                                 ] com.zaxxer.hikari.HikariDataSource       : HikariPool-9 - Starting...
2026-09-09T02:46:53.625+08:00  INFO 7822 --- [control-app] [           main] [                                                 ] com.zaxxer.hikari.pool.HikariPool        : HikariPool-9 - Added connection org.postgresql.jdbc.PgConnection@61d9a69e
2026-09-09T02:46:53.625+08:00  INFO 7822 --- [control-app] [           main] [                                                 ] com.zaxxer.hikari.HikariDataSource       : HikariPool-9 - Start completed.
2026-09-09T02:46:53.727+08:00  INFO 7822 --- [control-app] [           main] [                                                 ] com.zaxxer.hikari.HikariDataSource       : HikariPool-10 - Starting...
2026-09-09T02:46:53.738+08:00  INFO 7822 --- [control-app] [           main] [                                                 ] com.zaxxer.hikari.pool.HikariPool        : HikariPool-10 - Added connection org.postgresql.jdbc.PgConnection@60f2d21d
2026-09-09T02:46:53.738+08:00  INFO 7822 --- [control-app] [           main] [                                                 ] com.zaxxer.hikari.HikariDataSource       : HikariPool-10 - Start completed.
[INFO] Tests run: 5, Failures: 0, Errors: 0, Skipped: 0, Time elapsed: 3.805 s -- in com.objwww.pr.control.it.PostgresDatasetPartitionAccessTest
[INFO] Running com.objwww.pr.control.it.PostgresConfigBundleRepositoryTest
2026-09-09T02:46:53.867+08:00  INFO 7822 --- [control-app] [           main] [                                                 ] c.o.p.c.r.a.ConfigBundleService          : bundle 发布: 30ad808ed98886e339611e59f7bac711638e216776d0231c3aad2a5fe468382c revision=1 by=op-1 policy=policy-2026-09
2026-09-09T02:46:53.875+08:00  INFO 7822 --- [control-app] [           main] [                                                 ] c.o.p.c.r.a.ConfigBundleService          : activate 落位: 30ad808ed98886e339611e59f7bac711638e216776d0231c3aad2a5fe468382c revision=1 by=op-1
2026-09-09T02:46:53.964+08:00  INFO 7822 --- [control-app] [           main] [                                                 ] c.o.p.c.r.a.ConfigBundleService          : bundle 发布: 30ad808ed98886e339611e59f7bac711638e216776d0231c3aad2a5fe468382c revision=1 by=op-1 policy=policy-2026-09
2026-09-09T02:46:54.040+08:00  INFO 7822 --- [control-app] [           main] [                                                 ] c.o.p.c.r.a.ConfigBundleService          : bundle 发布: 30ad808ed98886e339611e59f7bac711638e216776d0231c3aad2a5fe468382c revision=1 by=op-1 policy=policy-2026-09
2026-09-09T02:46:54.041+08:00  INFO 7822 --- [control-app] [           main] [                                                 ] c.o.p.c.r.a.ConfigBundleService          : bundle 发布: be840a4ff5d98fc58380e1ed2d6501f2a7edb25711430dc0e9023b687140db80 revision=2 by=op-1 policy=policy-2026-09
2026-09-09T02:46:54.043+08:00  INFO 7822 --- [control-app] [           main] [                                                 ] c.o.p.c.r.a.ConfigBundleService          : activate 落位: 30ad808ed98886e339611e59f7bac711638e216776d0231c3aad2a5fe468382c revision=1 by=op-1
2026-09-09T02:46:54.044+08:00  INFO 7822 --- [control-app] [           main] [                                                 ] c.o.p.c.r.a.ConfigBundleService          : activate 落位: be840a4ff5d98fc58380e1ed2d6501f2a7edb25711430dc0e9023b687140db80 revision=2 by=op-1
2026-09-09T02:46:54.047+08:00  INFO 7822 --- [control-app] [           main] [                                                 ] c.o.p.c.r.a.ConfigBundleService          : rollback 落位: 30ad808ed98886e339611e59f7bac711638e216776d0231c3aad2a5fe468382c revision=1 by=op-2
2026-09-09T02:46:54.137+08:00  INFO 7822 --- [control-app] [           main] [                                                 ] c.o.p.c.r.a.ConfigBundleService          : bundle 发布: 30ad808ed98886e339611e59f7bac711638e216776d0231c3aad2a5fe468382c revision=1 by=op-1 policy=policy-2026-09
2026-09-09T02:46:54.139+08:00  INFO 7822 --- [control-app] [           main] [                                                 ] c.o.p.c.r.a.ConfigBundleService          : bundle 幂等重放: 30ad808ed98886e339611e59f7bac711638e216776d0231c3aad2a5fe468382c revision=1 by=op-2
[INFO] Tests run: 4, Failures: 0, Errors: 0, Skipped: 0, Time elapsed: 0.393 s -- in com.objwww.pr.control.it.PostgresConfigBundleRepositoryTest
[INFO] Running com.objwww.pr.control.it.PostgresModelCallLedgerRepositoryTest
[INFO] Tests run: 2, Failures: 0, Errors: 0, Skipped: 0, Time elapsed: 0.176 s -- in com.objwww.pr.control.it.PostgresModelCallLedgerRepositoryTest
[INFO] Running com.objwww.pr.control.it.PostgresGoldenCandidateRepositoryTest
2026-09-09T02:46:54.402+08:00  INFO 7822 --- [control-app] [           main] [                                                 ] com.zaxxer.hikari.HikariDataSource       : HikariPool-11 - Starting...
2026-09-09T02:46:54.409+08:00  INFO 7822 --- [control-app] [           main] [                                                 ] com.zaxxer.hikari.pool.HikariPool        : HikariPool-11 - Added connection org.postgresql.jdbc.PgConnection@decbfb1
2026-09-09T02:46:54.409+08:00  INFO 7822 --- [control-app] [           main] [                                                 ] com.zaxxer.hikari.HikariDataSource       : HikariPool-11 - Start completed.
2026-09-09T02:46:54.424+08:00  INFO 7822 --- [control-app] [           main] [                                                 ] com.zaxxer.hikari.HikariDataSource       : HikariPool-11 - Shutdown initiated...
2026-09-09T02:46:54.426+08:00  INFO 7822 --- [control-app] [           main] [                                                 ] com.zaxxer.hikari.HikariDataSource       : HikariPool-11 - Shutdown completed.
2026-09-09T02:46:54.500+08:00  INFO 7822 --- [control-app] [           main] [                                                 ] com.zaxxer.hikari.HikariDataSource       : HikariPool-12 - Starting...
2026-09-09T02:46:54.507+08:00  INFO 7822 --- [control-app] [           main] [                                                 ] com.zaxxer.hikari.pool.HikariPool        : HikariPool-12 - Added connection org.postgresql.jdbc.PgConnection@7d052918
2026-09-09T02:46:54.507+08:00  INFO 7822 --- [control-app] [           main] [                                                 ] com.zaxxer.hikari.HikariDataSource       : HikariPool-12 - Start completed.
2026-09-09T02:46:54.511+08:00  INFO 7822 --- [control-app] [           main] [                                                 ] com.zaxxer.hikari.HikariDataSource       : HikariPool-12 - Shutdown initiated...
2026-09-09T02:46:54.512+08:00  INFO 7822 --- [control-app] [           main] [                                                 ] com.zaxxer.hikari.HikariDataSource       : HikariPool-12 - Shutdown completed.
2026-09-09T02:46:54.594+08:00  INFO 7822 --- [control-app] [           main] [                                                 ] com.zaxxer.hikari.HikariDataSource       : HikariPool-13 - Starting...
2026-09-09T02:46:54.603+08:00  INFO 7822 --- [control-app] [           main] [                                                 ] com.zaxxer.hikari.pool.HikariPool        : HikariPool-13 - Added connection org.postgresql.jdbc.PgConnection@7fb4f80
2026-09-09T02:46:54.604+08:00  INFO 7822 --- [control-app] [           main] [                                                 ] com.zaxxer.hikari.HikariDataSource       : HikariPool-13 - Start completed.
2026-09-09T02:46:54.618+08:00  INFO 7822 --- [control-app] [           main] [                                                 ] com.zaxxer.hikari.HikariDataSource       : HikariPool-13 - Shutdown initiated...
2026-09-09T02:46:54.621+08:00  INFO 7822 --- [control-app] [           main] [                                                 ] com.zaxxer.hikari.HikariDataSource       : HikariPool-13 - Shutdown completed.
2026-09-09T02:46:54.717+08:00  INFO 7822 --- [control-app] [           main] [                                                 ] com.zaxxer.hikari.HikariDataSource       : HikariPool-14 - Starting...
2026-09-09T02:46:54.726+08:00  INFO 7822 --- [control-app] [           main] [                                                 ] com.zaxxer.hikari.pool.HikariPool        : HikariPool-14 - Added connection org.postgresql.jdbc.PgConnection@61393e1e
2026-09-09T02:46:54.726+08:00  INFO 7822 --- [control-app] [           main] [                                                 ] com.zaxxer.hikari.HikariDataSource       : HikariPool-14 - Start completed.
2026-09-09T02:46:54.744+08:00  INFO 7822 --- [control-app] [           main] [                                                 ] com.zaxxer.hikari.HikariDataSource       : HikariPool-14 - Shutdown initiated...
2026-09-09T02:46:54.744+08:00  INFO 7822 --- [control-app] [           main] [                                                 ] com.zaxxer.hikari.HikariDataSource       : HikariPool-14 - Shutdown completed.
2026-09-09T02:46:54.826+08:00  INFO 7822 --- [control-app] [           main] [                                                 ] com.zaxxer.hikari.HikariDataSource       : HikariPool-15 - Starting...
2026-09-09T02:46:54.833+08:00  INFO 7822 --- [control-app] [           main] [                                                 ] com.zaxxer.hikari.pool.HikariPool        : HikariPool-15 - Added connection org.postgresql.jdbc.PgConnection@71c71332
2026-09-09T02:46:54.833+08:00  INFO 7822 --- [control-app] [           main] [                                                 ] com.zaxxer.hikari.HikariDataSource       : HikariPool-15 - Start completed.
2026-09-09T02:46:54.847+08:00  INFO 7822 --- [control-app] [           main] [                                                 ] com.zaxxer.hikari.HikariDataSource       : HikariPool-15 - Shutdown initiated...
2026-09-09T02:46:54.848+08:00  INFO 7822 --- [control-app] [           main] [                                                 ] com.zaxxer.hikari.HikariDataSource       : HikariPool-15 - Shutdown completed.
[INFO] Tests run: 5, Failures: 0, Errors: 0, Skipped: 0, Time elapsed: 0.531 s -- in com.objwww.pr.control.it.PostgresGoldenCandidateRepositoryTest
[INFO] Running com.objwww.pr.control.it.PostgresDatasetVersionRepositoryTest
[INFO] Tests run: 5, Failures: 0, Errors: 0, Skipped: 0, Time elapsed: 0.407 s -- in com.objwww.pr.control.it.PostgresDatasetVersionRepositoryTest
[INFO] 
[INFO] Results:
[INFO] 
[INFO] Tests run: 1096, Failures: 0, Errors: 0, Skipped: 0
[INFO] 
[INFO] 
[INFO] --- jar:3.4.2:jar (default-jar) @ control-app ---
[INFO] Building jar: /opt/projects/pr_agent_it/control-app/target/control-app-0.0.1-SNAPSHOT.jar
[INFO] 
[INFO] --- spring-boot:3.4.5:repackage (repackage) @ control-app ---
[INFO] Attaching repackaged archive /opt/projects/pr_agent_it/control-app/target/control-app-0.0.1-SNAPSHOT-exec.jar with classifier exec
[INFO] 
[INFO] --- failsafe:3.5.3:integration-test (default) @ control-app ---
[INFO] Using auto detected provider org.apache.maven.surefire.junitplatform.JUnitPlatformProvider
[INFO] 
[INFO] -------------------------------------------------------
[INFO]  T E S T S
[INFO] -------------------------------------------------------
02:46:57.933 [main] INFO org.testcontainers.DockerClientFactory -- Testcontainers version: 1.20.4
02:46:58.093 [main] INFO org.testcontainers.dockerclient.DockerClientProviderStrategy -- Loaded org.testcontainers.dockerclient.UnixSocketClientProviderStrategy from ~/.testcontainers.properties, will try it first
02:46:58.390 [main] INFO org.testcontainers.dockerclient.DockerClientProviderStrategy -- Found Docker environment with local Unix socket (unix:///var/run/docker.sock)
02:46:58.392 [main] INFO org.testcontainers.DockerClientFactory -- Docker host IP address is localhost
02:46:58.409 [main] INFO org.testcontainers.DockerClientFactory -- Connected to docker: 
  Server Version: 26.1.4
  API Version: 1.45
  Operating System: CentOS Linux 7 (Core)
  Total Memory: 7725 MB
02:46:58.420 [main] INFO org.testcontainers.images.PullPolicy -- Image pull policy will be performed by: DefaultPullPolicy()
02:46:58.422 [main] INFO org.testcontainers.utility.ImageNameSubstitutor -- Image name substitution will be performed by: DefaultImageNameSubstitutor (composite of 'ConfigurationFileImageNameSubstitutor' and 'PrefixingImageNameSubstitutor')
02:46:58.488 [main] INFO tc.testcontainers/ryuk:0.11.0 -- Creating container for image: testcontainers/ryuk:0.11.0
02:46:58.494 [main] INFO org.testcontainers.utility.RegistryAuthLocator -- Failure when attempting to lookup auth config. Please ignore if you don't have images in an authenticated registry. Details: (dockerImageName: testcontainers/ryuk:0.11.0, configFile: /root/.docker/config.json, configEnv: DOCKER_AUTH_CONFIG). Falling back to docker-java default behaviour. Exception message: Status 404: No config supplied. Checked in order: /root/.docker/config.json (file not found), DOCKER_AUTH_CONFIG (not set)
02:46:58.724 [main] INFO tc.testcontainers/ryuk:0.11.0 -- Container testcontainers/ryuk:0.11.0 is starting: f7946299796826cd1f0c4a7929dc3d7d2b80a80ca7a1c09cd08db12320bb2667
02:46:59.198 [main] INFO tc.testcontainers/ryuk:0.11.0 -- Container testcontainers/ryuk:0.11.0 started in PT0.709783025S
02:46:59.204 [main] INFO org.testcontainers.utility.RyukResourceReaper -- Ryuk started - will monitor and terminate Testcontainers containers on JVM exit
02:46:59.204 [main] INFO org.testcontainers.DockerClientFactory -- Checking the system...
02:46:59.205 [main] INFO org.testcontainers.DockerClientFactory -- ✔︎ Docker server version should be at least 1.6.0
[INFO] Running com.objwww.pr.control.it.PostgresOperatorCaseIT
02:46:59.225 [main] INFO tc.postgres:16-alpine -- Creating container for image: postgres:16-alpine
02:46:59.282 [main] INFO tc.postgres:16-alpine -- Container postgres:16-alpine is starting: c69f8b51ae376007de99af22986a447daab3182d48d74c3f8c36ec44445a5b43
02:47:00.535 [main] INFO tc.postgres:16-alpine -- Container postgres:16-alpine started in PT1.309695563S
02:47:00.536 [main] INFO tc.postgres:16-alpine -- Container is started (JDBC URL: jdbc:postgresql://localhost:33242/test?loggerLevel=OFF)
02:47:00.543 [main] INFO com.zaxxer.hikari.HikariDataSource -- HikariPool-1 - Starting...
02:47:00.745 [main] INFO com.zaxxer.hikari.pool.HikariPool -- HikariPool-1 - Added connection org.postgresql.jdbc.PgConnection@65a5d4f9
02:47:00.746 [main] INFO com.zaxxer.hikari.HikariDataSource -- HikariPool-1 - Start completed.
02:47:01.104 [main] INFO org.flywaydb.core.FlywayExecutor -- Database: jdbc:postgresql://localhost:33242/test?loggerLevel=OFF (PostgreSQL 16.15)
02:47:01.167 [main] INFO org.flywaydb.core.internal.schemahistory.JdbcTableSchemaHistory -- Schema history table "public"."flyway_schema_history" does not exist yet
02:47:01.171 [main] INFO org.flywaydb.core.internal.command.DbValidate -- Successfully validated 32 migrations (execution time 00:00.039s)
02:47:01.186 [main] INFO org.flywaydb.core.internal.schemahistory.JdbcTableSchemaHistory -- Creating Schema History table "public"."flyway_schema_history" ...
02:47:01.235 [main] INFO org.flywaydb.core.internal.command.DbMigrate -- Current version of schema "public": << Empty Schema >>
02:47:01.285 [main] INFO org.flywaydb.core.internal.command.DbMigrate -- Migrating schema "public" to version "1 - m0 schema"
02:47:01.379 [main] INFO org.flywaydb.core.internal.command.DbMigrate -- Migrating schema "public" to version "2 - grants"
02:47:01.408 [main] INFO org.flywaydb.core.internal.command.DbMigrate -- Migrating schema "public" to version "3 - m1 inbox reconcile"
02:47:01.452 [main] INFO org.flywaydb.core.internal.command.DbMigrate -- Migrating schema "public" to version "4 - m2 checkpoint repair"
02:47:01.504 [main] INFO org.flywaydb.core.internal.command.DbMigrate -- Migrating schema "public" to version "5 - m3 model governance"
02:47:01.569 [main] INFO org.flywaydb.core.internal.command.DbMigrate -- Migrating schema "public" to version "6 - m4 sandbox"
02:47:01.628 [main] INFO org.flywaydb.core.internal.command.DbMigrate -- Migrating schema "public" to version "7 - am1 alert domain"
02:47:01.687 [main] INFO org.flywaydb.core.internal.command.DbMigrate -- Migrating schema "public" to version "8 - am1 dag reserve"
02:47:01.708 [main] INFO org.flywaydb.core.internal.command.DbMigrate -- Migrating schema "public" to version "9 - am3 eval notify"
02:47:01.758 [main] INFO org.flywaydb.core.internal.command.DbMigrate -- Migrating schema "public" to version "10 - am3 eval run"
02:47:01.778 [main] INFO org.flywaydb.core.internal.command.DbMigrate -- Migrating schema "public" to version "11 - am3 eval readonly"
02:47:01.785 [main] INFO org.flywaydb.core.internal.command.DbMigrate -- Migrating schema "public" to version "12 - am4 state expansion"
02:47:01.797 [main] INFO org.flywaydb.core.internal.command.DbMigrate -- Migrating schema "public" to version "13 - am4 budget ledger"
02:47:01.812 [main] INFO org.flywaydb.core.internal.command.DbMigrate -- Migrating schema "public" to version "14 - am4 rca event"
02:47:01.832 [main] INFO org.flywaydb.core.internal.command.DbMigrate -- Migrating schema "public" to version "15 - am4 tool invocation ledger"
02:47:01.846 [main] INFO org.flywaydb.core.internal.command.DbMigrate -- Migrating schema "public" to version "16 - am4 evidence snapshot"
02:47:01.869 [main] INFO org.flywaydb.core.internal.command.DbMigrate -- Migrating schema "public" to version "17 - am4 claim"
02:47:01.885 [main] INFO org.flywaydb.core.internal.command.DbMigrate -- Migrating schema "public" to version "18 - am4 task edge run scope"
02:47:01.897 [main] INFO org.flywaydb.core.internal.command.DbMigrate -- Migrating schema "public" to version "19 - am4 tool replay"
02:47:01.916 [main] INFO org.flywaydb.core.internal.command.DbMigrate -- Migrating schema "public" to version "20 - am5 dataset version"
02:47:01.934 [main] INFO org.flywaydb.core.internal.command.DbMigrate -- Migrating schema "public" to version "21 - am5 dataset partition"
02:47:01.957 [main] INFO org.flywaydb.core.internal.command.DbMigrate -- Migrating schema "public" to version "22 - am5 golden candidate"
02:47:01.983 [main] INFO org.flywaydb.core.internal.command.DbMigrate -- Migrating schema "public" to version "23 - am5 sampling fingerprint"
02:47:01.997 [main] INFO org.flywaydb.core.internal.command.DbMigrate -- Migrating schema "public" to version "24 - am5 config bundle"
02:47:02.015 [main] INFO org.flywaydb.core.internal.command.DbMigrate -- Migrating schema "public" to version "25 - am5 canary route"
02:47:02.034 [main] INFO org.flywaydb.core.internal.command.DbMigrate -- Migrating schema "public" to version "26 - am5 operator case"
02:47:02.051 [main] INFO org.flywaydb.core.internal.command.DbMigrate -- Migrating schema "public" to version "27 - am5 operator command"
02:47:02.065 [main] INFO org.flywaydb.core.internal.command.DbMigrate -- Migrating schema "public" to version "28 - am5 monthly partition"
02:47:02.108 [main] INFO org.flywaydb.core.internal.command.DbMigrate -- Migrating schema "public" to version "29 - am5 retention archive"
02:47:02.130 [main] INFO org.flywaydb.core.internal.command.DbMigrate -- Migrating schema "public" to version "30 - am6 canary window verdict"
02:47:02.151 [main] INFO org.flywaydb.core.internal.command.DbMigrate -- Migrating schema "public" to version "31 - ba52 canary decision fk deferred"
02:47:02.157 [main] INFO org.flywaydb.core.internal.command.DbMigrate -- Migrating schema "public" to version "32 - am6 engine comparison"
02:47:02.173 [main] INFO org.flywaydb.core.internal.command.DbMigrate -- Successfully applied 32 migrations to schema "public", now at version v32 (execution time 00:00.593s)
02:47:02.177 [main] INFO com.zaxxer.hikari.HikariDataSource -- HikariPool-2 - Starting...
02:47:02.194 [main] INFO com.zaxxer.hikari.pool.HikariPool -- HikariPool-2 - Added connection org.postgresql.jdbc.PgConnection@559cedee
02:47:02.195 [main] INFO com.zaxxer.hikari.HikariDataSource -- HikariPool-2 - Start completed.
02:47:02.195 [main] INFO com.zaxxer.hikari.HikariDataSource -- HikariPool-3 - Starting...
02:47:02.204 [main] INFO com.zaxxer.hikari.pool.HikariPool -- HikariPool-3 - Added connection org.postgresql.jdbc.PgConnection@11e355ca
02:47:02.205 [main] INFO com.zaxxer.hikari.HikariDataSource -- HikariPool-3 - Start completed.
02:47:02.205 [main] INFO com.zaxxer.hikari.HikariDataSource -- HikariPool-4 - Starting...
02:47:02.225 [main] INFO com.zaxxer.hikari.pool.HikariPool -- HikariPool-4 - Added connection org.postgresql.jdbc.PgConnection@1e1b061
02:47:02.226 [main] INFO com.zaxxer.hikari.HikariDataSource -- HikariPool-4 - Start completed.
02:47:02.226 [main] INFO com.zaxxer.hikari.HikariDataSource -- HikariPool-5 - Starting...
02:47:02.237 [main] INFO com.zaxxer.hikari.pool.HikariPool -- HikariPool-5 - Added connection org.postgresql.jdbc.PgConnection@4483d35
02:47:02.249 [main] INFO com.zaxxer.hikari.HikariDataSource -- HikariPool-5 - Start completed.
02:47:02.450 [main] INFO com.objwww.pr.control.ops.application.OperatorCaseService -- {"event":"operator_case_transition","ts":"2026-09-08T18:47:02.448729869Z","revision":1,"to":"OPEN","rule":"T00_CREATE","caseId":"0339e216-2096-403c-a4f8-4a3883ecb567"}
02:47:02.464 [main] INFO com.objwww.pr.control.ops.application.OperatorCaseService -- {"event":"operator_case_transition","ts":"2026-09-08T18:47:02.463859904Z","revision":2,"to":"OPEN","rule":"T60_ESCALATE","caseId":"0339e216-2096-403c-a4f8-4a3883ecb567"}
02:47:02.539 [main] INFO com.objwww.pr.control.ops.application.OperatorCaseService -- {"event":"operator_case_transition","ts":"2026-09-08T18:47:02.539205208Z","revision":3,"to":"RESOLVED","rule":"T30_RESOLVE","caseId":"0339e216-2096-403c-a4f8-4a3883ecb567"}
02:47:02.648 [main] INFO com.objwww.pr.control.ops.application.OperatorCaseService -- {"event":"operator_case_transition","ts":"2026-09-08T18:47:02.648756997Z","revision":1,"to":"OPEN","rule":"T00_CREATE","caseId":"ba409608-ffa2-4d30-acd8-9d3f9d84e4e7"}
02:47:02.652 [pool-2-thread-1] INFO com.objwww.pr.control.ops.application.OperatorCaseService -- {"event":"operator_case_transition","ts":"2026-09-08T18:47:02.652637185Z","revision":2,"to":"ACKED","rule":"T10_CLAIM","caseId":"ba409608-ffa2-4d30-acd8-9d3f9d84e4e7"}
02:47:02.756 [main] INFO com.objwww.pr.control.ops.application.OperatorCaseService -- {"event":"operator_case_transition","ts":"2026-09-08T18:47:02.755904176Z","revision":1,"to":"OPEN","rule":"T00_CREATE","caseId":"4a8ecba0-9db8-4db8-a577-87d6b2afb10a"}
02:47:02.759 [main] INFO com.objwww.pr.control.ops.application.OperatorCaseService -- {"event":"operator_case_transition","ts":"2026-09-08T18:47:02.759236232Z","revision":2,"to":"OPEN","rule":"T50_MERGE","caseId":"4a8ecba0-9db8-4db8-a577-87d6b2afb10a"}
02:47:02.762 [main] INFO com.objwww.pr.control.ops.application.OperatorCaseService -- {"event":"operator_case_transition","ts":"2026-09-08T18:47:02.762391415Z","revision":3,"to":"OPEN","rule":"T50_MERGE","caseId":"4a8ecba0-9db8-4db8-a577-87d6b2afb10a"}
[INFO] Tests run: 3, Failures: 0, Errors: 0, Skipped: 0, Time elapsed: 3.560 s -- in com.objwww.pr.control.it.PostgresOperatorCaseIT
[INFO] Running com.objwww.pr.control.it.AlertEvidenceIT
[INFO] Tests run: 4, Failures: 0, Errors: 0, Skipped: 0, Time elapsed: 0.340 s -- in com.objwww.pr.control.it.AlertEvidenceIT
[INFO] Running com.objwww.pr.control.it.PostgresRcaTaskRepositoryIT
[INFO] Tests run: 4, Failures: 0, Errors: 0, Skipped: 0, Time elapsed: 0.373 s -- in com.objwww.pr.control.it.PostgresRcaTaskRepositoryIT
[INFO] Running com.objwww.pr.control.it.AlertV10EvalRunIT
[INFO] Tests run: 6, Failures: 0, Errors: 0, Skipped: 0, Time elapsed: 0.623 s -- in com.objwww.pr.control.it.AlertV10EvalRunIT
[INFO] Running com.objwww.pr.control.it.AlertToolInvocationLedgerIT
[INFO] Tests run: 5, Failures: 0, Errors: 0, Skipped: 0, Time elapsed: 0.363 s -- in com.objwww.pr.control.it.AlertToolInvocationLedgerIT
[INFO] Running com.objwww.pr.control.it.AlertV18TaskEdgeRunScopeIT
[INFO] Tests run: 4, Failures: 0, Errors: 0, Skipped: 0, Time elapsed: 0.273 s -- in com.objwww.pr.control.it.AlertV18TaskEdgeRunScopeIT
[INFO] Running com.objwww.pr.control.it.AlertV12StateExpansionIT
[INFO] Tests run: 4, Failures: 0, Errors: 0, Skipped: 0, Time elapsed: 0.287 s -- in com.objwww.pr.control.it.AlertV12StateExpansionIT
[INFO] Running com.objwww.pr.control.it.AlertDagCycleGuardIT
[INFO] Tests run: 1, Failures: 0, Errors: 0, Skipped: 0, Time elapsed: 0.092 s -- in com.objwww.pr.control.it.AlertDagCycleGuardIT
[INFO] Running com.objwww.pr.control.it.AlertIncidentBudgetIT
[INFO] Tests run: 5, Failures: 0, Errors: 0, Skipped: 0, Time elapsed: 0.434 s -- in com.objwww.pr.control.it.AlertIncidentBudgetIT
[INFO] Running com.objwww.pr.control.it.AlertToolReplayStoreIT
[INFO] Tests run: 4, Failures: 0, Errors: 0, Skipped: 0, Time elapsed: 0.336 s -- in com.objwww.pr.control.it.AlertToolReplayStoreIT
[INFO] Running com.objwww.pr.control.it.Am4E2E06FaultDrillIT
02:47:06.110 [main] INFO com.objwww.pr.control.alert.application.RcaRunOrchestrator -- {"event":"rca_task_decision","ts":"2026-09-08T18:47:06.110467333Z","latency_ms":25,"attempt_id":"f4a0b409-e5d8-49ef-9304-90731ee5490a","task_id":"a036c763-9033-431c-9c09-421b3bbd2d89","run_id":"e07dfba9-c81e-4383-9247-5621c64845a6","decision":"COMPLETED"}
02:47:06.128 [main] WARN com.objwww.pr.control.alert.application.RcaRunOrchestrator -- task a036c763-9033-431c-9c09-421b3bbd2d89 旧租约提交被拒 owner=e06-worker epoch=1
02:47:06.394 [main] INFO com.objwww.pr.control.alert.application.RcaRunOrchestrator -- {"event":"rca_task_decision","ts":"2026-09-08T18:47:06.393896720Z","latency_ms":8,"attempt_id":"3b5a98a3-95e1-4f42-9356-55eb4b4ce7ea","task_id":"5abcd4f2-60a2-4ffb-9cba-1d134228d38c","run_id":"d0a84732-cbb2-42d6-86e4-0d349134fd2d","decision":"COMPLETED"}
02:47:06.622 [main] INFO com.objwww.pr.control.alert.application.DeterministicSupervisor -- {"event":"am4_run_reporting","ts":"2026-09-08T18:47:06.622291606Z","run_id":"e4d1a006-68d8-4c0e-b2ed-98023cc38fcf"}
02:47:06.622 [main] INFO com.objwww.pr.control.alert.application.DeterministicSupervisor -- run e4d1a006-68d8-4c0e-b2ed-98023cc38fcf 全任务终态 → REPORTING（报告链组装）
02:47:06.717 [main] INFO com.objwww.pr.control.alert.application.DeterministicSupervisor -- {"event":"am4_run_reporting","ts":"2026-09-08T18:47:06.717320892Z","run_id":"820d9cb1-434c-49f7-a5a4-b8c918066490"}
02:47:06.717 [main] INFO com.objwww.pr.control.alert.application.DeterministicSupervisor -- run 820d9cb1-434c-49f7-a5a4-b8c918066490 全任务终态 → REPORTING（报告链组装）
02:47:06.733 [main] INFO com.objwww.pr.control.alert.application.DeterministicSupervisor -- {"event":"am4_run_reporting","ts":"2026-09-08T18:47:06.733232020Z","run_id":"cf71599f-f2a6-4fa0-9c42-c7c0d089b49e"}
02:47:06.733 [main] INFO com.objwww.pr.control.alert.application.DeterministicSupervisor -- run cf71599f-f2a6-4fa0-9c42-c7c0d089b49e 全任务终态 → REPORTING（报告链组装）
[INFO] Tests run: 6, Failures: 0, Errors: 0, Skipped: 0, Time elapsed: 0.829 s -- in com.objwww.pr.control.it.Am4E2E06FaultDrillIT
[INFO] Running com.objwww.pr.control.it.Am4E2E08ReplayIT
[INFO] Tests run: 2, Failures: 0, Errors: 0, Skipped: 0, Time elapsed: 0.176 s -- in com.objwww.pr.control.it.Am4E2E08ReplayIT
[INFO] Running com.objwww.pr.control.it.PostgresArchiveIT
02:47:06.990 [main] INFO com.objwww.pr.control.ops.application.ArchiveService -- CONTROL_ARCHIVE_REJECTED table=rca_event partition=rca_event_2026_10 gate=legal_hold
02:47:06.996 [main] INFO com.objwww.pr.control.ops.application.ArchiveService -- CONTROL_ARCHIVE_REJECTED table=rca_event partition=rca_event_2026_10 gate=legal_hold
02:47:07.153 [main] INFO com.objwww.pr.control.ops.application.ArchiveService -- CONTROL_ARCHIVE_REJECTED table=rca_event partition=rca_event_2026_10 gate=export_failed
02:47:07.232 [main] INFO com.objwww.pr.control.ops.application.ArchiveService -- CONTROL_ARCHIVE_REJECTED table=rca_event partition=rca_event_2026_10 gate=verify_failed
[INFO] Tests run: 5, Failures: 0, Errors: 0, Skipped: 0, Time elapsed: 0.418 s -- in com.objwww.pr.control.it.PostgresArchiveIT
[INFO] Running com.objwww.pr.control.it.AlertV7MigrationContractIT
[INFO] Tests run: 5, Failures: 0, Errors: 0, Skipped: 0, Time elapsed: 0.396 s -- in com.objwww.pr.control.it.AlertV7MigrationContractIT
[INFO] Running com.objwww.pr.control.it.AlertM3RepositoryIT
[INFO] Tests run: 9, Failures: 0, Errors: 0, Skipped: 0, Time elapsed: 0.746 s -- in com.objwww.pr.control.it.AlertM3RepositoryIT
[INFO] Running com.objwww.pr.control.it.AlertV9MigrationContractIT
[INFO] Tests run: 9, Failures: 0, Errors: 0, Skipped: 0, Time elapsed: 0.801 s -- in com.objwww.pr.control.it.AlertV9MigrationContractIT
[INFO] Running com.objwww.pr.control.it.AlertRunBudgetLedgerIT
[INFO] Tests run: 9, Failures: 0, Errors: 0, Skipped: 0, Time elapsed: 0.823 s -- in com.objwww.pr.control.it.AlertRunBudgetLedgerIT
[INFO] Running com.objwww.pr.control.it.Am6NativeFullChainIT
02:47:10.225 [main] INFO com.objwww.pr.control.alert.application.DeterministicSupervisor -- {"event":"am4_run_reporting","ts":"2026-09-08T18:47:10.225405558Z","run_id":"78679676-0dd5-48bb-bc24-1f81659899c0"}
02:47:10.225 [main] INFO com.objwww.pr.control.alert.application.DeterministicSupervisor -- run 78679676-0dd5-48bb-bc24-1f81659899c0 全任务终态 → REPORTING（报告链组装）
02:47:10.252 [main] INFO com.objwww.pr.control.infrastructure.nativeexec.NativeInvestigationExecutor -- native 全链完成 run=78679676-0dd5-48bb-bc24-1f81659899c0 reportOutcome=CONFIRMED claims=1 validation=STRUCTURE_VALIDATED 快照=7f4fe07992caef0eb7c9c2612a69a720bc307e34a2f7e5b71f1ea08b9b2f3045
02:47:10.263 [main] INFO com.objwww.pr.control.alert.application.RcaRunOrchestrator -- {"event":"rca_task_decision","ts":"2026-09-08T18:47:10.263875082Z","latency_ms":58,"attempt_id":"81cf4565-61db-4694-b2e4-97db41e91c3f","task_id":"c5990040-502c-4069-bfbb-c45a416c1208","run_id":"78679676-0dd5-48bb-bc24-1f81659899c0","decision":"COMPLETED"}
[INFO] Tests run: 2, Failures: 0, Errors: 0, Skipped: 0, Time elapsed: 0.247 s -- in com.objwww.pr.control.it.Am6NativeFullChainIT
[INFO] Running com.objwww.pr.control.it.AlertDagPromotionIT
[INFO] Tests run: 3, Failures: 0, Errors: 0, Skipped: 0, Time elapsed: 0.260 s -- in com.objwww.pr.control.it.AlertDagPromotionIT
[INFO] Running com.objwww.pr.control.it.PostgresCanaryRoutingIT
[INFO] Tests run: 5, Failures: 0, Errors: 0, Skipped: 0, Time elapsed: 0.424 s -- in com.objwww.pr.control.it.PostgresCanaryRoutingIT
[INFO] Running com.objwww.pr.control.it.AlertClaimIT
[INFO] Tests run: 8, Failures: 0, Errors: 0, Skipped: 0, Time elapsed: 0.735 s -- in com.objwww.pr.control.it.AlertClaimIT
[INFO] Running com.objwww.pr.control.it.PostgresRetentionIT
[INFO] Tests run: 4, Failures: 0, Errors: 0, Skipped: 0, Time elapsed: 0.334 s -- in com.objwww.pr.control.it.PostgresRetentionIT
[INFO] Running com.objwww.pr.control.it.CanaryWindowPromotionIT
[INFO] Tests run: 2, Failures: 0, Errors: 0, Skipped: 0, Time elapsed: 0.200 s -- in com.objwww.pr.control.it.CanaryWindowPromotionIT
[INFO] Running com.objwww.pr.control.it.AlertRcaEventIT
[INFO] Tests run: 7, Failures: 0, Errors: 0, Skipped: 0, Time elapsed: 0.696 s -- in com.objwww.pr.control.it.AlertRcaEventIT
[INFO] Running com.objwww.pr.control.it.PostgresEngineComparisonIT
[INFO] Tests run: 2, Failures: 0, Errors: 0, Skipped: 0, Time elapsed: 0.168 s -- in com.objwww.pr.control.it.PostgresEngineComparisonIT
[INFO] Running com.objwww.pr.control.it.AlertGenerationFenceIT
02:47:13.353 [main] INFO com.objwww.pr.control.alert.application.RcaRunOrchestrator -- {"event":"rca_task_decision","ts":"2026-09-08T18:47:13.353413833Z","run_state":"SUPERSEDED","attempt_id":"dd341799-0328-4122-8ebe-ea9f2a9aaa90","task_id":"0845e5d7-e7ef-42f5-bf04-9b5809cf1299","run_id":"678591e1-6301-4351-b4fd-82ad66f7810d","decision":"STALE_GENERATION"}
02:47:13.354 [main] WARN com.objwww.pr.control.alert.application.RcaRunOrchestrator -- task 0845e5d7-e7ef-42f5-bf04-9b5809cf1299 旧代结果作废（run 678591e1-6301-4351-b4fd-82ad66f7810d state=SUPERSEDED），task→STALE 零落档
[INFO] Tests run: 2, Failures: 0, Errors: 0, Skipped: 0, Time elapsed: 0.175 s -- in com.objwww.pr.control.it.AlertGenerationFenceIT
[INFO] Running com.objwww.pr.control.it.AlertEvidenceSnapshotIT
[INFO] Tests run: 3, Failures: 0, Errors: 0, Skipped: 0, Time elapsed: 0.213 s -- in com.objwww.pr.control.it.AlertEvidenceSnapshotIT
[INFO] 
[INFO] Results:
[INFO] 
[INFO] Tests run: 123, Failures: 0, Errors: 0, Skipped: 0
[INFO] 
[INFO] 
[INFO] --- failsafe:3.5.3:verify (default) @ control-app ---
[INFO] 
[INFO] ---------------------< com.objwww.pr:order-arena >----------------------
[INFO] Building order-arena 0.0.1-SNAPSHOT                                [4/6]
[INFO]   from order-arena/pom.xml
[INFO] --------------------------------[ jar ]---------------------------------
[INFO] 
[INFO] --- clean:3.4.1:clean (default-clean) @ order-arena ---
[INFO] Deleting /opt/projects/pr_agent_it/order-arena/target
[INFO] 
[INFO] --- resources:3.3.1:resources (default-resources) @ order-arena ---
[INFO] Copying 2 resources from src/main/resources to target/classes
[INFO] Copying 7 resources from src/main/resources to target/classes
[INFO] 
[INFO] --- compiler:3.13.0:compile (default-compile) @ order-arena ---
[INFO] Recompiling the module because of changed dependency.
[INFO] Compiling 59 source files with javac [debug parameters release 21] to target/classes
[INFO] 
[INFO] --- resources:3.3.1:testResources (default-testResources) @ order-arena ---
[INFO] skip non existing resourceDirectory /opt/projects/pr_agent_it/order-arena/src/test/resources
[INFO] 
[INFO] --- compiler:3.13.0:testCompile (default-testCompile) @ order-arena ---
[INFO] Recompiling the module because of changed dependency.
[INFO] Compiling 17 source files with javac [debug parameters release 21] to target/test-classes
[INFO] /opt/projects/pr_agent_it/order-arena/src/test/java/com/objwww/pr/arena/deploy/ComposeTopologyContractTest.java: /opt/projects/pr_agent_it/order-arena/src/test/java/com/objwww/pr/arena/deploy/ComposeTopologyContractTest.java uses unchecked or unsafe operations.
[INFO] /opt/projects/pr_agent_it/order-arena/src/test/java/com/objwww/pr/arena/deploy/ComposeTopologyContractTest.java: Recompile with -Xlint:unchecked for details.
[INFO] 
[INFO] --- surefire:3.5.3:test (default-test) @ order-arena ---
[INFO] Using auto detected provider org.apache.maven.surefire.junitplatform.JUnitPlatformProvider
[INFO] 
[INFO] -------------------------------------------------------
[INFO]  T E S T S
[INFO] -------------------------------------------------------
[INFO] Running com.objwww.pr.arena.domain.statemachine.StateMachineExhaustiveTest
[INFO] Tests run: 5, Failures: 0, Errors: 0, Skipped: 0, Time elapsed: 0.118 s -- in com.objwww.pr.arena.domain.statemachine.StateMachineExhaustiveTest
[INFO] Running com.objwww.pr.arena.ArenaArchitectureTest
02:47:15.972 [main] INFO com.tngtech.archunit.core.PluginLoader -- Detected Java version 21.0.12.1
[INFO] Tests run: 3, Failures: 0, Errors: 0, Skipped: 0, Time elapsed: 2.036 s -- in com.objwww.pr.arena.ArenaArchitectureTest
[INFO] Running com.objwww.pr.arena.deploy.ComposeTopologyContractTest
[INFO] Tests run: 10, Failures: 0, Errors: 0, Skipped: 0, Time elapsed: 0.145 s -- in com.objwww.pr.arena.deploy.ComposeTopologyContractTest
[INFO] Running com.objwww.pr.arena.application.TrafficGeneratorTest
[INFO] Tests run: 2, Failures: 0, Errors: 0, Skipped: 0, Time elapsed: 0.053 s -- in com.objwww.pr.arena.application.TrafficGeneratorTest
[INFO] Running com.objwww.pr.arena.ArenaContextSmokeTest
02:47:18.294 [main] INFO org.springframework.test.context.support.AnnotationConfigContextLoaderUtils -- Could not detect default configuration classes for test class [com.objwww.pr.arena.ArenaContextSmokeTest]: ArenaContextSmokeTest does not declare any static, non-private, non-final, nested classes annotated with @Configuration.
02:47:18.436 [main] INFO org.springframework.boot.test.context.SpringBootTestContextBootstrapper -- Found @SpringBootConfiguration com.objwww.pr.arena.ArenaApplication for test class com.objwww.pr.arena.ArenaContextSmokeTest

  .   ____          _            __ _ _
 /\\ / ___'_ __ _ _(_)_ __  __ _ \ \ \ \
( ( )\___ | '_ | '_| | '_ \/ _` | \ \ \ \
 \\/  ___)| |_)| | | | | || (_| |  ) ) ) )
  '  |____| .__|_| |_|_| |_\__, | / / / /
 =========|_|==============|___/=/_/_/_/

 :: Spring Boot ::                (v3.4.5)

2026-09-09T02:47:19.036+08:00  INFO 12634 --- [order-arena] [           main] c.objwww.pr.arena.ArenaContextSmokeTest  : Starting ArenaContextSmokeTest using Java 21.0.12.1 with PID 12634 (started by root in /opt/projects/pr_agent_it/order-arena)
2026-09-09T02:47:19.060+08:00  INFO 12634 --- [order-arena] [           main] c.objwww.pr.arena.ArenaContextSmokeTest  : No active profile set, falling back to 1 default profile: "default"
2026-09-09T02:47:20.593+08:00  INFO 12634 --- [order-arena] [           main] c.objwww.pr.arena.ArenaContextSmokeTest  : Started ArenaContextSmokeTest in 1.968 seconds (process running for 5.555)
Mockito is currently self-attaching to enable the inline-mock-maker. This will no longer work in future releases of the JDK. Please add Mockito as an agent to your build what is described in Mockito's documentation: https://javadoc.io/doc/org.mockito/mockito-core/latest/org/mockito/Mockito.html#0.3
OpenJDK 64-Bit Server VM warning: Sharing is only supported for boot loader classes because bootstrap classpath has been appended
WARNING: A Java agent has been loaded dynamically (/root/.m2/repository/net/bytebuddy/byte-buddy-agent/1.15.11/byte-buddy-agent-1.15.11.jar)
WARNING: If a serviceability tool is in use, please run with -XX:+EnableDynamicAgentLoading to hide this warning
WARNING: If a serviceability tool is not in use, please run with -Djdk.instrument.traceUsage for more information
WARNING: Dynamic loading of agents will be disallowed by default in a future release
[INFO] Tests run: 2, Failures: 0, Errors: 0, Skipped: 0, Time elapsed: 3.020 s -- in com.objwww.pr.arena.ArenaContextSmokeTest
[INFO] Running com.objwww.pr.arena.interfaces.OrderControllerTest
2026-09-09T02:47:21.248+08:00  INFO 12634 --- [order-arena] [           main] o.s.mock.web.MockServletContext          : Initializing Spring TestDispatcherServlet ''
2026-09-09T02:47:21.249+08:00  INFO 12634 --- [order-arena] [           main] o.s.t.web.servlet.TestDispatcherServlet  : Initializing Servlet ''
2026-09-09T02:47:21.250+08:00  INFO 12634 --- [order-arena] [           main] o.s.t.web.servlet.TestDispatcherServlet  : Completed initialization in 0 ms
2026-09-09T02:47:21.422+08:00  INFO 12634 --- [order-arena] [           main] o.s.mock.web.MockServletContext          : Initializing Spring TestDispatcherServlet ''
2026-09-09T02:47:21.423+08:00  INFO 12634 --- [order-arena] [           main] o.s.t.web.servlet.TestDispatcherServlet  : Initializing Servlet ''
2026-09-09T02:47:21.423+08:00  INFO 12634 --- [order-arena] [           main] o.s.t.web.servlet.TestDispatcherServlet  : Completed initialization in 0 ms
2026-09-09T02:47:21.434+08:00  INFO 12634 --- [order-arena] [           main] o.s.mock.web.MockServletContext          : Initializing Spring TestDispatcherServlet ''
2026-09-09T02:47:21.435+08:00  INFO 12634 --- [order-arena] [           main] o.s.t.web.servlet.TestDispatcherServlet  : Initializing Servlet ''
2026-09-09T02:47:21.435+08:00  INFO 12634 --- [order-arena] [           main] o.s.t.web.servlet.TestDispatcherServlet  : Completed initialization in 0 ms
2026-09-09T02:47:21.453+08:00  INFO 12634 --- [order-arena] [           main] o.s.mock.web.MockServletContext          : Initializing Spring TestDispatcherServlet ''
2026-09-09T02:47:21.454+08:00  INFO 12634 --- [order-arena] [           main] o.s.t.web.servlet.TestDispatcherServlet  : Initializing Servlet ''
2026-09-09T02:47:21.454+08:00  INFO 12634 --- [order-arena] [           main] o.s.t.web.servlet.TestDispatcherServlet  : Completed initialization in 0 ms
2026-09-09T02:47:21.465+08:00  INFO 12634 --- [order-arena] [           main] o.s.mock.web.MockServletContext          : Initializing Spring TestDispatcherServlet ''
2026-09-09T02:47:21.465+08:00  INFO 12634 --- [order-arena] [           main] o.s.t.web.servlet.TestDispatcherServlet  : Initializing Servlet ''
2026-09-09T02:47:21.465+08:00  INFO 12634 --- [order-arena] [           main] o.s.t.web.servlet.TestDispatcherServlet  : Completed initialization in 0 ms
2026-09-09T02:47:21.478+08:00  INFO 12634 --- [order-arena] [           main] o.s.mock.web.MockServletContext          : Initializing Spring TestDispatcherServlet ''
2026-09-09T02:47:21.478+08:00  INFO 12634 --- [order-arena] [           main] o.s.t.web.servlet.TestDispatcherServlet  : Initializing Servlet ''
2026-09-09T02:47:21.478+08:00  INFO 12634 --- [order-arena] [           main] o.s.t.web.servlet.TestDispatcherServlet  : Completed initialization in 0 ms
2026-09-09T02:47:21.487+08:00  INFO 12634 --- [order-arena] [           main] o.s.mock.web.MockServletContext          : Initializing Spring TestDispatcherServlet ''
2026-09-09T02:47:21.487+08:00  INFO 12634 --- [order-arena] [           main] o.s.t.web.servlet.TestDispatcherServlet  : Initializing Servlet ''
2026-09-09T02:47:21.487+08:00  INFO 12634 --- [order-arena] [           main] o.s.t.web.servlet.TestDispatcherServlet  : Completed initialization in 0 ms
2026-09-09T02:47:21.497+08:00  INFO 12634 --- [order-arena] [           main] o.s.mock.web.MockServletContext          : Initializing Spring TestDispatcherServlet ''
2026-09-09T02:47:21.497+08:00  INFO 12634 --- [order-arena] [           main] o.s.t.web.servlet.TestDispatcherServlet  : Initializing Servlet ''
2026-09-09T02:47:21.497+08:00  INFO 12634 --- [order-arena] [           main] o.s.t.web.servlet.TestDispatcherServlet  : Completed initialization in 0 ms
[INFO] Tests run: 8, Failures: 0, Errors: 0, Skipped: 0, Time elapsed: 0.274 s -- in com.objwww.pr.arena.interfaces.OrderControllerTest
[INFO] 
[INFO] Results:
[INFO] 
[INFO] Tests run: 30, Failures: 0, Errors: 0, Skipped: 0
[INFO] 
[INFO] 
[INFO] --- jar:3.4.2:jar (default-jar) @ order-arena ---
[INFO] Building jar: /opt/projects/pr_agent_it/order-arena/target/order-arena-0.0.1-SNAPSHOT.jar
[INFO] 
[INFO] --- spring-boot:3.4.5:repackage (repackage) @ order-arena ---
[INFO] Attaching repackaged archive /opt/projects/pr_agent_it/order-arena/target/order-arena-0.0.1-SNAPSHOT-exec.jar with classifier exec
[INFO] 
[INFO] --- failsafe:3.5.3:integration-test (default) @ order-arena ---
[INFO] Using auto detected provider org.apache.maven.surefire.junitplatform.JUnitPlatformProvider
[INFO] 
[INFO] -------------------------------------------------------
[INFO]  T E S T S
[INFO] -------------------------------------------------------
02:47:22.532 [main] INFO org.testcontainers.DockerClientFactory -- Testcontainers version: 1.20.4
02:47:22.703 [main] INFO org.testcontainers.dockerclient.DockerClientProviderStrategy -- Loaded org.testcontainers.dockerclient.UnixSocketClientProviderStrategy from ~/.testcontainers.properties, will try it first
02:47:22.985 [main] INFO org.testcontainers.dockerclient.DockerClientProviderStrategy -- Found Docker environment with local Unix socket (unix:///var/run/docker.sock)
02:47:22.987 [main] INFO org.testcontainers.DockerClientFactory -- Docker host IP address is localhost
02:47:23.004 [main] INFO org.testcontainers.DockerClientFactory -- Connected to docker: 
  Server Version: 26.1.4
  API Version: 1.45
  Operating System: CentOS Linux 7 (Core)
  Total Memory: 7725 MB
02:47:23.015 [main] INFO org.testcontainers.images.PullPolicy -- Image pull policy will be performed by: DefaultPullPolicy()
02:47:23.017 [main] INFO org.testcontainers.utility.ImageNameSubstitutor -- Image name substitution will be performed by: DefaultImageNameSubstitutor (composite of 'ConfigurationFileImageNameSubstitutor' and 'PrefixingImageNameSubstitutor')
02:47:23.091 [main] INFO tc.testcontainers/ryuk:0.11.0 -- Creating container for image: testcontainers/ryuk:0.11.0
02:47:23.096 [main] INFO org.testcontainers.utility.RegistryAuthLocator -- Failure when attempting to lookup auth config. Please ignore if you don't have images in an authenticated registry. Details: (dockerImageName: testcontainers/ryuk:0.11.0, configFile: /root/.docker/config.json, configEnv: DOCKER_AUTH_CONFIG). Falling back to docker-java default behaviour. Exception message: Status 404: No config supplied. Checked in order: /root/.docker/config.json (file not found), DOCKER_AUTH_CONFIG (not set)
02:47:23.283 [main] INFO tc.testcontainers/ryuk:0.11.0 -- Container testcontainers/ryuk:0.11.0 is starting: 1407e013ab0476868c6da244ea5230d381aaa33ba175039a003e1ce99dfe46aa
02:47:23.627 [main] INFO tc.testcontainers/ryuk:0.11.0 -- Container testcontainers/ryuk:0.11.0 started in PT0.535587618S
02:47:23.642 [main] INFO org.testcontainers.utility.RyukResourceReaper -- Ryuk started - will monitor and terminate Testcontainers containers on JVM exit
02:47:23.642 [main] INFO org.testcontainers.DockerClientFactory -- Checking the system...
02:47:23.642 [main] INFO org.testcontainers.DockerClientFactory -- ✔︎ Docker server version should be at least 1.6.0
[INFO] Running com.objwww.pr.arena.it.DomainProbeEpisodeIT
02:47:23.676 [main] INFO tc.postgres:16-alpine -- Creating container for image: postgres:16-alpine
02:47:23.742 [main] INFO tc.postgres:16-alpine -- Container postgres:16-alpine is starting: 1ff6921dd91c1286ec21e10cf09704fb01b8e5f46275e4b2005830ae1ed4e933
02:47:25.316 [main] INFO tc.postgres:16-alpine -- Container postgres:16-alpine started in PT1.639987707S
02:47:25.317 [main] INFO tc.postgres:16-alpine -- Container is started (JDBC URL: jdbc:postgresql://localhost:33244/test?loggerLevel=OFF)
02:47:25.326 [main] INFO com.zaxxer.hikari.HikariDataSource -- HikariPool-1 - Starting...
02:47:25.585 [main] INFO com.zaxxer.hikari.pool.HikariPool -- HikariPool-1 - Added connection org.postgresql.jdbc.PgConnection@58d63b16
02:47:25.587 [main] INFO com.zaxxer.hikari.HikariDataSource -- HikariPool-1 - Start completed.
02:47:26.039 [main] INFO org.flywaydb.core.FlywayExecutor -- Database: jdbc:postgresql://localhost:33244/test?loggerLevel=OFF (PostgreSQL 16.15)
02:47:26.089 [main] INFO org.flywaydb.core.internal.database.base.Schema -- Creating schema "arena" ...
02:47:26.095 [main] INFO org.flywaydb.core.internal.schemahistory.JdbcTableSchemaHistory -- Creating Schema History table "arena"."flyway_schema_history" ...
02:47:26.164 [main] INFO org.flywaydb.core.internal.command.DbMigrate -- Current version of schema "arena": null
02:47:26.226 [main] INFO org.flywaydb.core.internal.command.DbMigrate -- Migrating schema "arena" to version "1 - am2 order base"
02:47:26.249 [main] WARN org.flywaydb.core.internal.sqlscript.DefaultSqlScriptExecutor -- DB: schema "arena" already exists, skipping (SQL State: 42P06 - Error Code: 0)
02:47:26.345 [main] INFO org.flywaydb.core.internal.command.DbMigrate -- Migrating schema "arena" to version "2 - am2 compensation outbox"
02:47:26.400 [main] INFO org.flywaydb.core.internal.command.DbMigrate -- Migrating schema "arena" to version "3 - am2 chaos gt"
02:47:26.459 [main] INFO org.flywaydb.core.internal.command.DbMigrate -- Migrating schema "arena" to version "4 - am2 probe reconcile"
02:47:26.499 [main] INFO org.flywaydb.core.internal.command.DbMigrate -- Migrating schema "arena" to version "5 - am2 scenario map"
02:47:26.521 [main] INFO org.flywaydb.core.internal.command.DbMigrate -- Migrating schema "arena" to version "6 - am2 drop map fp unique"
02:47:26.533 [main] INFO org.flywaydb.core.internal.command.DbMigrate -- Migrating schema "arena" to version "7 - am3 eval gt barrier"
02:47:26.550 [main] INFO org.flywaydb.core.internal.command.DbMigrate -- Successfully applied 7 migrations to schema "arena", now at version v7 (execution time 00:00.232s)
02:47:26.559 [main] INFO com.zaxxer.hikari.HikariDataSource -- HikariPool-2 - Starting...
02:47:26.593 [main] INFO com.zaxxer.hikari.pool.HikariPool -- HikariPool-2 - Added connection org.postgresql.jdbc.PgConnection@1bb15351
02:47:26.594 [main] INFO com.zaxxer.hikari.HikariDataSource -- HikariPool-2 - Start completed.
02:47:26.594 [main] INFO com.zaxxer.hikari.HikariDataSource -- HikariPool-3 - Starting...
02:47:26.613 [main] INFO com.zaxxer.hikari.pool.HikariPool -- HikariPool-3 - Added connection org.postgresql.jdbc.PgConnection@1f1e58ca
02:47:26.613 [main] INFO com.zaxxer.hikari.HikariDataSource -- HikariPool-3 - Start completed.
02:47:26.614 [main] INFO com.zaxxer.hikari.HikariDataSource -- HikariPool-4 - Starting...
02:47:26.632 [main] INFO com.zaxxer.hikari.pool.HikariPool -- HikariPool-4 - Added connection org.postgresql.jdbc.PgConnection@6c6017b9
02:47:26.633 [main] INFO com.zaxxer.hikari.HikariDataSource -- HikariPool-4 - Start completed.
02:47:26.846 [main] WARN com.objwww.pr.arena.application.DomainProbe -- 领域探针失明（保留末值，不伪装恢复）: simulated outage
[INFO] Tests run: 3, Failures: 0, Errors: 0, Skipped: 0, Time elapsed: 3.402 s -- in com.objwww.pr.arena.it.DomainProbeEpisodeIT
[INFO] Running com.objwww.pr.arena.it.ChaosRecoveryIT
02:47:27.128 [main] INFO com.objwww.pr.arena.application.chaos.ChaosRecoveryService -- F1 恢复收口: scenario=f1-sc-paid 重复行=2 补偿=1
02:47:27.170 [main] WARN com.objwww.pr.arena.application.chaos.ChaosRecoveryService -- F2 注入回跳: scenario=f2-sc-it 单数=1
02:47:27.175 [main] WARN com.objwww.pr.arena.application.chaos.ChaosRecoveryService -- F2 注入回跳: scenario=f2-sc-it 单数=1
02:47:27.188 [main] INFO com.objwww.pr.arena.application.chaos.ChaosRecoveryService -- F2 恢复收口: scenario=f2-sc-it 恢复=2
02:47:27.201 [main] INFO com.objwww.pr.arena.application.chaos.ChaosRecoveryService -- F2 恢复收口: scenario=f2-sc-it 恢复=0
02:47:27.237 [main] INFO com.objwww.pr.arena.application.chaos.ChaosRecoveryService -- F1 恢复收口: scenario=f1-sc-rec 重复行=2 补偿=1
[INFO] Tests run: 3, Failures: 0, Errors: 0, Skipped: 0, Time elapsed: 0.193 s -- in com.objwww.pr.arena.it.ChaosRecoveryIT
[INFO] Running com.objwww.pr.arena.it.F3ReconcileIT
02:47:27.331 [main] INFO com.objwww.pr.arena.application.F3ReconcileService -- F3 CAPTURE 迟到成功，补 PAID: order=6197579d-61d1-406b-bd3b-01abc42776d9
02:47:27.375 [main] INFO com.objwww.pr.arena.application.F3ReconcileService -- F3 AUTH 迟到成功，补 ENABLE: order=c1cfbb7a-9dc1-43a9-918b-5ceadeff59fa
02:47:27.422 [main] INFO com.objwww.pr.arena.application.F3ReconcileService -- F3 AUTH 裁定拒绝，废单补偿: order=2f4c02fb-78cb-43ed-a215-3346156957f0
02:47:27.456 [main] INFO com.objwww.pr.arena.application.F3ReconcileService -- F3 AUTH 裁定拒绝，废单补偿: order=a6a90335-b197-4707-b2be-8ea80a7ec348
[INFO] Tests run: 5, Failures: 0, Errors: 0, Skipped: 0, Time elapsed: 0.213 s -- in com.objwww.pr.arena.it.F3ReconcileIT
[INFO] Running com.objwww.pr.arena.it.ArenaV3ChaosMigrationIT
[INFO] Tests run: 11, Failures: 0, Errors: 0, Skipped: 0, Time elapsed: 0.249 s -- in com.objwww.pr.arena.it.ArenaV3ChaosMigrationIT
[INFO] Running com.objwww.pr.arena.it.ArenaV2OutboxMigrationIT
[INFO] Tests run: 5, Failures: 0, Errors: 0, Skipped: 0, Time elapsed: 0.118 s -- in com.objwww.pr.arena.it.ArenaV2OutboxMigrationIT
[INFO] Running com.objwww.pr.arena.it.ArenaPermissionMatrixIT
[INFO] Tests run: 7, Failures: 0, Errors: 0, Skipped: 0, Time elapsed: 0.173 s -- in com.objwww.pr.arena.it.ArenaPermissionMatrixIT
[INFO] Running com.objwww.pr.arena.it.PostgresChaosSwitchboardIT
02:47:28.052 [main] INFO com.zaxxer.hikari.HikariDataSource -- HikariPool-5 - Starting...
02:47:28.053 [main] INFO com.zaxxer.hikari.HikariDataSource -- HikariPool-5 - Start completed.
02:47:28.363 [main] WARN com.objwww.pr.arena.application.chaos.ChaosSwitchboard -- chaos 开关读面 fail-closed: Connection refused
02:47:28.664 [main] WARN com.objwww.pr.arena.application.chaos.ChaosSwitchboard -- chaos 会话读面 fail-closed: Connection refused
02:47:28.665 [main] INFO com.zaxxer.hikari.HikariDataSource -- HikariPool-5 - Shutdown initiated...
02:47:28.693 [main] INFO com.zaxxer.hikari.HikariDataSource -- HikariPool-5 - Shutdown completed.
[INFO] Tests run: 4, Failures: 0, Errors: 0, Skipped: 0, Time elapsed: 0.725 s -- in com.objwww.pr.arena.it.PostgresChaosSwitchboardIT
[INFO] Running com.objwww.pr.arena.it.PostgresIdempotencyRepositoryIT
[INFO] Tests run: 6, Failures: 0, Errors: 0, Skipped: 0, Time elapsed: 0.165 s -- in com.objwww.pr.arena.it.PostgresIdempotencyRepositoryIT
[INFO] Running com.objwww.pr.arena.it.ArenaEvalGtBarrierIT
[INFO] Tests run: 4, Failures: 0, Errors: 0, Skipped: 0, Time elapsed: 0.098 s -- in com.objwww.pr.arena.it.ArenaEvalGtBarrierIT
[INFO] Running com.objwww.pr.arena.it.ArenaV1MigrationContractIT
[INFO] Tests run: 10, Failures: 0, Errors: 0, Skipped: 0, Time elapsed: 0.194 s -- in com.objwww.pr.arena.it.ArenaV1MigrationContractIT
[INFO] 
[INFO] Results:
[INFO] 
[INFO] Tests run: 58, Failures: 0, Errors: 0, Skipped: 0
[INFO] 
[INFO] 
[INFO] --- failsafe:3.5.3:verify (default) @ order-arena ---
[INFO] 
[INFO] ------------------< com.objwww.pr:arena-chaos-admin >-------------------
[INFO] Building arena-chaos-admin 0.0.1-SNAPSHOT                          [5/6]
[INFO]   from arena-chaos-admin/pom.xml
[INFO] --------------------------------[ jar ]---------------------------------
[INFO] 
[INFO] --- clean:3.4.1:clean (default-clean) @ arena-chaos-admin ---
[INFO] Deleting /opt/projects/pr_agent_it/arena-chaos-admin/target
[INFO] 
[INFO] --- resources:3.3.1:resources (default-resources) @ arena-chaos-admin ---
[INFO] Copying 2 resources from src/main/resources to target/classes
[INFO] Copying 0 resource from src/main/resources to target/classes
[INFO] 
[INFO] --- compiler:3.13.0:compile (default-compile) @ arena-chaos-admin ---
[INFO] Recompiling the module because of changed dependency.
[INFO] Compiling 7 source files with javac [debug parameters release 21] to target/classes
[INFO] 
[INFO] --- resources:3.3.1:testResources (default-testResources) @ arena-chaos-admin ---
[INFO] skip non existing resourceDirectory /opt/projects/pr_agent_it/arena-chaos-admin/src/test/resources
[INFO] 
[INFO] --- compiler:3.13.0:testCompile (default-testCompile) @ arena-chaos-admin ---
[INFO] Recompiling the module because of changed dependency.
[INFO] Compiling 5 source files with javac [debug parameters release 21] to target/test-classes
[INFO] 
[INFO] --- surefire:3.5.3:test (default-test) @ arena-chaos-admin ---
[INFO] Using auto detected provider org.apache.maven.surefire.junitplatform.JUnitPlatformProvider
[INFO] 
[INFO] -------------------------------------------------------
[INFO]  T E S T S
[INFO] -------------------------------------------------------
[INFO] Running com.objwww.pr.arenaadmin.fingerprint.AlertmanagerFingerprintTest
[INFO] Tests run: 5, Failures: 0, Errors: 0, Skipped: 0, Time elapsed: 0.094 s -- in com.objwww.pr.arenaadmin.fingerprint.AlertmanagerFingerprintTest
[INFO] Running com.objwww.pr.arenaadmin.interfaces.ChaosAdminControllerTest
Mockito is currently self-attaching to enable the inline-mock-maker. This will no longer work in future releases of the JDK. Please add Mockito as an agent to your build what is described in Mockito's documentation: https://javadoc.io/doc/org.mockito/mockito-core/latest/org/mockito/Mockito.html#0.3
WARNING: A Java agent has been loaded dynamically (/root/.m2/repository/net/bytebuddy/byte-buddy-agent/1.15.11/byte-buddy-agent-1.15.11.jar)
WARNING: If a serviceability tool is in use, please run with -XX:+EnableDynamicAgentLoading to hide this warning
WARNING: If a serviceability tool is not in use, please run with -Djdk.instrument.traceUsage for more information
WARNING: Dynamic loading of agents will be disallowed by default in a future release
OpenJDK 64-Bit Server VM warning: Sharing is only supported for boot loader classes because bootstrap classpath has been appended
02:47:32.024 [main] INFO org.springframework.mock.web.MockServletContext -- Initializing Spring TestDispatcherServlet ''
02:47:32.026 [main] INFO org.springframework.test.web.servlet.TestDispatcherServlet -- Initializing Servlet ''
02:47:32.031 [main] INFO org.springframework.test.web.servlet.TestDispatcherServlet -- Completed initialization in 2 ms
02:47:32.042 [main] INFO org.springframework.mock.web.MockServletContext -- Initializing Spring TestDispatcherServlet ''
02:47:32.042 [main] INFO org.springframework.test.web.servlet.TestDispatcherServlet -- Initializing Servlet ''
02:47:32.043 [main] INFO org.springframework.test.web.servlet.TestDispatcherServlet -- Completed initialization in 1 ms
02:47:32.267 [main] WARN com.objwww.pr.arenaadmin.interfaces.ChaosAdminController -- chaos 关闭: F3 scenario=f3-e2e-001（进入 RECOVERING，等待恢复收口）
02:47:32.367 [main] INFO org.springframework.mock.web.MockServletContext -- Initializing Spring TestDispatcherServlet ''
02:47:32.367 [main] INFO org.springframework.test.web.servlet.TestDispatcherServlet -- Initializing Servlet ''
02:47:32.367 [main] INFO org.springframework.test.web.servlet.TestDispatcherServlet -- Completed initialization in 0 ms
02:47:32.375 [main] INFO org.springframework.mock.web.MockServletContext -- Initializing Spring TestDispatcherServlet ''
02:47:32.376 [main] INFO org.springframework.test.web.servlet.TestDispatcherServlet -- Initializing Servlet ''
02:47:32.376 [main] INFO org.springframework.test.web.servlet.TestDispatcherServlet -- Completed initialization in 0 ms
02:47:32.425 [main] INFO org.springframework.mock.web.MockServletContext -- Initializing Spring TestDispatcherServlet ''
02:47:32.425 [main] INFO org.springframework.test.web.servlet.TestDispatcherServlet -- Initializing Servlet ''
02:47:32.425 [main] INFO org.springframework.test.web.servlet.TestDispatcherServlet -- Completed initialization in 0 ms
02:47:32.432 [main] INFO org.springframework.mock.web.MockServletContext -- Initializing Spring TestDispatcherServlet ''
02:47:32.433 [main] INFO org.springframework.test.web.servlet.TestDispatcherServlet -- Initializing Servlet ''
02:47:32.433 [main] INFO org.springframework.test.web.servlet.TestDispatcherServlet -- Completed initialization in 0 ms
02:47:32.469 [main] INFO org.springframework.mock.web.MockServletContext -- Initializing Spring TestDispatcherServlet ''
02:47:32.469 [main] INFO org.springframework.test.web.servlet.TestDispatcherServlet -- Initializing Servlet ''
02:47:32.469 [main] INFO org.springframework.test.web.servlet.TestDispatcherServlet -- Completed initialization in 0 ms
02:47:32.479 [main] INFO org.springframework.mock.web.MockServletContext -- Initializing Spring TestDispatcherServlet ''
02:47:32.479 [main] INFO org.springframework.test.web.servlet.TestDispatcherServlet -- Initializing Servlet ''
02:47:32.479 [main] INFO org.springframework.test.web.servlet.TestDispatcherServlet -- Completed initialization in 0 ms
02:47:32.496 [main] INFO org.springframework.mock.web.MockServletContext -- Initializing Spring TestDispatcherServlet ''
02:47:32.496 [main] INFO org.springframework.test.web.servlet.TestDispatcherServlet -- Initializing Servlet ''
02:47:32.497 [main] INFO org.springframework.test.web.servlet.TestDispatcherServlet -- Completed initialization in 1 ms
02:47:32.501 [main] INFO org.springframework.mock.web.MockServletContext -- Initializing Spring TestDispatcherServlet ''
02:47:32.502 [main] INFO org.springframework.test.web.servlet.TestDispatcherServlet -- Initializing Servlet ''
02:47:32.502 [main] INFO org.springframework.test.web.servlet.TestDispatcherServlet -- Completed initialization in 0 ms
02:47:32.526 [main] INFO org.springframework.mock.web.MockServletContext -- Initializing Spring TestDispatcherServlet ''
02:47:32.526 [main] INFO org.springframework.test.web.servlet.TestDispatcherServlet -- Initializing Servlet ''
02:47:32.526 [main] INFO org.springframework.test.web.servlet.TestDispatcherServlet -- Completed initialization in 0 ms
02:47:32.533 [main] INFO org.springframework.mock.web.MockServletContext -- Initializing Spring TestDispatcherServlet ''
02:47:32.533 [main] INFO org.springframework.test.web.servlet.TestDispatcherServlet -- Initializing Servlet ''
02:47:32.534 [main] INFO org.springframework.test.web.servlet.TestDispatcherServlet -- Completed initialization in 1 ms
02:47:32.559 [main] INFO org.springframework.mock.web.MockServletContext -- Initializing Spring TestDispatcherServlet ''
02:47:32.560 [main] INFO org.springframework.test.web.servlet.TestDispatcherServlet -- Initializing Servlet ''
02:47:32.560 [main] INFO org.springframework.test.web.servlet.TestDispatcherServlet -- Completed initialization in 0 ms
02:47:32.568 [main] INFO org.springframework.mock.web.MockServletContext -- Initializing Spring TestDispatcherServlet ''
02:47:32.568 [main] INFO org.springframework.test.web.servlet.TestDispatcherServlet -- Initializing Servlet ''
02:47:32.568 [main] INFO org.springframework.test.web.servlet.TestDispatcherServlet -- Completed initialization in 0 ms
02:47:32.588 [main] INFO org.springframework.mock.web.MockServletContext -- Initializing Spring TestDispatcherServlet ''
02:47:32.588 [main] INFO org.springframework.test.web.servlet.TestDispatcherServlet -- Initializing Servlet ''
02:47:32.588 [main] INFO org.springframework.test.web.servlet.TestDispatcherServlet -- Completed initialization in 0 ms
02:47:32.596 [main] INFO org.springframework.mock.web.MockServletContext -- Initializing Spring TestDispatcherServlet ''
02:47:32.597 [main] INFO org.springframework.test.web.servlet.TestDispatcherServlet -- Initializing Servlet ''
02:47:32.597 [main] INFO org.springframework.test.web.servlet.TestDispatcherServlet -- Completed initialization in 0 ms
02:47:32.615 [main] WARN com.objwww.pr.arenaadmin.interfaces.ChaosAdminController -- chaos 激活: F3 scenario=f3-e2e-001 operator=it
[INFO] Tests run: 8, Failures: 0, Errors: 0, Skipped: 0, Time elapsed: 2.167 s -- in com.objwww.pr.arenaadmin.interfaces.ChaosAdminControllerTest
[INFO] Running com.objwww.pr.arenaadmin.ChaosAdminContextSmokeTest
02:47:32.680 [main] INFO org.springframework.test.context.support.AnnotationConfigContextLoaderUtils -- Could not detect default configuration classes for test class [com.objwww.pr.arenaadmin.ChaosAdminContextSmokeTest]: ChaosAdminContextSmokeTest does not declare any static, non-private, non-final, nested classes annotated with @Configuration.
02:47:32.770 [main] INFO org.springframework.boot.test.context.SpringBootTestContextBootstrapper -- Found @SpringBootConfiguration com.objwww.pr.arenaadmin.ChaosAdminApplication for test class com.objwww.pr.arenaadmin.ChaosAdminContextSmokeTest

  .   ____          _            __ _ _
 /\\ / ___'_ __ _ _(_)_ __  __ _ \ \ \ \
( ( )\___ | '_ | '_| | '_ \/ _` | \ \ \ \
 \\/  ___)| |_)| | | | | || (_| |  ) ) ) )
  '  |____| .__|_| |_|_| |_\__, | / / / /
 =========|_|==============|___/=/_/_/_/

 :: Spring Boot ::                (v3.4.5)

2026-09-09T02:47:33.211+08:00  INFO 14360 --- [arena-chaos-admin] [           main] c.o.p.a.ChaosAdminContextSmokeTest       : Starting ChaosAdminContextSmokeTest using Java 21.0.12.1 with PID 14360 (started by root in /opt/projects/pr_agent_it/arena-chaos-admin)
2026-09-09T02:47:33.213+08:00  INFO 14360 --- [arena-chaos-admin] [           main] c.o.p.a.ChaosAdminContextSmokeTest       : No active profile set, falling back to 1 default profile: "default"
2026-09-09T02:47:34.286+08:00  INFO 14360 --- [arena-chaos-admin] [           main] c.o.p.a.ChaosAdminContextSmokeTest       : Started ChaosAdminContextSmokeTest in 1.442 seconds (process running for 4.592)
[INFO] Tests run: 1, Failures: 0, Errors: 0, Skipped: 0, Time elapsed: 1.694 s -- in com.objwww.pr.arenaadmin.ChaosAdminContextSmokeTest
[INFO] 
[INFO] Results:
[INFO] 
[INFO] Tests run: 14, Failures: 0, Errors: 0, Skipped: 0
[INFO] 
[INFO] 
[INFO] --- jar:3.4.2:jar (default-jar) @ arena-chaos-admin ---
[INFO] Building jar: /opt/projects/pr_agent_it/arena-chaos-admin/target/arena-chaos-admin-0.0.1-SNAPSHOT.jar
[INFO] 
[INFO] --- spring-boot:3.4.5:repackage (repackage) @ arena-chaos-admin ---
[INFO] Attaching repackaged archive /opt/projects/pr_agent_it/arena-chaos-admin/target/arena-chaos-admin-0.0.1-SNAPSHOT-exec.jar with classifier exec
[INFO] 
[INFO] --- failsafe:3.5.3:integration-test (default) @ arena-chaos-admin ---
[INFO] Using auto detected provider org.apache.maven.surefire.junitplatform.JUnitPlatformProvider
[INFO] 
[INFO] -------------------------------------------------------
[INFO]  T E S T S
[INFO] -------------------------------------------------------
02:47:35.144 [main] INFO org.testcontainers.DockerClientFactory -- Testcontainers version: 1.20.4
02:47:35.322 [main] INFO org.testcontainers.dockerclient.DockerClientProviderStrategy -- Loaded org.testcontainers.dockerclient.UnixSocketClientProviderStrategy from ~/.testcontainers.properties, will try it first
02:47:35.586 [main] INFO org.testcontainers.dockerclient.DockerClientProviderStrategy -- Found Docker environment with local Unix socket (unix:///var/run/docker.sock)
02:47:35.588 [main] INFO org.testcontainers.DockerClientFactory -- Docker host IP address is localhost
02:47:35.604 [main] INFO org.testcontainers.DockerClientFactory -- Connected to docker: 
  Server Version: 26.1.4
  API Version: 1.45
  Operating System: CentOS Linux 7 (Core)
  Total Memory: 7725 MB
02:47:35.613 [main] INFO org.testcontainers.images.PullPolicy -- Image pull policy will be performed by: DefaultPullPolicy()
02:47:35.615 [main] INFO org.testcontainers.utility.ImageNameSubstitutor -- Image name substitution will be performed by: DefaultImageNameSubstitutor (composite of 'ConfigurationFileImageNameSubstitutor' and 'PrefixingImageNameSubstitutor')
02:47:35.687 [main] INFO tc.testcontainers/ryuk:0.11.0 -- Creating container for image: testcontainers/ryuk:0.11.0
02:47:35.691 [main] INFO org.testcontainers.utility.RegistryAuthLocator -- Failure when attempting to lookup auth config. Please ignore if you don't have images in an authenticated registry. Details: (dockerImageName: testcontainers/ryuk:0.11.0, configFile: /root/.docker/config.json, configEnv: DOCKER_AUTH_CONFIG). Falling back to docker-java default behaviour. Exception message: Status 404: No config supplied. Checked in order: /root/.docker/config.json (file not found), DOCKER_AUTH_CONFIG (not set)
02:47:35.854 [main] INFO tc.testcontainers/ryuk:0.11.0 -- Container testcontainers/ryuk:0.11.0 is starting: 23ed044e0e9af5a3d1630285b06207b275627f193b77bdacfd14249d9de17885
02:47:36.212 [main] INFO tc.testcontainers/ryuk:0.11.0 -- Container testcontainers/ryuk:0.11.0 started in PT0.524569596S
02:47:36.216 [main] INFO org.testcontainers.utility.RyukResourceReaper -- Ryuk started - will monitor and terminate Testcontainers containers on JVM exit
02:47:36.216 [main] INFO org.testcontainers.DockerClientFactory -- Checking the system...
02:47:36.216 [main] INFO org.testcontainers.DockerClientFactory -- ✔︎ Docker server version should be at least 1.6.0
[INFO] Running com.objwww.pr.arenaadmin.it.ChaosActivationLifecycleIT
02:47:36.233 [main] INFO tc.postgres:16-alpine -- Creating container for image: postgres:16-alpine
02:47:36.285 [main] INFO tc.postgres:16-alpine -- Container postgres:16-alpine is starting: c0ae5f712fead9d0df21e9d701c15dcb647ec08506eb8ed79677cbbd9ca0d9cd
02:47:37.443 [main] INFO tc.postgres:16-alpine -- Container postgres:16-alpine started in PT1.209214816S
02:47:37.443 [main] INFO tc.postgres:16-alpine -- Container is started (JDBC URL: jdbc:postgresql://localhost:33246/test?loggerLevel=OFF)
02:47:37.452 [main] INFO com.zaxxer.hikari.HikariDataSource -- HikariPool-1 - Starting...
02:47:37.636 [main] INFO com.zaxxer.hikari.pool.HikariPool -- HikariPool-1 - Added connection org.postgresql.jdbc.PgConnection@4fe875be
02:47:37.637 [main] INFO com.zaxxer.hikari.HikariDataSource -- HikariPool-1 - Start completed.
02:47:37.994 [main] INFO org.flywaydb.core.FlywayExecutor -- Database: jdbc:postgresql://localhost:33246/test?loggerLevel=OFF (PostgreSQL 16.15)
02:47:38.057 [main] INFO org.flywaydb.core.internal.database.base.Schema -- Creating schema "arena" ...
02:47:38.065 [main] INFO org.flywaydb.core.internal.schemahistory.JdbcTableSchemaHistory -- Creating Schema History table "arena"."flyway_schema_history" ...
02:47:38.121 [main] INFO org.flywaydb.core.internal.command.DbMigrate -- Current version of schema "arena": null
02:47:38.170 [main] INFO org.flywaydb.core.internal.command.DbMigrate -- Migrating schema "arena" to version "1 - am2 order base"
02:47:38.176 [main] WARN org.flywaydb.core.internal.sqlscript.DefaultSqlScriptExecutor -- DB: schema "arena" already exists, skipping (SQL State: 42P06 - Error Code: 0)
02:47:38.241 [main] INFO org.flywaydb.core.internal.command.DbMigrate -- Migrating schema "arena" to version "2 - am2 compensation outbox"
02:47:38.273 [main] INFO org.flywaydb.core.internal.command.DbMigrate -- Migrating schema "arena" to version "3 - am2 chaos gt"
02:47:38.306 [main] INFO org.flywaydb.core.internal.command.DbMigrate -- Migrating schema "arena" to version "4 - am2 probe reconcile"
02:47:38.330 [main] INFO org.flywaydb.core.internal.command.DbMigrate -- Migrating schema "arena" to version "5 - am2 scenario map"
02:47:38.345 [main] INFO org.flywaydb.core.internal.command.DbMigrate -- Migrating schema "arena" to version "6 - am2 drop map fp unique"
02:47:38.359 [main] INFO org.flywaydb.core.internal.command.DbMigrate -- Migrating schema "arena" to version "7 - am3 eval gt barrier"
02:47:38.376 [main] INFO org.flywaydb.core.internal.command.DbMigrate -- Successfully applied 7 migrations to schema "arena", now at version v7 (execution time 00:00.130s)
02:47:38.382 [main] INFO com.zaxxer.hikari.HikariDataSource -- HikariPool-2 - Starting...
02:47:38.405 [main] INFO com.zaxxer.hikari.pool.HikariPool -- HikariPool-2 - Added connection org.postgresql.jdbc.PgConnection@315f09ef
02:47:38.405 [main] INFO com.zaxxer.hikari.HikariDataSource -- HikariPool-2 - Start completed.
02:47:38.406 [main] INFO com.zaxxer.hikari.HikariDataSource -- HikariPool-3 - Starting...
02:47:38.424 [main] INFO com.zaxxer.hikari.pool.HikariPool -- HikariPool-3 - Added connection org.postgresql.jdbc.PgConnection@21505815
02:47:38.425 [main] INFO com.zaxxer.hikari.HikariDataSource -- HikariPool-3 - Start completed.
[INFO] Tests run: 8, Failures: 0, Errors: 0, Skipped: 0, Time elapsed: 2.628 s -- in com.objwww.pr.arenaadmin.it.ChaosActivationLifecycleIT
[INFO] 
[INFO] Results:
[INFO] 
[INFO] Tests run: 8, Failures: 0, Errors: 0, Skipped: 0
[INFO] 
[INFO] 
[INFO] --- failsafe:3.5.3:verify (default) @ arena-chaos-admin ---
[INFO] 
[INFO] ----------------------< com.objwww.pr:notify-app >----------------------
[INFO] Building notify-app 0.0.1-SNAPSHOT                                 [6/6]
[INFO]   from notify-app/pom.xml
[INFO] --------------------------------[ jar ]---------------------------------
[INFO] 
[INFO] --- clean:3.4.1:clean (default-clean) @ notify-app ---
[INFO] Deleting /opt/projects/pr_agent_it/notify-app/target
[INFO] 
[INFO] --- resources:3.3.1:resources (default-resources) @ notify-app ---
[INFO] Copying 1 resource from src/main/resources to target/classes
[INFO] Copying 0 resource from src/main/resources to target/classes
[INFO] 
[INFO] --- compiler:3.13.0:compile (default-compile) @ notify-app ---
[INFO] Recompiling the module because of changed dependency.
[INFO] Compiling 16 source files with javac [debug parameters release 21] to target/classes
[INFO] 
[INFO] --- resources:3.3.1:testResources (default-testResources) @ notify-app ---
[INFO] skip non existing resourceDirectory /opt/projects/pr_agent_it/notify-app/src/test/resources
[INFO] 
[INFO] --- compiler:3.13.0:testCompile (default-testCompile) @ notify-app ---
[INFO] Recompiling the module because of changed dependency.
[INFO] Compiling 7 source files with javac [debug parameters release 21] to target/test-classes
[INFO] 
[INFO] --- surefire:3.5.3:test (default-test) @ notify-app ---
[INFO] Using auto detected provider org.apache.maven.surefire.junitplatform.JUnitPlatformProvider
[INFO] 
[INFO] -------------------------------------------------------
[INFO]  T E S T S
[INFO] -------------------------------------------------------
[INFO] Running com.objwww.pr.notify.domain.service.NotificationRendererTest
[INFO] Tests run: 5, Failures: 0, Errors: 0, Skipped: 0, Time elapsed: 0.340 s -- in com.objwww.pr.notify.domain.service.NotificationRendererTest
[INFO] Running com.objwww.pr.notify.domain.service.FencedNotifyExecutorTest
[INFO] Tests run: 6, Failures: 0, Errors: 0, Skipped: 0, Time elapsed: 0.049 s -- in com.objwww.pr.notify.domain.service.FencedNotifyExecutorTest
[INFO] Running com.objwww.pr.notify.domain.channel.WebhookChannelTest
[INFO] Tests run: 6, Failures: 0, Errors: 0, Skipped: 0, Time elapsed: 0.083 s -- in com.objwww.pr.notify.domain.channel.WebhookChannelTest
[INFO] Running com.objwww.pr.notify.application.NotifyOutboxClaimerTest
02:47:40.878 [main] INFO com.objwww.pr.notify.application.NotifyOutboxClaimer -- NotifyOutboxClaimer 启动: owner=owner-1
02:47:41.036 [main] WARN com.objwww.pr.notify.application.NotifyOutboxClaimer -- 执行通知失败（行留租约待回收）: operation=02419047-c91f-43c7-b269-c9460881c371
java.lang.IllegalStateException: boom
	at com.objwww.pr.notify.application.NotifyOutboxClaimerTest.lambda$executesBatchSeriallyAndIsolatesFailures$0(NotifyOutboxClaimerTest.java:34)
	at com.objwww.pr.notify.application.NotifyOutboxClaimer.runOnce(NotifyOutboxClaimer.java:59)
	at com.objwww.pr.notify.application.NotifyOutboxClaimerTest.executesBatchSeriallyAndIsolatesFailures(NotifyOutboxClaimerTest.java:42)
	at java.base/jdk.internal.reflect.DirectMethodHandleAccessor.invoke(DirectMethodHandleAccessor.java:103)
	at java.base/java.lang.reflect.Method.invoke(Method.java:580)
	at org.junit.platform.commons.util.ReflectionUtils.invokeMethod(ReflectionUtils.java:767)
	at org.junit.jupiter.engine.execution.MethodInvocation.proceed(MethodInvocation.java:60)
	at org.junit.jupiter.engine.execution.InvocationInterceptorChain$ValidatingInvocation.proceed(InvocationInterceptorChain.java:131)
	at org.junit.jupiter.engine.extension.TimeoutExtension.intercept(TimeoutExtension.java:156)
	at org.junit.jupiter.engine.extension.TimeoutExtension.interceptTestableMethod(TimeoutExtension.java:147)
	at org.junit.jupiter.engine.extension.TimeoutExtension.interceptTestMethod(TimeoutExtension.java:86)
	at org.junit.jupiter.engine.execution.InterceptingExecutableInvoker$ReflectiveInterceptorCall.lambda$ofVoidMethod$0(InterceptingExecutableInvoker.java:103)
	at org.junit.jupiter.engine.execution.InterceptingExecutableInvoker.lambda$invoke$0(InterceptingExecutableInvoker.java:93)
	at org.junit.jupiter.engine.execution.InvocationInterceptorChain$InterceptedInvocation.proceed(InvocationInterceptorChain.java:106)
	at org.junit.jupiter.engine.execution.InvocationInterceptorChain.proceed(InvocationInterceptorChain.java:64)
	at org.junit.jupiter.engine.execution.InvocationInterceptorChain.chainAndInvoke(InvocationInterceptorChain.java:45)
	at org.junit.jupiter.engine.execution.InvocationInterceptorChain.invoke(InvocationInterceptorChain.java:37)
	at org.junit.jupiter.engine.execution.InterceptingExecutableInvoker.invoke(InterceptingExecutableInvoker.java:92)
	at org.junit.jupiter.engine.execution.InterceptingExecutableInvoker.invoke(InterceptingExecutableInvoker.java:86)
	at org.junit.jupiter.engine.descriptor.TestMethodTestDescriptor.lambda$invokeTestMethod$8(TestMethodTestDescriptor.java:217)
	at org.junit.platform.engine.support.hierarchical.ThrowableCollector.execute(ThrowableCollector.java:73)
	at org.junit.jupiter.engine.descriptor.TestMethodTestDescriptor.invokeTestMethod(TestMethodTestDescriptor.java:213)
	at org.junit.jupiter.engine.descriptor.TestMethodTestDescriptor.execute(TestMethodTestDescriptor.java:138)
	at org.junit.jupiter.engine.descriptor.TestMethodTestDescriptor.execute(TestMethodTestDescriptor.java:68)
	at org.junit.platform.engine.support.hierarchical.NodeTestTask.lambda$executeRecursively$6(NodeTestTask.java:156)
	at org.junit.platform.engine.support.hierarchical.ThrowableCollector.execute(ThrowableCollector.java:73)
	at org.junit.platform.engine.support.hierarchical.NodeTestTask.lambda$executeRecursively$8(NodeTestTask.java:146)
	at org.junit.platform.engine.support.hierarchical.Node.around(Node.java:137)
	at org.junit.platform.engine.support.hierarchical.NodeTestTask.lambda$executeRecursively$9(NodeTestTask.java:144)
	at org.junit.platform.engine.support.hierarchical.ThrowableCollector.execute(ThrowableCollector.java:73)
	at org.junit.platform.engine.support.hierarchical.NodeTestTask.executeRecursively(NodeTestTask.java:143)
	at org.junit.platform.engine.support.hierarchical.NodeTestTask.execute(NodeTestTask.java:100)
	at java.base/java.util.ArrayList.forEach(ArrayList.java:1596)
	at org.junit.platform.engine.support.hierarchical.SameThreadHierarchicalTestExecutorService.invokeAll(SameThreadHierarchicalTestExecutorService.java:41)
	at org.junit.platform.engine.support.hierarchical.NodeTestTask.lambda$executeRecursively$6(NodeTestTask.java:160)
	at org.junit.platform.engine.support.hierarchical.ThrowableCollector.execute(ThrowableCollector.java:73)
	at org.junit.platform.engine.support.hierarchical.NodeTestTask.lambda$executeRecursively$8(NodeTestTask.java:146)
	at org.junit.platform.engine.support.hierarchical.Node.around(Node.java:137)
	at org.junit.platform.engine.support.hierarchical.NodeTestTask.lambda$executeRecursively$9(NodeTestTask.java:144)
	at org.junit.platform.engine.support.hierarchical.ThrowableCollector.execute(ThrowableCollector.java:73)
	at org.junit.platform.engine.support.hierarchical.NodeTestTask.executeRecursively(NodeTestTask.java:143)
	at org.junit.platform.engine.support.hierarchical.NodeTestTask.execute(NodeTestTask.java:100)
	at java.base/java.util.ArrayList.forEach(ArrayList.java:1596)
	at org.junit.platform.engine.support.hierarchical.SameThreadHierarchicalTestExecutorService.invokeAll(SameThreadHierarchicalTestExecutorService.java:41)
	at org.junit.platform.engine.support.hierarchical.NodeTestTask.lambda$executeRecursively$6(NodeTestTask.java:160)
	at org.junit.platform.engine.support.hierarchical.ThrowableCollector.execute(ThrowableCollector.java:73)
	at org.junit.platform.engine.support.hierarchical.NodeTestTask.lambda$executeRecursively$8(NodeTestTask.java:146)
	at org.junit.platform.engine.support.hierarchical.Node.around(Node.java:137)
	at org.junit.platform.engine.support.hierarchical.NodeTestTask.lambda$executeRecursively$9(NodeTestTask.java:144)
	at org.junit.platform.engine.support.hierarchical.ThrowableCollector.execute(ThrowableCollector.java:73)
	at org.junit.platform.engine.support.hierarchical.NodeTestTask.executeRecursively(NodeTestTask.java:143)
	at org.junit.platform.engine.support.hierarchical.NodeTestTask.execute(NodeTestTask.java:100)
	at org.junit.platform.engine.support.hierarchical.SameThreadHierarchicalTestExecutorService.submit(SameThreadHierarchicalTestExecutorService.java:35)
	at org.junit.platform.engine.support.hierarchical.HierarchicalTestExecutor.execute(HierarchicalTestExecutor.java:57)
	at org.junit.platform.engine.support.hierarchical.HierarchicalTestEngine.execute(HierarchicalTestEngine.java:54)
	at org.junit.platform.launcher.core.EngineExecutionOrchestrator.execute(EngineExecutionOrchestrator.java:198)
	at org.junit.platform.launcher.core.EngineExecutionOrchestrator.execute(EngineExecutionOrchestrator.java:169)
	at org.junit.platform.launcher.core.EngineExecutionOrchestrator.execute(EngineExecutionOrchestrator.java:93)
	at org.junit.platform.launcher.core.EngineExecutionOrchestrator.lambda$execute$0(EngineExecutionOrchestrator.java:58)
	at org.junit.platform.launcher.core.EngineExecutionOrchestrator.withInterceptedStreams(EngineExecutionOrchestrator.java:141)
	at org.junit.platform.launcher.core.EngineExecutionOrchestrator.execute(EngineExecutionOrchestrator.java:57)
	at org.junit.platform.launcher.core.DefaultLauncher.execute(DefaultLauncher.java:103)
	at org.junit.platform.launcher.core.DefaultLauncher.execute(DefaultLauncher.java:85)
	at org.junit.platform.launcher.core.DelegatingLauncher.execute(DelegatingLauncher.java:47)
	at org.apache.maven.surefire.junitplatform.LazyLauncher.execute(LazyLauncher.java:56)
	at org.apache.maven.surefire.junitplatform.JUnitPlatformProvider.execute(JUnitPlatformProvider.java:194)
	at org.apache.maven.surefire.junitplatform.JUnitPlatformProvider.invokeAllTests(JUnitPlatformProvider.java:150)
	at org.apache.maven.surefire.junitplatform.JUnitPlatformProvider.invoke(JUnitPlatformProvider.java:124)
	at org.apache.maven.surefire.booter.ForkedBooter.runSuitesInProcess(ForkedBooter.java:385)
	at org.apache.maven.surefire.booter.ForkedBooter.execute(ForkedBooter.java:162)
	at org.apache.maven.surefire.booter.ForkedBooter.run(ForkedBooter.java:507)
	at org.apache.maven.surefire.booter.ForkedBooter.main(ForkedBooter.java:495)
[INFO] Tests run: 2, Failures: 0, Errors: 0, Skipped: 0, Time elapsed: 0.230 s -- in com.objwww.pr.notify.application.NotifyOutboxClaimerTest
[INFO] 
[INFO] Results:
[INFO] 
[INFO] Tests run: 19, Failures: 0, Errors: 0, Skipped: 0
[INFO] 
[INFO] 
[INFO] --- jar:3.4.2:jar (default-jar) @ notify-app ---
[INFO] Building jar: /opt/projects/pr_agent_it/notify-app/target/notify-app-0.0.1-SNAPSHOT.jar
[INFO] 
[INFO] --- spring-boot:3.4.5:repackage (repackage) @ notify-app ---
[INFO] Attaching repackaged archive /opt/projects/pr_agent_it/notify-app/target/notify-app-0.0.1-SNAPSHOT-exec.jar with classifier exec
[INFO] 
[INFO] --- failsafe:3.5.3:integration-test (default) @ notify-app ---
[INFO] Using auto detected provider org.apache.maven.surefire.junitplatform.JUnitPlatformProvider
[INFO] 
[INFO] -------------------------------------------------------
[INFO]  T E S T S
[INFO] -------------------------------------------------------
02:47:41.828 [main] INFO org.testcontainers.DockerClientFactory -- Testcontainers version: 1.20.4
02:47:42.047 [main] INFO org.testcontainers.dockerclient.DockerClientProviderStrategy -- Loaded org.testcontainers.dockerclient.UnixSocketClientProviderStrategy from ~/.testcontainers.properties, will try it first
02:47:42.353 [main] INFO org.testcontainers.dockerclient.DockerClientProviderStrategy -- Found Docker environment with local Unix socket (unix:///var/run/docker.sock)
02:47:42.355 [main] INFO org.testcontainers.DockerClientFactory -- Docker host IP address is localhost
02:47:42.373 [main] INFO org.testcontainers.DockerClientFactory -- Connected to docker: 
  Server Version: 26.1.4
  API Version: 1.45
  Operating System: CentOS Linux 7 (Core)
  Total Memory: 7725 MB
02:47:42.387 [main] INFO org.testcontainers.images.PullPolicy -- Image pull policy will be performed by: DefaultPullPolicy()
02:47:42.389 [main] INFO org.testcontainers.utility.ImageNameSubstitutor -- Image name substitution will be performed by: DefaultImageNameSubstitutor (composite of 'ConfigurationFileImageNameSubstitutor' and 'PrefixingImageNameSubstitutor')
02:47:42.467 [main] INFO tc.testcontainers/ryuk:0.11.0 -- Creating container for image: testcontainers/ryuk:0.11.0
02:47:42.471 [main] INFO org.testcontainers.utility.RegistryAuthLocator -- Failure when attempting to lookup auth config. Please ignore if you don't have images in an authenticated registry. Details: (dockerImageName: testcontainers/ryuk:0.11.0, configFile: /root/.docker/config.json, configEnv: DOCKER_AUTH_CONFIG). Falling back to docker-java default behaviour. Exception message: Status 404: No config supplied. Checked in order: /root/.docker/config.json (file not found), DOCKER_AUTH_CONFIG (not set)
02:47:42.634 [main] INFO tc.testcontainers/ryuk:0.11.0 -- Container testcontainers/ryuk:0.11.0 is starting: 357bfbe9e2e2f2a1651cd1bbf4033fe3fdbf6e287d52350bb33f30c0edcb5891
02:47:42.950 [main] INFO tc.testcontainers/ryuk:0.11.0 -- Container testcontainers/ryuk:0.11.0 started in PT0.482740004S
02:47:42.958 [main] INFO org.testcontainers.utility.RyukResourceReaper -- Ryuk started - will monitor and terminate Testcontainers containers on JVM exit
02:47:42.958 [main] INFO org.testcontainers.DockerClientFactory -- Checking the system...
02:47:42.959 [main] INFO org.testcontainers.DockerClientFactory -- ✔︎ Docker server version should be at least 1.6.0
[INFO] Running com.objwww.pr.notify.it.NotifyOutboxStoreIT
02:47:42.983 [main] INFO tc.postgres:16-alpine -- Creating container for image: postgres:16-alpine
02:47:43.035 [main] INFO tc.postgres:16-alpine -- Container postgres:16-alpine is starting: 25f85eae29529bbb16a129bb3ca386ed4a29a4d11a24f63a41f822f8b97c38ad
02:47:44.203 [main] INFO tc.postgres:16-alpine -- Container postgres:16-alpine started in PT1.220873703S
02:47:44.204 [main] INFO tc.postgres:16-alpine -- Container is started (JDBC URL: jdbc:postgresql://localhost:33248/test?loggerLevel=OFF)
02:47:44.214 [main] INFO com.zaxxer.hikari.HikariDataSource -- HikariPool-1 - Starting...
02:47:44.399 [main] INFO com.zaxxer.hikari.pool.HikariPool -- HikariPool-1 - Added connection org.postgresql.jdbc.PgConnection@25d3cfc8
02:47:44.400 [main] INFO com.zaxxer.hikari.HikariDataSource -- HikariPool-1 - Start completed.
02:47:44.763 [main] INFO org.flywaydb.core.FlywayExecutor -- Database: jdbc:postgresql://localhost:33248/test?loggerLevel=OFF (PostgreSQL 16.15)
02:47:44.831 [main] INFO org.flywaydb.core.internal.schemahistory.JdbcTableSchemaHistory -- Schema history table "public"."flyway_schema_history" does not exist yet
02:47:44.836 [main] INFO org.flywaydb.core.internal.command.DbValidate -- Successfully validated 32 migrations (execution time 00:00.043s)
02:47:44.849 [main] INFO org.flywaydb.core.internal.schemahistory.JdbcTableSchemaHistory -- Creating Schema History table "public"."flyway_schema_history" ...
02:47:44.917 [main] INFO org.flywaydb.core.internal.command.DbMigrate -- Current version of schema "public": << Empty Schema >>
02:47:44.965 [main] INFO org.flywaydb.core.internal.command.DbMigrate -- Migrating schema "public" to version "1 - m0 schema"
02:47:45.065 [main] INFO org.flywaydb.core.internal.command.DbMigrate -- Migrating schema "public" to version "2 - grants"
02:47:45.097 [main] INFO org.flywaydb.core.internal.command.DbMigrate -- Migrating schema "public" to version "3 - m1 inbox reconcile"
02:47:45.143 [main] INFO org.flywaydb.core.internal.command.DbMigrate -- Migrating schema "public" to version "4 - m2 checkpoint repair"
02:47:45.174 [main] INFO org.flywaydb.core.internal.command.DbMigrate -- Migrating schema "public" to version "5 - m3 model governance"
02:47:45.205 [main] INFO org.flywaydb.core.internal.command.DbMigrate -- Migrating schema "public" to version "6 - m4 sandbox"
02:47:45.258 [main] INFO org.flywaydb.core.internal.command.DbMigrate -- Migrating schema "public" to version "7 - am1 alert domain"
02:47:45.328 [main] INFO org.flywaydb.core.internal.command.DbMigrate -- Migrating schema "public" to version "8 - am1 dag reserve"
02:47:45.356 [main] INFO org.flywaydb.core.internal.command.DbMigrate -- Migrating schema "public" to version "9 - am3 eval notify"
02:47:45.422 [main] INFO org.flywaydb.core.internal.command.DbMigrate -- Migrating schema "public" to version "10 - am3 eval run"
02:47:45.454 [main] INFO org.flywaydb.core.internal.command.DbMigrate -- Migrating schema "public" to version "11 - am3 eval readonly"
02:47:45.464 [main] INFO org.flywaydb.core.internal.command.DbMigrate -- Migrating schema "public" to version "12 - am4 state expansion"
02:47:45.483 [main] INFO org.flywaydb.core.internal.command.DbMigrate -- Migrating schema "public" to version "13 - am4 budget ledger"
02:47:45.501 [main] INFO org.flywaydb.core.internal.command.DbMigrate -- Migrating schema "public" to version "14 - am4 rca event"
02:47:45.526 [main] INFO org.flywaydb.core.internal.command.DbMigrate -- Migrating schema "public" to version "15 - am4 tool invocation ledger"
02:47:45.541 [main] INFO org.flywaydb.core.internal.command.DbMigrate -- Migrating schema "public" to version "16 - am4 evidence snapshot"
02:47:45.559 [main] INFO org.flywaydb.core.internal.command.DbMigrate -- Migrating schema "public" to version "17 - am4 claim"
02:47:45.575 [main] INFO org.flywaydb.core.internal.command.DbMigrate -- Migrating schema "public" to version "18 - am4 task edge run scope"
02:47:45.585 [main] INFO org.flywaydb.core.internal.command.DbMigrate -- Migrating schema "public" to version "19 - am4 tool replay"
02:47:45.596 [main] INFO org.flywaydb.core.internal.command.DbMigrate -- Migrating schema "public" to version "20 - am5 dataset version"
02:47:45.613 [main] INFO org.flywaydb.core.internal.command.DbMigrate -- Migrating schema "public" to version "21 - am5 dataset partition"
02:47:45.634 [main] INFO org.flywaydb.core.internal.command.DbMigrate -- Migrating schema "public" to version "22 - am5 golden candidate"
02:47:45.654 [main] INFO org.flywaydb.core.internal.command.DbMigrate -- Migrating schema "public" to version "23 - am5 sampling fingerprint"
02:47:45.663 [main] INFO org.flywaydb.core.internal.command.DbMigrate -- Migrating schema "public" to version "24 - am5 config bundle"
02:47:45.682 [main] INFO org.flywaydb.core.internal.command.DbMigrate -- Migrating schema "public" to version "25 - am5 canary route"
02:47:45.706 [main] INFO org.flywaydb.core.internal.command.DbMigrate -- Migrating schema "public" to version "26 - am5 operator case"
02:47:45.728 [main] INFO org.flywaydb.core.internal.command.DbMigrate -- Migrating schema "public" to version "27 - am5 operator command"
02:47:45.753 [main] INFO org.flywaydb.core.internal.command.DbMigrate -- Migrating schema "public" to version "28 - am5 monthly partition"
02:47:45.796 [main] INFO org.flywaydb.core.internal.command.DbMigrate -- Migrating schema "public" to version "29 - am5 retention archive"
02:47:45.834 [main] INFO org.flywaydb.core.internal.command.DbMigrate -- Migrating schema "public" to version "30 - am6 canary window verdict"
02:47:45.939 [main] INFO org.flywaydb.core.internal.command.DbMigrate -- Migrating schema "public" to version "31 - ba52 canary decision fk deferred"
02:47:45.950 [main] INFO org.flywaydb.core.internal.command.DbMigrate -- Migrating schema "public" to version "32 - am6 engine comparison"
02:47:45.971 [main] INFO org.flywaydb.core.internal.command.DbMigrate -- Successfully applied 32 migrations to schema "public", now at version v32 (execution time 00:00.665s)
02:47:45.976 [main] INFO com.zaxxer.hikari.HikariDataSource -- HikariPool-2 - Starting...
02:47:46.014 [main] INFO com.zaxxer.hikari.pool.HikariPool -- HikariPool-2 - Added connection org.postgresql.jdbc.PgConnection@4596f8f3
02:47:46.015 [main] INFO com.zaxxer.hikari.HikariDataSource -- HikariPool-2 - Start completed.
02:47:46.214 [main] INFO com.zaxxer.hikari.HikariDataSource -- HikariPool-3 - Starting...
02:47:46.235 [main] INFO com.zaxxer.hikari.pool.HikariPool -- HikariPool-3 - Added connection org.postgresql.jdbc.PgConnection@58867cd5
02:47:46.235 [main] INFO com.zaxxer.hikari.HikariDataSource -- HikariPool-3 - Start completed.
02:47:46.300 [main] INFO com.zaxxer.hikari.HikariDataSource -- HikariPool-3 - Shutdown initiated...
02:47:46.302 [main] INFO com.zaxxer.hikari.HikariDataSource -- HikariPool-3 - Shutdown completed.
[INFO] Tests run: 7, Failures: 0, Errors: 0, Skipped: 0, Time elapsed: 3.961 s -- in com.objwww.pr.notify.it.NotifyOutboxStoreIT
[INFO] Running com.objwww.pr.notify.it.NotifyPermissionIT
[INFO] Tests run: 3, Failures: 0, Errors: 0, Skipped: 0, Time elapsed: 0.224 s -- in com.objwww.pr.notify.it.NotifyPermissionIT
[INFO] 
[INFO] Results:
[INFO] 
[INFO] Tests run: 10, Failures: 0, Errors: 0, Skipped: 0
[INFO] 
[INFO] 
[INFO] --- failsafe:3.5.3:verify (default) @ notify-app ---
[INFO] ------------------------------------------------------------------------
[INFO] Reactor Summary for pr-agent 0.0.1-SNAPSHOT:
[INFO] 
[INFO] pr-agent ........................................... SUCCESS [  0.356 s]
[INFO] shared-kernel ...................................... SUCCESS [  5.296 s]
[INFO] control-app ........................................ SUCCESS [ 53.791 s]
[INFO] order-arena ........................................ SUCCESS [ 15.558 s]
[INFO] arena-chaos-admin .................................. SUCCESS [  9.656 s]
[INFO] notify-app ......................................... SUCCESS [  8.298 s]
[INFO] ------------------------------------------------------------------------
[INFO] BUILD SUCCESS
[INFO] ------------------------------------------------------------------------
[INFO] Total time:  01:33 min
[INFO] Finished at: 2026-09-09T02:47:47+08:00
[INFO] ------------------------------------------------------------------------
