[INFO] Scanning for projects...
[INFO] ------------------------------------------------------------------------
[INFO] Reactor Build Order:
[INFO] 
[INFO] pr-agent                                                           [pom]
[INFO] shared-kernel                                                      [jar]
[INFO] control-app                                                        [jar]
[INFO] order-arena                                                        [jar]
[INFO] arena-chaos-admin                                                  [jar]
[INFO] notify-app                                                         [jar]
[INFO] duty-adapter                                                       [jar]
[INFO] 
[INFO] -----------------------< com.objwww.pr:pr-agent >-----------------------
[INFO] Building pr-agent 0.0.1-SNAPSHOT                                   [1/7]
[INFO]   from pom.xml
[INFO] --------------------------------[ pom ]---------------------------------
[INFO] 
[INFO] --- failsafe:3.5.3:integration-test (default) @ pr-agent ---
[INFO] No tests to run.
[INFO] 
[INFO] --- failsafe:3.5.3:verify (default) @ pr-agent ---
[INFO] No tests to run.
[INFO] 
[INFO] --------------------< com.objwww.pr:shared-kernel >---------------------
[INFO] Building shared-kernel 0.0.1-SNAPSHOT                              [2/7]
[INFO]   from shared-kernel/pom.xml
[INFO] --------------------------------[ jar ]---------------------------------
[INFO] 
[INFO] --- resources:3.3.1:resources (default-resources) @ shared-kernel ---
[INFO] skip non existing resourceDirectory /opt/build/pr/shared-kernel/src/main/resources
[INFO] skip non existing resourceDirectory /opt/build/pr/shared-kernel/src/main/resources
[INFO] 
[INFO] --- compiler:3.13.0:compile (default-compile) @ shared-kernel ---
[INFO] Nothing to compile - all classes are up to date.
[INFO] 
[INFO] --- resources:3.3.1:testResources (default-testResources) @ shared-kernel ---
[INFO] skip non existing resourceDirectory /opt/build/pr/shared-kernel/src/test/resources
[INFO] 
[INFO] --- compiler:3.13.0:testCompile (default-testCompile) @ shared-kernel ---
[INFO] Nothing to compile - all classes are up to date.
[INFO] 
[INFO] --- surefire:3.5.3:test (default-test) @ shared-kernel ---
[INFO] Using auto detected provider org.apache.maven.surefire.junitplatform.JUnitPlatformProvider
[INFO] 
[INFO] -------------------------------------------------------
[INFO]  T E S T S
[INFO] -------------------------------------------------------
SLF4J(W): No SLF4J providers were found.
SLF4J(W): Defaulting to no-operation (NOP) logger implementation
SLF4J(W): See https://www.slf4j.org/codes.html#noProviders for further details.
[INFO] Running com.objwww.pr.shared.DigestTest
[INFO] Tests run: 11, Failures: 0, Errors: 0, Skipped: 0, Time elapsed: 0.101 s -- in com.objwww.pr.shared.DigestTest
[INFO] Running com.objwww.pr.shared.SharedKernelArchitectureTest
[INFO] Tests run: 1, Failures: 0, Errors: 0, Skipped: 0, Time elapsed: 1.796 s -- in com.objwww.pr.shared.SharedKernelArchitectureTest
[INFO] Running com.objwww.pr.shared.snapshot.SafeTarExtractorTest
[INFO] Tests run: 3, Failures: 0, Errors: 0, Skipped: 0, Time elapsed: 0.024 s -- in com.objwww.pr.shared.snapshot.SafeTarExtractorTest
[INFO] 
[INFO] Results:
[INFO] 
[INFO] Tests run: 15, Failures: 0, Errors: 0, Skipped: 0
[INFO] 
[INFO] 
[INFO] --- jar:3.4.2:jar (default-jar) @ shared-kernel ---
[INFO] 
[INFO] --- failsafe:3.5.3:integration-test (default) @ shared-kernel ---
[INFO] 
[INFO] --- failsafe:3.5.3:verify (default) @ shared-kernel ---
[INFO] No tests to run.
[INFO] 
[INFO] ---------------------< com.objwww.pr:control-app >----------------------
[INFO] Building control-app 0.0.1-SNAPSHOT                                [3/7]
[INFO]   from control-app/pom.xml
[INFO] --------------------------------[ jar ]---------------------------------
[INFO] 
[INFO] --- resources:3.3.1:resources (default-resources) @ control-app ---
[INFO] Copying 3 resources from src/main/resources to target/classes
[INFO] Copying 68 resources from src/main/resources to target/classes
[INFO] 
[INFO] --- compiler:3.13.0:compile (default-compile) @ control-app ---
[INFO] Nothing to compile - all classes are up to date.
[INFO] 
[INFO] --- resources:3.3.1:testResources (default-testResources) @ control-app ---
[INFO] Copying 7 resources from src/test/resources to target/test-classes
[INFO] 
[INFO] --- compiler:3.13.0:testCompile (default-testCompile) @ control-app ---
[INFO] Nothing to compile - all classes are up to date.
[INFO] 
[INFO] --- surefire:3.5.3:test (default-test) @ control-app ---
[INFO] Using auto detected provider org.apache.maven.surefire.junitplatform.JUnitPlatformProvider
[INFO] 
[INFO] -------------------------------------------------------
[INFO]  T E S T S
[INFO] -------------------------------------------------------
[INFO] Running com.objwww.pr.control.domain.ai.CircuitBreakerTest
[INFO] Tests run: 10, Failures: 0, Errors: 0, Skipped: 0, Time elapsed: 0.192 s -- in com.objwww.pr.control.domain.ai.CircuitBreakerTest
[INFO] Running com.objwww.pr.control.domain.ai.ModelRouterTest
[INFO] Tests run: 33, Failures: 0, Errors: 0, Skipped: 0, Time elapsed: 0.121 s -- in com.objwww.pr.control.domain.ai.ModelRouterTest
[INFO] Running com.objwww.pr.control.domain.ai.PricingServiceTest
[INFO] Tests run: 8, Failures: 0, Errors: 0, Skipped: 0, Time elapsed: 0.043 s -- in com.objwww.pr.control.domain.ai.PricingServiceTest
[INFO] Running com.objwww.pr.control.domain.ai.ModelStepBudgetGuardTest
[INFO] Tests run: 7, Failures: 0, Errors: 0, Skipped: 0, Time elapsed: 0.033 s -- in com.objwww.pr.control.domain.ai.ModelStepBudgetGuardTest
[INFO] Running com.objwww.pr.control.release.domain.model.ReleaseManifestTest
[INFO] Tests run: 8, Failures: 0, Errors: 0, Skipped: 0, Time elapsed: 0.069 s -- in com.objwww.pr.control.release.domain.model.ReleaseManifestTest
[INFO] Running com.objwww.pr.control.release.domain.model.ConfigBundleTest
[INFO] Tests run: 9, Failures: 0, Errors: 0, Skipped: 0, Time elapsed: 0.078 s -- in com.objwww.pr.control.release.domain.model.ConfigBundleTest
[INFO] Running com.objwww.pr.control.release.domain.model.ReleaseAssetTest
[INFO] Tests run: 10, Failures: 0, Errors: 0, Skipped: 0, Time elapsed: 0.038 s -- in com.objwww.pr.control.release.domain.model.ReleaseAssetTest
[INFO] Running com.objwww.pr.control.release.domain.model.ReleaseQualificationTest
[INFO] Tests run: 6, Failures: 0, Errors: 0, Skipped: 0, Time elapsed: 0.016 s -- in com.objwww.pr.control.release.domain.model.ReleaseQualificationTest
[INFO] Running com.objwww.pr.control.release.domain.service.CanaryBucketerTest
[INFO] Tests run: 7, Failures: 0, Errors: 0, Skipped: 0, Time elapsed: 0.062 s -- in com.objwww.pr.control.release.domain.service.CanaryBucketerTest
[INFO] Running com.objwww.pr.control.release.domain.service.CanaryWindowEvaluatorTest
[INFO] Tests run: 9, Failures: 0, Errors: 0, Skipped: 0, Time elapsed: 0.027 s -- in com.objwww.pr.control.release.domain.service.CanaryWindowEvaluatorTest
[INFO] Running com.objwww.pr.control.release.application.ConfigBundleServiceTest
13:34:09.220 [main] INFO com.objwww.pr.control.release.application.ConfigBundleService -- bundle 发布: 30ad808ed98886e339611e59f7bac711638e216776d0231c3aad2a5fe468382c revision=1 by=op policy=policy-2026-09
13:34:09.223 [main] INFO com.objwww.pr.control.release.application.ConfigBundleService -- 资格授予: candidate=30ad808ed98886e339611e59f7bac711638e216776d0231c3aad2a5fe468382c verdict=PASS usage=MATCHED by=grader-1
13:34:09.224 [main] INFO com.objwww.pr.control.release.application.ConfigBundleService -- bundle 发布: be840a4ff5d98fc58380e1ed2d6501f2a7edb25711430dc0e9023b687140db80 revision=2 by=op policy=policy-2026-09
13:34:09.224 [main] INFO com.objwww.pr.control.release.application.ConfigBundleService -- 资格授予: candidate=be840a4ff5d98fc58380e1ed2d6501f2a7edb25711430dc0e9023b687140db80 verdict=PASS usage=MATCHED by=grader-1
13:34:09.228 [main] INFO com.objwww.pr.control.release.application.ConfigBundleService -- ACTIVATE 落位: 30ad808ed98886e339611e59f7bac711638e216776d0231c3aad2a5fe468382c revision=1 by=op
13:34:09.230 [main] INFO com.objwww.pr.control.release.application.ConfigBundleService -- 资产注册: PROMPT 2f36beb53b822b9d312b2353e257c8de8b87386bdf4484e342dd2f0d6ef60ea7 by=op
13:34:09.231 [main] INFO com.objwww.pr.control.release.application.ConfigBundleService -- 资产注册幂等重放: PROMPT 2f36beb53b822b9d312b2353e257c8de8b87386bdf4484e342dd2f0d6ef60ea7 by=op
13:34:09.231 [main] INFO com.objwww.pr.control.release.application.ConfigBundleService -- 资产注册: PROMPT 601e38f862b9f79a54706b3d6728a99e8ba86ea17cda34cd51b3a747c1a13b31 by=op
13:34:09.233 [main] INFO com.objwww.pr.control.release.application.ConfigBundleService -- bundle 发布: 30ad808ed98886e339611e59f7bac711638e216776d0231c3aad2a5fe468382c revision=1 by=op policy=policy-2026-09
13:34:09.234 [main] INFO com.objwww.pr.control.release.application.ConfigBundleService -- 资格授予: candidate=30ad808ed98886e339611e59f7bac711638e216776d0231c3aad2a5fe468382c verdict=PASS usage=MATCHED by=grader-1
13:34:09.234 [main] INFO com.objwww.pr.control.release.application.ConfigBundleService -- bundle 发布: be840a4ff5d98fc58380e1ed2d6501f2a7edb25711430dc0e9023b687140db80 revision=2 by=op policy=policy-2026-09
13:34:09.234 [main] INFO com.objwww.pr.control.release.application.ConfigBundleService -- 资格授予: candidate=be840a4ff5d98fc58380e1ed2d6501f2a7edb25711430dc0e9023b687140db80 verdict=PASS usage=MATCHED by=grader-1
13:34:09.234 [main] INFO com.objwww.pr.control.release.application.ConfigBundleService -- ACTIVATE 落位: 30ad808ed98886e339611e59f7bac711638e216776d0231c3aad2a5fe468382c revision=1 by=op
13:34:09.234 [main] WARN com.objwww.pr.control.release.application.ConfigBundleService -- ACTIVATE CAS 竞争失败: target=be840a4ff5d98fc58380e1ed2d6501f2a7edb25711430dc0e9023b687140db80 expected=0 by=op-2
13:34:09.235 [main] INFO com.objwww.pr.control.release.application.ConfigBundleService -- ACTIVATE 落位: be840a4ff5d98fc58380e1ed2d6501f2a7edb25711430dc0e9023b687140db80 revision=2 by=op-2
13:34:09.237 [main] INFO com.objwww.pr.control.release.application.ConfigBundleService -- 资产注册: PROMPT 2f36beb53b822b9d312b2353e257c8de8b87386bdf4484e342dd2f0d6ef60ea7 by=op
13:34:09.237 [main] INFO com.objwww.pr.control.release.application.ConfigBundleService -- 资产注册: SKILL 64b41e2057c0e0e6c3f077b72c0951ce8e27fc157de2fdd60ddc22f5024bdaf7 by=op
13:34:09.237 [main] INFO com.objwww.pr.control.release.application.ConfigBundleService -- 资产注册: TOOL_SCHEMA c3dcd8c37f33f564cd506ece7666493ae7938c2804117db2f4fa7468c92be37f by=op
13:34:09.238 [main] INFO com.objwww.pr.control.release.application.ConfigBundleService -- release_manifest 依赖闭包通过: roles=[primary] skills=1 toolSchemas=1
13:34:09.239 [main] INFO com.objwww.pr.control.release.application.ConfigBundleService -- bundle 发布: 3c79c27ea1867f2e5e1caf088a8581c5fd2382c6c5e199dfbb8f05028977b9bc revision=1 by=op policy=policy-2026-09
13:34:09.239 [main] INFO com.objwww.pr.control.release.application.ConfigBundleService -- bundle 幂等重放: 3c79c27ea1867f2e5e1caf088a8581c5fd2382c6c5e199dfbb8f05028977b9bc revision=1 by=op
13:34:09.240 [main] INFO com.objwww.pr.control.release.application.ConfigBundleService -- bundle 发布: 30ad808ed98886e339611e59f7bac711638e216776d0231c3aad2a5fe468382c revision=1 by=op policy=policy-2026-09
13:34:09.240 [main] INFO com.objwww.pr.control.release.application.ConfigBundleService -- 资格授予: candidate=30ad808ed98886e339611e59f7bac711638e216776d0231c3aad2a5fe468382c verdict=PASS usage=MATCHED by=grader-1
13:34:09.240 [main] INFO com.objwww.pr.control.release.application.ConfigBundleService -- ACTIVATE 落位: 30ad808ed98886e339611e59f7bac711638e216776d0231c3aad2a5fe468382c revision=1 by=op
13:34:09.241 [main] INFO com.objwww.pr.control.release.application.ConfigBundleService -- bundle 发布: 30ad808ed98886e339611e59f7bac711638e216776d0231c3aad2a5fe468382c revision=1 by=op policy=policy-2026-09
13:34:09.243 [main] INFO com.objwww.pr.control.release.application.ConfigBundleService -- bundle 发布: 30ad808ed98886e339611e59f7bac711638e216776d0231c3aad2a5fe468382c revision=1 by=op policy=policy-2026-09
13:34:09.243 [main] INFO com.objwww.pr.control.release.application.ConfigBundleService -- 资格授予: candidate=30ad808ed98886e339611e59f7bac711638e216776d0231c3aad2a5fe468382c verdict=PASS usage=MATCHED by=grader-1
13:34:09.243 [main] INFO com.objwww.pr.control.release.application.ConfigBundleService -- ACTIVATE 落位: 30ad808ed98886e339611e59f7bac711638e216776d0231c3aad2a5fe468382c revision=1 by=op
13:34:09.244 [main] INFO com.objwww.pr.control.release.application.ConfigBundleService -- bundle 发布: 30ad808ed98886e339611e59f7bac711638e216776d0231c3aad2a5fe468382c revision=1 by=op policy=policy-2026-09
13:34:09.245 [main] INFO com.objwww.pr.control.release.application.ConfigBundleService -- 资格授予: candidate=30ad808ed98886e339611e59f7bac711638e216776d0231c3aad2a5fe468382c verdict=PASS usage=MATCHED by=grader-1
13:34:09.247 [main] INFO com.objwww.pr.control.release.application.ConfigBundleService -- bundle 发布: be840a4ff5d98fc58380e1ed2d6501f2a7edb25711430dc0e9023b687140db80 revision=2 by=op policy=policy-2026-09
13:34:09.247 [main] INFO com.objwww.pr.control.release.application.ConfigBundleService -- 资格授予: candidate=be840a4ff5d98fc58380e1ed2d6501f2a7edb25711430dc0e9023b687140db80 verdict=PASS usage=MATCHED by=grader-1
13:34:09.248 [main] INFO com.objwww.pr.control.release.application.ConfigBundleService -- ACTIVATE 落位: 30ad808ed98886e339611e59f7bac711638e216776d0231c3aad2a5fe468382c revision=1 by=op
13:34:09.248 [main] INFO com.objwww.pr.control.release.application.ConfigBundleService -- ACTIVATE 落位: be840a4ff5d98fc58380e1ed2d6501f2a7edb25711430dc0e9023b687140db80 revision=2 by=op
13:34:09.249 [main] INFO com.objwww.pr.control.release.application.ConfigBundleService -- ROLLBACK 落位: 30ad808ed98886e339611e59f7bac711638e216776d0231c3aad2a5fe468382c revision=1 by=release-operator
13:34:09.250 [main] INFO com.objwww.pr.control.release.application.ConfigBundleService -- bundle 发布: 30ad808ed98886e339611e59f7bac711638e216776d0231c3aad2a5fe468382c revision=1 by=op policy=policy-2026-09
13:34:09.250 [main] INFO com.objwww.pr.control.release.application.ConfigBundleService -- 资格授予: candidate=30ad808ed98886e339611e59f7bac711638e216776d0231c3aad2a5fe468382c verdict=PASS usage=MATCHED by=grader-1
13:34:09.250 [main] INFO com.objwww.pr.control.release.application.ConfigBundleService -- bundle 发布: be840a4ff5d98fc58380e1ed2d6501f2a7edb25711430dc0e9023b687140db80 revision=2 by=op policy=policy-2026-09
13:34:09.251 [main] INFO com.objwww.pr.control.release.application.ConfigBundleService -- 资格授予: candidate=be840a4ff5d98fc58380e1ed2d6501f2a7edb25711430dc0e9023b687140db80 verdict=PASS usage=MATCHED by=grader-1
13:34:09.251 [main] INFO com.objwww.pr.control.release.application.ConfigBundleService -- ACTIVATE 落位: 30ad808ed98886e339611e59f7bac711638e216776d0231c3aad2a5fe468382c revision=1 by=op
13:34:09.251 [main] INFO com.objwww.pr.control.release.application.ConfigBundleService -- ACTIVATE 落位: be840a4ff5d98fc58380e1ed2d6501f2a7edb25711430dc0e9023b687140db80 revision=2 by=op
13:34:09.251 [main] INFO com.objwww.pr.control.release.application.ConfigBundleService -- ROLLBACK 落位: 30ad808ed98886e339611e59f7bac711638e216776d0231c3aad2a5fe468382c revision=1 by=op
13:34:09.252 [main] INFO com.objwww.pr.control.release.application.ConfigBundleService -- bundle 发布: 30ad808ed98886e339611e59f7bac711638e216776d0231c3aad2a5fe468382c revision=1 by=release-operator policy=policy-2026-09
13:34:09.252 [main] INFO com.objwww.pr.control.release.application.ConfigBundleService -- bundle 幂等重放: 30ad808ed98886e339611e59f7bac711638e216776d0231c3aad2a5fe468382c revision=1 by=release-operator
13:34:09.252 [main] INFO com.objwww.pr.control.release.application.ConfigBundleService -- bundle 发布: be840a4ff5d98fc58380e1ed2d6501f2a7edb25711430dc0e9023b687140db80 revision=2 by=release-operator policy=policy-2026-09
13:34:09.253 [main] INFO com.objwww.pr.control.release.application.ConfigBundleService -- bundle 发布: 30ad808ed98886e339611e59f7bac711638e216776d0231c3aad2a5fe468382c revision=1 by=op policy=policy-2026-09
13:34:09.256 [main] INFO com.objwww.pr.control.release.application.ConfigBundleService -- 资格授予: candidate=30ad808ed98886e339611e59f7bac711638e216776d0231c3aad2a5fe468382c verdict=PASS usage=MATCHED by=grader-1
13:34:09.257 [main] INFO com.objwww.pr.control.release.application.ConfigBundleService -- bundle 发布: be840a4ff5d98fc58380e1ed2d6501f2a7edb25711430dc0e9023b687140db80 revision=2 by=op policy=policy-2026-09
13:34:09.257 [main] INFO com.objwww.pr.control.release.application.ConfigBundleService -- 资格授予: candidate=be840a4ff5d98fc58380e1ed2d6501f2a7edb25711430dc0e9023b687140db80 verdict=PASS usage=MATCHED by=grader-1
13:34:09.257 [main] INFO com.objwww.pr.control.release.application.ConfigBundleService -- ACTIVATE 落位: 30ad808ed98886e339611e59f7bac711638e216776d0231c3aad2a5fe468382c revision=1 by=op
13:34:09.257 [main] INFO com.objwww.pr.control.release.application.ConfigBundleService -- ACTIVATE 落位: be840a4ff5d98fc58380e1ed2d6501f2a7edb25711430dc0e9023b687140db80 revision=2 by=op
13:34:09.257 [main] INFO com.objwww.pr.control.release.application.ConfigBundleService -- bundle 发布: 40823ce96c5c1702de39e6181ae2e62f27ca5beef2e0bf4317c054515b83c86c revision=3 by=op policy=policy-2026-09
13:34:09.258 [main] INFO com.objwww.pr.control.release.application.ConfigBundleService -- ROLLBACK 落位: 30ad808ed98886e339611e59f7bac711638e216776d0231c3aad2a5fe468382c revision=1 by=op
13:34:09.259 [main] INFO com.objwww.pr.control.release.application.ConfigBundleService -- bundle 发布: 30ad808ed98886e339611e59f7bac711638e216776d0231c3aad2a5fe468382c revision=1 by=op policy=policy-2026-09
13:34:09.260 [main] INFO com.objwww.pr.control.release.application.ConfigBundleService -- 资格授予: candidate=30ad808ed98886e339611e59f7bac711638e216776d0231c3aad2a5fe468382c verdict=PASS usage=MATCHED by=grader-1
13:34:09.260 [main] INFO com.objwww.pr.control.release.application.ConfigBundleService -- bundle 发布: be840a4ff5d98fc58380e1ed2d6501f2a7edb25711430dc0e9023b687140db80 revision=2 by=op policy=policy-2026-09
13:34:09.260 [main] INFO com.objwww.pr.control.release.application.ConfigBundleService -- 资格授予: candidate=be840a4ff5d98fc58380e1ed2d6501f2a7edb25711430dc0e9023b687140db80 verdict=PASS usage=MATCHED by=grader-1
13:34:09.260 [main] INFO com.objwww.pr.control.release.application.ConfigBundleService -- ACTIVATE 落位: 30ad808ed98886e339611e59f7bac711638e216776d0231c3aad2a5fe468382c revision=1 by=release-operator
13:34:09.260 [main] INFO com.objwww.pr.control.release.application.ConfigBundleService -- ACTIVATE 落位: be840a4ff5d98fc58380e1ed2d6501f2a7edb25711430dc0e9023b687140db80 revision=2 by=release-operator
13:34:09.261 [main] INFO com.objwww.pr.control.release.application.ConfigBundleService -- 资产注册: PROMPT 2f36beb53b822b9d312b2353e257c8de8b87386bdf4484e342dd2f0d6ef60ea7 by=op
13:34:09.263 [main] INFO com.objwww.pr.control.release.application.ConfigBundleService -- bundle 发布: 30ad808ed98886e339611e59f7bac711638e216776d0231c3aad2a5fe468382c revision=1 by=op policy=policy-2026-09
13:34:09.264 [main] INFO com.objwww.pr.control.release.application.ConfigBundleService -- bundle 发布: be840a4ff5d98fc58380e1ed2d6501f2a7edb25711430dc0e9023b687140db80 revision=2 by=op policy=policy-2026-09
13:34:09.264 [main] INFO com.objwww.pr.control.release.application.ConfigBundleService -- 资格授予: candidate=be840a4ff5d98fc58380e1ed2d6501f2a7edb25711430dc0e9023b687140db80 verdict=FAIL usage=MATCHED by=grader-1
13:34:09.265 [main] INFO com.objwww.pr.control.release.application.ConfigBundleService -- bundle 发布: 97ec86dedfff69924f440c7dc4b94e5f83087c6c483f5b0e12e74bf22521b23c revision=3 by=op policy=policy-2026-09
13:34:09.265 [main] INFO com.objwww.pr.control.release.application.ConfigBundleService -- 资格授予: candidate=97ec86dedfff69924f440c7dc4b94e5f83087c6c483f5b0e12e74bf22521b23c verdict=INCONCLUSIVE usage=UNKNOWN by=grader-1
13:34:09.266 [main] INFO com.objwww.pr.control.release.application.ConfigBundleService -- bundle 发布: 30ad808ed98886e339611e59f7bac711638e216776d0231c3aad2a5fe468382c revision=1 by=op policy=policy-2026-09
13:34:09.266 [main] INFO com.objwww.pr.control.release.application.ConfigBundleService -- 资格授予: candidate=30ad808ed98886e339611e59f7bac711638e216776d0231c3aad2a5fe468382c verdict=PASS usage=MATCHED by=grader-1
13:34:09.267 [main] INFO com.objwww.pr.control.release.application.ConfigBundleService -- ACTIVATE 落位: 30ad808ed98886e339611e59f7bac711638e216776d0231c3aad2a5fe468382c revision=1 by=op
13:34:09.267 [main] WARN com.objwww.pr.control.release.application.ConfigBundleService -- 资格撤销: id=1dd70791-4898-4c04-9375-c64420f11061 by=safety-officer reason=基线漂移
13:34:09.267 [main] INFO com.objwww.pr.control.release.application.ConfigBundleService -- bundle 发布: be840a4ff5d98fc58380e1ed2d6501f2a7edb25711430dc0e9023b687140db80 revision=2 by=op policy=policy-2026-09
13:34:09.267 [main] INFO com.objwww.pr.control.release.application.ConfigBundleService -- 资格授予: candidate=be840a4ff5d98fc58380e1ed2d6501f2a7edb25711430dc0e9023b687140db80 verdict=PASS usage=MATCHED by=grader-1
13:34:09.267 [main] WARN com.objwww.pr.control.release.application.ConfigBundleService -- 资格撤销: id=6eb46665-776e-4668-8a00-ce35d44fc84d by=safety-officer reason=紧急撤回
[INFO] Tests run: 17, Failures: 0, Errors: 0, Skipped: 0, Time elapsed: 0.055 s -- in com.objwww.pr.control.release.application.ConfigBundleServiceTest
[INFO] Running com.objwww.pr.control.release.application.EngineComparisonRecorderTest
[INFO] Tests run: 6, Failures: 0, Errors: 0, Skipped: 0, Time elapsed: 0.202 s -- in com.objwww.pr.control.release.application.EngineComparisonRecorderTest
[INFO] Running com.objwww.pr.control.release.application.CanaryRouterTest
13:34:09.486 [main] WARN com.objwww.pr.control.release.application.CanaryRouter -- canary 爆炸半径达上限，自动停放量: nativeRuns=1 cap=1 bundle=be2802f5ee3f3cd8b48e8bc1048f8896d2f57a771f977c998321f60f5eca0d3d
13:34:09.486 [main] WARN com.objwww.pr.control.release.application.CanaryRouter -- canary 爆炸半径达上限，自动停放量: nativeRuns=1 cap=1 bundle=be2802f5ee3f3cd8b48e8bc1048f8896d2f57a771f977c998321f60f5eca0d3d
[INFO] Tests run: 11, Failures: 0, Errors: 0, Skipped: 0, Time elapsed: 0.017 s -- in com.objwww.pr.control.release.application.CanaryRouterTest
[INFO] Running com.objwww.pr.control.release.interfaces.ConfigBundleControllerTest
13:34:09.969 [main] INFO org.springframework.mock.web.MockServletContext -- Initializing Spring TestDispatcherServlet ''
13:34:09.970 [main] INFO org.springframework.test.web.servlet.TestDispatcherServlet -- Initializing Servlet ''
13:34:09.972 [main] INFO org.springframework.test.web.servlet.TestDispatcherServlet -- Completed initialization in 1 ms
13:34:10.136 [main] INFO org.springframework.mock.web.MockServletContext -- Initializing Spring TestDispatcherServlet ''
13:34:10.138 [main] INFO org.springframework.test.web.servlet.TestDispatcherServlet -- Initializing Servlet ''
13:34:10.138 [main] INFO org.springframework.test.web.servlet.TestDispatcherServlet -- Completed initialization in 0 ms
13:34:10.142 [main] INFO com.objwww.pr.control.release.application.ConfigBundleService -- bundle 发布: 30ad808ed98886e339611e59f7bac711638e216776d0231c3aad2a5fe468382c revision=1 by=release-operator policy=policy-2026-09
13:34:10.203 [main] INFO com.objwww.pr.control.release.application.ConfigBundleService -- bundle 发布: be840a4ff5d98fc58380e1ed2d6501f2a7edb25711430dc0e9023b687140db80 revision=2 by=release-operator policy=policy-2026-09
13:34:10.204 [main] INFO com.objwww.pr.control.release.application.ConfigBundleService -- 资格授予: candidate=30ad808ed98886e339611e59f7bac711638e216776d0231c3aad2a5fe468382c verdict=PASS usage=MATCHED by=grader-1
13:34:10.204 [main] INFO com.objwww.pr.control.release.application.ConfigBundleService -- 资格授予: candidate=be840a4ff5d98fc58380e1ed2d6501f2a7edb25711430dc0e9023b687140db80 verdict=PASS usage=MATCHED by=grader-1
13:34:10.208 [main] INFO com.objwww.pr.control.release.interfaces.ConfigBundleController -- config-bundle activate: digest=30ad808ed98886e339611e59f7bac711638e216776d0231c3aad2a5fe468382c body-keys=[expectedActiveRevision]
13:34:10.208 [main] INFO com.objwww.pr.control.release.application.ConfigBundleService -- ACTIVATE 落位: 30ad808ed98886e339611e59f7bac711638e216776d0231c3aad2a5fe468382c revision=1 by=release-operator
13:34:10.210 [main] INFO com.objwww.pr.control.release.interfaces.ConfigBundleController -- config-bundle activate: digest=be840a4ff5d98fc58380e1ed2d6501f2a7edb25711430dc0e9023b687140db80 body-keys=[expectedActiveRevision]
13:34:10.210 [main] INFO com.objwww.pr.control.release.application.ConfigBundleService -- ACTIVATE 落位: be840a4ff5d98fc58380e1ed2d6501f2a7edb25711430dc0e9023b687140db80 revision=2 by=release-operator
13:34:10.213 [main] INFO com.objwww.pr.control.release.interfaces.ConfigBundleController -- config-bundle rollback: digest=30ad808ed98886e339611e59f7bac711638e216776d0231c3aad2a5fe468382c body-keys=[toDigest, expectedActiveRevision]
13:34:10.213 [main] INFO com.objwww.pr.control.release.application.ConfigBundleService -- ROLLBACK 落位: 30ad808ed98886e339611e59f7bac711638e216776d0231c3aad2a5fe468382c revision=1 by=release-operator
13:34:10.217 [main] INFO com.objwww.pr.control.release.interfaces.ConfigBundleController -- config-bundle rollback: digest=null body-keys=[]
13:34:10.228 [main] INFO org.springframework.mock.web.MockServletContext -- Initializing Spring TestDispatcherServlet ''
13:34:10.228 [main] INFO org.springframework.test.web.servlet.TestDispatcherServlet -- Initializing Servlet ''
13:34:10.228 [main] INFO org.springframework.test.web.servlet.TestDispatcherServlet -- Completed initialization in 0 ms
13:34:10.236 [main] INFO com.objwww.pr.control.release.application.ConfigBundleService -- bundle 发布: 30ad808ed98886e339611e59f7bac711638e216776d0231c3aad2a5fe468382c revision=1 by=release-operator policy=policy-2026-09
13:34:10.238 [main] INFO com.objwww.pr.control.release.application.ConfigBundleService -- 资格授予: candidate=30ad808ed98886e339611e59f7bac711638e216776d0231c3aad2a5fe468382c verdict=PASS usage=MATCHED by=grader-1
13:34:10.240 [main] INFO com.objwww.pr.control.release.interfaces.ConfigBundleController -- config-bundle activate: digest=30ad808ed98886e339611e59f7bac711638e216776d0231c3aad2a5fe468382c body-keys=[expectedActiveRevision]
13:34:10.241 [main] INFO com.objwww.pr.control.release.application.ConfigBundleService -- ACTIVATE 落位: 30ad808ed98886e339611e59f7bac711638e216776d0231c3aad2a5fe468382c revision=1 by=release-operator
13:34:10.264 [main] INFO org.springframework.mock.web.MockServletContext -- Initializing Spring TestDispatcherServlet ''
13:34:10.264 [main] INFO org.springframework.test.web.servlet.TestDispatcherServlet -- Initializing Servlet ''
13:34:10.264 [main] INFO org.springframework.test.web.servlet.TestDispatcherServlet -- Completed initialization in 0 ms
13:34:10.267 [main] INFO com.objwww.pr.control.release.application.ConfigBundleService -- bundle 发布: 30ad808ed98886e339611e59f7bac711638e216776d0231c3aad2a5fe468382c revision=1 by=release-operator policy=policy-2026-09
13:34:10.272 [main] INFO com.objwww.pr.control.release.interfaces.ConfigBundleController -- config-bundle activate: digest=30ad808ed98886e339611e59f7bac711638e216776d0231c3aad2a5fe468382c body-keys=[]
13:34:10.274 [main] INFO com.objwww.pr.control.release.interfaces.ConfigBundleController -- config-bundle activate: digest=30ad808ed98886e339611e59f7bac711638e216776d0231c3aad2a5fe468382c body-keys=[expectedActiveRevision]
13:34:10.285 [main] INFO org.springframework.mock.web.MockServletContext -- Initializing Spring TestDispatcherServlet ''
13:34:10.286 [main] INFO org.springframework.test.web.servlet.TestDispatcherServlet -- Initializing Servlet ''
13:34:10.286 [main] INFO org.springframework.test.web.servlet.TestDispatcherServlet -- Completed initialization in 0 ms
13:34:10.289 [main] INFO com.objwww.pr.control.release.application.ConfigBundleService -- bundle 发布: 30ad808ed98886e339611e59f7bac711638e216776d0231c3aad2a5fe468382c revision=1 by=release-operator policy=policy-2026-09
13:34:10.292 [main] INFO com.objwww.pr.control.release.application.ConfigBundleService -- bundle 幂等重放: 30ad808ed98886e339611e59f7bac711638e216776d0231c3aad2a5fe468382c revision=1 by=release-operator
13:34:10.300 [main] INFO org.springframework.mock.web.MockServletContext -- Initializing Spring TestDispatcherServlet ''
13:34:10.301 [main] INFO org.springframework.test.web.servlet.TestDispatcherServlet -- Initializing Servlet ''
13:34:10.301 [main] INFO org.springframework.test.web.servlet.TestDispatcherServlet -- Completed initialization in 0 ms
13:34:10.304 [main] INFO com.objwww.pr.control.release.application.ConfigBundleService -- bundle 发布: 30ad808ed98886e339611e59f7bac711638e216776d0231c3aad2a5fe468382c revision=1 by=release-operator policy=policy-2026-09
13:34:10.307 [main] INFO com.objwww.pr.control.release.application.ConfigBundleService -- bundle 发布: be840a4ff5d98fc58380e1ed2d6501f2a7edb25711430dc0e9023b687140db80 revision=2 by=release-operator policy=policy-2026-09
13:34:10.308 [main] INFO com.objwww.pr.control.release.application.ConfigBundleService -- 资格授予: candidate=30ad808ed98886e339611e59f7bac711638e216776d0231c3aad2a5fe468382c verdict=PASS usage=MATCHED by=grader-1
13:34:10.308 [main] INFO com.objwww.pr.control.release.application.ConfigBundleService -- 资格授予: candidate=be840a4ff5d98fc58380e1ed2d6501f2a7edb25711430dc0e9023b687140db80 verdict=PASS usage=MATCHED by=grader-1
13:34:10.309 [main] INFO com.objwww.pr.control.release.interfaces.ConfigBundleController -- config-bundle activate: digest=30ad808ed98886e339611e59f7bac711638e216776d0231c3aad2a5fe468382c body-keys=[expectedActiveRevision]
13:34:10.309 [main] INFO com.objwww.pr.control.release.application.ConfigBundleService -- ACTIVATE 落位: 30ad808ed98886e339611e59f7bac711638e216776d0231c3aad2a5fe468382c revision=1 by=release-operator
13:34:10.311 [main] INFO com.objwww.pr.control.release.interfaces.ConfigBundleController -- config-bundle activate: digest=be840a4ff5d98fc58380e1ed2d6501f2a7edb25711430dc0e9023b687140db80 body-keys=[expectedActiveRevision]
13:34:10.311 [main] WARN com.objwww.pr.control.release.application.ConfigBundleService -- ACTIVATE CAS 竞争失败: target=be840a4ff5d98fc58380e1ed2d6501f2a7edb25711430dc0e9023b687140db80 expected=1 by=release-operator
13:34:10.319 [main] INFO org.springframework.mock.web.MockServletContext -- Initializing Spring TestDispatcherServlet ''
13:34:10.319 [main] INFO org.springframework.test.web.servlet.TestDispatcherServlet -- Initializing Servlet ''
13:34:10.319 [main] INFO org.springframework.test.web.servlet.TestDispatcherServlet -- Completed initialization in 0 ms
13:34:10.322 [main] INFO com.objwww.pr.control.release.application.ConfigBundleService -- bundle 发布: 30ad808ed98886e339611e59f7bac711638e216776d0231c3aad2a5fe468382c revision=1 by=release-operator policy=policy-2026-09
13:34:10.324 [main] INFO com.objwww.pr.control.release.application.ConfigBundleService -- 资格授予: candidate=30ad808ed98886e339611e59f7bac711638e216776d0231c3aad2a5fe468382c verdict=PASS usage=MATCHED by=grader-1
13:34:10.326 [main] INFO com.objwww.pr.control.release.interfaces.ConfigBundleController -- config-bundle activate: digest=30ad808ed98886e339611e59f7bac711638e216776d0231c3aad2a5fe468382c body-keys=[expectedActiveRevision]
13:34:10.326 [main] INFO com.objwww.pr.control.release.application.ConfigBundleService -- ACTIVATE 落位: 30ad808ed98886e339611e59f7bac711638e216776d0231c3aad2a5fe468382c revision=1 by=release-operator
13:34:10.328 [main] INFO com.objwww.pr.control.release.interfaces.ConfigBundleController -- config-bundle activate: digest=30ad808ed98886e339611e59f7bac711638e216776d0231c3aad2a5fe468382c body-keys=[expectedActiveRevision]
13:34:10.330 [main] INFO com.objwww.pr.control.release.interfaces.ConfigBundleController -- config-bundle activate: digest=ead6ef03d61ee60c533d6d450c50a1e559a8a37f6b796a4094cd0dac6b744428 body-keys=[expectedActiveRevision]
[INFO] Tests run: 7, Failures: 0, Errors: 0, Skipped: 0, Time elapsed: 0.839 s -- in com.objwww.pr.control.release.interfaces.ConfigBundleControllerTest
[INFO] Running com.objwww.pr.control.release.interfaces.CanaryStatusControllerTest
13:34:10.339 [main] INFO org.springframework.mock.web.MockServletContext -- Initializing Spring TestDispatcherServlet ''
13:34:10.339 [main] INFO org.springframework.test.web.servlet.TestDispatcherServlet -- Initializing Servlet ''
13:34:10.339 [main] INFO org.springframework.test.web.servlet.TestDispatcherServlet -- Completed initialization in 0 ms
13:34:10.354 [main] INFO org.springframework.mock.web.MockServletContext -- Initializing Spring TestDispatcherServlet ''
13:34:10.354 [main] INFO org.springframework.test.web.servlet.TestDispatcherServlet -- Initializing Servlet ''
13:34:10.354 [main] INFO org.springframework.test.web.servlet.TestDispatcherServlet -- Completed initialization in 0 ms
13:34:10.369 [main] INFO org.springframework.mock.web.MockServletContext -- Initializing Spring TestDispatcherServlet ''
13:34:10.369 [main] INFO org.springframework.test.web.servlet.TestDispatcherServlet -- Initializing Servlet ''
13:34:10.369 [main] INFO org.springframework.test.web.servlet.TestDispatcherServlet -- Completed initialization in 0 ms
13:34:10.387 [main] INFO org.springframework.mock.web.MockServletContext -- Initializing Spring TestDispatcherServlet ''
13:34:10.387 [main] INFO org.springframework.test.web.servlet.TestDispatcherServlet -- Initializing Servlet ''
13:34:10.387 [main] INFO org.springframework.test.web.servlet.TestDispatcherServlet -- Completed initialization in 0 ms
[INFO] Tests run: 4, Failures: 0, Errors: 0, Skipped: 0, Time elapsed: 0.059 s -- in com.objwww.pr.control.release.interfaces.CanaryStatusControllerTest
[INFO] Running com.objwww.pr.control.release.interfaces.ReleaseAssetQueryControllerTest
[INFO] Tests run: 6, Failures: 0, Errors: 0, Skipped: 0, Time elapsed: 0.017 s -- in com.objwww.pr.control.release.interfaces.ReleaseAssetQueryControllerTest
[INFO] Running com.objwww.pr.control.eval.domain.statemachine.EvalRunLifecycleTest
[INFO] Tests run: 4, Failures: 0, Errors: 0, Skipped: 0, Time elapsed: 0.003 s -- in com.objwww.pr.control.eval.domain.statemachine.EvalRunLifecycleTest
[INFO] Running com.objwww.pr.control.eval.domain.statemachine.GoldenCandidateStateMachineTest
[INFO] Tests run: 2, Failures: 0, Errors: 0, Skipped: 0, Time elapsed: 0.008 s -- in com.objwww.pr.control.eval.domain.statemachine.GoldenCandidateStateMachineTest
[INFO] Running com.objwww.pr.control.eval.domain.ScenarioMetricsTest
[INFO] Tests run: 5, Failures: 0, Errors: 0, Skipped: 0, Time elapsed: 0.013 s -- in com.objwww.pr.control.eval.domain.ScenarioMetricsTest
[INFO] Running com.objwww.pr.control.eval.domain.SynonymLexiconTest
[INFO] Tests run: 5, Failures: 0, Errors: 0, Skipped: 0, Time elapsed: 0.083 s -- in com.objwww.pr.control.eval.domain.SynonymLexiconTest
[INFO] Running com.objwww.pr.control.eval.domain.litellm.UsageLedgerReconcilerTest
[INFO] Tests run: 12, Failures: 0, Errors: 0, Skipped: 0, Time elapsed: 0.032 s -- in com.objwww.pr.control.eval.domain.litellm.UsageLedgerReconcilerTest
[INFO] Running com.objwww.pr.control.eval.domain.GoldenScenarioRegistryTest
[INFO] Tests run: 4, Failures: 0, Errors: 0, Skipped: 0, Time elapsed: 0.046 s -- in com.objwww.pr.control.eval.domain.GoldenScenarioRegistryTest
[INFO] Running com.objwww.pr.control.eval.domain.port.DatasetAdapterTest
[INFO] Tests run: 5, Failures: 0, Errors: 0, Skipped: 0, Time elapsed: 0.016 s -- in com.objwww.pr.control.eval.domain.port.DatasetAdapterTest
[INFO] Running com.objwww.pr.control.eval.domain.model.SamplingFingerprintTest
[INFO] Tests run: 6, Failures: 0, Errors: 0, Skipped: 0, Time elapsed: 0.022 s -- in com.objwww.pr.control.eval.domain.model.SamplingFingerprintTest
[INFO] Running com.objwww.pr.control.eval.domain.model.EvalCaseV1Test
[INFO] Tests run: 3, Failures: 0, Errors: 0, Skipped: 0, Time elapsed: 0.008 s -- in com.objwww.pr.control.eval.domain.model.EvalCaseV1Test
[INFO] Running com.objwww.pr.control.eval.domain.model.EvalLaunchPlanTest
[INFO] Tests run: 3, Failures: 0, Errors: 0, Skipped: 0, Time elapsed: 0.006 s -- in com.objwww.pr.control.eval.domain.model.EvalLaunchPlanTest
[INFO] Running com.objwww.pr.control.eval.domain.model.DatasetVersionTest
[INFO] Tests run: 3, Failures: 0, Errors: 0, Skipped: 0, Time elapsed: 0.004 s -- in com.objwww.pr.control.eval.domain.model.DatasetVersionTest
[INFO] Running com.objwww.pr.control.eval.domain.model.CaseVersionTest
[INFO] Tests run: 4, Failures: 0, Errors: 0, Skipped: 0, Time elapsed: 0.005 s -- in com.objwww.pr.control.eval.domain.model.CaseVersionTest
[INFO] Running com.objwww.pr.control.eval.domain.EvalRunMetadataTest
[INFO] Tests run: 5, Failures: 0, Errors: 0, Skipped: 0, Time elapsed: 0.010 s -- in com.objwww.pr.control.eval.domain.EvalRunMetadataTest
[INFO] Running com.objwww.pr.control.eval.domain.EvalCaseResultTest
[INFO] Tests run: 3, Failures: 0, Errors: 0, Skipped: 0, Time elapsed: 0.015 s -- in com.objwww.pr.control.eval.domain.EvalCaseResultTest
[INFO] Running com.objwww.pr.control.eval.domain.service.SafetyGateTest
[INFO] Tests run: 8, Failures: 0, Errors: 0, Skipped: 0, Time elapsed: 0.013 s -- in com.objwww.pr.control.eval.domain.service.SafetyGateTest
[INFO] Running com.objwww.pr.control.eval.domain.service.QualityGateTest
[INFO] Tests run: 13, Failures: 0, Errors: 0, Skipped: 0, Time elapsed: 0.011 s -- in com.objwww.pr.control.eval.domain.service.QualityGateTest
[INFO] Running com.objwww.pr.control.eval.domain.service.SixDimEvaluatorTest
[INFO] Tests run: 11, Failures: 0, Errors: 0, Skipped: 0, Time elapsed: 0.010 s -- in com.objwww.pr.control.eval.domain.service.SixDimEvaluatorTest
[INFO] Running com.objwww.pr.control.eval.domain.service.HypothesisSearchServiceTest
[INFO] Tests run: 5, Failures: 0, Errors: 0, Skipped: 0, Time elapsed: 0.011 s -- in com.objwww.pr.control.eval.domain.service.HypothesisSearchServiceTest
[INFO] Running com.objwww.pr.control.eval.domain.service.PairedTrialStatsTest
[INFO] Tests run: 8, Failures: 0, Errors: 0, Skipped: 0, Time elapsed: 0.023 s -- in com.objwww.pr.control.eval.domain.service.PairedTrialStatsTest
[INFO] Running com.objwww.pr.control.eval.infrastructure.adapter.OrderArenaAdapterTest
[INFO] Tests run: 2, Failures: 0, Errors: 0, Skipped: 0, Time elapsed: 0.002 s -- in com.objwww.pr.control.eval.infrastructure.adapter.OrderArenaAdapterTest
[INFO] Running com.objwww.pr.control.eval.infrastructure.adapter.RcaEvalAdapterTest
[INFO] Tests run: 1, Failures: 0, Errors: 0, Skipped: 0, Time elapsed: 0.002 s -- in com.objwww.pr.control.eval.infrastructure.adapter.RcaEvalAdapterTest
[INFO] Running com.objwww.pr.control.eval.infrastructure.adapter.Rca100AdapterTest
[INFO] Tests run: 3, Failures: 0, Errors: 0, Skipped: 0, Time elapsed: 0.004 s -- in com.objwww.pr.control.eval.infrastructure.adapter.Rca100AdapterTest
[INFO] Running com.objwww.pr.control.eval.infrastructure.identity.DatasetPartitionAccessTest
[INFO] Tests run: 4, Failures: 0, Errors: 0, Skipped: 0, Time elapsed: 0.004 s -- in com.objwww.pr.control.eval.infrastructure.identity.DatasetPartitionAccessTest
[INFO] Running com.objwww.pr.control.eval.application.EvalRubricRegistryTest
[INFO] Tests run: 3, Failures: 0, Errors: 0, Skipped: 0, Time elapsed: 0.013 s -- in com.objwww.pr.control.eval.application.EvalRubricRegistryTest
[INFO] Running com.objwww.pr.control.eval.application.UsageLedgerServiceTest
13:34:10.815 [main] WARN com.objwww.pr.control.eval.application.UsageLedgerService -- LiteLLM 未配置（app.alert.eval.litellm.base-url 为空），usage 对账按 chain③ 降级 UNMATCHED/BEST_EFFORT
13:34:10.817 [main] WARN com.objwww.pr.control.eval.application.UsageLedgerService -- SpendLogs 查询失败，usage 对账降级 UNMATCHED（run=e5388f0e-729f-4e89-86c6-8174f2686b24）: LiteLLM /spend/logs 调用失败: HTTP 500
13:34:10.817 [main] WARN com.objwww.pr.control.eval.application.UsageLedgerService -- LiteLLM 未配置（app.alert.eval.litellm.base-url 为空），usage 对账按 chain③ 降级 UNMATCHED/BEST_EFFORT
13:34:10.818 [main] WARN com.objwww.pr.control.eval.application.UsageLedgerService -- usage 对账: run=e5388f0e-729f-4e89-86c6-8174f2686b24 取得 proxy 行数=1
13:34:10.819 [main] WARN com.objwww.pr.control.eval.application.UsageLedgerService -- LiteLLM 未配置（app.alert.eval.litellm.base-url 为空），usage 对账按 chain③ 降级 UNMATCHED/BEST_EFFORT
13:34:10.820 [main] WARN com.objwww.pr.control.eval.application.UsageLedgerService -- LiteLLM 未配置（app.alert.eval.litellm.base-url 为空），usage 对账按 chain③ 降级 UNMATCHED/BEST_EFFORT
13:34:10.821 [main] WARN com.objwww.pr.control.eval.application.UsageLedgerService -- LiteLLM 未配置（app.alert.eval.litellm.base-url 为空），usage 对账按 chain③ 降级 UNMATCHED/BEST_EFFORT
13:34:10.822 [main] WARN com.objwww.pr.control.eval.application.UsageLedgerService -- LiteLLM 未配置（app.alert.eval.litellm.base-url 为空），usage 对账按 chain③ 降级 UNMATCHED/BEST_EFFORT
[INFO] Tests run: 8, Failures: 0, Errors: 0, Skipped: 0, Time elapsed: 0.010 s -- in com.objwww.pr.control.eval.application.UsageLedgerServiceTest
[INFO] Running com.objwww.pr.control.eval.application.BaselineReportGeneratorTest
[INFO] Tests run: 5, Failures: 0, Errors: 0, Skipped: 0, Time elapsed: 0.023 s -- in com.objwww.pr.control.eval.application.BaselineReportGeneratorTest
[INFO] Running com.objwww.pr.control.eval.application.EvalGateRunnerTest
[INFO] Tests run: 4, Failures: 0, Errors: 0, Skipped: 0, Time elapsed: 0.036 s -- in com.objwww.pr.control.eval.application.EvalGateRunnerTest
[INFO] Running com.objwww.pr.control.eval.application.EvalCompareServiceTest
[INFO] Tests run: 8, Failures: 0, Errors: 0, Skipped: 0, Time elapsed: 0.129 s -- in com.objwww.pr.control.eval.application.EvalCompareServiceTest
[INFO] Running com.objwww.pr.control.eval.application.SingleCaseScorerTest
[INFO] Tests run: 6, Failures: 0, Errors: 0, Skipped: 0, Time elapsed: 0.039 s -- in com.objwww.pr.control.eval.application.SingleCaseScorerTest
[INFO] Running com.objwww.pr.control.eval.application.EvalCompareTest
[INFO] Tests run: 8, Failures: 0, Errors: 0, Skipped: 0, Time elapsed: 0.010 s -- in com.objwww.pr.control.eval.application.EvalCompareTest
[INFO] Running com.objwww.pr.control.eval.application.FinalReportSelectorTest
[INFO] Tests run: 3, Failures: 0, Errors: 0, Skipped: 0, Time elapsed: 0.005 s -- in com.objwww.pr.control.eval.application.FinalReportSelectorTest
[INFO] Running com.objwww.pr.control.eval.application.EvalReviewServiceTest
[INFO] Tests run: 15, Failures: 0, Errors: 0, Skipped: 0, Time elapsed: 0.047 s -- in com.objwww.pr.control.eval.application.EvalReviewServiceTest
[INFO] Running com.objwww.pr.control.eval.application.EvalLogCompareTest
[INFO] Tests run: 7, Failures: 0, Errors: 0, Skipped: 0, Time elapsed: 0.018 s -- in com.objwww.pr.control.eval.application.EvalLogCompareTest
[INFO] Running com.objwww.pr.control.eval.application.ScenarioEvaluatorTest
[INFO] Tests run: 5, Failures: 0, Errors: 0, Skipped: 0, Time elapsed: 0.006 s -- in com.objwww.pr.control.eval.application.ScenarioEvaluatorTest
[INFO] Running com.objwww.pr.control.eval.application.EvalBatchRunnerTest
13:34:11.156 [main] WARN com.objwww.pr.control.eval.application.EvalBatchRunner -- 场景 S1 第 1 轮注入失败: flagd admin down
13:34:11.176 [main] WARN com.objwww.pr.control.eval.application.EvalBatchRunner -- 场景 S1 注入前 incident 未 resolved（alertname=checkout，预算 10s 耗尽）——本轮判 prev_round_not_resolved 并关门
[INFO] Tests run: 5, Failures: 0, Errors: 0, Skipped: 0, Time elapsed: 0.038 s -- in com.objwww.pr.control.eval.application.EvalBatchRunnerTest
[INFO] Running com.objwww.pr.control.eval.application.EvalBatchRunnerLifecycleTest
13:34:11.215 [main] WARN com.objwww.pr.control.eval.application.EvalBatchRunner -- 场景 S1 注入前 incident 未 resolved（alertname=checkout，预算 10s 耗尽）——本轮判 prev_round_not_resolved 并关门
13:34:11.215 [main] WARN com.objwww.pr.control.eval.application.EvalBatchRunner -- L 模式取消恢复核验：场景 S1 的 incident 未 RESOLVED（alertname=checkout，预算 10s 耗尽）
[INFO] Tests run: 5, Failures: 0, Errors: 0, Skipped: 0, Time elapsed: 0.050 s -- in com.objwww.pr.control.eval.application.EvalBatchRunnerLifecycleTest
[INFO] Running com.objwww.pr.control.eval.application.GoldenCandidateServiceTest
[INFO] Tests run: 8, Failures: 0, Errors: 0, Skipped: 0, Time elapsed: 0.055 s -- in com.objwww.pr.control.eval.application.GoldenCandidateServiceTest
[INFO] Running com.objwww.pr.control.eval.application.EvalRunnerProfileIsolationTest
13:34:11.909 [main] WARN org.springframework.context.annotation.AnnotationConfigApplicationContext -- Exception encountered during context initialization - cancelling refresh attempt: org.springframework.beans.factory.UnsatisfiedDependencyException: Error creating bean with name 'evalBatchRunner' defined in com.objwww.pr.control.eval.application.EvalRunnerConfig: Unsatisfied dependency expressed through method 'evalBatchRunner' parameter 10: Error creating bean with name 'evalRunMetadata' defined in com.objwww.pr.control.eval.application.EvalRunnerConfig: Failed to instantiate [com.objwww.pr.control.eval.domain.EvalRunMetadata]: Factory method 'evalRunMetadata' threw exception with message: app.alert.eval.grader-version 必填（EN-09：评分器版本入批次身份面）
[INFO] Tests run: 3, Failures: 0, Errors: 0, Skipped: 0, Time elapsed: 0.773 s -- in com.objwww.pr.control.eval.application.EvalRunnerProfileIsolationTest
[INFO] Running com.objwww.pr.control.eval.application.EvalQueryServiceTest
[INFO] Tests run: 35, Failures: 0, Errors: 0, Skipped: 0, Time elapsed: 0.145 s -- in com.objwww.pr.control.eval.application.EvalQueryServiceTest
[INFO] Running com.objwww.pr.control.eval.application.EvalRunWorkerTest
13:34:12.223 [main] WARN com.objwww.pr.control.eval.application.EvalRunWorker -- 孤儿 run 094d695d-0964-4f78-b8f8-68b3ff3ff4d9 终态化 FAILED（worker_lost）
13:34:12.224 [main] WARN com.objwww.pr.control.eval.application.EvalRunWorker -- 孤儿命令 41a7d386-e9b0-4d88-8949-4b750401a73d 重排队（run af9ac2bc-bcbc-45b9-a15a-ab5cc31e2a5c 从未落库）
13:34:12.226 [main] WARN com.objwww.pr.control.eval.application.EvalRunWorker -- 孤儿命令 8e86a11e-fdb6-432d-906a-edea16d27195 对齐 run 终态 SUCCEEDED
13:34:12.230 [main] WARN com.objwww.pr.control.eval.application.EvalRunWorker -- eval worker worker-ut 领取 LAUNCH：command=ecdafc04-82ac-42cf-9521-20b8454b7d10 run=dbe37866-adf5-4405-811e-09fda2611838
13:34:12.230 [main] ERROR com.objwww.pr.control.eval.application.EvalRunWorker -- eval run dbe37866-adf5-4405-811e-09fda2611838 跑批失败: arena map missing
java.lang.IllegalStateException: arena map missing
	at com.objwww.pr.control.eval.application.EvalRunWorkerTest.lambda$newFailingExecutor$1(EvalRunWorkerTest.java:240)
	at com.objwww.pr.control.eval.application.EvalRunWorker.tick(EvalRunWorker.java:92)
	at com.objwww.pr.control.eval.application.EvalRunWorkerTest.tickClaimsExecutesAndFinishes(EvalRunWorkerTest.java:231)
	at java.base/jdk.internal.reflect.DirectMethodHandleAccessor.invoke(DirectMethodHandleAccessor.java:103)
	at java.base/java.lang.reflect.Method.invoke(Method.java:580)
	at org.junit.platform.commons.util.ReflectionUtils.invokeMethod(ReflectionUtils.java:767)
	at org.junit.jupiter.engine.execution.MethodInvocation.proceed(MethodInvocation.java:60)
	at org.junit.jupiter.engine.execution.InvocationInterceptorChain$ValidatingInvocation.proceed(InvocationInterceptorChain.java:131)
	at org.junit.jupiter.engine.extension.TimeoutExtension.intercept(TimeoutExtension.java:156)
	at org.junit.jupiter.engine.extension.TimeoutExtension.interceptTestableMethod(TimeoutExtension.java:147)
	at org.junit.jupiter.engine.extension.TimeoutExtension.interceptTestMethod(TimeoutExtension.java:86)
	at org.junit.jupiter.engine.execution.InterceptingExecutableInvoker$ReflectiveInterceptorCall.lambda$ofVoidMethod$0(InterceptingExecutableInvoker.java:103)
	at org.junit.jupiter.engine.execution.InterceptingExecutableInvoker.lambda$invoke$0(InterceptingExecutableInvoker.java:93)
	at org.junit.jupiter.engine.execution.InvocationInterceptorChain$InterceptedInvocation.proceed(InvocationInterceptorChain.java:106)
	at org.junit.jupiter.engine.execution.InvocationInterceptorChain.proceed(InvocationInterceptorChain.java:64)
	at org.junit.jupiter.engine.execution.InvocationInterceptorChain.chainAndInvoke(InvocationInterceptorChain.java:45)
	at org.junit.jupiter.engine.execution.InvocationInterceptorChain.invoke(InvocationInterceptorChain.java:37)
	at org.junit.jupiter.engine.execution.InterceptingExecutableInvoker.invoke(InterceptingExecutableInvoker.java:92)
	at org.junit.jupiter.engine.execution.InterceptingExecutableInvoker.invoke(InterceptingExecutableInvoker.java:86)
	at org.junit.jupiter.engine.descriptor.TestMethodTestDescriptor.lambda$invokeTestMethod$8(TestMethodTestDescriptor.java:217)
	at org.junit.platform.engine.support.hierarchical.ThrowableCollector.execute(ThrowableCollector.java:73)
	at org.junit.jupiter.engine.descriptor.TestMethodTestDescriptor.invokeTestMethod(TestMethodTestDescriptor.java:213)
	at org.junit.jupiter.engine.descriptor.TestMethodTestDescriptor.execute(TestMethodTestDescriptor.java:138)
	at org.junit.jupiter.engine.descriptor.TestMethodTestDescriptor.execute(TestMethodTestDescriptor.java:68)
	at org.junit.platform.engine.support.hierarchical.NodeTestTask.lambda$executeRecursively$6(NodeTestTask.java:156)
	at org.junit.platform.engine.support.hierarchical.ThrowableCollector.execute(ThrowableCollector.java:73)
	at org.junit.platform.engine.support.hierarchical.NodeTestTask.lambda$executeRecursively$8(NodeTestTask.java:146)
	at org.junit.platform.engine.support.hierarchical.Node.around(Node.java:137)
	at org.junit.platform.engine.support.hierarchical.NodeTestTask.lambda$executeRecursively$9(NodeTestTask.java:144)
	at org.junit.platform.engine.support.hierarchical.ThrowableCollector.execute(ThrowableCollector.java:73)
	at org.junit.platform.engine.support.hierarchical.NodeTestTask.executeRecursively(NodeTestTask.java:143)
	at org.junit.platform.engine.support.hierarchical.NodeTestTask.execute(NodeTestTask.java:100)
	at java.base/java.util.ArrayList.forEach(ArrayList.java:1596)
	at org.junit.platform.engine.support.hierarchical.SameThreadHierarchicalTestExecutorService.invokeAll(SameThreadHierarchicalTestExecutorService.java:41)
	at org.junit.platform.engine.support.hierarchical.NodeTestTask.lambda$executeRecursively$6(NodeTestTask.java:160)
	at org.junit.platform.engine.support.hierarchical.ThrowableCollector.execute(ThrowableCollector.java:73)
	at org.junit.platform.engine.support.hierarchical.NodeTestTask.lambda$executeRecursively$8(NodeTestTask.java:146)
	at org.junit.platform.engine.support.hierarchical.Node.around(Node.java:137)
	at org.junit.platform.engine.support.hierarchical.NodeTestTask.lambda$executeRecursively$9(NodeTestTask.java:144)
	at org.junit.platform.engine.support.hierarchical.ThrowableCollector.execute(ThrowableCollector.java:73)
	at org.junit.platform.engine.support.hierarchical.NodeTestTask.executeRecursively(NodeTestTask.java:143)
	at org.junit.platform.engine.support.hierarchical.NodeTestTask.execute(NodeTestTask.java:100)
	at java.base/java.util.ArrayList.forEach(ArrayList.java:1596)
	at org.junit.platform.engine.support.hierarchical.SameThreadHierarchicalTestExecutorService.invokeAll(SameThreadHierarchicalTestExecutorService.java:41)
	at org.junit.platform.engine.support.hierarchical.NodeTestTask.lambda$executeRecursively$6(NodeTestTask.java:160)
	at org.junit.platform.engine.support.hierarchical.ThrowableCollector.execute(ThrowableCollector.java:73)
	at org.junit.platform.engine.support.hierarchical.NodeTestTask.lambda$executeRecursively$8(NodeTestTask.java:146)
	at org.junit.platform.engine.support.hierarchical.Node.around(Node.java:137)
	at org.junit.platform.engine.support.hierarchical.NodeTestTask.lambda$executeRecursively$9(NodeTestTask.java:144)
	at org.junit.platform.engine.support.hierarchical.ThrowableCollector.execute(ThrowableCollector.java:73)
	at org.junit.platform.engine.support.hierarchical.NodeTestTask.executeRecursively(NodeTestTask.java:143)
	at org.junit.platform.engine.support.hierarchical.NodeTestTask.execute(NodeTestTask.java:100)
	at org.junit.platform.engine.support.hierarchical.SameThreadHierarchicalTestExecutorService.submit(SameThreadHierarchicalTestExecutorService.java:35)
	at org.junit.platform.engine.support.hierarchical.HierarchicalTestExecutor.execute(HierarchicalTestExecutor.java:57)
	at org.junit.platform.engine.support.hierarchical.HierarchicalTestEngine.execute(HierarchicalTestEngine.java:54)
	at org.junit.platform.launcher.core.EngineExecutionOrchestrator.execute(EngineExecutionOrchestrator.java:198)
	at org.junit.platform.launcher.core.EngineExecutionOrchestrator.execute(EngineExecutionOrchestrator.java:169)
	at org.junit.platform.launcher.core.EngineExecutionOrchestrator.execute(EngineExecutionOrchestrator.java:93)
	at org.junit.platform.launcher.core.EngineExecutionOrchestrator.lambda$execute$0(EngineExecutionOrchestrator.java:58)
	at org.junit.platform.launcher.core.EngineExecutionOrchestrator.withInterceptedStreams(EngineExecutionOrchestrator.java:141)
	at org.junit.platform.launcher.core.EngineExecutionOrchestrator.execute(EngineExecutionOrchestrator.java:57)
	at org.junit.platform.launcher.core.DefaultLauncher.execute(DefaultLauncher.java:103)
	at org.junit.platform.launcher.core.DefaultLauncher.execute(DefaultLauncher.java:85)
	at org.junit.platform.launcher.core.DelegatingLauncher.execute(DelegatingLauncher.java:47)
	at org.apache.maven.surefire.junitplatform.LazyLauncher.execute(LazyLauncher.java:56)
	at org.apache.maven.surefire.junitplatform.JUnitPlatformProvider.execute(JUnitPlatformProvider.java:194)
	at org.apache.maven.surefire.junitplatform.JUnitPlatformProvider.invokeAllTests(JUnitPlatformProvider.java:150)
	at org.apache.maven.surefire.junitplatform.JUnitPlatformProvider.invoke(JUnitPlatformProvider.java:124)
	at org.apache.maven.surefire.booter.ForkedBooter.runSuitesInProcess(ForkedBooter.java:385)
	at org.apache.maven.surefire.booter.ForkedBooter.execute(ForkedBooter.java:162)
	at org.apache.maven.surefire.booter.ForkedBooter.run(ForkedBooter.java:507)
	at org.apache.maven.surefire.booter.ForkedBooter.main(ForkedBooter.java:495)
[INFO] Tests run: 5, Failures: 0, Errors: 0, Skipped: 0, Time elapsed: 0.021 s -- in com.objwww.pr.control.eval.application.EvalRunWorkerTest
[INFO] Running com.objwww.pr.control.eval.application.EvalCommandServiceTest
[INFO] Tests run: 9, Failures: 0, Errors: 0, Skipped: 0, Time elapsed: 0.025 s -- in com.objwww.pr.control.eval.application.EvalCommandServiceTest
[INFO] Running com.objwww.pr.control.infrastructure.config.AlertAm4ConfigTest
[INFO] Tests run: 3, Failures: 0, Errors: 0, Skipped: 0, Time elapsed: 0.051 s -- in com.objwww.pr.control.infrastructure.config.AlertAm4ConfigTest
[INFO] Running com.objwww.pr.control.infrastructure.config.EngineComparisonRecorderWiringTest
[INFO] Tests run: 2, Failures: 0, Errors: 0, Skipped: 0, Time elapsed: 0.008 s -- in com.objwww.pr.control.infrastructure.config.EngineComparisonRecorderWiringTest
[INFO] Running com.objwww.pr.control.infrastructure.config.AlertFlowConfigTest
[INFO] Tests run: 2, Failures: 0, Errors: 0, Skipped: 0, Time elapsed: 0.003 s -- in com.objwww.pr.control.infrastructure.config.AlertFlowConfigTest
[INFO] Running com.objwww.pr.control.infrastructure.config.ModelPriceBindingTest
[INFO] Tests run: 3, Failures: 0, Errors: 0, Skipped: 0, Time elapsed: 0.066 s -- in com.objwww.pr.control.infrastructure.config.ModelPriceBindingTest
[INFO] Running com.objwww.pr.control.infrastructure.config.NativeCapabilityProbeTest
[INFO] Tests run: 5, Failures: 0, Errors: 0, Skipped: 0, Time elapsed: 0.005 s -- in com.objwww.pr.control.infrastructure.config.NativeCapabilityProbeTest
[INFO] Running com.objwww.pr.control.infrastructure.config.SecurityConfigTest
13:34:12.673 [main] INFO org.springframework.boot.test.context.SpringBootTestContextBootstrapper -- Found @SpringBootConfiguration com.objwww.pr.control.ControlApplication for test class com.objwww.pr.control.infrastructure.config.SecurityConfigTest

  .   ____          _            __ _ _
 /\\ / ___'_ __ _ _(_)_ __  __ _ \ \ \ \
( ( )\___ | '_ | '_| | '_ \/ _` | \ \ \ \
 \\/  ___)| |_)| | | | | || (_| |  ) ) ) )
  '  |____| .__|_| |_|_| |_\__, | / / / /
 =========|_|==============|___/=/_/_/_/

 :: Spring Boot ::                (v3.4.5)

2026-09-12T13:34:12.955+08:00  INFO 6942 --- [control-app] [           main] [                                                 ] c.o.p.c.i.config.SecurityConfigTest      : Starting SecurityConfigTest using Java 21.0.12.1 with PID 6942 (started by root in /opt/build/pr/control-app)
2026-09-12T13:34:12.968+08:00  INFO 6942 --- [control-app] [           main] [                                                 ] c.o.p.c.i.config.SecurityConfigTest      : No active profile set, falling back to 1 default profile: "default"
2026-09-12T13:34:14.759+08:00  WARN 6942 --- [control-app] [           main] [                                                 ] r$InitializeUserDetailsManagerConfigurer : Found 2 UserDetailsService beans, with names [authUserDetailsService, platformUserDetailsService]. Global Authentication Manager will not use a UserDetailsService for username/password login. Consider publishing a single UserDetailsService bean.
2026-09-12T13:34:15.174+08:00  INFO 6942 --- [control-app] [           main] [                                                 ] o.s.b.a.e.web.EndpointLinksResolver      : Exposing 3 endpoints beneath base path '/actuator'
2026-09-12T13:34:15.915+08:00  INFO 6942 --- [control-app] [           main] [                                                 ] o.s.b.t.m.w.SpringBootMockServletContext : Initializing Spring TestDispatcherServlet ''
2026-09-12T13:34:15.916+08:00  INFO 6942 --- [control-app] [           main] [                                                 ] o.s.t.web.servlet.TestDispatcherServlet  : Initializing Servlet ''
2026-09-12T13:34:15.917+08:00  INFO 6942 --- [control-app] [           main] [                                                 ] o.s.t.web.servlet.TestDispatcherServlet  : Completed initialization in 1 ms
2026-09-12T13:34:15.986+08:00  INFO 6942 --- [control-app] [           main] [                                                 ] c.o.p.c.i.config.SecurityConfigTest      : Started SecurityConfigTest in 3.264 seconds (process running for 9.208)
Mockito is currently self-attaching to enable the inline-mock-maker. This will no longer work in future releases of the JDK. Please add Mockito as an agent to your build what is described in Mockito's documentation: https://javadoc.io/doc/org.mockito/mockito-core/latest/org/mockito/Mockito.html#0.3
OpenJDK 64-Bit Server VM warning: Sharing is only supported for boot loader classes because bootstrap classpath has been appended
WARNING: A Java agent has been loaded dynamically (/root/.m2/repository/net/bytebuddy/byte-buddy-agent/1.15.11/byte-buddy-agent-1.15.11.jar)
WARNING: If a serviceability tool is in use, please run with -XX:+EnableDynamicAgentLoading to hide this warning
WARNING: If a serviceability tool is not in use, please run with -Djdk.instrument.traceUsage for more information
WARNING: Dynamic loading of agents will be disallowed by default in a future release
[INFO] Tests run: 18, Failures: 0, Errors: 0, Skipped: 0, Time elapsed: 5.656 s -- in com.objwww.pr.control.infrastructure.config.SecurityConfigTest
[INFO] Running com.objwww.pr.control.infrastructure.litellm.HttpLiteLlmAdminClientTest
[INFO] Tests run: 4, Failures: 0, Errors: 0, Skipped: 0, Time elapsed: 0.168 s -- in com.objwww.pr.control.infrastructure.litellm.HttpLiteLlmAdminClientTest
[INFO] Running com.objwww.pr.control.infrastructure.rag.RunbookExecutorsTest
[INFO] Tests run: 15, Failures: 0, Errors: 0, Skipped: 0, Time elapsed: 0.036 s -- in com.objwww.pr.control.infrastructure.rag.RunbookExecutorsTest
[INFO] Running com.objwww.pr.control.infrastructure.nativeexec.R7PrimaryModeExecutorTest
2026-09-12T13:34:18.307+08:00  INFO 6942 --- [control-app] [           main] [                                                 ] c.o.p.c.a.a.DeterministicSupervisor      : {"event":"r7_primary_started","ts":"2026-09-12T05:34:18.306875571Z","role":"primary@1","run_id":"149bb6b8-85da-4456-b811-780c1cbe2197","task_id":"a3b7a181-8c15-473e-8382-e94197ba19ff"}
2026-09-12T13:34:18.308+08:00  WARN 6942 --- [control-app] [           main] [                                                 ] c.o.p.c.i.n.NativeInvestigationExecutor  : run 149bb6b8-85da-4456-b811-780c1cbe2197 无冻结时间窗（存量行兼容面），回退执行时窗口——F14 冻结语义缺失
2026-09-12T13:34:18.331+08:00  INFO 6942 --- [control-app] [           main] [                                                 ] c.o.p.c.a.a.DeterministicSupervisor      : {"event":"r7_delegation_adjudicated","ts":"2026-09-12T05:34:18.330776180Z","task_id":"a3b7a181-8c15-473e-8382-e94197ba19ff","run_id":"149bb6b8-85da-4456-b811-780c1cbe2197","batch_accepted":true,"requests":1,"approved":1}
2026-09-12T13:34:18.332+08:00  INFO 6942 --- [control-app] [           main] [                                                 ] c.o.p.c.i.n.NativeInvestigationExecutor  : 主任务转委派等待（sweep 转驱子任务，结清后唤醒）task=a3b7a181-8c15-473e-8382-e94197ba19ff reason=null
2026-09-12T13:34:18.333+08:00  INFO 6942 --- [control-app] [           main] [                                                 ] c.o.p.c.i.n.NativeInvestigationExecutor  : 主任务转委派等待（sweep 转驱子任务，结清后唤醒）task=a3b7a181-8c15-473e-8382-e94197ba19ff reason=CHILDREN_UNSETTLED
2026-09-12T13:34:18.338+08:00  INFO 6942 --- [control-app] [           main] [                                                 ] c.o.p.c.a.a.agent.BoundedLlmRoleRunner   : 主 FINAL 提案落检查点 task=a3b7a181-8c15-473e-8382-e94197ba19ff claims=1 downgraded=0 stripped=0
2026-09-12T13:34:18.338+08:00  INFO 6942 --- [control-app] [           main] [                                                 ] c.o.p.c.i.n.NativeInvestigationExecutor  : 主任务 FINAL 提案就绪 → DONE task=a3b7a181-8c15-473e-8382-e94197ba19ff reason=null
2026-09-12T13:34:18.340+08:00  INFO 6942 --- [control-app] [           main] [                                                 ] c.o.p.c.a.a.DeterministicSupervisor      : {"event":"am4_run_reporting","ts":"2026-09-12T05:34:18.340464075Z","run_id":"149bb6b8-85da-4456-b811-780c1cbe2197"}
2026-09-12T13:34:18.340+08:00  INFO 6942 --- [control-app] [           main] [                                                 ] c.o.p.c.a.a.DeterministicSupervisor      : run 149bb6b8-85da-4456-b811-780c1cbe2197 全任务终态 → REPORTING（报告链组装）
2026-09-12T13:34:18.354+08:00  INFO 6942 --- [control-app] [           main] [                                                 ] c.o.p.c.i.n.NativeInvestigationExecutor  : native 全链完成 run=149bb6b8-85da-4456-b811-780c1cbe2197 reportOutcome=UNRESOLVED claims=1 validation=STRUCTURE_VALIDATED 快照=13d46b4255646143f757380c7deeb29ba173c094037d39ba24c8b0ceab785526 主模式=true
2026-09-12T13:34:18.362+08:00  INFO 6942 --- [control-app] [           main] [                                                 ] c.o.p.c.a.a.DeterministicSupervisor      : {"event":"r7_primary_started","ts":"2026-09-12T05:34:18.362234243Z","role":"primary@1","run_id":"6bcd69ea-8ab4-46f7-881f-9d9ea1e70cba","task_id":"5b9f76fd-4473-4cf0-8ab8-7dced741676e"}
2026-09-12T13:34:18.362+08:00  WARN 6942 --- [control-app] [           main] [                                                 ] c.o.p.c.i.n.NativeInvestigationExecutor  : run 6bcd69ea-8ab4-46f7-881f-9d9ea1e70cba 无冻结时间窗（存量行兼容面），回退执行时窗口——F14 冻结语义缺失
2026-09-12T13:34:18.364+08:00  INFO 6942 --- [control-app] [           main] [                                                 ] c.o.p.c.a.a.agent.BoundedLlmRoleRunner   : 主 FINAL 提案落检查点 task=5b9f76fd-4473-4cf0-8ab8-7dced741676e claims=1 downgraded=0 stripped=0
2026-09-12T13:34:18.364+08:00  INFO 6942 --- [control-app] [           main] [                                                 ] c.o.p.c.i.n.NativeInvestigationExecutor  : 主任务 FINAL 提案就绪 → DONE task=5b9f76fd-4473-4cf0-8ab8-7dced741676e reason=null
2026-09-12T13:34:18.365+08:00  INFO 6942 --- [control-app] [           main] [                                                 ] c.o.p.c.a.a.DeterministicSupervisor      : {"event":"am4_run_reporting","ts":"2026-09-12T05:34:18.364965837Z","run_id":"6bcd69ea-8ab4-46f7-881f-9d9ea1e70cba"}
2026-09-12T13:34:18.365+08:00  INFO 6942 --- [control-app] [           main] [                                                 ] c.o.p.c.a.a.DeterministicSupervisor      : run 6bcd69ea-8ab4-46f7-881f-9d9ea1e70cba 全任务终态 → REPORTING（报告链组装）
2026-09-12T13:34:18.365+08:00  INFO 6942 --- [control-app] [           main] [                                                 ] c.o.p.c.i.n.NativeInvestigationExecutor  : native 全链完成 run=6bcd69ea-8ab4-46f7-881f-9d9ea1e70cba reportOutcome=UNRESOLVED claims=1 validation=STRUCTURE_VALIDATED 快照=a3c71174484e428491c46e1df9c11732cf3541383816311de29c4f0c8e0848c7 主模式=true
2026-09-12T13:34:18.368+08:00  INFO 6942 --- [control-app] [           main] [                                                 ] c.o.p.c.a.a.DeterministicSupervisor      : {"event":"r7_primary_started","ts":"2026-09-12T05:34:18.368178046Z","role":"primary@1","run_id":"0535247e-affb-427e-8faf-6ad2579ecfd6","task_id":"28b5ddbf-ddda-42f1-bab7-d37d6659f305"}
2026-09-12T13:34:18.368+08:00  WARN 6942 --- [control-app] [           main] [                                                 ] c.o.p.c.i.n.NativeInvestigationExecutor  : run 0535247e-affb-427e-8faf-6ad2579ecfd6 无冻结时间窗（存量行兼容面），回退执行时窗口——F14 冻结语义缺失
2026-09-12T13:34:18.370+08:00  INFO 6942 --- [control-app] [           main] [                                                 ] c.o.p.c.a.a.agent.BoundedLlmRoleRunner   : 主 FINAL 提案落检查点 task=28b5ddbf-ddda-42f1-bab7-d37d6659f305 claims=0 downgraded=0 stripped=0
2026-09-12T13:34:18.370+08:00  INFO 6942 --- [control-app] [           main] [                                                 ] c.o.p.c.i.n.NativeInvestigationExecutor  : 主任务 FINAL 提案就绪 → DONE task=28b5ddbf-ddda-42f1-bab7-d37d6659f305 reason=null
2026-09-12T13:34:18.371+08:00  INFO 6942 --- [control-app] [           main] [                                                 ] c.o.p.c.a.a.DeterministicSupervisor      : {"event":"am4_run_reporting","ts":"2026-09-12T05:34:18.370968351Z","run_id":"0535247e-affb-427e-8faf-6ad2579ecfd6"}
2026-09-12T13:34:18.371+08:00  INFO 6942 --- [control-app] [           main] [                                                 ] c.o.p.c.a.a.DeterministicSupervisor      : run 0535247e-affb-427e-8faf-6ad2579ecfd6 全任务终态 → REPORTING（报告链组装）
2026-09-12T13:34:18.371+08:00  INFO 6942 --- [control-app] [           main] [                                                 ] c.o.p.c.i.n.NativeInvestigationExecutor  : native 全链完成 run=0535247e-affb-427e-8faf-6ad2579ecfd6 reportOutcome=UNRESOLVED claims=0 validation=STRUCTURE_VALIDATED 快照=dd510beb40809bcb1186f3329d07d712b8a5678029d2d73a876a7f9868a7199a 主模式=true
2026-09-12T13:34:18.374+08:00  INFO 6942 --- [control-app] [           main] [                                                 ] c.o.p.c.a.a.DeterministicSupervisor      : {"event":"r7_primary_started","ts":"2026-09-12T05:34:18.374506764Z","role":"primary@1","run_id":"4d5e1c33-e820-48d3-8bc1-6e410434d162","task_id":"5a2cd2c5-2ac5-4929-a861-4010fddd7061"}
2026-09-12T13:34:18.374+08:00  WARN 6942 --- [control-app] [           main] [                                                 ] c.o.p.c.i.n.NativeInvestigationExecutor  : run 4d5e1c33-e820-48d3-8bc1-6e410434d162 无冻结时间窗（存量行兼容面），回退执行时窗口——F14 冻结语义缺失
2026-09-12T13:34:18.376+08:00  INFO 6942 --- [control-app] [           main] [                                                 ] c.o.p.c.a.a.agent.BoundedLlmRoleRunner   : 主 FINAL 提案落检查点 task=5a2cd2c5-2ac5-4929-a861-4010fddd7061 claims=1 downgraded=0 stripped=0
2026-09-12T13:34:18.376+08:00  INFO 6942 --- [control-app] [           main] [                                                 ] c.o.p.c.i.n.NativeInvestigationExecutor  : 主任务 FINAL 提案就绪 → DONE task=5a2cd2c5-2ac5-4929-a861-4010fddd7061 reason=null
2026-09-12T13:34:18.376+08:00  INFO 6942 --- [control-app] [           main] [                                                 ] c.o.p.c.a.a.DeterministicSupervisor      : {"event":"am4_run_reporting","ts":"2026-09-12T05:34:18.376856139Z","run_id":"4d5e1c33-e820-48d3-8bc1-6e410434d162"}
2026-09-12T13:34:18.377+08:00  INFO 6942 --- [control-app] [           main] [                                                 ] c.o.p.c.a.a.DeterministicSupervisor      : run 4d5e1c33-e820-48d3-8bc1-6e410434d162 全任务终态 → REPORTING（报告链组装）
2026-09-12T13:34:18.378+08:00  INFO 6942 --- [control-app] [           main] [                                                 ] c.o.p.c.i.n.NativeInvestigationExecutor  : native 全链完成 run=4d5e1c33-e820-48d3-8bc1-6e410434d162 reportOutcome=UNRESOLVED claims=1 validation=STRUCTURE_VALIDATED 快照=a3c71174484e428491c46e1df9c11732cf3541383816311de29c4f0c8e0848c7 主模式=true
2026-09-12T13:34:18.383+08:00  INFO 6942 --- [control-app] [           main] [                                                 ] c.o.p.c.a.a.RcaRunOrchestrator           : {"event":"rca_task_decision","ts":"2026-09-12T05:34:18.383341191Z","task_id":"44c90ad5-013d-45b5-98da-253b35af41a2","run_id":"4d5e1c33-e820-48d3-8bc1-6e410434d162","decision":"COMPLETED","latency_ms":0,"attempt_id":"5963da43-6344-41ef-9ecf-b26d6ee0a352"}
2026-09-12T13:34:18.385+08:00  WARN 6942 --- [control-app] [           main] [                                                 ] c.o.p.c.a.a.a.PrimaryFinalClaimProjector : 主 FINAL 提案零证据引用，不成断言（留检查点审计面）run=1cec90c3-299b-4abc-b520-8b20e9e166b0 claim=c3
2026-09-12T13:34:18.389+08:00  INFO 6942 --- [control-app] [           main] [                                                 ] c.o.p.c.a.a.DeterministicSupervisor      : {"event":"r7_primary_started","ts":"2026-09-12T05:34:18.389100457Z","role":"primary@1","run_id":"3bbbf37a-5715-47cf-b3f5-311603bd2237","task_id":"d7dcbc32-8fda-4970-a95e-3628b6641923"}
2026-09-12T13:34:18.389+08:00  INFO 6942 --- [control-app] [           main] [                                                 ] c.o.p.c.a.a.DeterministicSupervisor      : {"event":"r7_delegation_adjudicated","ts":"2026-09-12T05:34:18.389540095Z","task_id":"d7dcbc32-8fda-4970-a95e-3628b6641923","run_id":"3bbbf37a-5715-47cf-b3f5-311603bd2237","batch_accepted":false,"requests":1,"approved":0}
2026-09-12T13:34:18.393+08:00  INFO 6942 --- [control-app] [           main] [                                                 ] c.o.p.c.a.a.DeterministicSupervisor      : {"event":"r7_primary_started","ts":"2026-09-12T05:34:18.393868587Z","role":"primary@1","run_id":"ec3203b2-3e1b-4cb8-9f9a-61322ccf0f76","task_id":"fd7ff082-1d3c-4912-856f-0f934ecbf40e"}
2026-09-12T13:34:18.400+08:00  INFO 6942 --- [control-app] [           main] [                                                 ] c.o.p.c.a.a.DeterministicSupervisor      : {"event":"r7_delegation_adjudicated","ts":"2026-09-12T05:34:18.400165325Z","task_id":"fd7ff082-1d3c-4912-856f-0f934ecbf40e","run_id":"ec3203b2-3e1b-4cb8-9f9a-61322ccf0f76","batch_accepted":true,"requests":1,"approved":1}
2026-09-12T13:34:18.401+08:00  WARN 6942 --- [control-app] [           main] [                                                 ] c.o.p.c.i.n.NativeInvestigationExecutor  : run ec3203b2-3e1b-4cb8-9f9a-61322ccf0f76 无冻结时间窗（存量行兼容面），回退执行时窗口——F14 冻结语义缺失
2026-09-12T13:34:18.403+08:00  INFO 6942 --- [control-app] [           main] [                                                 ] c.o.p.c.a.a.agent.BoundedLlmRoleRunner   : 主 FINAL 提案落检查点 task=fd7ff082-1d3c-4912-856f-0f934ecbf40e claims=1 downgraded=0 stripped=0
2026-09-12T13:34:18.403+08:00  INFO 6942 --- [control-app] [           main] [                                                 ] c.o.p.c.i.n.NativeInvestigationExecutor  : 主任务 FINAL 提案就绪 → DONE task=fd7ff082-1d3c-4912-856f-0f934ecbf40e reason=null
2026-09-12T13:34:18.403+08:00  INFO 6942 --- [control-app] [           main] [                                                 ] c.o.p.c.a.a.DeterministicSupervisor      : {"event":"am4_run_reporting","ts":"2026-09-12T05:34:18.403589764Z","run_id":"ec3203b2-3e1b-4cb8-9f9a-61322ccf0f76"}
2026-09-12T13:34:18.403+08:00  INFO 6942 --- [control-app] [           main] [                                                 ] c.o.p.c.a.a.DeterministicSupervisor      : run ec3203b2-3e1b-4cb8-9f9a-61322ccf0f76 全任务终态 → REPORTING（报告链组装）
2026-09-12T13:34:18.404+08:00  INFO 6942 --- [control-app] [           main] [                                                 ] c.o.p.c.i.n.NativeInvestigationExecutor  : native 全链完成 run=ec3203b2-3e1b-4cb8-9f9a-61322ccf0f76 reportOutcome=UNRESOLVED claims=1 validation=STRUCTURE_VALIDATED 快照=a3c71174484e428491c46e1df9c11732cf3541383816311de29c4f0c8e0848c7 主模式=true
[INFO] Tests run: 8, Failures: 0, Errors: 0, Skipped: 0, Time elapsed: 0.132 s -- in com.objwww.pr.control.infrastructure.nativeexec.R7PrimaryModeExecutorTest
[INFO] Running com.objwww.pr.control.infrastructure.nativeexec.NativeInvestigationExecutorTest
2026-09-12T13:34:18.414+08:00  WARN 6942 --- [control-app] [           main] [                                                 ] c.o.p.c.i.n.NativeInvestigationExecutor  : run 8536aae1-2388-4ffe-8814-192dd48d6e23 无冻结时间窗（存量行兼容面），回退执行时窗口——F14 冻结语义缺失
2026-09-12T13:34:18.420+08:00  INFO 6942 --- [control-app] [           main] [                                                 ] c.o.p.c.a.a.DeterministicSupervisor      : {"event":"am4_run_reporting","ts":"2026-09-12T05:34:18.420110646Z","run_id":"8536aae1-2388-4ffe-8814-192dd48d6e23"}
2026-09-12T13:34:18.420+08:00  INFO 6942 --- [control-app] [           main] [                                                 ] c.o.p.c.a.a.DeterministicSupervisor      : run 8536aae1-2388-4ffe-8814-192dd48d6e23 全任务终态 → REPORTING（报告链组装）
2026-09-12T13:34:18.424+08:00  INFO 6942 --- [control-app] [           main] [                                                 ] c.o.p.c.i.n.NativeInvestigationExecutor  : native 全链完成 run=8536aae1-2388-4ffe-8814-192dd48d6e23 reportOutcome=CONFIRMED claims=1 validation=STRUCTURE_VALIDATED 快照=3c20d71cff03bf8624ce3974a19841a1e8e315f5f3246fe536c3c3fc4af6addd 主模式=false
2026-09-12T13:34:18.426+08:00  INFO 6942 --- [control-app] [           main] [                                                 ] c.o.p.c.a.a.RcaRunOrchestrator           : {"event":"rca_task_decision","ts":"2026-09-12T05:34:18.426342833Z","task_id":"ec04f3d4-1d33-49c4-8579-ac4f99d4cd0e","run_id":"8536aae1-2388-4ffe-8814-192dd48d6e23","decision":"COMPLETED","latency_ms":0,"attempt_id":"b274b5fe-e48c-4d8b-9b38-9f1542303b1d"}
2026-09-12T13:34:18.432+08:00  INFO 6942 --- [control-app] [           main] [                                                 ] c.o.p.c.a.a.DeterministicSupervisor      : {"event":"am4_run_reporting","ts":"2026-09-12T05:34:18.432726975Z","run_id":"66ee04ea-fa4d-4e74-86eb-bd8aeb16bc27"}
2026-09-12T13:34:18.434+08:00  INFO 6942 --- [control-app] [           main] [                                                 ] c.o.p.c.a.a.DeterministicSupervisor      : run 66ee04ea-fa4d-4e74-86eb-bd8aeb16bc27 全任务终态 → REPORTING（报告链组装）
2026-09-12T13:34:18.434+08:00  INFO 6942 --- [control-app] [           main] [                                                 ] c.o.p.c.i.n.NativeInvestigationExecutor  : native 全链完成 run=66ee04ea-fa4d-4e74-86eb-bd8aeb16bc27 reportOutcome=UNRESOLVED claims=0 validation=STRUCTURE_VALIDATED 快照=de17ef9df88e57234ba379dd5d3b62d694360536e41fcb7ee62c63bf314843f4 主模式=false
2026-09-12T13:34:18.441+08:00  INFO 6942 --- [control-app] [           main] [                                                 ] c.o.p.c.a.a.DeterministicSupervisor      : {"event":"am4_plan_rejected","ts":"2026-09-12T05:34:18.441050109Z","reason":"schema_version 必须为 am4-plan.v1，实际: bogus","run_id":"8a101fc6-b8c1-4230-89fb-d4f684a5de3d"}
2026-09-12T13:34:18.441+08:00  WARN 6942 --- [control-app] [           main] [                                                 ] c.o.p.c.a.a.DeterministicSupervisor      : run 8a101fc6-b8c1-4230-89fb-d4f684a5de3d 提案被确定性拒绝 → FAILED（schema_version 必须为 am4-plan.v1，实际: bogus）
2026-09-12T13:34:18.444+08:00  WARN 6942 --- [control-app] [           main] [                                                 ] c.o.p.c.i.n.NativeInvestigationExecutor  : run 67d6a491-ef5c-48e3-ad99-ca153e9e8de8 无冻结时间窗（存量行兼容面），回退执行时窗口——F14 冻结语义缺失
2026-09-12T13:34:18.446+08:00  INFO 6942 --- [control-app] [           main] [                                                 ] c.o.p.c.a.a.DeterministicSupervisor      : {"event":"am4_run_reporting","ts":"2026-09-12T05:34:18.446208574Z","run_id":"67d6a491-ef5c-48e3-ad99-ca153e9e8de8"}
2026-09-12T13:34:18.446+08:00  INFO 6942 --- [control-app] [           main] [                                                 ] c.o.p.c.a.a.DeterministicSupervisor      : run 67d6a491-ef5c-48e3-ad99-ca153e9e8de8 全任务终态 → REPORTING（报告链组装）
2026-09-12T13:34:18.447+08:00  INFO 6942 --- [control-app] [           main] [                                                 ] c.o.p.c.i.n.NativeInvestigationExecutor  : native 全链完成 run=67d6a491-ef5c-48e3-ad99-ca153e9e8de8 reportOutcome=UNRESOLVED claims=0 validation=STRUCTURE_VALIDATED 快照=de17ef9df88e57234ba379dd5d3b62d694360536e41fcb7ee62c63bf314843f4 主模式=false
2026-09-12T13:34:18.448+08:00  WARN 6942 --- [control-app] [           main] [                                                 ] c.o.p.c.i.n.NativeInvestigationExecutor  : run 67d6a491-ef5c-48e3-ad99-ca153e9e8de8 无冻结时间窗（存量行兼容面），回退执行时窗口——F14 冻结语义缺失
2026-09-12T13:34:18.448+08:00  WARN 6942 --- [control-app] [           main] [                                                 ] c.o.p.c.i.n.NativeInvestigationExecutor  : 阶段②恢复：悬挂 PENDING → UNKNOWN（发送后结果未知，预算占用保留）op=d77d7fed-d46f-4f9d-9739-a710d7996cdf
2026-09-12T13:34:18.449+08:00  INFO 6942 --- [control-app] [           main] [                                                 ] c.o.p.c.i.n.NativeInvestigationExecutor  : native 全链完成 run=67d6a491-ef5c-48e3-ad99-ca153e9e8de8 reportOutcome=UNRESOLVED claims=0 validation=STRUCTURE_VALIDATED 快照=bca76dd8580d2ebf2325ef06dc5a1ec3333ff9292144b1a1347c0a1e3610a4b8 主模式=false
2026-09-12T13:34:18.454+08:00  WARN 6942 --- [control-app] [           main] [                                                 ] c.o.p.c.i.n.NativeInvestigationExecutor  : run 37ac7f43-7e15-4a7f-a767-51557dbd8c47 无冻结时间窗（存量行兼容面），回退执行时窗口——F14 冻结语义缺失
2026-09-12T13:34:18.455+08:00  INFO 6942 --- [control-app] [           main] [                                                 ] c.o.p.c.a.a.DeterministicSupervisor      : {"event":"am4_run_reporting","ts":"2026-09-12T05:34:18.455706741Z","run_id":"37ac7f43-7e15-4a7f-a767-51557dbd8c47"}
2026-09-12T13:34:18.455+08:00  INFO 6942 --- [control-app] [           main] [                                                 ] c.o.p.c.a.a.DeterministicSupervisor      : run 37ac7f43-7e15-4a7f-a767-51557dbd8c47 全任务终态 → REPORTING（报告链组装）
2026-09-12T13:34:18.456+08:00  INFO 6942 --- [control-app] [           main] [                                                 ] c.o.p.c.i.n.NativeInvestigationExecutor  : native 全链完成 run=37ac7f43-7e15-4a7f-a767-51557dbd8c47 reportOutcome=UNRESOLVED claims=0 validation=STRUCTURE_VALIDATED 快照=de17ef9df88e57234ba379dd5d3b62d694360536e41fcb7ee62c63bf314843f4 主模式=false
2026-09-12T13:34:18.457+08:00  WARN 6942 --- [control-app] [           main] [                                                 ] c.o.p.c.i.n.NativeInvestigationExecutor  : run 37ac7f43-7e15-4a7f-a767-51557dbd8c47 无冻结时间窗（存量行兼容面），回退执行时窗口——F14 冻结语义缺失
2026-09-12T13:34:18.458+08:00  INFO 6942 --- [control-app] [           main] [                                                 ] c.o.p.c.i.n.NativeInvestigationExecutor  : native 全链完成 run=37ac7f43-7e15-4a7f-a767-51557dbd8c47 reportOutcome=UNRESOLVED claims=0 validation=STRUCTURE_VALIDATED 快照=de17ef9df88e57234ba379dd5d3b62d694360536e41fcb7ee62c63bf314843f4 主模式=false
2026-09-12T13:34:18.461+08:00  WARN 6942 --- [control-app] [           main] [                                                 ] c.o.p.c.i.n.NativeInvestigationExecutor  : run c2fc3f0f-4f56-436e-974c-66b654e636bc 无冻结时间窗（存量行兼容面），回退执行时窗口——F14 冻结语义缺失
2026-09-12T13:34:18.463+08:00  INFO 6942 --- [control-app] [           main] [                                                 ] c.o.p.c.a.a.DeterministicSupervisor      : {"event":"am4_run_reporting","ts":"2026-09-12T05:34:18.463398877Z","run_id":"c2fc3f0f-4f56-436e-974c-66b654e636bc"}
2026-09-12T13:34:18.463+08:00  INFO 6942 --- [control-app] [           main] [                                                 ] c.o.p.c.a.a.DeterministicSupervisor      : run c2fc3f0f-4f56-436e-974c-66b654e636bc 全任务终态 → REPORTING（报告链组装）
2026-09-12T13:34:18.464+08:00  INFO 6942 --- [control-app] [           main] [                                                 ] c.o.p.c.i.n.NativeInvestigationExecutor  : native 全链完成 run=c2fc3f0f-4f56-436e-974c-66b654e636bc reportOutcome=UNRESOLVED claims=0 validation=STRUCTURE_VALIDATED 快照=de17ef9df88e57234ba379dd5d3b62d694360536e41fcb7ee62c63bf314843f4 主模式=false
2026-09-12T13:34:18.464+08:00  WARN 6942 --- [control-app] [           main] [                                                 ] c.o.p.c.i.n.NativeInvestigationExecutor  : run c2fc3f0f-4f56-436e-974c-66b654e636bc 无冻结时间窗（存量行兼容面），回退执行时窗口——F14 冻结语义缺失
2026-09-12T13:34:18.465+08:00  INFO 6942 --- [control-app] [           main] [                                                 ] c.o.p.c.i.n.NativeInvestigationExecutor  : DAG 任务 0ec10db7-a3e6-4d22-bd98-ba5716d31155 阶段③恢复：result_ref 幂等收尾（零触网）key=investigate-metrics
2026-09-12T13:34:18.465+08:00  INFO 6942 --- [control-app] [           main] [                                                 ] c.o.p.c.i.n.NativeInvestigationExecutor  : native 全链完成 run=c2fc3f0f-4f56-436e-974c-66b654e636bc reportOutcome=UNRESOLVED claims=0 validation=STRUCTURE_VALIDATED 快照=de17ef9df88e57234ba379dd5d3b62d694360536e41fcb7ee62c63bf314843f4 主模式=false
2026-09-12T13:34:18.471+08:00  WARN 6942 --- [control-app] [           main] [                                                 ] c.o.p.c.i.n.NativeInvestigationExecutor  : run 2403cf41-b51a-4e44-8479-d96ef117469e 无冻结时间窗（存量行兼容面），回退执行时窗口——F14 冻结语义缺失
2026-09-12T13:34:18.473+08:00  INFO 6942 --- [control-app] [           main] [                                                 ] c.o.p.c.a.a.DeterministicSupervisor      : {"event":"am4_run_reporting","ts":"2026-09-12T05:34:18.473459353Z","run_id":"2403cf41-b51a-4e44-8479-d96ef117469e"}
2026-09-12T13:34:18.473+08:00  INFO 6942 --- [control-app] [           main] [                                                 ] c.o.p.c.a.a.DeterministicSupervisor      : run 2403cf41-b51a-4e44-8479-d96ef117469e 全任务终态 → REPORTING（报告链组装）
2026-09-12T13:34:18.474+08:00  INFO 6942 --- [control-app] [           main] [                                                 ] c.o.p.c.i.n.NativeInvestigationExecutor  : native 全链完成 run=2403cf41-b51a-4e44-8479-d96ef117469e reportOutcome=UNRESOLVED claims=0 validation=STRUCTURE_VALIDATED 快照=de17ef9df88e57234ba379dd5d3b62d694360536e41fcb7ee62c63bf314843f4 主模式=false
2026-09-12T13:34:18.477+08:00  WARN 6942 --- [control-app] [           main] [                                                 ] c.o.p.c.i.n.NativeInvestigationExecutor  : run 090c1780-81ec-4b6b-8499-3bc6d99412be 无冻结时间窗（存量行兼容面），回退执行时窗口——F14 冻结语义缺失
2026-09-12T13:34:18.479+08:00  INFO 6942 --- [control-app] [           main] [                                                 ] c.o.p.c.a.a.DeterministicSupervisor      : {"event":"am4_run_reporting","ts":"2026-09-12T05:34:18.479410941Z","run_id":"090c1780-81ec-4b6b-8499-3bc6d99412be"}
2026-09-12T13:34:18.479+08:00  INFO 6942 --- [control-app] [           main] [                                                 ] c.o.p.c.a.a.DeterministicSupervisor      : run 090c1780-81ec-4b6b-8499-3bc6d99412be 全任务终态 → REPORTING（报告链组装）
2026-09-12T13:34:18.480+08:00  INFO 6942 --- [control-app] [           main] [                                                 ] c.o.p.c.i.n.NativeInvestigationExecutor  : native 全链完成 run=090c1780-81ec-4b6b-8499-3bc6d99412be reportOutcome=UNRESOLVED claims=0 validation=STRUCTURE_VALIDATED 快照=de17ef9df88e57234ba379dd5d3b62d694360536e41fcb7ee62c63bf314843f4 主模式=false
2026-09-12T13:34:18.481+08:00  WARN 6942 --- [control-app] [           main] [                                                 ] c.o.p.c.i.n.NativeInvestigationExecutor  : run 090c1780-81ec-4b6b-8499-3bc6d99412be 无冻结时间窗（存量行兼容面），回退执行时窗口——F14 冻结语义缺失
2026-09-12T13:34:18.482+08:00  INFO 6942 --- [control-app] [           main] [                                                 ] c.o.p.c.i.n.NativeInvestigationExecutor  : native 全链完成 run=090c1780-81ec-4b6b-8499-3bc6d99412be reportOutcome=UNRESOLVED claims=0 validation=STRUCTURE_VALIDATED 快照=f0cc17646a02012863c0969e2820e7fda9d01e054a164afa574e9f22df606868 主模式=false
2026-09-12T13:34:18.483+08:00  WARN 6942 --- [control-app] [           main] [                                                 ] c.o.p.c.i.n.NativeInvestigationExecutor  : run 090c1780-81ec-4b6b-8499-3bc6d99412be 无冻结时间窗（存量行兼容面），回退执行时窗口——F14 冻结语义缺失
2026-09-12T13:34:18.484+08:00  WARN 6942 --- [control-app] [           main] [                                                 ] c.o.p.c.i.n.NativeInvestigationExecutor  : DAG 任务 bef8d8cf-25fd-4269-a290-595fac173101 FAILED 回执孤儿 → DEAD（不重复调用）key=investigate-logs
2026-09-12T13:34:18.484+08:00  INFO 6942 --- [control-app] [           main] [                                                 ] c.o.p.c.i.n.NativeInvestigationExecutor  : native 全链完成 run=090c1780-81ec-4b6b-8499-3bc6d99412be reportOutcome=UNRESOLVED claims=0 validation=STRUCTURE_VALIDATED 快照=f0cc17646a02012863c0969e2820e7fda9d01e054a164afa574e9f22df606868 主模式=false
[INFO] Tests run: 9, Failures: 0, Errors: 0, Skipped: 0, Time elapsed: 0.079 s -- in com.objwww.pr.control.infrastructure.nativeexec.NativeInvestigationExecutorTest
[INFO] Running com.objwww.pr.control.infrastructure.persistence.Am5MigrationContractTest
[INFO] Tests run: 21, Failures: 0, Errors: 0, Skipped: 0, Time elapsed: 0.055 s -- in com.objwww.pr.control.infrastructure.persistence.Am5MigrationContractTest
[INFO] Running com.objwww.pr.control.infrastructure.persistence.EnMigrationContractTest
[INFO] Tests run: 9, Failures: 0, Errors: 0, Skipped: 0, Time elapsed: 0.011 s -- in com.objwww.pr.control.infrastructure.persistence.EnMigrationContractTest
[INFO] Running com.objwww.pr.control.infrastructure.persistence.Am6MigrationContractTest
[INFO] Tests run: 12, Failures: 0, Errors: 0, Skipped: 0, Time elapsed: 0.008 s -- in com.objwww.pr.control.infrastructure.persistence.Am6MigrationContractTest
[INFO] Running com.objwww.pr.control.infrastructure.persistence.PostgresClaimTaskKeyFilterContractTest
[INFO] Tests run: 2, Failures: 0, Errors: 0, Skipped: 0, Time elapsed: 0.023 s -- in com.objwww.pr.control.infrastructure.persistence.PostgresClaimTaskKeyFilterContractTest
[INFO] Running com.objwww.pr.control.infrastructure.persistence.M7MigrationContractTest
[INFO] Tests run: 7, Failures: 0, Errors: 0, Skipped: 0, Time elapsed: 0.009 s -- in com.objwww.pr.control.infrastructure.persistence.M7MigrationContractTest
[INFO] Running com.objwww.pr.control.infrastructure.persistence.PostgresArchiveManifestRepositoryFenceTest
[INFO] Tests run: 1, Failures: 0, Errors: 0, Skipped: 0, Time elapsed: 0.002 s -- in com.objwww.pr.control.infrastructure.persistence.PostgresArchiveManifestRepositoryFenceTest
[INFO] Running com.objwww.pr.control.infrastructure.persistence.Am7MigrationContractTest
[INFO] Tests run: 7, Failures: 0, Errors: 0, Skipped: 0, Time elapsed: 0.007 s -- in com.objwww.pr.control.infrastructure.persistence.Am7MigrationContractTest
[INFO] Running com.objwww.pr.control.infrastructure.selfcheck.ControlSelfCheckTest
2026-09-12T13:34:18.621+08:00  INFO 6942 --- [control-app] [           main] [                                                 ] c.o.p.c.i.s.StartupSelfCheckRunner       : [control] 启动自检通过（B25 运行时门）
[INFO] Tests run: 6, Failures: 0, Errors: 0, Skipped: 0, Time elapsed: 0.007 s -- in com.objwww.pr.control.infrastructure.selfcheck.ControlSelfCheckTest
[INFO] Running com.objwww.pr.control.infrastructure.tool.PrometheusApiExecutorTest
[INFO] Tests run: 9, Failures: 0, Errors: 0, Skipped: 0, Time elapsed: 0.884 s -- in com.objwww.pr.control.infrastructure.tool.PrometheusApiExecutorTest
[INFO] Running com.objwww.pr.control.infrastructure.tool.ChangeQueryExecutorTest
[INFO] Tests run: 6, Failures: 0, Errors: 0, Skipped: 0, Time elapsed: 0.015 s -- in com.objwww.pr.control.infrastructure.tool.ChangeQueryExecutorTest
[INFO] Running com.objwww.pr.control.infrastructure.tool.DockerInspectExecutorTest
[INFO] Tests run: 5, Failures: 0, Errors: 0, Skipped: 0, Time elapsed: 0.038 s -- in com.objwww.pr.control.infrastructure.tool.DockerInspectExecutorTest
[INFO] Running com.objwww.pr.control.infrastructure.tool.LogQueryExecutorTest
[INFO] Tests run: 8, Failures: 0, Errors: 0, Skipped: 0, Time elapsed: 0.105 s -- in com.objwww.pr.control.infrastructure.tool.LogQueryExecutorTest
[INFO] Running com.objwww.pr.control.infrastructure.tool.PrometheusMetricsWireMockTest
[INFO] Tests run: 5, Failures: 0, Errors: 0, Skipped: 0, Time elapsed: 0.097 s -- in com.objwww.pr.control.infrastructure.tool.PrometheusMetricsWireMockTest
[INFO] Running com.objwww.pr.control.infrastructure.tool.ChangeDiffExecutorTest
[INFO] Tests run: 5, Failures: 0, Errors: 0, Skipped: 0, Time elapsed: 0.009 s -- in com.objwww.pr.control.infrastructure.tool.ChangeDiffExecutorTest
[INFO] Running com.objwww.pr.control.infrastructure.tool.LokiAggregateExecutorTest
[INFO] Tests run: 4, Failures: 0, Errors: 0, Skipped: 0, Time elapsed: 0.083 s -- in com.objwww.pr.control.infrastructure.tool.LokiAggregateExecutorTest
[INFO] Running com.objwww.pr.control.infrastructure.tool.AlertHistoryExecutorTest
[INFO] Tests run: 3, Failures: 0, Errors: 0, Skipped: 0, Time elapsed: 0.005 s -- in com.objwww.pr.control.infrastructure.tool.AlertHistoryExecutorTest
[INFO] Running com.objwww.pr.control.infrastructure.model.SpringAiRouteClientTest
2026-09-12T13:34:19.886+08:00  WARN 6942 --- [control-app] [           main] [                                                 ] c.o.p.c.i.model.SpringAiRouteClient      : route=route-test 空 content 带终止痕迹（finishReason=LENGTH, completionTokens=195）→ OUTPUT_BUDGET_EXHAUSTED
2026-09-12T13:34:19.893+08:00  WARN 6942 --- [control-app] [           main] [                                                 ] c.o.p.c.i.model.SpringAiRouteClient      : route=route-test 空 content 带终止痕迹（finishReason=STOP, completionTokens=300）→ OUTPUT_BUDGET_EXHAUSTED
2026-09-12T13:34:19.893+08:00  WARN 6942 --- [control-app] [           main] [                                                 ] c.o.p.c.i.model.SpringAiRouteClient      : route=route-test 返回空 content
[INFO] Tests run: 4, Failures: 0, Errors: 0, Skipped: 0, Time elapsed: 0.025 s -- in com.objwww.pr.control.infrastructure.model.SpringAiRouteClientTest
[INFO] Running com.objwww.pr.control.infrastructure.model.ProviderErrorClassifierTest
[INFO] Tests run: 17, Failures: 0, Errors: 0, Skipped: 0, Time elapsed: 0.005 s -- in com.objwww.pr.control.infrastructure.model.ProviderErrorClassifierTest
[INFO] Running com.objwww.pr.control.infrastructure.observability.GatusProbeConfigContractTest
[INFO] Tests run: 4, Failures: 0, Errors: 0, Skipped: 0, Time elapsed: 0.005 s -- in com.objwww.pr.control.infrastructure.observability.GatusProbeConfigContractTest
[INFO] Running com.objwww.pr.control.infrastructure.observability.StructuredLogTest
2026-09-12T13:34:19.918+08:00  INFO 6942 --- [control-app] [           main] [                                                 ] structured-log-test                      : {"event":"e","ts":"2026-09-12T05:34:19.918481243Z","error":null}
2026-09-12T13:34:19.919+08:00  INFO 6942 --- [control-app] [           main] [                                                 ] structured-log-test                      : {"event":"e","ts":"2026-09-12T05:34:19.919616892Z","secret_like":"quote\" and\nnewline\ttab"}
2026-09-12T13:34:19.920+08:00  INFO 6942 --- [control-app] [           main] [                                                 ] structured-log-test                      : {"event":"rca_task_decision","ts":"2026-09-12T05:34:19.920430233Z","run_id":"r-1","decision":"COMPLETED","latency_ms":42}
2026-09-12T13:34:19.938+08:00  WARN 6942 --- [control-app] [           main] [                                                 ] structured-log-test                      : structured log 序列化失败 event=e
[INFO] Tests run: 4, Failures: 0, Errors: 0, Skipped: 0, Time elapsed: 0.022 s -- in com.objwww.pr.control.infrastructure.observability.StructuredLogTest
[INFO] Running com.objwww.pr.control.infrastructure.observability.AlertMetricsLabelAllowlistTest
[INFO] Tests run: 3, Failures: 0, Errors: 0, Skipped: 0, Time elapsed: 0.010 s -- in com.objwww.pr.control.infrastructure.observability.AlertMetricsLabelAllowlistTest
[INFO] Running com.objwww.pr.control.infrastructure.observability.ControlCollectorConfigContractTest
[INFO] Tests run: 3, Failures: 0, Errors: 0, Skipped: 0, Time elapsed: 0.019 s -- in com.objwww.pr.control.infrastructure.observability.ControlCollectorConfigContractTest
[INFO] Running com.objwww.pr.control.infrastructure.observability.TracedTasksTest
2026-09-12T13:34:19.985+08:00  INFO 6942 --- [control-app] [           main] [                                                 ] brave.Tracer                             : {"traceId":"8eef065668583d2a","id":"8eef065668583d2a","name":"parent","timestamp":1789191259973435,"duration":9501,"localEndpoint":{"serviceName":"unknown","ipv4":"172.24.0.1"}}
[INFO] Tests run: 3, Failures: 0, Errors: 0, Skipped: 0, Time elapsed: 0.018 s -- in com.objwww.pr.control.infrastructure.observability.TracedTasksTest
[INFO] Running com.objwww.pr.control.infrastructure.mcp.En06McpSdkSpikeTest
2026-09-12T13:34:20.672+08:00  INFO 6942 --- [control-app] [ent-62-Worker-1] [                                                 ] i.m.client.LifecycleInitializer          : Server response with Protocol: 2025-11-25, Capabilities: ServerCapabilities[completions=null, experimental=null, logging=null, prompts=null, resources=null, tools=ToolCapabilities[listChanged=true]], Info: Implementation[name=spike-mcp, title=Spike, version=1.0.0, description=null, icons=null, websiteUrl=null] and Instructions null
2026-09-12T13:34:20.819+08:00  INFO 6942 --- [control-app] [ent-63-Worker-1] [                                                 ] i.m.client.LifecycleInitializer          : Server response with Protocol: 2025-11-25, Capabilities: ServerCapabilities[completions=null, experimental=null, logging=null, prompts=null, resources=null, tools=ToolCapabilities[listChanged=true]], Info: Implementation[name=spike-mcp, title=Spike, version=1.0.0, description=null, icons=null, websiteUrl=null] and Instructions null
[INFO] Tests run: 2, Failures: 0, Errors: 0, Skipped: 0, Time elapsed: 0.881 s -- in com.objwww.pr.control.infrastructure.mcp.En06McpSdkSpikeTest
[INFO] Running com.objwww.pr.control.ControlArchitectureTest
2026-09-12T13:34:20.882+08:00  INFO 6942 --- [control-app] [           main] [                                                 ] com.tngtech.archunit.core.PluginLoader   : Detected Java version 21.0.12.1
2026-09-12T13:34:20.882+08:00  WARN 6942 --- [control-app] [onPool-worker-1] [                                                 ] i.m.spec.McpTransport                    : Error during asynchronous close

java.net.ConnectException: null
	at java.net.http/jdk.internal.net.http.common.Utils.toConnectException(Utils.java:1065) ~[java.net.http:na]
	at java.net.http/jdk.internal.net.http.PlainHttpConnection.connectAsync(PlainHttpConnection.java:227) ~[java.net.http:na]
	at java.net.http/jdk.internal.net.http.PlainHttpConnection.checkRetryConnect(PlainHttpConnection.java:280) ~[java.net.http:na]
	at java.net.http/jdk.internal.net.http.PlainHttpConnection.lambda$connectAsync$2(PlainHttpConnection.java:238) ~[java.net.http:na]
	at java.base/java.util.concurrent.CompletableFuture.uniHandle(CompletableFuture.java:934) ~[na:na]
	at java.base/java.util.concurrent.CompletableFuture$UniHandle.tryFire(CompletableFuture.java:911) ~[na:na]
	at java.base/java.util.concurrent.CompletableFuture.postComplete(CompletableFuture.java:510) ~[na:na]
	at java.base/java.util.concurrent.CompletableFuture$AsyncSupply.run(CompletableFuture.java:1773) ~[na:na]
	at java.base/java.util.concurrent.ThreadPoolExecutor.runWorker(ThreadPoolExecutor.java:1144) ~[na:na]
	at java.base/java.util.concurrent.ThreadPoolExecutor$Worker.run(ThreadPoolExecutor.java:642) ~[na:na]
	at java.base/java.lang.Thread.run(Thread.java:1583) ~[na:na]
Caused by: java.nio.channels.ClosedChannelException: null
	at java.base/sun.nio.ch.SocketChannelImpl.ensureOpen(SocketChannelImpl.java:202) ~[na:na]
	at java.base/sun.nio.ch.SocketChannelImpl.beginConnect(SocketChannelImpl.java:786) ~[na:na]
	at java.base/sun.nio.ch.SocketChannelImpl.connect(SocketChannelImpl.java:874) ~[na:na]
	at java.net.http/jdk.internal.net.http.PlainHttpConnection.lambda$connectAsync$1(PlainHttpConnection.java:210) ~[java.net.http:na]
	at java.base/java.security.AccessController.doPrivileged(AccessController.java:571) ~[na:na]
	at java.net.http/jdk.internal.net.http.PlainHttpConnection.connectAsync(PlainHttpConnection.java:212) ~[java.net.http:na]
	... 9 common frames omitted

[INFO] Tests run: 20, Failures: 0, Errors: 0, Skipped: 0, Time elapsed: 5.131 s -- in com.objwww.pr.control.ControlArchitectureTest
[INFO] Running com.objwww.pr.control.alert.domain.statemachine.AlertStateMachineTest
[INFO] Tests run: 8, Failures: 0, Errors: 0, Skipped: 0, Time elapsed: 0.017 s -- in com.objwww.pr.control.alert.domain.statemachine.AlertStateMachineTest
[INFO] Running com.objwww.pr.control.alert.domain.statemachine.RcaStateContractTest
[INFO] Tests run: 8, Failures: 0, Errors: 0, Skipped: 0, Time elapsed: 0.017 s -- in com.objwww.pr.control.alert.domain.statemachine.RcaStateContractTest
[INFO] Running com.objwww.pr.control.alert.domain.agent.AgentProfileTest
[INFO] Tests run: 6, Failures: 0, Errors: 0, Skipped: 0, Time elapsed: 0.016 s -- in com.objwww.pr.control.alert.domain.agent.AgentProfileTest
[INFO] Running com.objwww.pr.control.alert.domain.agent.WorkingMemoryTest
[INFO] Tests run: 4, Failures: 0, Errors: 0, Skipped: 0, Time elapsed: 0.013 s -- in com.objwww.pr.control.alert.domain.agent.WorkingMemoryTest
[INFO] Running com.objwww.pr.control.alert.domain.dag.PlanProposalTest
[INFO] Tests run: 10, Failures: 0, Errors: 0, Skipped: 0, Time elapsed: 0.007 s -- in com.objwww.pr.control.alert.domain.dag.PlanProposalTest
[INFO] Running com.objwww.pr.control.alert.domain.dag.DagTaskStateTest
[INFO] Tests run: 3, Failures: 0, Errors: 0, Skipped: 0, Time elapsed: 0.001 s -- in com.objwww.pr.control.alert.domain.dag.DagTaskStateTest
[INFO] Running com.objwww.pr.control.alert.domain.dag.DagPromoterTest
[INFO] Tests run: 16, Failures: 0, Errors: 0, Skipped: 0, Time elapsed: 0.018 s -- in com.objwww.pr.control.alert.domain.dag.DagPromoterTest
[INFO] Running com.objwww.pr.control.alert.domain.dag.DagCycleDetectorTest
[INFO] Tests run: 10, Failures: 0, Errors: 0, Skipped: 0, Time elapsed: 0.004 s -- in com.objwww.pr.control.alert.domain.dag.DagCycleDetectorTest
[INFO] Running com.objwww.pr.control.alert.domain.classification.IncidentClassifierTest
[INFO] Tests run: 13, Failures: 0, Errors: 0, Skipped: 0, Time elapsed: 0.008 s -- in com.objwww.pr.control.alert.domain.classification.IncidentClassifierTest
[INFO] Running com.objwww.pr.control.alert.domain.tool.ToolReasonCodeTest
[INFO] Tests run: 2, Failures: 0, Errors: 0, Skipped: 0, Time elapsed: 0.002 s -- in com.objwww.pr.control.alert.domain.tool.ToolReasonCodeTest
[INFO] Running com.objwww.pr.control.alert.domain.tool.ToolArgsValidatorTest
[INFO] Tests run: 7, Failures: 0, Errors: 0, Skipped: 0, Time elapsed: 0.012 s -- in com.objwww.pr.control.alert.domain.tool.ToolArgsValidatorTest
[INFO] Running com.objwww.pr.control.alert.domain.tool.InternalCanonicalJsonV1Test
[INFO] Tests run: 9, Failures: 0, Errors: 0, Skipped: 0, Time elapsed: 0.005 s -- in com.objwww.pr.control.alert.domain.tool.InternalCanonicalJsonV1Test
[INFO] Running com.objwww.pr.control.alert.domain.tool.ActionDigestTest
[INFO] Tests run: 8, Failures: 0, Errors: 0, Skipped: 0, Time elapsed: 0.005 s -- in com.objwww.pr.control.alert.domain.tool.ActionDigestTest
[INFO] Running com.objwww.pr.control.alert.domain.tool.ToolPolicyTest
[INFO] Tests run: 3, Failures: 0, Errors: 0, Skipped: 0, Time elapsed: 0.002 s -- in com.objwww.pr.control.alert.domain.tool.ToolPolicyTest
[INFO] Running com.objwww.pr.control.alert.domain.tool.ToolDefinitionTest
[INFO] Tests run: 7, Failures: 0, Errors: 0, Skipped: 0, Time elapsed: 0.005 s -- in com.objwww.pr.control.alert.domain.tool.ToolDefinitionTest
[INFO] Running com.objwww.pr.control.alert.domain.model.EvidencePackageV2ContractTest
[INFO] Tests run: 6, Failures: 0, Errors: 0, Skipped: 0, Time elapsed: 0.010 s -- in com.objwww.pr.control.alert.domain.model.EvidencePackageV2ContractTest
[INFO] Running com.objwww.pr.control.alert.domain.budget.RunBudgetTest
[INFO] Tests run: 11, Failures: 0, Errors: 0, Skipped: 0, Time elapsed: 0.012 s -- in com.objwww.pr.control.alert.domain.budget.RunBudgetTest
[INFO] Running com.objwww.pr.control.alert.domain.budget.DoomLoopGuardTest
[INFO] Tests run: 7, Failures: 0, Errors: 0, Skipped: 0, Time elapsed: 0.022 s -- in com.objwww.pr.control.alert.domain.budget.DoomLoopGuardTest
[INFO] Running com.objwww.pr.control.alert.domain.claim.ClaimReducerTest
[INFO] Tests run: 20, Failures: 0, Errors: 0, Skipped: 0, Time elapsed: 0.016 s -- in com.objwww.pr.control.alert.domain.claim.ClaimReducerTest
[INFO] Running com.objwww.pr.control.alert.domain.claim.ClaimVerdictTest
[INFO] Tests run: 10, Failures: 0, Errors: 0, Skipped: 0, Time elapsed: 0.006 s -- in com.objwww.pr.control.alert.domain.claim.ClaimVerdictTest
[INFO] Running com.objwww.pr.control.alert.domain.claim.ClaimProjectionTest
[INFO] Tests run: 9, Failures: 0, Errors: 0, Skipped: 0, Time elapsed: 0.004 s -- in com.objwww.pr.control.alert.domain.claim.ClaimProjectionTest
[INFO] Running com.objwww.pr.control.alert.domain.claim.ReportAssemblerTest
[INFO] Tests run: 11, Failures: 0, Errors: 0, Skipped: 0, Time elapsed: 0.022 s -- in com.objwww.pr.control.alert.domain.claim.ReportAssemblerTest
[INFO] Running com.objwww.pr.control.alert.domain.claim.ClaimTest
[INFO] Tests run: 7, Failures: 0, Errors: 0, Skipped: 0, Time elapsed: 0.004 s -- in com.objwww.pr.control.alert.domain.claim.ClaimTest
[INFO] Running com.objwww.pr.control.alert.domain.identity.InvestigationIdentityTest
[INFO] Tests run: 7, Failures: 0, Errors: 0, Skipped: 0, Time elapsed: 0.015 s -- in com.objwww.pr.control.alert.domain.identity.InvestigationIdentityTest
[INFO] Running com.objwww.pr.control.alert.domain.evidence.EvidenceEnvelopeTest
[INFO] Tests run: 6, Failures: 0, Errors: 0, Skipped: 0, Time elapsed: 0.004 s -- in com.objwww.pr.control.alert.domain.evidence.EvidenceEnvelopeTest
[INFO] Running com.objwww.pr.control.alert.domain.evidence.EvidenceSnapshotBuilderTest
[INFO] Tests run: 5, Failures: 0, Errors: 0, Skipped: 0, Time elapsed: 0.011 s -- in com.objwww.pr.control.alert.domain.evidence.EvidenceSnapshotBuilderTest
[INFO] Running com.objwww.pr.control.alert.domain.service.AlertIdentityFactoryTest
[INFO] Tests run: 6, Failures: 0, Errors: 0, Skipped: 0, Time elapsed: 0.005 s -- in com.objwww.pr.control.alert.domain.service.AlertIdentityFactoryTest
[INFO] Running com.objwww.pr.control.alert.domain.service.SlaPolicyTest
[INFO] Tests run: 6, Failures: 0, Errors: 0, Skipped: 0, Time elapsed: 0.011 s -- in com.objwww.pr.control.alert.domain.service.SlaPolicyTest
[INFO] Running com.objwww.pr.control.alert.domain.service.DeferredPolicyTest
[INFO] Tests run: 2, Failures: 0, Errors: 0, Skipped: 0, Time elapsed: 0.016 s -- in com.objwww.pr.control.alert.domain.service.DeferredPolicyTest
[INFO] Running com.objwww.pr.control.alert.domain.service.EvidencePackageValidatorTest
[INFO] Tests run: 19, Failures: 0, Errors: 0, Skipped: 0, Time elapsed: 0.032 s -- in com.objwww.pr.control.alert.domain.service.EvidencePackageValidatorTest
[INFO] Running com.objwww.pr.control.alert.infrastructure.config.AlertConfigBridgeTest
[INFO] Tests run: 3, Failures: 0, Errors: 0, Skipped: 0, Time elapsed: 0.016 s -- in com.objwww.pr.control.alert.infrastructure.config.AlertConfigBridgeTest
[INFO] Running com.objwww.pr.control.alert.infrastructure.selfcheck.AlertSelfCheckTest
[INFO] Tests run: 6, Failures: 0, Errors: 0, Skipped: 0, Time elapsed: 0.003 s -- in com.objwww.pr.control.alert.infrastructure.selfcheck.AlertSelfCheckTest
[INFO] Running com.objwww.pr.control.alert.application.agent.R7DelegationBatchesKnobTest
2026-09-12T13:34:26.407+08:00  INFO 6942 --- [control-app] [           main] [                                                 ] c.o.p.c.a.a.DeterministicSupervisor      : {"event":"r7_primary_started","ts":"2026-09-12T05:34:26.401735814Z","role":"primary@1","run_id":"4aae922e-442e-4ad7-bf8c-cdebaceeb093","task_id":"4b4cd386-f084-435c-b85b-29fabb8fb7db"}
2026-09-12T13:34:26.416+08:00  INFO 6942 --- [control-app] [           main] [                                                 ] c.o.p.c.a.a.agent.BoundedLlmRoleRunner   : 主 FINAL 提案落检查点 task=4b4cd386-f084-435c-b85b-29fabb8fb7db claims=0 downgraded=0 stripped=0
2026-09-12T13:34:26.416+08:00  INFO 6942 --- [control-app] [           main] [                                                 ] c.o.p.c.a.a.DeterministicSupervisor      : {"event":"r7_delegation_adjudicated","ts":"2026-09-12T05:34:26.416739559Z","task_id":"4b4cd386-f084-435c-b85b-29fabb8fb7db","run_id":"4aae922e-442e-4ad7-bf8c-cdebaceeb093","batch_accepted":false,"requests":2,"approved":0}
2026-09-12T13:34:26.420+08:00  INFO 6942 --- [control-app] [           main] [                                                 ] c.o.p.c.a.a.DeterministicSupervisor      : {"event":"r7_primary_started","ts":"2026-09-12T05:34:26.420283424Z","role":"primary@1","run_id":"68b6f96b-c780-486f-9313-8fc064a539fd","task_id":"4fb877de-350c-4425-968b-cf3bb5292161"}
2026-09-12T13:34:26.420+08:00  INFO 6942 --- [control-app] [           main] [                                                 ] c.o.p.c.a.a.DeterministicSupervisor      : {"event":"r7_delegation_adjudicated","ts":"2026-09-12T05:34:26.420580563Z","task_id":"4fb877de-350c-4425-968b-cf3bb5292161","run_id":"68b6f96b-c780-486f-9313-8fc064a539fd","batch_accepted":true,"requests":1,"approved":1}
2026-09-12T13:34:26.420+08:00  INFO 6942 --- [control-app] [           main] [                                                 ] c.o.p.c.a.a.DeterministicSupervisor      : {"event":"r7_delegation_adjudicated","ts":"2026-09-12T05:34:26.420807801Z","task_id":"4fb877de-350c-4425-968b-cf3bb5292161","run_id":"68b6f96b-c780-486f-9313-8fc064a539fd","batch_accepted":false,"requests":1,"approved":0}
2026-09-12T13:34:26.428+08:00  INFO 6942 --- [control-app] [           main] [                                                 ] c.o.p.c.a.a.DeterministicSupervisor      : {"event":"r7_primary_started","ts":"2026-09-12T05:34:26.428134438Z","role":"primary@1","run_id":"4954e3e6-11c8-4706-a7fb-d2d2c884dd87","task_id":"3d8e3125-d614-4306-b1d1-e34a01e6f0ef"}
2026-09-12T13:34:26.429+08:00  INFO 6942 --- [control-app] [           main] [                                                 ] c.o.p.c.a.a.agent.BoundedLlmRoleRunner   : 主 FINAL 提案落检查点 task=3d8e3125-d614-4306-b1d1-e34a01e6f0ef claims=0 downgraded=0 stripped=0
2026-09-12T13:34:26.429+08:00  INFO 6942 --- [control-app] [           main] [                                                 ] c.o.p.c.a.a.DeterministicSupervisor      : {"event":"r7_delegation_adjudicated","ts":"2026-09-12T05:34:26.429505660Z","task_id":"3d8e3125-d614-4306-b1d1-e34a01e6f0ef","run_id":"4954e3e6-11c8-4706-a7fb-d2d2c884dd87","batch_accepted":true,"requests":1,"approved":1}
2026-09-12T13:34:26.429+08:00  INFO 6942 --- [control-app] [           main] [                                                 ] c.o.p.c.a.a.DeterministicSupervisor      : {"event":"r7_delegation_adjudicated","ts":"2026-09-12T05:34:26.429774607Z","task_id":"3d8e3125-d614-4306-b1d1-e34a01e6f0ef","run_id":"4954e3e6-11c8-4706-a7fb-d2d2c884dd87","batch_accepted":true,"requests":1,"approved":1}
2026-09-12T13:34:26.434+08:00  INFO 6942 --- [control-app] [           main] [                                                 ] c.o.p.c.a.a.DeterministicSupervisor      : {"event":"r7_delegation_adjudicated","ts":"2026-09-12T05:34:26.434101596Z","task_id":"3d8e3125-d614-4306-b1d1-e34a01e6f0ef","run_id":"4954e3e6-11c8-4706-a7fb-d2d2c884dd87","batch_accepted":false,"requests":1,"approved":0}
2026-09-12T13:34:26.435+08:00  INFO 6942 --- [control-app] [           main] [                                                 ] c.o.p.c.a.a.agent.BoundedLlmRoleRunner   : 主 FINAL 提案落检查点 task=3d8e3125-d614-4306-b1d1-e34a01e6f0ef claims=0 downgraded=0 stripped=0
[INFO] Tests run: 4, Failures: 0, Errors: 0, Skipped: 0, Time elapsed: 0.037 s -- in com.objwww.pr.control.alert.application.agent.R7DelegationBatchesKnobTest
[INFO] Running com.objwww.pr.control.alert.application.agent.R7ModelGatewayTest
2026-09-12T13:34:26.453+08:00  WARN 6942 --- [control-app] [           main] [                                                 ] c.o.p.c.a.a.agent.RcaModelGateway        : 输入超模型可用窗硬限，零触网（primary）: approxTokens=101 maxInputTokens=100
2026-09-12T13:34:26.456+08:00  WARN 6942 --- [control-app] [           main] [                                                 ] c.o.p.c.a.a.agent.RcaModelGateway        : rca_model_call PENDING 写失败，零触网（primary）: DuplicateKeyException
2026-09-12T13:34:26.458+08:00  WARN 6942 --- [control-app] [           main] [                                                 ] c.o.p.c.a.a.agent.RcaModelGateway        : rca_model_input 捕获写失败，零触网（primary）: IllegalStateException
2026-09-12T13:34:26.468+08:00  WARN 6942 --- [control-app] [           main] [                                                 ] c.o.pr.control.application.ModelGateway  : 账本 STARTED 写失败，零触网（D5）: IllegalStateException
2026-09-12T13:34:26.476+08:00  INFO 6942 --- [control-app] [           main] [                                                 ] c.o.p.c.a.a.agent.RcaModelGateway        : rca_model_call EPOCH_FENCE，零触网（primary）: EPOCH_FENCE: 动作 configEpoch=1 已落后于当前代际 2，零触网拒绝发送
2026-09-12T13:34:26.479+08:00  WARN 6942 --- [control-app] [           main] [                                                 ] c.o.p.c.a.a.agent.RcaModelGateway        : 输入超模型可用窗硬限，零触网（primary）: approxTokens=101 maxInputTokens=100
[INFO] Tests run: 17, Failures: 0, Errors: 0, Skipped: 0, Time elapsed: 0.043 s -- in com.objwww.pr.control.alert.application.agent.R7ModelGatewayTest
[INFO] Running com.objwww.pr.control.alert.application.agent.R7RoleRunnerTest
2026-09-12T13:34:26.491+08:00  INFO 6942 --- [control-app] [           main] [                                                 ] c.o.p.c.a.a.DeterministicSupervisor      : {"event":"r7_primary_started","ts":"2026-09-12T05:34:26.491700777Z","role":"primary@1","run_id":"3a71d7b0-cee1-4910-8ffe-e4e113feb164","task_id":"8590d2f9-fa8e-4bfb-8d62-bc3443516f6e"}
2026-09-12T13:34:26.505+08:00  INFO 6942 --- [control-app] [           main] [                                                 ] c.o.p.c.a.a.agent.BoundedLlmRoleRunner   : 主 FINAL 提案落检查点 task=8590d2f9-fa8e-4bfb-8d62-bc3443516f6e claims=2 downgraded=1 stripped=1
2026-09-12T13:34:26.507+08:00  INFO 6942 --- [control-app] [           main] [                                                 ] c.o.p.c.a.a.DeterministicSupervisor      : {"event":"r7_primary_started","ts":"2026-09-12T05:34:26.507342484Z","role":"primary@1","run_id":"8c2f5652-fc76-490f-94ac-db4ca0d51f7f","task_id":"344f156d-0079-4c55-bff3-6337587521e4"}
2026-09-12T13:34:26.507+08:00  WARN 6942 --- [control-app] [           main] [                                                 ] c.o.p.c.a.a.agent.BoundedLlmRoleRunner   : 主任务步数耗尽 → 确定性未决 FINAL（零模型调用）task=344f156d-0079-4c55-bff3-6337587521e4 steps=1
2026-09-12T13:34:26.511+08:00  INFO 6942 --- [control-app] [           main] [                                                 ] c.o.p.c.a.a.DeterministicSupervisor      : {"event":"r7_primary_started","ts":"2026-09-12T05:34:26.511231508Z","role":"primary@1","run_id":"d667965d-6bbd-4f9c-bc0c-6ea8daafc38f","task_id":"fc6d359d-4ac9-4506-b8b0-1c5c011f6ac5"}
2026-09-12T13:34:26.513+08:00  WARN 6942 --- [control-app] [           main] [                                                 ] c.o.p.c.a.a.agent.BoundedLlmRoleRunner   : TOOL_CALL 参数形状拒绝（INVALID_ARGS），计步重驱 task=fc6d359d-4ac9-4506-b8b0-1c5c011f6ac5 tool=logs.query
2026-09-12T13:34:26.515+08:00  INFO 6942 --- [control-app] [           main] [                                                 ] c.o.p.c.a.a.DeterministicSupervisor      : {"event":"r7_primary_started","ts":"2026-09-12T05:34:26.515138596Z","role":"primary@1","run_id":"382d516a-7480-4b50-a1f0-e9cfb00a075e","task_id":"066df56f-7300-4ece-b195-8539d1336970"}
2026-09-12T13:34:26.516+08:00  WARN 6942 --- [control-app] [           main] [                                                 ] c.o.p.c.a.a.agent.BoundedLlmRoleRunner   : 主决策不可解析（JsonParseException），计步重驱 task=066df56f-7300-4ece-b195-8539d1336970
2026-09-12T13:34:26.517+08:00  INFO 6942 --- [control-app] [           main] [                                                 ] c.o.p.c.a.a.DeterministicSupervisor      : {"event":"r7_primary_started","ts":"2026-09-12T05:34:26.517036640Z","role":"primary@1","run_id":"2c77deb7-a8f0-495c-a140-8ce93132bab8","task_id":"d4aef092-cb57-4e48-9eb0-2f8bde65ea52"}
2026-09-12T13:34:26.517+08:00  INFO 6942 --- [control-app] [           main] [                                                 ] c.o.p.c.a.a.DeterministicSupervisor      : {"event":"r7_delegation_adjudicated","ts":"2026-09-12T05:34:26.517432335Z","task_id":"d4aef092-cb57-4e48-9eb0-2f8bde65ea52","run_id":"2c77deb7-a8f0-495c-a140-8ce93132bab8","batch_accepted":true,"requests":1,"approved":1}
2026-09-12T13:34:26.520+08:00  INFO 6942 --- [control-app] [           main] [                                                 ] c.o.p.c.a.a.DeterministicSupervisor      : {"event":"r7_primary_started","ts":"2026-09-12T05:34:26.520665043Z","role":"primary@1","run_id":"169095d6-cf5c-4d66-9f59-45f79f627196","task_id":"cd870074-7715-47df-81f3-e90632122733"}
2026-09-12T13:34:26.521+08:00  INFO 6942 --- [control-app] [           main] [                                                 ] c.o.p.c.a.a.DeterministicSupervisor      : {"event":"r7_delegation_adjudicated","ts":"2026-09-12T05:34:26.521122855Z","task_id":"cd870074-7715-47df-81f3-e90632122733","run_id":"169095d6-cf5c-4d66-9f59-45f79f627196","batch_accepted":true,"requests":1,"approved":1}
2026-09-12T13:34:26.529+08:00  INFO 6942 --- [control-app] [           main] [                                                 ] c.o.p.c.a.a.DeterministicSupervisor      : {"event":"r7_primary_started","ts":"2026-09-12T05:34:26.529214023Z","role":"primary@1","run_id":"e19e9a0c-ee02-48e0-b595-90d0fcc1da16","task_id":"9d75a4ce-b03b-4501-8c71-b5fce641951f"}
2026-09-12T13:34:26.534+08:00  WARN 6942 --- [control-app] [           main] [                                                 ] c.o.p.c.a.a.agent.BoundedLlmRoleRunner   : 主任务同签名模型失败 ×2 → 确定性未决 FINAL（零模型调用）task=9d75a4ce-b03b-4501-8c71-b5fce641951f code=PROTOCOL_ERROR
2026-09-12T13:34:26.536+08:00  INFO 6942 --- [control-app] [           main] [                                                 ] c.o.p.c.a.a.DeterministicSupervisor      : {"event":"r7_primary_started","ts":"2026-09-12T05:34:26.536125138Z","role":"primary@1","run_id":"b9ddaff5-66c5-4f4a-970e-e23879a9fc92","task_id":"f34f9dc1-ec2b-4a71-8efd-d776f625af47"}
2026-09-12T13:34:26.542+08:00  INFO 6942 --- [control-app] [           main] [                                                 ] c.o.p.c.a.a.DeterministicSupervisor      : {"event":"r7_delegation_adjudicated","ts":"2026-09-12T05:34:26.542012855Z","task_id":"f34f9dc1-ec2b-4a71-8efd-d776f625af47","run_id":"b9ddaff5-66c5-4f4a-970e-e23879a9fc92","batch_accepted":false,"requests":1,"approved":0}
2026-09-12T13:34:26.546+08:00  INFO 6942 --- [control-app] [           main] [                                                 ] c.o.p.c.a.a.agent.BoundedLlmRoleRunner   : 主 FINAL 提案落检查点 task=3e4aebe3-43a3-43aa-8679-b89d2bba5810 claims=0 downgraded=0 stripped=0
2026-09-12T13:34:26.548+08:00  INFO 6942 --- [control-app] [           main] [                                                 ] c.o.p.c.a.a.DeterministicSupervisor      : {"event":"r7_primary_started","ts":"2026-09-12T05:34:26.548209735Z","role":"primary@1","run_id":"0c22ee08-c7f0-42e3-8d23-7c5a6dea526c","task_id":"aa358549-152d-40ad-b295-b0d39b1616f1"}
2026-09-12T13:34:26.549+08:00  INFO 6942 --- [control-app] [           main] [                                                 ] c.o.p.c.a.a.agent.BoundedLlmRoleRunner   : 主 FINAL 提案落检查点 task=aa358549-152d-40ad-b295-b0d39b1616f1 claims=0 downgraded=0 stripped=0
2026-09-12T13:34:26.550+08:00  INFO 6942 --- [control-app] [           main] [                                                 ] c.o.p.c.a.a.DeterministicSupervisor      : {"event":"r7_primary_started","ts":"2026-09-12T05:34:26.550343083Z","role":"primary@1","run_id":"dd3e20e9-7b81-477e-ba10-cd8de315584f","task_id":"a89aa5b2-5e20-4d97-8977-f35e0aff09f6"}
2026-09-12T13:34:26.556+08:00  INFO 6942 --- [control-app] [           main] [                                                 ] c.o.p.c.a.a.DeterministicSupervisor      : {"event":"r7_primary_started","ts":"2026-09-12T05:34:26.556678444Z","role":"primary@1","run_id":"e4926436-8a31-4f39-91e2-53622240fe5d","task_id":"b9463783-5d60-4067-b32e-2feb46c9ebef"}
2026-09-12T13:34:26.557+08:00  WARN 6942 --- [control-app] [           main] [                                                 ] c.o.p.c.a.a.agent.BoundedLlmRoleRunner   : TOOL_CALL 越权拒绝（不在 allowlist），计步重驱 task=b9463783-5d60-4067-b32e-2feb46c9ebef tool=code.search
2026-09-12T13:34:26.559+08:00  INFO 6942 --- [control-app] [           main] [                                                 ] c.o.p.c.a.a.DeterministicSupervisor      : {"event":"r7_primary_started","ts":"2026-09-12T05:34:26.559251790Z","role":"primary@1","run_id":"219cc77d-b728-43c3-a355-72f838807c59","task_id":"3e626792-c2a5-4628-b2fc-3db84b8027b1"}
2026-09-12T13:34:26.563+08:00  INFO 6942 --- [control-app] [           main] [                                                 ] c.o.p.c.a.a.DeterministicSupervisor      : {"event":"r7_primary_started","ts":"2026-09-12T05:34:26.563363363Z","role":"primary@1","run_id":"59b50e1e-e271-4607-9269-c73ef33fc72f","task_id":"123c4328-1bdc-4eee-b737-b71534cca53f"}
[INFO] Tests run: 17, Failures: 0, Errors: 0, Skipped: 0, Time elapsed: 0.081 s -- in com.objwww.pr.control.alert.application.agent.R7RoleRunnerTest
[INFO] Running com.objwww.pr.control.alert.application.agent.En05DirectToolChainTest
[INFO] Tests run: 3, Failures: 0, Errors: 0, Skipped: 0, Time elapsed: 0.028 s -- in com.objwww.pr.control.alert.application.agent.En05DirectToolChainTest
[INFO] Running com.objwww.pr.control.alert.application.agent.ContextCompactionServiceTest
2026-09-12T13:34:26.609+08:00  INFO 6942 --- [control-app] [           main] [                                                 ] c.o.p.c.a.a.a.ContextCompactionService   : 上下文压缩提交 run=d370a845-8a78-44c8-8c67-7fe7667529e0 task=c3bdc872-fa99-44e0-b81d-49125de76628 source=src-digest-1 区间=[0,1] token 800→2 required=1 omitted=0
2026-09-12T13:34:26.616+08:00  INFO 6942 --- [control-app] [           main] [                                                 ] c.o.p.c.a.a.a.ContextCompactionService   : 上下文压缩提交 run=b4fa1c58-5ce6-42b1-a93b-d499bf86d95e task=892bd39f-7618-4366-b9c2-5af2e825545e source=src-digest-1 区间=[3,3] token 800→3 required=1 omitted=0
2026-09-12T13:34:26.618+08:00  INFO 6942 --- [control-app] [           main] [                                                 ] c.o.p.c.a.a.a.ContextCompactionService   : 上下文压缩提交 run=beda5e9e-d2e1-4eb8-b9d9-2e0a115da27a task=fde006a4-9b31-46d1-b55d-4e684c9daffe source=src-digest-1 区间=[0,1] token 800→5 required=1 omitted=0
[INFO] Tests run: 13, Failures: 0, Errors: 0, Skipped: 0, Time elapsed: 0.037 s -- in com.objwww.pr.control.alert.application.agent.ContextCompactionServiceTest
[INFO] Running com.objwww.pr.control.alert.application.agent.MetricsAgentTest
[INFO] Tests run: 19, Failures: 0, Errors: 0, Skipped: 0, Time elapsed: 0.117 s -- in com.objwww.pr.control.alert.application.agent.MetricsAgentTest
[INFO] Running com.objwww.pr.control.alert.application.agent.ContextAssemblerTest
[INFO] Tests run: 12, Failures: 0, Errors: 0, Skipped: 0, Time elapsed: 0.026 s -- in com.objwww.pr.control.alert.application.agent.ContextAssemblerTest
[INFO] Running com.objwww.pr.control.alert.application.agent.HarnessAuditCharacterizationTest
[INFO] Tests run: 5, Failures: 0, Errors: 0, Skipped: 0, Time elapsed: 0.751 s -- in com.objwww.pr.control.alert.application.agent.HarnessAuditCharacterizationTest
[INFO] Running com.objwww.pr.control.alert.application.agent.ChangeAgentTest
[INFO] Tests run: 4, Failures: 0, Errors: 0, Skipped: 0, Time elapsed: 0.029 s -- in com.objwww.pr.control.alert.application.agent.ChangeAgentTest
[INFO] Running com.objwww.pr.control.alert.application.agent.R3DelegationHonestyTest
2026-09-12T13:34:27.585+08:00  INFO 6942 --- [control-app] [           main] [                                                 ] c.o.p.c.a.a.DeterministicSupervisor      : {"event":"r7_primary_started","ts":"2026-09-12T05:34:27.585450989Z","role":"primary@1","run_id":"fe6a86b3-6628-455f-9893-ebb543bd7e60","task_id":"0509cda2-9864-4fa3-b047-414c855d10c1"}
2026-09-12T13:34:27.587+08:00  INFO 6942 --- [control-app] [           main] [                                                 ] c.o.p.c.a.a.DeterministicSupervisor      : {"event":"r7_delegation_adjudicated","ts":"2026-09-12T05:34:27.587378489Z","task_id":"0509cda2-9864-4fa3-b047-414c855d10c1","run_id":"fe6a86b3-6628-455f-9893-ebb543bd7e60","batch_accepted":true,"requests":1,"approved":1}
[INFO] Tests run: 3, Failures: 0, Errors: 0, Skipped: 0, Time elapsed: 0.023 s -- in com.objwww.pr.control.alert.application.agent.R3DelegationHonestyTest
[INFO] Running com.objwww.pr.control.alert.application.agent.R7ActionGuardAdmissionTest
2026-09-12T13:34:27.624+08:00  WARN 6942 --- [control-app] [           main] [                                                 ] c.o.p.c.a.a.agent.RcaModelGateway        : rca_model_call PENDING 写失败，零触网（primary）: DuplicateKeyException
2026-09-12T13:34:27.666+08:00  WARN 6942 --- [control-app] [           main] [                                                 ] c.o.pr.control.application.ModelGateway  : 账本 STARTED 写失败，零触网（D5）: IllegalStateException
[INFO] Tests run: 11, Failures: 0, Errors: 0, Skipped: 0, Time elapsed: 0.086 s -- in com.objwww.pr.control.alert.application.agent.R7ActionGuardAdmissionTest
[INFO] Running com.objwww.pr.control.alert.application.agent.AgentRegistryTest
[INFO] Tests run: 5, Failures: 0, Errors: 0, Skipped: 0, Time elapsed: 0.026 s -- in com.objwww.pr.control.alert.application.agent.AgentRegistryTest
[INFO] Running com.objwww.pr.control.alert.application.agent.NativeRcaAgentTest
[INFO] Tests run: 12, Failures: 0, Errors: 0, Skipped: 0, Time elapsed: 0.037 s -- in com.objwww.pr.control.alert.application.agent.NativeRcaAgentTest
[INFO] Running com.objwww.pr.control.alert.application.agent.En07RagChainTest
[INFO] Tests run: 2, Failures: 0, Errors: 0, Skipped: 0, Time elapsed: 0.021 s -- in com.objwww.pr.control.alert.application.agent.En07RagChainTest
[INFO] Running com.objwww.pr.control.alert.application.agent.LogsAgentTest
[INFO] Tests run: 5, Failures: 0, Errors: 0, Skipped: 0, Time elapsed: 0.066 s -- in com.objwww.pr.control.alert.application.agent.LogsAgentTest
[INFO] Running com.objwww.pr.control.alert.application.RcaWorkerTest
2026-09-12T13:34:27.890+08:00  INFO 6942 --- [control-app] [           main] [                                                 ] c.o.p.c.a.a.RcaRunOrchestrator           : {"event":"rca_task_decision","ts":"2026-09-12T05:34:27.890539385Z","task_id":"40e4f17a-f640-468a-bfde-7ee7971376af","run_id":"a48b6788-f560-43ed-af67-e878fd6d730e","decision":"COMPLETED","latency_ms":0,"attempt_id":"4f1de6fd-31d2-4f27-9c4f-48a99c75451a"}
2026-09-12T13:34:27.891+08:00  INFO 6942 --- [control-app] [           main] [                                                 ] c.o.p.c.a.a.RcaRunOrchestrator           : incident a792e052-9539-4949-b7b7-ae4be59ac9e4 材料变化，铸 RERUN run
2026-09-12T13:34:27.893+08:00  INFO 6942 --- [control-app] [           main] [                                                 ] c.o.p.c.a.a.RcaRunOrchestrator           : {"event":"report_publication_loser","ts":"2026-09-12T05:34:27.893774367Z","generation":0,"incident_id":"a792e052-9539-4949-b7b7-ae4be59ac9e4","run_id":"0c844405-5501-4be0-9449-c2bc146da3ea","report_id":"d1ea55bb-4ddb-4895-92d4-95ea7581e096"}
2026-09-12T13:34:27.894+08:00  INFO 6942 --- [control-app] [           main] [                                                 ] c.o.p.c.a.a.RcaRunOrchestrator           : report d1ea55bb-4ddb-4895-92d4-95ea7581e096 输给 generation 发布赢家（incident=a792e052-9539-4949-b7b7-ae4be59ac9e4, gen=0），落档不发布
2026-09-12T13:34:27.894+08:00  INFO 6942 --- [control-app] [           main] [                                                 ] c.o.p.c.a.a.RcaRunOrchestrator           : {"event":"rca_task_decision","ts":"2026-09-12T05:34:27.894493932Z","task_id":"cec588e1-e214-4d8d-ab91-c4489964d68e","run_id":"0c844405-5501-4be0-9449-c2bc146da3ea","decision":"COMPLETED","latency_ms":0,"attempt_id":"0bed15b5-a73c-4a8f-a453-6dfc6378274c"}
2026-09-12T13:34:27.915+08:00  INFO 6942 --- [control-app] [           main] [                                                 ] c.o.p.c.a.a.RcaRunOrchestrator           : {"event":"rca_task_decision","ts":"2026-09-12T05:34:27.915427765Z","task_id":"ace6e49e-d4e8-4b5a-aff2-72744ddc1b60","run_id":"207d2ec2-1a69-4ccc-87ba-a37b3d3f3698","decision":"RETRY_SCHEDULED","latency_ms":0,"attempt_id":"105135f3-e414-4303-9570-24ba342f1c6c"}
2026-09-12T13:34:27.916+08:00  INFO 6942 --- [control-app] [           main] [                                                 ] c.o.p.c.a.a.RcaRunOrchestrator           : {"event":"rca_task_decision","ts":"2026-09-12T05:34:27.916224134Z","task_id":"ace6e49e-d4e8-4b5a-aff2-72744ddc1b60","run_id":"207d2ec2-1a69-4ccc-87ba-a37b3d3f3698","decision":"RETRY_SCHEDULED","latency_ms":0,"attempt_id":"7cca38dd-178c-4863-8b73-89fa4d8ef3ed"}
2026-09-12T13:34:27.916+08:00  INFO 6942 --- [control-app] [           main] [                                                 ] c.o.p.c.a.a.RcaRunOrchestrator           : {"event":"rca_task_decision","ts":"2026-09-12T05:34:27.916715380Z","task_id":"ace6e49e-d4e8-4b5a-aff2-72744ddc1b60","run_id":"207d2ec2-1a69-4ccc-87ba-a37b3d3f3698","decision":"DEAD","latency_ms":0,"attempt_id":"1221c84f-3b37-47af-99a4-19bf2efd1e1e"}
2026-09-12T13:34:27.935+08:00  WARN 6942 --- [control-app] [           main] [                                                 ] c.o.p.c.alert.application.RcaWorker      : task 5cb2170f-47e2-4e7e-9ebb-be910477b05e 租约过期回收 owner=worker-a → RETRY_WAIT
2026-09-12T13:34:27.935+08:00  WARN 6942 --- [control-app] [           main] [                                                 ] c.o.p.c.alert.application.RcaWorker      : 悬挂账本 8b3d0e95-ab06-436e-9399-6b85adcce62b STARTED→UNKNOWN（崩溃回收）
2026-09-12T13:34:27.947+08:00  INFO 6942 --- [control-app] [           main] [                                                 ] c.o.p.c.a.a.RcaRunOrchestrator           : {"event":"rca_task_decision","ts":"2026-09-12T05:34:27.947676306Z","task_id":"e0e60bbf-8a0d-4b18-b132-7fdd74ba4bab","run_id":"01596a88-cc58-43a5-8801-d72ec47ca46f","decision":"COMPLETED","latency_ms":0,"attempt_id":"1b040ed8-1941-4e83-ad9c-dc01fe2c8fe3"}
2026-09-12T13:34:27.951+08:00  WARN 6942 --- [control-app] [           main] [                                                 ] c.o.p.c.alert.application.RcaWorker      : 悬挂调查记录 62630b5a-ced8-436c-a731-8dc127eee919 STARTED→UNKNOWN（崩溃回收）
2026-09-12T13:34:27.972+08:00  INFO 6942 --- [control-app] [           main] [                                                 ] c.o.p.c.a.a.RcaRunOrchestrator           : {"event":"rca_task_decision","ts":"2026-09-12T05:34:27.969155245Z","task_id":"c488f3e5-f87a-4484-8b1a-f79917adeb62","run_id":"035ef6c2-e021-4308-acb5-24d1b6dfe202","decision":"DEAD","latency_ms":0,"attempt_id":"87a0669c-8bad-4786-941b-eca1b5c5e350"}
2026-09-12T13:34:27.975+08:00  WARN 6942 --- [control-app] [           main] [                                                 ] c.o.p.c.alert.application.RcaWorker      : 工具调用账本 1 行 PENDING→UNKNOWN（崩溃回收）
2026-09-12T13:34:27.991+08:00  WARN 6942 --- [control-app] [           main] [                                                 ] c.o.p.c.alert.application.RcaWorker      : task c94ecb1b-a2ea-4893-98e9-58e9ce65a99e 租约过期回收 owner=worker-a → STALE
2026-09-12T13:34:28.003+08:00  INFO 6942 --- [control-app] [           main] [                                                 ] c.o.p.c.a.a.RcaRunOrchestrator           : {"event":"rca_task_decision","ts":"2026-09-12T05:34:28.003615962Z","task_id":"11f0dee0-5000-4a0a-a925-850fe0eb7e59","run_id":"122b0583-61b1-474e-a167-dc9db0c18007","decision":"COMPLETED","latency_ms":0,"attempt_id":"00f2a5e9-166f-493c-8271-869f90d31d49"}
2026-09-12T13:34:28.008+08:00  INFO 6942 --- [control-app] [           main] [                                                 ] c.o.p.c.a.a.RcaRunOrchestrator           : {"event":"rca_task_decision","ts":"2026-09-12T05:34:28.008252223Z","task_id":"2e1a3a1c-f538-490e-ac3d-ea03b0d7823f","run_id":"69b2b8e7-1d34-4ab2-9b57-d7db156a3b4e","decision":"RETRY_SCHEDULED","latency_ms":0,"attempt_id":"38387e07-7f2c-45fc-a1be-18388837b52e"}
2026-09-12T13:34:28.009+08:00  INFO 6942 --- [control-app] [           main] [                                                 ] c.o.p.c.a.a.RcaRunOrchestrator           : {"event":"rca_task_decision","ts":"2026-09-12T05:34:28.009160944Z","task_id":"2e1a3a1c-f538-490e-ac3d-ea03b0d7823f","run_id":"69b2b8e7-1d34-4ab2-9b57-d7db156a3b4e","decision":"COMPLETED","latency_ms":0,"attempt_id":"28c20f9f-cb72-445e-97b2-b12299ce6d04"}
2026-09-12T13:34:28.013+08:00  INFO 6942 --- [control-app] [           main] [                                                 ] c.o.p.c.a.a.RcaRunOrchestrator           : {"event":"rca_task_decision","ts":"2026-09-12T05:34:28.013226861Z","task_id":"bf5bae6b-5d56-4596-b3d2-f36f0c25858f","run_id":"1ac28f5f-c53d-49e9-a595-4b55909d82e3","decision":"COMPLETED","latency_ms":0,"attempt_id":"d686f089-c86c-4023-a3fd-648519caaae7"}
2026-09-12T13:34:28.017+08:00  INFO 6942 --- [control-app] [           main] [                                                 ] c.o.p.c.a.a.RcaRunOrchestrator           : {"event":"rca_task_decision","ts":"2026-09-12T05:34:28.017087131Z","task_id":"32bbe1a3-9b73-4a01-97a4-52e3c51fd1df","run_id":"f3b58699-962d-4c33-b924-5573f96188e1","decision":"STALE_GENERATION","run_state":"SUPERSEDED","attempt_id":"a9d7a87c-7f0a-4ce4-829c-26746f71957f"}
2026-09-12T13:34:28.017+08:00  WARN 6942 --- [control-app] [           main] [                                                 ] c.o.p.c.a.a.RcaRunOrchestrator           : task 32bbe1a3-9b73-4a01-97a4-52e3c51fd1df 旧代结果作废（run f3b58699-962d-4c33-b924-5573f96188e1 state=SUPERSEDED），task→STALE 零落档
2026-09-12T13:34:28.021+08:00  WARN 6942 --- [control-app] [           main] [                                                 ] c.o.p.c.alert.application.RcaWorker      : task aaf6b083-772e-44e9-ae8a-a4858ec0cd60 租约过期回收 owner=worker-a → RETRY_WAIT
2026-09-12T13:34:28.022+08:00  INFO 6942 --- [control-app] [           main] [                                                 ] c.o.p.c.a.a.RcaRunOrchestrator           : {"event":"rca_task_decision","ts":"2026-09-12T05:34:28.022367234Z","task_id":"aaf6b083-772e-44e9-ae8a-a4858ec0cd60","run_id":"2a8fbf8c-7e95-47f8-8207-e5637ed4c5f5","decision":"COMPLETED","latency_ms":0,"attempt_id":"1f41daef-cba5-4de0-99f0-451c25e293f5"}
2026-09-12T13:34:28.022+08:00  WARN 6942 --- [control-app] [           main] [                                                 ] c.o.p.c.a.a.RcaRunOrchestrator           : task aaf6b083-772e-44e9-ae8a-a4858ec0cd60 旧租约提交被拒 owner=worker-a epoch=1
[INFO] Tests run: 17, Failures: 0, Errors: 0, Skipped: 0, Time elapsed: 0.163 s -- in com.objwww.pr.control.alert.application.RcaWorkerTest
[INFO] Running com.objwww.pr.control.alert.application.EventQueryServiceTest
[INFO] Tests run: 5, Failures: 0, Errors: 0, Skipped: 0, Time elapsed: 0.007 s -- in com.objwww.pr.control.alert.application.EventQueryServiceTest
[INFO] Running com.objwww.pr.control.alert.application.IncidentProjectorClassificationTest
2026-09-12T13:34:28.203+08:00  INFO 6942 --- [control-app] [           main] [                                                 ] c.o.p.c.a.application.IncidentProjector  : incident b2ff7d68-8344-45f4-9ab7-4c2c43d5ea95 路由决策 BUCKETED_HOLMES 为 HOLMES 意愿：第二引擎已退场，决策照记不铸 run
2026-09-12T13:34:28.214+08:00  INFO 6942 --- [control-app] [           main] [                                                 ] c.o.p.c.a.application.IncidentProjector  : incident e74914ac-db67-4e83-9619-f9ac44223d4a 路由决策 BUCKETED_HOLMES 为 HOLMES 意愿：第二引擎已退场，决策照记不铸 run
2026-09-12T13:34:28.220+08:00  INFO 6942 --- [control-app] [           main] [                                                 ] c.o.p.c.a.application.IncidentProjector  : incident 47dff8ad-bb82-42cd-a1cf-d4a3094fd41a 路由决策 BUCKETED_HOLMES 为 HOLMES 意愿：第二引擎已退场，决策照记不铸 run
2026-09-12T13:34:28.232+08:00  INFO 6942 --- [control-app] [           main] [                                                 ] c.o.p.c.a.application.IncidentProjector  : incident 636cb5d6-d4c9-41cf-bec7-646fc0277d0c 路由决策 BUCKETED_HOLMES 为 HOLMES 意愿：第二引擎已退场，决策照记不铸 run
2026-09-12T13:34:28.233+08:00  INFO 6942 --- [control-app] [           main] [                                                 ] c.o.p.c.a.application.IncidentProjector  : incident 636cb5d6-d4c9-41cf-bec7-646fc0277d0c 路由决策 BUCKETED_HOLMES 为 HOLMES 意愿：第二引擎已退场，决策照记不铸 run
2026-09-12T13:34:28.237+08:00  INFO 6942 --- [control-app] [           main] [                                                 ] c.o.p.c.a.application.IncidentProjector  : incident e5c62484-7a95-43fc-9c56-1176bf7f30be 路由决策 BUCKETED_HOLMES 为 HOLMES 意愿：第二引擎已退场，决策照记不铸 run
2026-09-12T13:34:28.244+08:00  INFO 6942 --- [control-app] [           main] [                                                 ] c.o.p.c.a.application.IncidentProjector  : incident af74d8e1-bc40-4f45-b5cf-f91bc0d82f3e 路由决策 BUCKETED_HOLMES 为 HOLMES 意愿：第二引擎已退场，决策照记不铸 run
2026-09-12T13:34:28.249+08:00  INFO 6942 --- [control-app] [           main] [                                                 ] c.o.p.c.a.application.IncidentProjector  : incident af74d8e1-bc40-4f45-b5cf-f91bc0d82f3e 路由决策 BUCKETED_HOLMES 为 HOLMES 意愿：第二引擎已退场，决策照记不铸 run
[INFO] Tests run: 6, Failures: 0, Errors: 0, Skipped: 0, Time elapsed: 0.217 s -- in com.objwww.pr.control.alert.application.IncidentProjectorClassificationTest
[INFO] Running com.objwww.pr.control.alert.application.EventPayloadSanitizerTest
[INFO] Tests run: 6, Failures: 0, Errors: 0, Skipped: 0, Time elapsed: 0.023 s -- in com.objwww.pr.control.alert.application.EventPayloadSanitizerTest
[INFO] Running com.objwww.pr.control.alert.application.IncidentQueryServiceTest
[INFO] Tests run: 8, Failures: 0, Errors: 0, Skipped: 0, Time elapsed: 0.039 s -- in com.objwww.pr.control.alert.application.IncidentQueryServiceTest
[INFO] Running com.objwww.pr.control.alert.application.HolmesShadowWorkerTest
2026-09-12T13:34:28.342+08:00  INFO 6942 --- [control-app] [           main] [                                                 ] c.o.p.c.a.a.HolmesShadowWorker           : {"event":"rca_holmes_shadow_work","ts":"2026-09-12T05:34:28.342295407Z","outcome":"FAILED","shadow_key":"holmes-calib:d937f2fe-1c22-486d-b72b-7d2b30d77146","error_class":"BASELINE_MISSING"}
2026-09-12T13:34:28.350+08:00  INFO 6942 --- [control-app] [           main] [                                                 ] c.o.p.c.a.a.HolmesShadowWorker           : {"event":"rca_holmes_shadow_work","ts":"2026-09-12T05:34:28.349786724Z","outcome":"COMPARISON_LANDED","shadow_run_id":"82b11449-0fda-441f-8555-37a5d3854efb","shadow_key":"holmes-shadow:65cc2426-b619-4867-810e-37fb4467ecc5"}
2026-09-12T13:34:28.355+08:00  INFO 6942 --- [control-app] [           main] [                                                 ] c.o.p.c.a.a.HolmesShadowWorker           : {"event":"rca_holmes_shadow_work","ts":"2026-09-12T05:34:28.355020710Z","outcome":"FAILED","shadow_key":"holmes-shadow:ghost","error_class":"MISSING_ANCHOR"}
2026-09-12T13:34:28.358+08:00  INFO 6942 --- [control-app] [           main] [                                                 ] c.o.p.c.a.a.HolmesShadowWorker           : {"event":"rca_holmes_shadow_work","ts":"2026-09-12T05:34:28.358609830Z","shadow_key":"holmes-shadow:4e1f6c68-3f9d-46cd-8603-8d96acdf0c8b","outcome":"CAS_LOST"}
2026-09-12T13:34:28.362+08:00  INFO 6942 --- [control-app] [           main] [                                                 ] c.o.p.c.a.a.HolmesShadowWorker           : {"event":"rca_holmes_shadow_work","ts":"2026-09-12T05:34:28.362152292Z","outcome":"FAILED","shadow_key":"holmes-shadow:6b0bce2a-b459-47a8-bfcd-0fccb06efd34","error_class":"TIMEOUT"}
2026-09-12T13:34:28.371+08:00  INFO 6942 --- [control-app] [           main] [                                                 ] c.o.p.c.a.a.HolmesShadowWorker           : {"event":"rca_holmes_shadow_work","ts":"2026-09-12T05:34:28.371029810Z","outcome":"FAILED","shadow_key":"holmes-shadow:6b0bce2a-b459-47a8-bfcd-0fccb06efd34","error_class":"TIMEOUT"}
2026-09-12T13:34:28.371+08:00  INFO 6942 --- [control-app] [           main] [                                                 ] c.o.p.c.a.a.HolmesShadowWorker           : {"event":"rca_holmes_shadow_work","ts":"2026-09-12T05:34:28.371650688Z","outcome":"FAILED","shadow_key":"holmes-shadow:6b0bce2a-b459-47a8-bfcd-0fccb06efd34","error_class":"TIMEOUT"}
2026-09-12T13:34:28.374+08:00  INFO 6942 --- [control-app] [           main] [                                                 ] c.o.p.c.a.a.HolmesShadowWorker           : {"event":"rca_holmes_shadow_work","ts":"2026-09-12T05:34:28.374544458Z","outcome":"COMPARISON_LANDED","shadow_run_id":"5a19cd92-cc6e-412d-91d5-9b32cfa4fc19","shadow_key":"holmes-shadow:b58a2a39-23dd-47b9-92be-f0f4389e18f6"}
2026-09-12T13:34:28.377+08:00  INFO 6942 --- [control-app] [           main] [                                                 ] c.o.p.c.a.a.HolmesShadowWorker           : {"event":"rca_holmes_shadow_work","ts":"2026-09-12T05:34:28.377138733Z","outcome":"CALIBRATION_LANDED","shadow_run_id":"bdd25815-4177-4020-b3cf-0e6f67b03801","shadow_key":"holmes-calib:b58a2a39-23dd-47b9-92be-f0f4389e18f6"}
[INFO] Tests run: 7, Failures: 0, Errors: 0, Skipped: 0, Time elapsed: 0.058 s -- in com.objwww.pr.control.alert.application.HolmesShadowWorkerTest
[INFO] Running com.objwww.pr.control.alert.application.holmes.HolmesEvidenceAdapterTest
[INFO] Tests run: 5, Failures: 0, Errors: 0, Skipped: 0, Time elapsed: 0.063 s -- in com.objwww.pr.control.alert.application.holmes.HolmesEvidenceAdapterTest
[INFO] Running com.objwww.pr.control.alert.application.rag.RunbookCorpusTest
[INFO] Tests run: 9, Failures: 0, Errors: 0, Skipped: 0, Time elapsed: 0.051 s -- in com.objwww.pr.control.alert.application.rag.RunbookCorpusTest
[INFO] Running com.objwww.pr.control.alert.application.SseStreamServiceTest
2026-09-12T13:34:28.508+08:00  WARN 6942 --- [control-app] [           main] [                                                 ] c.o.p.c.a.application.SseStreamService   : sse drain gap: runId=7213a8fe-a3ee-4ca5-a27f-c928e7b675b0 cursor=1 latestSeq=4 → resync
[INFO] Tests run: 4, Failures: 0, Errors: 0, Skipped: 0, Time elapsed: 0.013 s -- in com.objwww.pr.control.alert.application.SseStreamServiceTest
[INFO] Running com.objwww.pr.control.alert.application.PlanCompilerTest
[INFO] Tests run: 9, Failures: 0, Errors: 0, Skipped: 0, Time elapsed: 0.056 s -- in com.objwww.pr.control.alert.application.PlanCompilerTest
[INFO] Running com.objwww.pr.control.alert.application.HolmesShadowSamplerTest
2026-09-12T13:34:28.579+08:00  INFO 6942 --- [control-app] [           main] [                                                 ] c.o.p.c.a.a.HolmesShadowSampler          : {"event":"rca_holmes_shadow_sample","ts":"2026-09-12T05:34:28.579792573Z","outcome":"DISABLED","run_id":"e164f182-7e6a-4aba-b587-65f99d57bb52","incident_id":"b2f5b23f-72f0-442e-b07e-d842557862f1"}
2026-09-12T13:34:28.585+08:00  INFO 6942 --- [control-app] [           main] [                                                 ] c.o.p.c.a.a.HolmesShadowSampler          : {"event":"rca_holmes_shadow_sample","ts":"2026-09-12T05:34:28.585615350Z","outcome":"ENQUEUED","run_id":"9d4b3bca-1ad7-4f7b-94c8-9d4e70b44a94","incident_id":"c4270db1-ad01-49a5-8234-d3c0549a3cc9"}
2026-09-12T13:34:28.586+08:00  INFO 6942 --- [control-app] [           main] [                                                 ] c.o.p.c.a.a.HolmesShadowSampler          : {"event":"rca_holmes_shadow_sample","ts":"2026-09-12T05:34:28.586132392Z","outcome":"ALREADY_ENQUEUED","run_id":"9d4b3bca-1ad7-4f7b-94c8-9d4e70b44a94","incident_id":"c4270db1-ad01-49a5-8234-d3c0549a3cc9"}
2026-09-12T13:34:28.587+08:00  INFO 6942 --- [control-app] [           main] [                                                 ] c.o.p.c.a.a.HolmesShadowSampler          : {"event":"rca_holmes_shadow_sample","ts":"2026-09-12T05:34:28.587568637Z","outcome":"RATE_NOT_SELECTED","run_id":"75b54b6d-e168-4db9-9ccd-64c75b83adda","incident_id":"aeaac06b-1c30-4f50-8b1c-86a6610e51b9"}
2026-09-12T13:34:28.587+08:00  INFO 6942 --- [control-app] [           main] [                                                 ] c.o.p.c.a.a.HolmesShadowSampler          : {"event":"rca_holmes_shadow_sample","ts":"2026-09-12T05:34:28.587882229Z","outcome":"ENQUEUED","run_id":"75b54b6d-e168-4db9-9ccd-64c75b83adda","incident_id":"aeaac06b-1c30-4f50-8b1c-86a6610e51b9"}
2026-09-12T13:34:28.588+08:00  INFO 6942 --- [control-app] [           main] [                                                 ] c.o.p.c.a.a.HolmesShadowSampler          : {"event":"rca_holmes_shadow_sample","ts":"2026-09-12T05:34:28.588069741Z","outcome":"ALREADY_ENQUEUED","run_id":"75b54b6d-e168-4db9-9ccd-64c75b83adda","incident_id":"aeaac06b-1c30-4f50-8b1c-86a6610e51b9"}
2026-09-12T13:34:28.589+08:00  INFO 6942 --- [control-app] [           main] [                                                 ] c.o.p.c.a.a.HolmesShadowSampler          : {"event":"rca_holmes_shadow_sample","ts":"2026-09-12T05:34:28.589339041Z","outcome":"NOT_NATIVE","run_id":"f5f9a32e-d698-4ed5-b5d3-60e9a56973fa","incident_id":"01ddbed5-d83e-4aee-bebc-363ac40999e6"}
2026-09-12T13:34:28.590+08:00  INFO 6942 --- [control-app] [           main] [                                                 ] c.o.p.c.a.a.HolmesShadowSampler          : {"event":"rca_holmes_shadow_sample","ts":"2026-09-12T05:34:28.590710535Z","outcome":"BUDGET_EXHAUSTED","run_id":"5d098d29-a01a-466d-baef-554026da8a56","incident_id":"3d7c8a32-8a28-4ff7-abac-8e179871f50d"}
2026-09-12T13:34:28.592+08:00  INFO 6942 --- [control-app] [           main] [                                                 ] c.o.p.c.a.a.HolmesShadowSampler          : {"event":"rca_holmes_shadow_sample","ts":"2026-09-12T05:34:28.591981277Z","outcome":"NOT_TERMINAL","run_id":"63e3c9c5-2d1e-495b-b3bf-353a3d70f4d0","incident_id":"e9abc59f-25eb-4083-bb3d-f9ad73fb98bb"}
2026-09-12T13:34:28.592+08:00  INFO 6942 --- [control-app] [           main] [                                                 ] c.o.p.c.a.a.HolmesShadowSampler          : {"event":"rca_holmes_shadow_sample","ts":"2026-09-12T05:34:28.592322040Z","outcome":"NOT_SUCCEEDED","run_id":"63e3c9c5-2d1e-495b-b3bf-353a3d70f4d0","incident_id":"e9abc59f-25eb-4083-bb3d-f9ad73fb98bb"}
2026-09-12T13:34:28.593+08:00  INFO 6942 --- [control-app] [           main] [                                                 ] c.o.p.c.a.a.HolmesShadowSampler          : {"event":"rca_holmes_shadow_sample","ts":"2026-09-12T05:34:28.593544061Z","outcome":"ENQUEUED","run_id":"52343569-0f30-47a8-a0e8-225f9eff86cc","incident_id":"5650a335-d7ee-4083-b1cc-d437a8c8a48e"}
[INFO] Tests run: 7, Failures: 0, Errors: 0, Skipped: 0, Time elapsed: 0.017 s -- in com.objwww.pr.control.alert.application.HolmesShadowSamplerTest
[INFO] Running com.objwww.pr.control.alert.application.R7PrimaryStateTest
2026-09-12T13:34:28.625+08:00  INFO 6942 --- [control-app] [           main] [                                                 ] c.o.p.c.a.a.DeterministicSupervisor      : {"event":"r7_primary_started","ts":"2026-09-12T05:34:28.625519146Z","role":"primary@1","run_id":"e48b2af2-1dc4-46b7-9ba0-5ac2c8b18e0d","task_id":"8e2896dc-8a95-4fdd-a704-9a8c3c1098e3"}
2026-09-12T13:34:28.627+08:00  INFO 6942 --- [control-app] [           main] [                                                 ] c.o.p.c.a.a.DeterministicSupervisor      : {"event":"r7_delegation_adjudicated","ts":"2026-09-12T05:34:28.626917420Z","task_id":"8e2896dc-8a95-4fdd-a704-9a8c3c1098e3","run_id":"e48b2af2-1dc4-46b7-9ba0-5ac2c8b18e0d","batch_accepted":true,"requests":2,"approved":2}
2026-09-12T13:34:28.629+08:00  INFO 6942 --- [control-app] [           main] [                                                 ] c.o.p.c.a.a.DeterministicSupervisor      : {"event":"r7_primary_started","ts":"2026-09-12T05:34:28.629502037Z","role":"primary@1","run_id":"491dab7a-3940-4c05-a5d4-fad4017e7ff4","task_id":"d9fe9286-8220-44fa-bd65-4eaaa8a57ece"}
2026-09-12T13:34:28.633+08:00  WARN 6942 --- [control-app] [           main] [                                                 ] c.o.p.c.a.a.DeterministicSupervisor      : 委派裁决撞既成台账（gap=gap-1），以先到者为准
2026-09-12T13:34:28.634+08:00  INFO 6942 --- [control-app] [           main] [                                                 ] c.o.p.c.a.a.DeterministicSupervisor      : {"event":"r7_delegation_adjudicated","ts":"2026-09-12T05:34:28.633987634Z","task_id":"d9fe9286-8220-44fa-bd65-4eaaa8a57ece","run_id":"491dab7a-3940-4c05-a5d4-fad4017e7ff4","batch_accepted":true,"requests":2,"approved":1}
2026-09-12T13:34:28.635+08:00  WARN 6942 --- [control-app] [           main] [                                                 ] c.o.p.c.a.a.DeterministicSupervisor      : 委派裁决撞既成台账（gap=gap-1），以先到者为准
2026-09-12T13:34:28.635+08:00  INFO 6942 --- [control-app] [           main] [                                                 ] c.o.p.c.a.a.DeterministicSupervisor      : {"event":"r7_delegation_adjudicated","ts":"2026-09-12T05:34:28.635320284Z","task_id":"d9fe9286-8220-44fa-bd65-4eaaa8a57ece","run_id":"491dab7a-3940-4c05-a5d4-fad4017e7ff4","batch_accepted":false,"requests":1,"approved":0}
2026-09-12T13:34:28.641+08:00  INFO 6942 --- [control-app] [           main] [                                                 ] c.o.p.c.a.a.DeterministicSupervisor      : {"event":"r7_primary_started","ts":"2026-09-12T05:34:28.641567519Z","role":"primary@1","run_id":"3c813201-b123-4609-b15f-52e9cb2168ea","task_id":"f4619f1c-66c5-4499-8b21-f27365ee7e23"}
2026-09-12T13:34:28.642+08:00  INFO 6942 --- [control-app] [           main] [                                                 ] c.o.p.c.a.a.DeterministicSupervisor      : {"event":"r7_delegation_adjudicated","ts":"2026-09-12T05:34:28.642380460Z","task_id":"f4619f1c-66c5-4499-8b21-f27365ee7e23","run_id":"3c813201-b123-4609-b15f-52e9cb2168ea","batch_accepted":true,"requests":2,"approved":2}
2026-09-12T13:34:28.647+08:00  INFO 6942 --- [control-app] [           main] [                                                 ] c.o.p.c.a.a.DeterministicSupervisor      : {"event":"r7_primary_started","ts":"2026-09-12T05:34:28.647508146Z","role":"primary@1","run_id":"abf21da6-99d0-4920-bb4c-48165f5c2796","task_id":"1099bbc4-2075-4c32-a6df-636be2aec626"}
2026-09-12T13:34:28.650+08:00  INFO 6942 --- [control-app] [           main] [                                                 ] c.o.p.c.a.a.DeterministicSupervisor      : {"event":"r7_primary_started","ts":"2026-09-12T05:34:28.649924988Z","role":"primary@1","run_id":"57f24b48-6cf4-453f-9975-4bbfe1a86be1","task_id":"955c42c3-f8c7-4c57-a8fb-36961c21ceea"}
2026-09-12T13:34:28.650+08:00  INFO 6942 --- [control-app] [           main] [                                                 ] c.o.p.c.a.a.DeterministicSupervisor      : {"event":"r7_delegation_adjudicated","ts":"2026-09-12T05:34:28.650491424Z","task_id":"955c42c3-f8c7-4c57-a8fb-36961c21ceea","run_id":"57f24b48-6cf4-453f-9975-4bbfe1a86be1","batch_accepted":true,"requests":1,"approved":1}
2026-09-12T13:34:28.650+08:00  INFO 6942 --- [control-app] [           main] [                                                 ] c.o.p.c.a.a.DeterministicSupervisor      : {"event":"r7_delegation_adjudicated","ts":"2026-09-12T05:34:28.650918308Z","task_id":"955c42c3-f8c7-4c57-a8fb-36961c21ceea","run_id":"57f24b48-6cf4-453f-9975-4bbfe1a86be1","batch_accepted":true,"requests":1,"approved":1}
2026-09-12T13:34:28.656+08:00  INFO 6942 --- [control-app] [           main] [                                                 ] c.o.p.c.a.a.DeterministicSupervisor      : {"event":"r7_primary_started","ts":"2026-09-12T05:34:28.656442903Z","role":"primary@1","run_id":"68c5f6e1-4f46-4842-81e0-e025bcf4011a","task_id":"0d8afaeb-6502-4344-956b-28fa0923edd3"}
2026-09-12T13:34:28.657+08:00  INFO 6942 --- [control-app] [           main] [                                                 ] c.o.p.c.a.a.DeterministicSupervisor      : {"event":"r7_delegation_adjudicated","ts":"2026-09-12T05:34:28.656993359Z","task_id":"0d8afaeb-6502-4344-956b-28fa0923edd3","run_id":"68c5f6e1-4f46-4842-81e0-e025bcf4011a","batch_accepted":false,"requests":1,"approved":0}
2026-09-12T13:34:28.658+08:00  INFO 6942 --- [control-app] [           main] [                                                 ] c.o.p.c.a.a.DeterministicSupervisor      : {"event":"r7_primary_started","ts":"2026-09-12T05:34:28.658695003Z","role":"primary@1","run_id":"4d384424-bc31-46c8-8445-a9eb207657f8","task_id":"1f9eac7d-448d-411d-b4ac-0b8b6170da49"}
2026-09-12T13:34:28.669+08:00  INFO 6942 --- [control-app] [           main] [                                                 ] c.o.p.c.a.a.DeterministicSupervisor      : {"event":"r7_delegation_adjudicated","ts":"2026-09-12T05:34:28.668971787Z","task_id":"1f9eac7d-448d-411d-b4ac-0b8b6170da49","run_id":"4d384424-bc31-46c8-8445-a9eb207657f8","batch_accepted":true,"requests":2,"approved":1}
2026-09-12T13:34:28.674+08:00  INFO 6942 --- [control-app] [           main] [                                                 ] c.o.p.c.a.a.DeterministicSupervisor      : {"event":"r7_primary_started","ts":"2026-09-12T05:34:28.674109983Z","role":"primary@1","run_id":"fd22d9d0-5352-46bc-95d4-4fd463a70e59","task_id":"f8643f6e-213e-43ee-b94d-7e2354206e6e"}
2026-09-12T13:34:28.675+08:00  INFO 6942 --- [control-app] [           main] [                                                 ] c.o.p.c.a.a.DeterministicSupervisor      : {"event":"r7_delegation_adjudicated","ts":"2026-09-12T05:34:28.675202159Z","task_id":"f8643f6e-213e-43ee-b94d-7e2354206e6e","run_id":"fd22d9d0-5352-46bc-95d4-4fd463a70e59","batch_accepted":true,"requests":2,"approved":2}
2026-09-12T13:34:28.677+08:00  INFO 6942 --- [control-app] [           main] [                                                 ] c.o.p.c.a.a.DeterministicSupervisor      : {"event":"r7_delegation_adjudicated","ts":"2026-09-12T05:34:28.677339765Z","task_id":"f8643f6e-213e-43ee-b94d-7e2354206e6e","run_id":"fd22d9d0-5352-46bc-95d4-4fd463a70e59","batch_accepted":true,"requests":2,"approved":2}
2026-09-12T13:34:28.677+08:00  INFO 6942 --- [control-app] [           main] [                                                 ] c.o.p.c.a.a.DeterministicSupervisor      : {"event":"r7_delegation_adjudicated","ts":"2026-09-12T05:34:28.677890663Z","task_id":"f8643f6e-213e-43ee-b94d-7e2354206e6e","run_id":"fd22d9d0-5352-46bc-95d4-4fd463a70e59","batch_accepted":false,"requests":1,"approved":0}
2026-09-12T13:34:28.682+08:00  INFO 6942 --- [control-app] [           main] [                                                 ] c.o.p.c.a.a.DeterministicSupervisor      : {"event":"r7_primary_started","ts":"2026-09-12T05:34:28.681885716Z","role":"primary@1","run_id":"5a5445c9-1e7b-43cf-8d3b-79964528fca3","task_id":"92bf65eb-6279-47ad-9dd3-93b0a628834b"}
2026-09-12T13:34:28.682+08:00  INFO 6942 --- [control-app] [           main] [                                                 ] c.o.p.c.a.a.DeterministicSupervisor      : {"event":"r7_delegation_adjudicated","ts":"2026-09-12T05:34:28.682494132Z","task_id":"92bf65eb-6279-47ad-9dd3-93b0a628834b","run_id":"5a5445c9-1e7b-43cf-8d3b-79964528fca3","batch_accepted":true,"requests":1,"approved":1}
2026-09-12T13:34:28.686+08:00  INFO 6942 --- [control-app] [           main] [                                                 ] c.o.p.c.a.a.DeterministicSupervisor      : {"event":"r7_primary_started","ts":"2026-09-12T05:34:28.686798889Z","role":"primary@1","run_id":"457670d4-6abf-48e4-b127-a0e8e6f7bc5a","task_id":"6b784b1d-649e-44b6-97c5-b4a8d0f84652"}
2026-09-12T13:34:28.692+08:00  INFO 6942 --- [control-app] [           main] [                                                 ] c.o.p.c.a.a.DeterministicSupervisor      : {"event":"r7_primary_started","ts":"2026-09-12T05:34:28.691948787Z","role":"primary@1","run_id":"0dd0500b-04a8-47da-8603-9d927be8d6a0","task_id":"7223b34e-7b58-4a5a-9248-31cf68ce3b3f"}
2026-09-12T13:34:28.693+08:00  INFO 6942 --- [control-app] [           main] [                                                 ] c.o.p.c.a.a.DeterministicSupervisor      : {"event":"r7_delegation_adjudicated","ts":"2026-09-12T05:34:28.692907072Z","task_id":"7223b34e-7b58-4a5a-9248-31cf68ce3b3f","run_id":"0dd0500b-04a8-47da-8603-9d927be8d6a0","batch_accepted":false,"requests":3,"approved":0}
2026-09-12T13:34:28.695+08:00  INFO 6942 --- [control-app] [           main] [                                                 ] c.o.p.c.a.a.DeterministicSupervisor      : {"event":"am4_plan_rejected","ts":"2026-09-12T05:34:28.695283677Z","reason":"主模式编译只接受 PRIMARY 阶段 Profile，实际: metrics-expert phase=INVESTIGATE","run_id":"27f8b7ea-9a0c-4402-a8ca-a4b0664ee86e"}
2026-09-12T13:34:28.695+08:00  WARN 6942 --- [control-app] [           main] [                                                 ] c.o.p.c.a.a.DeterministicSupervisor      : run 27f8b7ea-9a0c-4402-a8ca-a4b0664ee86e 提案被确定性拒绝 → FAILED（主模式编译只接受 PRIMARY 阶段 Profile，实际: metrics-expert phase=INVESTIGATE）
[INFO] Tests run: 18, Failures: 0, Errors: 0, Skipped: 0, Time elapsed: 0.089 s -- in com.objwww.pr.control.alert.application.R7PrimaryStateTest
[INFO] Running com.objwww.pr.control.alert.application.ControlAlertRouterTest
2026-09-12T13:34:28.703+08:00  INFO 6942 --- [control-app] [           main] [                                                 ] c.o.p.c.a.a.ControlAlertRouter           : {"event":"CONTROL_ALERT_REJECTED","ts":"2026-09-12T05:34:28.703708063Z","receiver":"rca-oncall","gate":"identity"}
2026-09-12T13:34:28.706+08:00  INFO 6942 --- [control-app] [           main] [                                                 ] c.o.p.c.a.a.ControlAlertRouter           : {"event":"CONTROL_ALERT_ONCALL","ts":"2026-09-12T05:34:28.706765100Z","inbox_id":"5cb25cf6-f910-468b-ab12-c2edf4d3e2f6","receiver":"rca-oncall","group_key":"g:RCA_SYSTEM_CollectorDown","alertnames":"RCA_SYSTEM_CollectorDown","scopes":"rca_system","alert_count":1}
2026-09-12T13:34:28.708+08:00  INFO 6942 --- [control-app] [           main] [                                                 ] c.o.p.c.a.a.ControlAlertRouter           : {"event":"CONTROL_ALERT_REJECTED","ts":"2026-09-12T05:34:28.708551063Z","receiver":"rca-oncall","gate":"identity"}
2026-09-12T13:34:28.711+08:00  INFO 6942 --- [control-app] [           main] [                                                 ] c.o.p.c.a.a.ControlAlertRouter           : {"event":"CONTROL_ALERT_REJECTED","ts":"2026-09-12T05:34:28.711335477Z","receiver":"zhongtai","gate":"route_not_allowlisted"}
2026-09-12T13:34:28.713+08:00  INFO 6942 --- [control-app] [           main] [                                                 ] c.o.p.c.a.a.ControlAlertRouter           : {"event":"CONTROL_ALERT_ONCALL","ts":"2026-09-12T05:34:28.712995332Z","inbox_id":"a73f29ab-2fbb-4c92-84a3-a1e097aa4402","receiver":"rca-oncall","group_key":"g:Gatus_CanaryProbe","alertnames":"Gatus_CanaryProbe","scopes":"rca_system","alert_count":1}
2026-09-12T13:34:28.721+08:00  INFO 6942 --- [control-app] [           main] [                                                 ] c.o.p.c.a.a.ControlAlertRouter           : {"event":"CONTROL_ALERT_REJECTED","ts":"2026-09-12T05:34:28.721333865Z","receiver":"rca-oncall","gate":"scope_not_allowlisted"}
2026-09-12T13:34:28.722+08:00  INFO 6942 --- [control-app] [           main] [                                                 ] c.o.p.c.a.a.ControlAlertRouter           : {"event":"CONTROL_ALERT_REJECTED","ts":"2026-09-12T05:34:28.722737078Z","receiver":"rca-oncall","gate":"scope_not_allowlisted"}
2026-09-12T13:34:28.726+08:00  INFO 6942 --- [control-app] [           main] [                                                 ] c.o.p.c.a.a.ControlAlertRouter           : {"event":"CONTROL_ALERT_ONCALL","ts":"2026-09-12T05:34:28.726525112Z","inbox_id":"4f110f56-3658-44ae-bbe0-d007280c0386","receiver":"rca-oncall","group_key":"g:RCA_SYSTEM_X","alertnames":"RCA_SYSTEM_X","scopes":"rca_system","alert_count":1}
[INFO] Tests run: 10, Failures: 0, Errors: 0, Skipped: 0, Time elapsed: 0.029 s -- in com.objwww.pr.control.alert.application.ControlAlertRouterTest
[INFO] Running com.objwww.pr.control.alert.application.Am4ShadowFullChainG2Test
2026-09-12T13:34:28.761+08:00  INFO 6942 --- [control-app] [           main] [                                                 ] c.o.p.c.a.a.DeterministicSupervisor      : {"event":"am4_run_reporting","ts":"2026-09-12T05:34:28.761499957Z","run_id":"ae96ee86-303d-424d-ba4c-4c7c1782a74e"}
2026-09-12T13:34:28.761+08:00  INFO 6942 --- [control-app] [           main] [                                                 ] c.o.p.c.a.a.DeterministicSupervisor      : run ae96ee86-303d-424d-ba4c-4c7c1782a74e 全任务终态 → REPORTING（报告链组装）
[INFO] Tests run: 3, Failures: 0, Errors: 0, Skipped: 0, Time elapsed: 0.044 s -- in com.objwww.pr.control.alert.application.Am4ShadowFullChainG2Test
[INFO] Running com.objwww.pr.control.alert.application.CommandServiceTest
[INFO] Tests run: 10, Failures: 0, Errors: 0, Skipped: 0, Time elapsed: 0.026 s -- in com.objwww.pr.control.alert.application.CommandServiceTest
[INFO] Running com.objwww.pr.control.alert.application.RunBudgetGateTest
[INFO] Tests run: 10, Failures: 0, Errors: 0, Skipped: 0, Time elapsed: 0.047 s -- in com.objwww.pr.control.alert.application.RunBudgetGateTest
[INFO] Running com.objwww.pr.control.alert.application.tool.ToolGatewayWireMockTest
[INFO] Tests run: 3, Failures: 0, Errors: 0, Skipped: 0, Time elapsed: 0.897 s -- in com.objwww.pr.control.alert.application.tool.ToolGatewayWireMockTest
[INFO] Running com.objwww.pr.control.alert.application.tool.ReplayToolGatewayTest
[INFO] Tests run: 8, Failures: 0, Errors: 0, Skipped: 0, Time elapsed: 0.021 s -- in com.objwww.pr.control.alert.application.tool.ReplayToolGatewayTest
[INFO] Running com.objwww.pr.control.alert.application.tool.ToolRegistryTest
[INFO] Tests run: 4, Failures: 0, Errors: 0, Skipped: 0, Time elapsed: 0.009 s -- in com.objwww.pr.control.alert.application.tool.ToolRegistryTest
[INFO] Running com.objwww.pr.control.alert.application.tool.ToolGatewayTest
[INFO] Tests run: 11, Failures: 0, Errors: 0, Skipped: 0, Time elapsed: 0.220 s -- in com.objwww.pr.control.alert.application.tool.ToolGatewayTest
[INFO] Running com.objwww.pr.control.alert.application.DagExecutionServiceTest
[INFO] Tests run: 10, Failures: 0, Errors: 0, Skipped: 0, Time elapsed: 0.008 s -- in com.objwww.pr.control.alert.application.DagExecutionServiceTest
[INFO] Running com.objwww.pr.control.alert.application.Am4ShadowTriggerTest
AM4_SHADOW_TASK=investigate-change=EVIDENCE_PRODUCED
AM4_SHADOW_TASK=investigate-logs=EVIDENCE_PRODUCED
AM4_SHADOW_TASK=investigate-metrics=EVIDENCE_PRODUCED
AM4_SHADOW_TASK=snapshot=f93a344a6b48b4fe5fd8e2734d5a146f46bd68cf8d77536ed0e2d8e2c03edd51
2026-09-12T13:34:30.031+08:00  INFO 6942 --- [control-app] [           main] [                                                 ] c.o.p.c.a.a.DeterministicSupervisor      : {"event":"am4_run_reporting","ts":"2026-09-12T05:34:30.030941312Z","run_id":"9483f83c-8c6c-4e49-bc01-a9034e9c7e4e"}
2026-09-12T13:34:30.031+08:00  INFO 6942 --- [control-app] [           main] [                                                 ] c.o.p.c.a.a.DeterministicSupervisor      : run 9483f83c-8c6c-4e49-bc01-a9034e9c7e4e 全任务终态 → REPORTING（报告链组装）
AM4_SHADOW_RUN_ID=9483f83c-8c6c-4e49-bc01-a9034e9c7e4e
[INFO] Tests run: 5, Failures: 0, Errors: 0, Skipped: 0, Time elapsed: 0.027 s -- in com.objwww.pr.control.alert.application.Am4ShadowTriggerTest
[INFO] Running com.objwww.pr.control.alert.application.ExA4bIncidentProjectorTest
2026-09-12T13:34:30.058+08:00  INFO 6942 --- [control-app] [           main] [                                                 ] c.o.p.c.a.application.IncidentProjector  : incident 99938b49-9b21-4505-9501-7af49379d20a 路由决策 BUCKETED_HOLMES 为 HOLMES 意愿：第二引擎已退场，决策照记不铸 run
2026-09-12T13:34:30.060+08:00  INFO 6942 --- [control-app] [           main] [                                                 ] c.o.p.c.a.a.IncidentWaitingRedrive       : incident 99938b49-9b21-4505-9501-7af49379d20a 等待重驱完成：原因=WAITING_CAPABILITY 路由决策=BUCKETED_NATIVE run=933b796f-9ad4-442c-93e5-1d8de0d3404a
2026-09-12T13:34:30.062+08:00  INFO 6942 --- [control-app] [           main] [                                                 ] c.o.p.c.a.application.IncidentProjector  : incident 06f2ff29-b296-411f-820b-301b5ab32302 路由决策 BUCKETED_HOLMES 为 HOLMES 意愿：第二引擎已退场，决策照记不铸 run
[INFO] Tests run: 7, Failures: 0, Errors: 0, Skipped: 0, Time elapsed: 0.020 s -- in com.objwww.pr.control.alert.application.ExA4bIncidentProjectorTest
[INFO] Running com.objwww.pr.control.alert.application.RunQueryServiceTest
[INFO] Tests run: 6, Failures: 0, Errors: 0, Skipped: 0, Time elapsed: 0.011 s -- in com.objwww.pr.control.alert.application.RunQueryServiceTest
[INFO] Running com.objwww.pr.control.alert.application.RcaStateBackfillJobTest
2026-09-12T13:34:30.087+08:00  INFO 6942 --- [control-app] [           main] [                                                 ] c.o.p.c.a.a.RcaStateBackfillJob          : {"event":"rca_state_backfill_progress","ts":"2026-09-12T05:34:30.087589422Z","rows":2,"batches":1,"violations":0,"table":"rca_task"}
2026-09-12T13:34:30.089+08:00  INFO 6942 --- [control-app] [           main] [                                                 ] c.o.p.c.a.a.RcaStateBackfillJob          : {"event":"rca_state_backfill_progress","ts":"2026-09-12T05:34:30.089046627Z","rows":4,"batches":2,"violations":0,"table":"rca_task"}
2026-09-12T13:34:30.089+08:00  INFO 6942 --- [control-app] [           main] [                                                 ] c.o.p.c.a.a.RcaStateBackfillJob          : {"event":"rca_state_backfill_progress","ts":"2026-09-12T05:34:30.089319761Z","rows":5,"batches":3,"violations":0,"table":"rca_task"}
2026-09-12T13:34:30.089+08:00  INFO 6942 --- [control-app] [           main] [                                                 ] c.o.p.c.a.a.RcaStateBackfillJob          : {"event":"rca_state_backfill_progress","ts":"2026-09-12T05:34:30.089767474Z","rows":2,"batches":1,"violations":0,"table":"rca_run"}
2026-09-12T13:34:30.090+08:00  INFO 6942 --- [control-app] [           main] [                                                 ] c.o.p.c.a.a.RcaStateBackfillJob          : {"event":"rca_state_backfill_progress","ts":"2026-09-12T05:34:30.089949437Z","rows":3,"batches":2,"violations":0,"table":"rca_run"}
2026-09-12T13:34:30.090+08:00  INFO 6942 --- [control-app] [           main] [                                                 ] c.o.p.c.a.a.RcaStateBackfillJob          : {"event":"rca_state_backfill_reconciled","ts":"2026-09-12T05:34:30.090456983Z","batches":5,"run_rows":3,"violations":0,"task_rows":5,"digest":"4ca1357fd4b199d31c370842c907357ab131a659696953f6c76f10069f374c5d"}
2026-09-12T13:34:30.091+08:00  INFO 6942 --- [control-app] [           main] [                                                 ] c.o.p.c.a.a.RcaStateBackfillJob          : {"event":"rca_state_backfill_progress","ts":"2026-09-12T05:34:30.091229397Z","rows":2,"batches":1,"violations":0,"table":"rca_task"}
2026-09-12T13:34:30.091+08:00  INFO 6942 --- [control-app] [           main] [                                                 ] c.o.p.c.a.a.RcaStateBackfillJob          : {"event":"rca_state_backfill_progress","ts":"2026-09-12T05:34:30.091444322Z","rows":4,"batches":2,"violations":0,"table":"rca_task"}
2026-09-12T13:34:30.091+08:00  INFO 6942 --- [control-app] [           main] [                                                 ] c.o.p.c.a.a.RcaStateBackfillJob          : {"event":"rca_state_backfill_progress","ts":"2026-09-12T05:34:30.091604413Z","rows":5,"batches":3,"violations":0,"table":"rca_task"}
2026-09-12T13:34:30.091+08:00  INFO 6942 --- [control-app] [           main] [                                                 ] c.o.p.c.a.a.RcaStateBackfillJob          : {"event":"rca_state_backfill_progress","ts":"2026-09-12T05:34:30.091714020Z","rows":2,"batches":1,"violations":0,"table":"rca_run"}
2026-09-12T13:34:30.091+08:00  INFO 6942 --- [control-app] [           main] [                                                 ] c.o.p.c.a.a.RcaStateBackfillJob          : {"event":"rca_state_backfill_progress","ts":"2026-09-12T05:34:30.091823226Z","rows":3,"batches":2,"violations":0,"table":"rca_run"}
2026-09-12T13:34:30.092+08:00  INFO 6942 --- [control-app] [           main] [                                                 ] c.o.p.c.a.a.RcaStateBackfillJob          : {"event":"rca_state_backfill_reconciled","ts":"2026-09-12T05:34:30.091977636Z","batches":5,"run_rows":3,"violations":0,"task_rows":5,"digest":"4ca1357fd4b199d31c370842c907357ab131a659696953f6c76f10069f374c5d"}
2026-09-12T13:34:30.093+08:00  INFO 6942 --- [control-app] [           main] [                                                 ] c.o.p.c.a.a.RcaStateBackfillJob          : {"event":"rca_state_backfill_progress","ts":"2026-09-12T05:34:30.093052370Z","rows":1,"batches":1,"violations":0,"table":"rca_task"}
2026-09-12T13:34:30.094+08:00  INFO 6942 --- [control-app] [           main] [                                                 ] c.o.p.c.a.a.RcaStateBackfillJob          : {"event":"rca_state_backfill_progress","ts":"2026-09-12T05:34:30.093991980Z","rows":1,"batches":1,"violations":0,"table":"rca_task"}
2026-09-12T13:34:30.094+08:00  INFO 6942 --- [control-app] [           main] [                                                 ] c.o.p.c.a.a.RcaStateBackfillJob          : {"event":"rca_state_backfill_progress","ts":"2026-09-12T05:34:30.094222935Z","rows":2,"batches":2,"violations":0,"table":"rca_task"}
2026-09-12T13:34:30.094+08:00  INFO 6942 --- [control-app] [           main] [                                                 ] c.o.p.c.a.a.RcaStateBackfillJob          : {"event":"rca_state_backfill_progress","ts":"2026-09-12T05:34:30.094342590Z","rows":3,"batches":3,"violations":0,"table":"rca_task"}
2026-09-12T13:34:30.094+08:00  INFO 6942 --- [control-app] [           main] [                                                 ] c.o.p.c.a.a.RcaStateBackfillJob          : {"event":"rca_state_backfill_progress","ts":"2026-09-12T05:34:30.094503233Z","rows":4,"batches":4,"violations":0,"table":"rca_task"}
2026-09-12T13:34:30.094+08:00  INFO 6942 --- [control-app] [           main] [                                                 ] c.o.p.c.a.a.RcaStateBackfillJob          : {"event":"rca_state_backfill_progress","ts":"2026-09-12T05:34:30.094635382Z","rows":5,"batches":5,"violations":0,"table":"rca_task"}
2026-09-12T13:34:30.094+08:00  INFO 6942 --- [control-app] [           main] [                                                 ] c.o.p.c.a.a.RcaStateBackfillJob          : {"event":"rca_state_backfill_progress","ts":"2026-09-12T05:34:30.094754416Z","rows":6,"batches":6,"violations":0,"table":"rca_task"}
2026-09-12T13:34:30.095+08:00  INFO 6942 --- [control-app] [           main] [                                                 ] c.o.p.c.a.a.RcaStateBackfillJob          : {"event":"rca_state_backfill_progress","ts":"2026-09-12T05:34:30.095489129Z","rows":7,"batches":7,"violations":0,"table":"rca_task"}
2026-09-12T13:34:30.096+08:00  INFO 6942 --- [control-app] [           main] [                                                 ] c.o.p.c.a.a.RcaStateBackfillJob          : {"event":"rca_state_backfill_progress","ts":"2026-09-12T05:34:30.096049274Z","rows":7,"batches":8,"violations":0,"table":"rca_task"}
2026-09-12T13:34:30.096+08:00  INFO 6942 --- [control-app] [           main] [                                                 ] c.o.p.c.a.a.RcaStateBackfillJob          : {"event":"rca_state_backfill_progress","ts":"2026-09-12T05:34:30.096187865Z","rows":1,"batches":1,"violations":0,"table":"rca_run"}
2026-09-12T13:34:30.096+08:00  INFO 6942 --- [control-app] [           main] [                                                 ] c.o.p.c.a.a.RcaStateBackfillJob          : {"event":"rca_state_backfill_progress","ts":"2026-09-12T05:34:30.096265752Z","rows":1,"batches":2,"violations":0,"table":"rca_run"}
2026-09-12T13:34:30.096+08:00  INFO 6942 --- [control-app] [           main] [                                                 ] c.o.p.c.a.a.RcaStateBackfillJob          : {"event":"rca_state_backfill_reconciled","ts":"2026-09-12T05:34:30.096374587Z","batches":10,"run_rows":1,"violations":0,"task_rows":7,"digest":"2fdb1966afacb8c902f0e49771770522ad967f6eda2dcf5d56fb99480f565edb"}
2026-09-12T13:34:30.096+08:00  INFO 6942 --- [control-app] [           main] [                                                 ] c.o.p.c.a.a.RcaStateBackfillJob          : {"event":"rca_state_backfill_progress","ts":"2026-09-12T05:34:30.096513328Z","rows":7,"batches":1,"violations":0,"table":"rca_task"}
2026-09-12T13:34:30.096+08:00  INFO 6942 --- [control-app] [           main] [                                                 ] c.o.p.c.a.a.RcaStateBackfillJob          : {"event":"rca_state_backfill_progress","ts":"2026-09-12T05:34:30.096597646Z","rows":1,"batches":1,"violations":0,"table":"rca_run"}
2026-09-12T13:34:30.096+08:00  INFO 6942 --- [control-app] [           main] [                                                 ] c.o.p.c.a.a.RcaStateBackfillJob          : {"event":"rca_state_backfill_reconciled","ts":"2026-09-12T05:34:30.096682697Z","batches":2,"run_rows":1,"violations":0,"task_rows":7,"digest":"2fdb1966afacb8c902f0e49771770522ad967f6eda2dcf5d56fb99480f565edb"}
2026-09-12T13:34:30.097+08:00  INFO 6942 --- [control-app] [           main] [                                                 ] c.o.p.c.a.a.RcaStateBackfillJob          : {"event":"rca_state_backfill_progress","ts":"2026-09-12T05:34:30.097421067Z","rows":2,"batches":1,"violations":1,"table":"rca_task"}
2026-09-12T13:34:30.097+08:00  INFO 6942 --- [control-app] [           main] [                                                 ] c.o.p.c.a.a.RcaStateBackfillJob          : {"event":"rca_state_backfill_progress","ts":"2026-09-12T05:34:30.097570479Z","rows":1,"batches":1,"violations":0,"table":"rca_run"}
2026-09-12T13:34:30.097+08:00  INFO 6942 --- [control-app] [           main] [                                                 ] c.o.p.c.a.a.RcaStateBackfillJob          : {"event":"rca_state_backfill_reconciled","ts":"2026-09-12T05:34:30.097657142Z","batches":2,"run_rows":1,"violations":1,"task_rows":2,"digest":"266d86814df7b18c146e096c5e63a7a2140e4c5217df8b306b76267cff8357de"}
[INFO] Tests run: 5, Failures: 0, Errors: 0, Skipped: 0, Time elapsed: 0.024 s -- in com.objwww.pr.control.alert.application.RcaStateBackfillJobTest
[INFO] Running com.objwww.pr.control.alert.application.CategoryOverrideServiceTest
[INFO] Tests run: 9, Failures: 0, Errors: 0, Skipped: 0, Time elapsed: 0.009 s -- in com.objwww.pr.control.alert.application.CategoryOverrideServiceTest
[INFO] Running com.objwww.pr.control.alert.application.NativeEngineWiringTest
2026-09-12T13:34:30.112+08:00  INFO 6942 --- [control-app] [           main] [                                                 ] c.o.p.c.a.application.IncidentProjector  : incident 941940b8-6643-4d10-8dbb-77754b568347 路由决策 BUCKETED_HOLMES 为 HOLMES 意愿：第二引擎已退场，决策照记不铸 run
2026-09-12T13:34:30.119+08:00  INFO 6942 --- [control-app] [           main] [                                                 ] c.o.p.c.a.a.RcaRunOrchestrator           : {"event":"rca_task_decision","ts":"2026-09-12T05:34:30.119208989Z","task_id":"7959bb9b-b059-46fa-9c22-7fb166336fa9","run_id":"4e6c92af-c67e-4664-ba75-3f5787d9090d","decision":"COMPLETED","latency_ms":0,"attempt_id":"ac206545-999e-4e51-b77e-d639ed48a43f"}
2026-09-12T13:34:30.121+08:00  INFO 6942 --- [control-app] [           main] [                                                 ] c.o.p.c.a.a.RcaRunOrchestrator           : {"event":"rca_task_decision","ts":"2026-09-12T05:34:30.121643944Z","task_id":"ca8e2fc5-eab8-42f5-9f72-614ed1f7b9b8","run_id":"7a4a7f5a-85ff-41fc-b00e-5b06edc4ed27","decision":"COMPLETED","latency_ms":0,"attempt_id":"cbc472ff-b494-428c-996f-625d5625f95d"}
2026-09-12T13:34:30.121+08:00  INFO 6942 --- [control-app] [           main] [                                                 ] c.o.p.c.a.a.RcaRunOrchestrator           : incident dadb4b86-eaa9-4518-804b-e0988fd3c417 材料变化，铸 RERUN run
2026-09-12T13:34:30.124+08:00  INFO 6942 --- [control-app] [           main] [                                                 ] c.o.p.c.a.a.RcaRunOrchestrator           : {"event":"rca_task_decision","ts":"2026-09-12T05:34:30.124399043Z","task_id":"ea884d12-29b0-4295-95ee-1f8f38a273f4","run_id":"129041db-0f11-4263-9435-8a81bf9713c3","decision":"DEAD","latency_ms":0,"attempt_id":"cde1ddaa-d7e4-4c1b-8f4e-f77e69850774"}
2026-09-12T13:34:30.126+08:00  INFO 6942 --- [control-app] [           main] [                                                 ] c.o.p.c.a.a.RcaRunOrchestrator           : {"event":"rca_task_decision","ts":"2026-09-12T05:34:30.125972876Z","task_id":"69eed610-c14b-4ac0-af09-af344c05d591","run_id":"8a139085-9641-418e-a68c-5c90af2e1059","decision":"COMPLETED","latency_ms":0,"attempt_id":"6c1e1563-b4f8-4073-ad4b-8709289093e9"}
2026-09-12T13:34:30.127+08:00  INFO 6942 --- [control-app] [           main] [                                                 ] c.o.p.c.a.a.RcaRunOrchestrator           : {"event":"rca_task_decision","ts":"2026-09-12T05:34:30.127651548Z","task_id":"574484dc-bbcf-48df-afde-fac4197d4f69","run_id":"0d8df143-85fe-4b25-89ab-4f36ba8f88e7","decision":"DEAD","latency_ms":0,"attempt_id":"6a38d1f2-36e1-44e6-adf9-a89fa5423e2a"}
2026-09-12T13:34:30.130+08:00  INFO 6942 --- [control-app] [           main] [                                                 ] c.o.p.c.a.a.RcaRunOrchestrator           : {"event":"rca_task_decision","ts":"2026-09-12T05:34:30.130911858Z","task_id":"b1abf70a-edde-4a94-84d5-4dc9027de768","run_id":"96e349a7-2405-4c79-93df-f47362826a2d","decision":"DEAD","latency_ms":0,"attempt_id":"508c1227-f3c0-4cff-9ae1-8f95a26004cf"}
[INFO] Tests run: 9, Failures: 0, Errors: 0, Skipped: 0, Time elapsed: 0.024 s -- in com.objwww.pr.control.alert.application.NativeEngineWiringTest
[INFO] Running com.objwww.pr.control.alert.application.FallbackServiceTest
2026-09-12T13:34:30.135+08:00  INFO 6942 --- [control-app] [           main] [                                                 ] c.o.p.c.a.application.FallbackService    : {"event":"rca_fallback_decision","ts":"2026-09-12T05:34:30.135324377Z","source_run_id":"d58cd684-058a-4073-859f-38f118bf77ec","outcome":"DISABLED","error_class":"TIMEOUT","incident_id":"7ea1c948-601a-492a-b7f2-e9ec91d3f807"}
2026-09-12T13:34:30.137+08:00  WARN 6942 --- [control-app] [           main] [                                                 ] c.o.p.c.a.application.FallbackService    : NATIVE run 4ebd3045-579f-45fc-bc89-72fb28acced1 失败（PROPOSAL_MISSING）→ 恰一次铸 HOLMES fallback run 06e44a22-1b6f-4e80-a113-bf5c69e46b01
2026-09-12T13:34:30.137+08:00  INFO 6942 --- [control-app] [           main] [                                                 ] c.o.p.c.a.application.FallbackService    : {"event":"rca_fallback_decision","ts":"2026-09-12T05:34:30.137596867Z","source_run_id":"4ebd3045-579f-45fc-bc89-72fb28acced1","outcome":"CAST","error_class":"PROPOSAL_MISSING","incident_id":"c8316c1d-1617-42ea-878b-399b0c71ea7b"}
2026-09-12T13:34:30.138+08:00  INFO 6942 --- [control-app] [           main] [                                                 ] c.o.p.c.a.application.FallbackService    : {"event":"rca_fallback_decision","ts":"2026-09-12T05:34:30.138667153Z","source_run_id":"cfeb3bbd-2ed5-44da-9e54-0f3759be1305","outcome":"INELIGIBLE_ERROR_CLASS","error_class":"ADAPTER_PACKAGE_REJECTED","incident_id":"e9976d34-7624-46c4-99e6-fc819a349478"}
2026-09-12T13:34:30.138+08:00  INFO 6942 --- [control-app] [           main] [                                                 ] c.o.p.c.a.application.FallbackService    : {"event":"rca_fallback_decision","ts":"2026-09-12T05:34:30.138870405Z","source_run_id":"26fcdc4d-b566-41f1-a04a-3b3101a9ac99","outcome":"INELIGIBLE_ERROR_CLASS","error_class":"PLAN_REJECTED","incident_id":"18cb9ade-47e8-4d85-ac3c-7d768f5d6ca5"}
2026-09-12T13:34:30.139+08:00  INFO 6942 --- [control-app] [           main] [                                                 ] c.o.p.c.a.application.FallbackService    : {"event":"rca_fallback_decision","ts":"2026-09-12T05:34:30.138997544Z","source_run_id":"eacad05f-9576-48e9-a9f4-c14f51789828","outcome":"INELIGIBLE_ERROR_CLASS","error_class":"SOME_FUTURE_CLASS","incident_id":"1e1be1cd-935e-4e21-8fb6-0e77bd850a54"}
2026-09-12T13:34:30.139+08:00  WARN 6942 --- [control-app] [           main] [                                                 ] c.o.p.c.a.application.FallbackService    : NATIVE run 84d45394-cedf-4537-8411-eb0efcdfbfcf 失败（TIMEOUT）→ 恰一次铸 HOLMES fallback run 9fce1f2f-32c9-48c0-9cbc-36765dd63b28
2026-09-12T13:34:30.139+08:00  INFO 6942 --- [control-app] [           main] [                                                 ] c.o.p.c.a.application.FallbackService    : {"event":"rca_fallback_decision","ts":"2026-09-12T05:34:30.139697313Z","source_run_id":"84d45394-cedf-4537-8411-eb0efcdfbfcf","outcome":"CAST","error_class":"TIMEOUT","incident_id":"e6e0e949-6cd3-432f-957f-104e41b5f9ae"}
2026-09-12T13:34:30.139+08:00  INFO 6942 --- [control-app] [           main] [                                                 ] c.o.p.c.a.application.FallbackService    : {"event":"rca_fallback_decision","ts":"2026-09-12T05:34:30.139862033Z","source_run_id":"e1a9bb93-5909-4394-938d-6ab015bfb1f9","outcome":"BUDGET_EXHAUSTED","error_class":"TIMEOUT","incident_id":"0f5cee5a-cbca-43e4-9c3c-bd852df8c26a"}
2026-09-12T13:34:30.140+08:00  WARN 6942 --- [control-app] [           main] [                                                 ] c.o.p.c.a.application.FallbackService    : NATIVE run fbc84306-6dfe-41d2-aeba-364d5f65e830 失败（TIMEOUT）→ 恰一次铸 HOLMES fallback run 658654b1-c9a0-4cd2-8c33-8f7beb64fb89
2026-09-12T13:34:30.140+08:00  INFO 6942 --- [control-app] [           main] [                                                 ] c.o.p.c.a.application.FallbackService    : {"event":"rca_fallback_decision","ts":"2026-09-12T05:34:30.140109359Z","source_run_id":"fbc84306-6dfe-41d2-aeba-364d5f65e830","outcome":"CAST","error_class":"TIMEOUT","incident_id":"0ed0198f-c9f2-40a6-88dc-925ef8980b1c"}
2026-09-12T13:34:30.140+08:00  WARN 6942 --- [control-app] [           main] [                                                 ] c.o.p.c.a.application.FallbackService    : NATIVE run 0899cfb7-4962-4066-9cc1-b18f5ecda789 失败（EXECUTOR_ERROR）→ 恰一次铸 HOLMES fallback run 4fa18312-50fa-4746-bd01-8447236c8418
2026-09-12T13:34:30.140+08:00  INFO 6942 --- [control-app] [           main] [                                                 ] c.o.p.c.a.application.FallbackService    : {"event":"rca_fallback_decision","ts":"2026-09-12T05:34:30.140661879Z","source_run_id":"0899cfb7-4962-4066-9cc1-b18f5ecda789","outcome":"CAST","error_class":"EXECUTOR_ERROR","incident_id":"cd018f61-bd72-4136-b50f-d54658a9d8a3"}
2026-09-12T13:34:30.141+08:00  INFO 6942 --- [control-app] [           main] [                                                 ] c.o.p.c.a.application.FallbackService    : {"event":"rca_fallback_decision","ts":"2026-09-12T05:34:30.141020834Z","source_run_id":"4fa18312-50fa-4746-bd01-8447236c8418","outcome":"INELIGIBLE_ENGINE","error_class":"EXECUTOR_ERROR","incident_id":"cd018f61-bd72-4136-b50f-d54658a9d8a3"}
2026-09-12T13:34:30.141+08:00  WARN 6942 --- [control-app] [           main] [                                                 ] c.o.p.c.a.application.FallbackService    : NATIVE run 9a54b843-f834-4941-a69b-530cf980fa25 失败（TIMEOUT）→ 恰一次铸 HOLMES fallback run badb3410-f3c4-44c9-b1a8-444ca5300e90
2026-09-12T13:34:30.141+08:00  INFO 6942 --- [control-app] [           main] [                                                 ] c.o.p.c.a.application.FallbackService    : {"event":"rca_fallback_decision","ts":"2026-09-12T05:34:30.141638238Z","source_run_id":"9a54b843-f834-4941-a69b-530cf980fa25","outcome":"CAST","error_class":"TIMEOUT","incident_id":"b2418c12-8b06-4e85-9305-ea24fdc4a70e"}
2026-09-12T13:34:30.141+08:00  INFO 6942 --- [control-app] [           main] [                                                 ] c.o.p.c.a.application.FallbackService    : {"event":"rca_fallback_decision","ts":"2026-09-12T05:34:30.141739308Z","source_run_id":"9a54b843-f834-4941-a69b-530cf980fa25","outcome":"ALREADY_CAST","error_class":"TIMEOUT","incident_id":"b2418c12-8b06-4e85-9305-ea24fdc4a70e"}
2026-09-12T13:34:30.142+08:00  INFO 6942 --- [control-app] [           main] [                                                 ] c.o.p.c.a.application.FallbackService    : {"event":"rca_fallback_decision","ts":"2026-09-12T05:34:30.142211116Z","source_run_id":"6317f78e-4865-4873-aafd-176660899a1f","outcome":"INCIDENT_BUSY","error_class":"TIMEOUT","incident_id":"94ce9ee2-c8b3-4961-9e63-54e7f2f11413"}
[INFO] Tests run: 7, Failures: 0, Errors: 0, Skipped: 0, Time elapsed: 0.009 s -- in com.objwww.pr.control.alert.application.FallbackServiceTest
[INFO] Running com.objwww.pr.control.alert.application.PublicationWinnerGateTest
2026-09-12T13:34:30.145+08:00  INFO 6942 --- [control-app] [           main] [                                                 ] c.o.p.c.a.a.RcaRunOrchestrator           : {"event":"rca_task_decision","ts":"2026-09-12T05:34:30.145296677Z","task_id":"95f2647b-cca4-4afc-ba6e-74b9b880ac93","run_id":"fa0af398-a334-4e53-a0a2-0f8f834d7078","decision":"COMPLETED","latency_ms":0,"attempt_id":"e7037561-f0b3-4395-8261-6ccd62852953"}
2026-09-12T13:34:30.146+08:00  INFO 6942 --- [control-app] [           main] [                                                 ] c.o.p.c.a.a.RcaRunOrchestrator           : {"event":"report_publication_loser","ts":"2026-09-12T05:34:30.146099990Z","generation":0,"incident_id":"63d8adb0-5793-4809-ab11-49701731d56c","run_id":"f55011f4-e9de-4b08-8581-9cf22f6e7be0","report_id":"51e3425f-2500-4956-8106-c63ecd458e6e"}
2026-09-12T13:34:30.146+08:00  INFO 6942 --- [control-app] [           main] [                                                 ] c.o.p.c.a.a.RcaRunOrchestrator           : report 51e3425f-2500-4956-8106-c63ecd458e6e 输给 generation 发布赢家（incident=63d8adb0-5793-4809-ab11-49701731d56c, gen=0），落档不发布
2026-09-12T13:34:30.146+08:00  INFO 6942 --- [control-app] [           main] [                                                 ] c.o.p.c.a.a.RcaRunOrchestrator           : {"event":"rca_task_decision","ts":"2026-09-12T05:34:30.146259090Z","task_id":"e00362aa-5b5f-413f-be4a-25d9d25570d8","run_id":"f55011f4-e9de-4b08-8581-9cf22f6e7be0","decision":"COMPLETED","latency_ms":0,"attempt_id":"4c852c68-862d-4998-9e6e-64a932c299dd"}
[INFO] Tests run: 1, Failures: 0, Errors: 0, Skipped: 0, Time elapsed: 0.009 s -- in com.objwww.pr.control.alert.application.PublicationWinnerGateTest
[INFO] Running com.objwww.pr.control.alert.application.mcp.McpToolInvokerTest
[INFO] Tests run: 6, Failures: 0, Errors: 0, Skipped: 0, Time elapsed: 0.016 s -- in com.objwww.pr.control.alert.application.mcp.McpToolInvokerTest
[INFO] Running com.objwww.pr.control.alert.application.mcp.McpMountManagerTest
[INFO] Tests run: 10, Failures: 0, Errors: 0, Skipped: 0, Time elapsed: 0.283 s -- in com.objwww.pr.control.alert.application.mcp.McpMountManagerTest
[INFO] Running com.objwww.pr.control.alert.application.AlertInboxProcessorTest
2026-09-12T13:34:30.461+08:00  WARN 6942 --- [control-app] [           main] [                                                 ] c.o.p.c.a.a.AlertInboxProcessor          : alert_inbox c5763ac8-cc22-46c9-934e-1984c4610285 死信: payload_raw JSON 解析失败: Unexpected character ('n' (code 110)): was expecting double-quote to start field name
 at [Source: REDACTED (`StreamReadFeature.INCLUDE_SOURCE_IN_LOCATION` disabled); line: 1, column: 2]
2026-09-12T13:34:30.492+08:00  WARN 6942 --- [control-app] [           main] [                                                 ] c.o.p.c.a.a.AlertInboxProcessor          : alert_inbox a1d4d812-24e3-40cc-9ca9-26f0d113f175 死信: 缺少 alertname 标签，无法铸造 incidentKey
[INFO] Tests run: 16, Failures: 0, Errors: 0, Skipped: 0, Time elapsed: 0.046 s -- in com.objwww.pr.control.alert.application.AlertInboxProcessorTest
[INFO] Running com.objwww.pr.control.alert.application.RunConfigSwitchServiceTest
[INFO] Tests run: 18, Failures: 0, Errors: 0, Skipped: 0, Time elapsed: 0.039 s -- in com.objwww.pr.control.alert.application.RunConfigSwitchServiceTest
[INFO] Running com.objwww.pr.control.alert.application.reconcile.ReconcileBudgetGateTest
[INFO] Tests run: 9, Failures: 0, Errors: 0, Skipped: 0, Time elapsed: 0.009 s -- in com.objwww.pr.control.alert.application.reconcile.ReconcileBudgetGateTest
[INFO] Running com.objwww.pr.control.alert.application.reconcile.IncidentSourceReconcilerTest
[INFO] Tests run: 6, Failures: 0, Errors: 0, Skipped: 0, Time elapsed: 0.003 s -- in com.objwww.pr.control.alert.application.reconcile.IncidentSourceReconcilerTest
[INFO] Running com.objwww.pr.control.alert.application.DeterministicSupervisorTest
2026-09-12T13:34:30.567+08:00  INFO 6942 --- [control-app] [           main] [                                                 ] c.o.p.c.a.a.DeterministicSupervisor      : {"event":"am4_run_reporting","ts":"2026-09-12T05:34:30.566957844Z","run_id":"90c27dfd-b28d-4efd-b179-ceeefc680703"}
2026-09-12T13:34:30.567+08:00  INFO 6942 --- [control-app] [           main] [                                                 ] c.o.p.c.a.a.DeterministicSupervisor      : run 90c27dfd-b28d-4efd-b179-ceeefc680703 全任务终态 → REPORTING（报告链组装）
2026-09-12T13:34:30.573+08:00  INFO 6942 --- [control-app] [           main] [                                                 ] c.o.p.c.a.a.DeterministicSupervisor      : {"event":"am4_run_reporting","ts":"2026-09-12T05:34:30.573623417Z","run_id":"f90dddc7-183d-4662-b58f-ef17645f6957"}
2026-09-12T13:34:30.573+08:00  INFO 6942 --- [control-app] [           main] [                                                 ] c.o.p.c.a.a.DeterministicSupervisor      : run f90dddc7-183d-4662-b58f-ef17645f6957 全任务终态 → REPORTING（报告链组装）
2026-09-12T13:34:30.574+08:00  INFO 6942 --- [control-app] [           main] [                                                 ] c.o.p.c.a.a.DeterministicSupervisor      : {"event":"am4_plan_rejected","ts":"2026-09-12T05:34:30.574532007Z","reason":"提案成环: a -> b -> a","run_id":"772477c2-35f8-40db-bfc3-6c2434101a58"}
2026-09-12T13:34:30.574+08:00  WARN 6942 --- [control-app] [           main] [                                                 ] c.o.p.c.a.a.DeterministicSupervisor      : run 772477c2-35f8-40db-bfc3-6c2434101a58 提案被确定性拒绝 → FAILED（提案成环: a -> b -> a）
2026-09-12T13:34:30.581+08:00  INFO 6942 --- [control-app] [           main] [                                                 ] c.o.p.c.a.a.DeterministicSupervisor      : {"event":"am4_run_reporting","ts":"2026-09-12T05:34:30.581170059Z","run_id":"0e58e83b-abab-4041-a630-16baa3b0a202"}
2026-09-12T13:34:30.581+08:00  INFO 6942 --- [control-app] [           main] [                                                 ] c.o.p.c.a.a.DeterministicSupervisor      : run 0e58e83b-abab-4041-a630-16baa3b0a202 全任务终态 → REPORTING（报告链组装）
[INFO] Tests run: 11, Failures: 0, Errors: 0, Skipped: 0, Time elapsed: 0.018 s -- in com.objwww.pr.control.alert.application.DeterministicSupervisorTest
[INFO] Running com.objwww.pr.control.alert.application.replay.SnapshotShadowRouterTest
[INFO] Tests run: 3, Failures: 0, Errors: 0, Skipped: 0, Time elapsed: 0.009 s -- in com.objwww.pr.control.alert.application.replay.SnapshotShadowRouterTest
[INFO] Running com.objwww.pr.control.alert.application.replay.InputReplayVerifierTest
[INFO] Tests run: 8, Failures: 0, Errors: 0, Skipped: 0, Time elapsed: 0.005 s -- in com.objwww.pr.control.alert.application.replay.InputReplayVerifierTest
[INFO] Running com.objwww.pr.control.alert.application.replay.AgentReplayRunnerTest
[INFO] Tests run: 4, Failures: 0, Errors: 0, Skipped: 0, Time elapsed: 0.010 s -- in com.objwww.pr.control.alert.application.replay.AgentReplayRunnerTest
[INFO] Running com.objwww.pr.control.alert.application.replay.ReadOnlyToolFaceTest
[INFO] Tests run: 3, Failures: 0, Errors: 0, Skipped: 0, Time elapsed: 0.007 s -- in com.objwww.pr.control.alert.application.replay.ReadOnlyToolFaceTest
[INFO] Running com.objwww.pr.control.alert.application.NativeReportAdapterTest
[INFO] Tests run: 3, Failures: 0, Errors: 0, Skipped: 0, Time elapsed: 0.006 s -- in com.objwww.pr.control.alert.application.NativeReportAdapterTest
[INFO] Running com.objwww.pr.control.alert.application.ReportCompletedNotifierTest
[INFO] Tests run: 6, Failures: 0, Errors: 0, Skipped: 0, Time elapsed: 0.006 s -- in com.objwww.pr.control.alert.application.ReportCompletedNotifierTest
[INFO] Running com.objwww.pr.control.alert.interfaces.McpMountControllerTest
[INFO] Tests run: 2, Failures: 0, Errors: 0, Skipped: 0, Time elapsed: 0.003 s -- in com.objwww.pr.control.alert.interfaces.McpMountControllerTest
[INFO] Running com.objwww.pr.control.alert.interfaces.RunCommandControllerTest
2026-09-12T13:34:30.653+08:00  INFO 6942 --- [control-app] [           main] [                                                 ] o.s.mock.web.MockServletContext          : Initializing Spring TestDispatcherServlet ''
2026-09-12T13:34:30.653+08:00  INFO 6942 --- [control-app] [           main] [                                                 ] o.s.t.web.servlet.TestDispatcherServlet  : Initializing Servlet ''
2026-09-12T13:34:30.653+08:00  INFO 6942 --- [control-app] [           main] [                                                 ] o.s.t.web.servlet.TestDispatcherServlet  : Completed initialization in 0 ms
2026-09-12T13:34:30.664+08:00  INFO 6942 --- [control-app] [           main] [                                                 ] o.s.mock.web.MockServletContext          : Initializing Spring TestDispatcherServlet ''
2026-09-12T13:34:30.664+08:00  INFO 6942 --- [control-app] [           main] [                                                 ] o.s.t.web.servlet.TestDispatcherServlet  : Initializing Servlet ''
2026-09-12T13:34:30.664+08:00  INFO 6942 --- [control-app] [           main] [                                                 ] o.s.t.web.servlet.TestDispatcherServlet  : Completed initialization in 0 ms
2026-09-12T13:34:30.685+08:00  INFO 6942 --- [control-app] [           main] [                                                 ] o.s.mock.web.MockServletContext          : Initializing Spring TestDispatcherServlet ''
2026-09-12T13:34:30.685+08:00  INFO 6942 --- [control-app] [           main] [                                                 ] o.s.t.web.servlet.TestDispatcherServlet  : Initializing Servlet ''
2026-09-12T13:34:30.685+08:00  INFO 6942 --- [control-app] [           main] [                                                 ] o.s.t.web.servlet.TestDispatcherServlet  : Completed initialization in 0 ms
[INFO] Tests run: 3, Failures: 0, Errors: 0, Skipped: 0, Time elapsed: 0.060 s -- in com.objwww.pr.control.alert.interfaces.RunCommandControllerTest
[INFO] Running com.objwww.pr.control.alert.interfaces.AlertWebhookControllerTest
2026-09-12T13:34:30.702+08:00  INFO 6942 --- [control-app] [           main] [                                                 ] o.s.mock.web.MockServletContext          : Initializing Spring TestDispatcherServlet ''
2026-09-12T13:34:30.702+08:00  INFO 6942 --- [control-app] [           main] [                                                 ] o.s.t.web.servlet.TestDispatcherServlet  : Initializing Servlet ''
2026-09-12T13:34:30.702+08:00  INFO 6942 --- [control-app] [           main] [                                                 ] o.s.t.web.servlet.TestDispatcherServlet  : Completed initialization in 0 ms
2026-09-12T13:34:30.722+08:00  INFO 6942 --- [control-app] [           main] [                                                 ] o.s.mock.web.MockServletContext          : Initializing Spring TestDispatcherServlet ''
2026-09-12T13:34:30.722+08:00  INFO 6942 --- [control-app] [           main] [                                                 ] o.s.t.web.servlet.TestDispatcherServlet  : Initializing Servlet ''
2026-09-12T13:34:30.722+08:00  INFO 6942 --- [control-app] [           main] [                                                 ] o.s.t.web.servlet.TestDispatcherServlet  : Completed initialization in 0 ms
2026-09-12T13:34:30.731+08:00  INFO 6942 --- [control-app] [           main] [                                                 ] o.s.mock.web.MockServletContext          : Initializing Spring TestDispatcherServlet ''
2026-09-12T13:34:30.731+08:00  INFO 6942 --- [control-app] [           main] [                                                 ] o.s.t.web.servlet.TestDispatcherServlet  : Initializing Servlet ''
2026-09-12T13:34:30.731+08:00  INFO 6942 --- [control-app] [           main] [                                                 ] o.s.t.web.servlet.TestDispatcherServlet  : Completed initialization in 0 ms
2026-09-12T13:34:30.738+08:00  INFO 6942 --- [control-app] [           main] [                                                 ] o.s.mock.web.MockServletContext          : Initializing Spring TestDispatcherServlet ''
2026-09-12T13:34:30.738+08:00  INFO 6942 --- [control-app] [           main] [                                                 ] o.s.t.web.servlet.TestDispatcherServlet  : Initializing Servlet ''
2026-09-12T13:34:30.745+08:00  INFO 6942 --- [control-app] [           main] [                                                 ] o.s.t.web.servlet.TestDispatcherServlet  : Completed initialization in 6 ms
2026-09-12T13:34:30.748+08:00  INFO 6942 --- [control-app] [           main] [                                                 ] o.s.mock.web.MockServletContext          : Initializing Spring TestDispatcherServlet ''
2026-09-12T13:34:30.749+08:00  INFO 6942 --- [control-app] [           main] [                                                 ] o.s.t.web.servlet.TestDispatcherServlet  : Initializing Servlet ''
2026-09-12T13:34:30.749+08:00  INFO 6942 --- [control-app] [           main] [                                                 ] o.s.t.web.servlet.TestDispatcherServlet  : Completed initialization in 0 ms
2026-09-12T13:34:30.758+08:00  INFO 6942 --- [control-app] [           main] [                                                 ] o.s.mock.web.MockServletContext          : Initializing Spring TestDispatcherServlet ''
2026-09-12T13:34:30.758+08:00  INFO 6942 --- [control-app] [           main] [                                                 ] o.s.t.web.servlet.TestDispatcherServlet  : Initializing Servlet ''
2026-09-12T13:34:30.758+08:00  INFO 6942 --- [control-app] [           main] [                                                 ] o.s.t.web.servlet.TestDispatcherServlet  : Completed initialization in 0 ms
2026-09-12T13:34:30.768+08:00  INFO 6942 --- [control-app] [           main] [                                                 ] o.s.mock.web.MockServletContext          : Initializing Spring TestDispatcherServlet ''
2026-09-12T13:34:30.768+08:00  INFO 6942 --- [control-app] [           main] [                                                 ] o.s.t.web.servlet.TestDispatcherServlet  : Initializing Servlet ''
2026-09-12T13:34:30.768+08:00  INFO 6942 --- [control-app] [           main] [                                                 ] o.s.t.web.servlet.TestDispatcherServlet  : Completed initialization in 0 ms
2026-09-12T13:34:30.773+08:00  INFO 6942 --- [control-app] [           main] [                                                 ] o.s.mock.web.MockServletContext          : Initializing Spring TestDispatcherServlet ''
2026-09-12T13:34:30.773+08:00  INFO 6942 --- [control-app] [           main] [                                                 ] o.s.t.web.servlet.TestDispatcherServlet  : Initializing Servlet ''
2026-09-12T13:34:30.773+08:00  INFO 6942 --- [control-app] [           main] [                                                 ] o.s.t.web.servlet.TestDispatcherServlet  : Completed initialization in 0 ms
2026-09-12T13:34:30.780+08:00  INFO 6942 --- [control-app] [           main] [                                                 ] o.s.mock.web.MockServletContext          : Initializing Spring TestDispatcherServlet ''
2026-09-12T13:34:30.780+08:00  INFO 6942 --- [control-app] [           main] [                                                 ] o.s.t.web.servlet.TestDispatcherServlet  : Initializing Servlet ''
2026-09-12T13:34:30.780+08:00  INFO 6942 --- [control-app] [           main] [                                                 ] o.s.t.web.servlet.TestDispatcherServlet  : Completed initialization in 0 ms
2026-09-12T13:34:30.787+08:00  INFO 6942 --- [control-app] [           main] [                                                 ] o.s.mock.web.MockServletContext          : Initializing Spring TestDispatcherServlet ''
2026-09-12T13:34:30.788+08:00  INFO 6942 --- [control-app] [           main] [                                                 ] o.s.t.web.servlet.TestDispatcherServlet  : Initializing Servlet ''
2026-09-12T13:34:30.788+08:00  INFO 6942 --- [control-app] [           main] [                                                 ] o.s.t.web.servlet.TestDispatcherServlet  : Completed initialization in 0 ms
2026-09-12T13:34:30.796+08:00  INFO 6942 --- [control-app] [           main] [                                                 ] o.s.mock.web.MockServletContext          : Initializing Spring TestDispatcherServlet ''
2026-09-12T13:34:30.796+08:00  INFO 6942 --- [control-app] [           main] [                                                 ] o.s.t.web.servlet.TestDispatcherServlet  : Initializing Servlet ''
2026-09-12T13:34:30.796+08:00  INFO 6942 --- [control-app] [           main] [                                                 ] o.s.t.web.servlet.TestDispatcherServlet  : Completed initialization in 0 ms
2026-09-12T13:34:30.800+08:00  INFO 6942 --- [control-app] [           main] [                                                 ] c.o.p.c.a.a.ControlAlertRouter           : {"event":"CONTROL_ALERT_REJECTED","ts":"2026-09-12T05:34:30.799986776Z","receiver":"control-app","gate":"identity"}
2026-09-12T13:34:30.805+08:00  INFO 6942 --- [control-app] [           main] [                                                 ] o.s.mock.web.MockServletContext          : Initializing Spring TestDispatcherServlet ''
2026-09-12T13:34:30.806+08:00  INFO 6942 --- [control-app] [           main] [                                                 ] o.s.t.web.servlet.TestDispatcherServlet  : Initializing Servlet ''
2026-09-12T13:34:30.806+08:00  INFO 6942 --- [control-app] [           main] [                                                 ] o.s.t.web.servlet.TestDispatcherServlet  : Completed initialization in 0 ms
2026-09-12T13:34:30.812+08:00  INFO 6942 --- [control-app] [           main] [                                                 ] o.s.mock.web.MockServletContext          : Initializing Spring TestDispatcherServlet ''
2026-09-12T13:34:30.812+08:00  INFO 6942 --- [control-app] [           main] [                                                 ] o.s.t.web.servlet.TestDispatcherServlet  : Initializing Servlet ''
2026-09-12T13:34:30.813+08:00  INFO 6942 --- [control-app] [           main] [                                                 ] o.s.t.web.servlet.TestDispatcherServlet  : Completed initialization in 0 ms
2026-09-12T13:34:30.816+08:00  INFO 6942 --- [control-app] [           main] [                                                 ] o.s.mock.web.MockServletContext          : Initializing Spring TestDispatcherServlet ''
2026-09-12T13:34:30.816+08:00  INFO 6942 --- [control-app] [           main] [                                                 ] o.s.t.web.servlet.TestDispatcherServlet  : Initializing Servlet ''
2026-09-12T13:34:30.816+08:00  INFO 6942 --- [control-app] [           main] [                                                 ] o.s.t.web.servlet.TestDispatcherServlet  : Completed initialization in 0 ms
2026-09-12T13:34:30.818+08:00  INFO 6942 --- [control-app] [           main] [                                                 ] c.o.p.c.a.a.ControlAlertRouter           : {"event":"CONTROL_ALERT_ONCALL","ts":"2026-09-12T05:34:30.818172374Z","inbox_id":"c1e519af-0ecd-412b-a26e-bb3d0a272d82","receiver":"rca-oncall","group_key":"g:RCA_SYSTEM:collector","alertnames":"RCA_SYSTEM_CollectorDown","scopes":"rca_system","alert_count":1}
2026-09-12T13:34:30.825+08:00  INFO 6942 --- [control-app] [           main] [                                                 ] o.s.mock.web.MockServletContext          : Initializing Spring TestDispatcherServlet ''
2026-09-12T13:34:30.825+08:00  INFO 6942 --- [control-app] [           main] [                                                 ] o.s.t.web.servlet.TestDispatcherServlet  : Initializing Servlet ''
2026-09-12T13:34:30.825+08:00  INFO 6942 --- [control-app] [           main] [                                                 ] o.s.t.web.servlet.TestDispatcherServlet  : Completed initialization in 0 ms
2026-09-12T13:34:30.835+08:00  INFO 6942 --- [control-app] [           main] [                                                 ] o.s.mock.web.MockServletContext          : Initializing Spring TestDispatcherServlet ''
2026-09-12T13:34:30.836+08:00  INFO 6942 --- [control-app] [           main] [                                                 ] o.s.t.web.servlet.TestDispatcherServlet  : Initializing Servlet ''
2026-09-12T13:34:30.836+08:00  INFO 6942 --- [control-app] [           main] [                                                 ] o.s.t.web.servlet.TestDispatcherServlet  : Completed initialization in 0 ms
2026-09-12T13:34:30.839+08:00  INFO 6942 --- [control-app] [           main] [                                                 ] o.s.mock.web.MockServletContext          : Initializing Spring TestDispatcherServlet ''
2026-09-12T13:34:30.840+08:00  INFO 6942 --- [control-app] [           main] [                                                 ] o.s.t.web.servlet.TestDispatcherServlet  : Initializing Servlet ''
2026-09-12T13:34:30.840+08:00  INFO 6942 --- [control-app] [           main] [                                                 ] o.s.t.web.servlet.TestDispatcherServlet  : Completed initialization in 0 ms
2026-09-12T13:34:30.842+08:00  WARN 6942 --- [control-app] [           main] [                                                 ] c.o.p.c.a.i.AlertWebhookController       : 整组无法持久化，返回 503: db down
[INFO] Tests run: 12, Failures: 0, Errors: 0, Skipped: 0, Time elapsed: 0.149 s -- in com.objwww.pr.control.alert.interfaces.AlertWebhookControllerTest
[INFO] Running com.objwww.pr.control.alert.interfaces.EventQueryControllerTest
2026-09-12T13:34:30.855+08:00  INFO 6942 --- [control-app] [           main] [                                                 ] o.s.mock.web.MockServletContext          : Initializing Spring TestDispatcherServlet ''
2026-09-12T13:34:30.855+08:00  INFO 6942 --- [control-app] [           main] [                                                 ] o.s.t.web.servlet.TestDispatcherServlet  : Initializing Servlet ''
2026-09-12T13:34:30.855+08:00  INFO 6942 --- [control-app] [           main] [                                                 ] o.s.t.web.servlet.TestDispatcherServlet  : Completed initialization in 0 ms
2026-09-12T13:34:30.867+08:00  INFO 6942 --- [control-app] [           main] [                                                 ] o.s.mock.web.MockServletContext          : Initializing Spring TestDispatcherServlet ''
2026-09-12T13:34:30.867+08:00  INFO 6942 --- [control-app] [           main] [                                                 ] o.s.t.web.servlet.TestDispatcherServlet  : Initializing Servlet ''
2026-09-12T13:34:30.867+08:00  INFO 6942 --- [control-app] [           main] [                                                 ] o.s.t.web.servlet.TestDispatcherServlet  : Completed initialization in 0 ms
2026-09-12T13:34:30.878+08:00  INFO 6942 --- [control-app] [           main] [                                                 ] o.s.mock.web.MockServletContext          : Initializing Spring TestDispatcherServlet ''
2026-09-12T13:34:30.878+08:00  INFO 6942 --- [control-app] [           main] [                                                 ] o.s.t.web.servlet.TestDispatcherServlet  : Initializing Servlet ''
2026-09-12T13:34:30.878+08:00  INFO 6942 --- [control-app] [           main] [                                                 ] o.s.t.web.servlet.TestDispatcherServlet  : Completed initialization in 0 ms
2026-09-12T13:34:30.897+08:00  INFO 6942 --- [control-app] [           main] [                                                 ] o.s.mock.web.MockServletContext          : Initializing Spring TestDispatcherServlet ''
2026-09-12T13:34:30.897+08:00  INFO 6942 --- [control-app] [           main] [                                                 ] o.s.t.web.servlet.TestDispatcherServlet  : Initializing Servlet ''
2026-09-12T13:34:30.897+08:00  INFO 6942 --- [control-app] [           main] [                                                 ] o.s.t.web.servlet.TestDispatcherServlet  : Completed initialization in 0 ms
2026-09-12T13:34:30.923+08:00  INFO 6942 --- [control-app] [           main] [                                                 ] o.s.mock.web.MockServletContext          : Initializing Spring TestDispatcherServlet ''
2026-09-12T13:34:30.924+08:00  INFO 6942 --- [control-app] [           main] [                                                 ] o.s.t.web.servlet.TestDispatcherServlet  : Initializing Servlet ''
2026-09-12T13:34:30.924+08:00  INFO 6942 --- [control-app] [           main] [                                                 ] o.s.t.web.servlet.TestDispatcherServlet  : Completed initialization in 0 ms
[INFO] Tests run: 5, Failures: 0, Errors: 0, Skipped: 0, Time elapsed: 0.080 s -- in com.objwww.pr.control.alert.interfaces.EventQueryControllerTest
[INFO] Running com.objwww.pr.control.alert.interfaces.RunConfigEpochControllerTest
[INFO] Tests run: 3, Failures: 0, Errors: 0, Skipped: 0, Time elapsed: 0.108 s -- in com.objwww.pr.control.alert.interfaces.RunConfigEpochControllerTest
[INFO] Running com.objwww.pr.control.alert.support.AlertInMemoryStoresTest
[INFO] Tests run: 6, Failures: 0, Errors: 0, Skipped: 0, Time elapsed: 0.004 s -- in com.objwww.pr.control.alert.support.AlertInMemoryStoresTest
[INFO] Running com.objwww.pr.control.application.ModelGatewayTest
2026-09-12T13:34:31.043+08:00  WARN 6942 --- [control-app] [           main] [                                                 ] c.o.pr.control.application.ModelGateway  : 账本 STARTED 写失败，零触网（D5）: RuntimeException
2026-09-12T13:34:31.052+08:00  WARN 6942 --- [control-app] [           main] [                                                 ] c.o.pr.control.application.ModelGateway  : 账本终态写失败（SUCCEEDED），转 UNKNOWN 语义: RuntimeException
[INFO] Tests run: 10, Failures: 0, Errors: 0, Skipped: 0, Time elapsed: 0.013 s -- in com.objwww.pr.control.application.ModelGatewayTest
[INFO] Running com.objwww.pr.control.ControlContextSmokeTest
2026-09-12T13:34:31.057+08:00  INFO 6942 --- [control-app] [           main] [                                                 ] t.c.s.AnnotationConfigContextLoaderUtils : Could not detect default configuration classes for test class [com.objwww.pr.control.ControlContextSmokeTest]: ControlContextSmokeTest does not declare any static, non-private, non-final, nested classes annotated with @Configuration.
2026-09-12T13:34:31.111+08:00  INFO 6942 --- [control-app] [           main] [                                                 ] .b.t.c.SpringBootTestContextBootstrapper : Found @SpringBootConfiguration com.objwww.pr.control.ControlApplication for test class com.objwww.pr.control.ControlContextSmokeTest

  .   ____          _            __ _ _
 /\\ / ___'_ __ _ _(_)_ __  __ _ \ \ \ \
( ( )\___ | '_ | '_| | '_ \/ _` | \ \ \ \
 \\/  ___)| |_)| | | | | || (_| |  ) ) ) )
  '  |____| .__|_| |_|_| |_\__, | / / / /
 =========|_|==============|___/=/_/_/_/

 :: Spring Boot ::                (v3.4.5)

2026-09-12T13:34:31.158+08:00  INFO 6942 --- [control-app] [           main] [                                                 ] c.o.pr.control.ControlContextSmokeTest   : Starting ControlContextSmokeTest using Java 21.0.12.1 with PID 6942 (started by root in /opt/build/pr/control-app)
2026-09-12T13:34:31.158+08:00  INFO 6942 --- [control-app] [           main] [                                                 ] c.o.pr.control.ControlContextSmokeTest   : No active profile set, falling back to 1 default profile: "default"
2026-09-12T13:34:31.910+08:00  INFO 6942 --- [control-app] [           main] [                                                 ] r$InitializeUserDetailsManagerConfigurer : Global AuthenticationManager configured with UserDetailsService bean with name authUserDetailsService
2026-09-12T13:34:32.073+08:00  INFO 6942 --- [control-app] [           main] [                                                 ] o.s.b.a.e.web.EndpointLinksResolver      : Exposing 3 endpoints beneath base path '/actuator'
2026-09-12T13:34:32.245+08:00  INFO 6942 --- [control-app] [           main] [                                                 ] c.o.pr.control.ControlContextSmokeTest   : Started ControlContextSmokeTest in 1.131 seconds (process running for 25.467)
[INFO] Tests run: 1, Failures: 0, Errors: 0, Skipped: 0, Time elapsed: 1.198 s -- in com.objwww.pr.control.ControlContextSmokeTest
[INFO] Running com.objwww.pr.control.ops.domain.statemachine.OperatorCaseStateMachineTest
[INFO] Tests run: 4, Failures: 0, Errors: 0, Skipped: 0, Time elapsed: 0.005 s -- in com.objwww.pr.control.ops.domain.statemachine.OperatorCaseStateMachineTest
[INFO] Running com.objwww.pr.control.ops.domain.model.RetentionPolicyTest
[INFO] Tests run: 5, Failures: 0, Errors: 0, Skipped: 0, Time elapsed: 0.002 s -- in com.objwww.pr.control.ops.domain.model.RetentionPolicyTest
[INFO] Running com.objwww.pr.control.ops.application.ArchiveServiceTest
2026-09-12T13:34:32.267+08:00  INFO 6942 --- [control-app] [           main] [                                                 ] c.o.p.c.ops.application.ArchiveService   : CONTROL_ARCHIVE_REJECTED table=rca_event partition=rca_event_2026_07 gate=verify_failed
2026-09-12T13:34:32.268+08:00  INFO 6942 --- [control-app] [           main] [                                                 ] c.o.p.c.ops.application.ArchiveService   : CONTROL_ARCHIVE_REJECTED table=rca_event partition=rca_event_2026_07 gate=legal_hold
2026-09-12T13:34:32.268+08:00  INFO 6942 --- [control-app] [           main] [                                                 ] c.o.p.c.ops.application.ArchiveService   : CONTROL_ARCHIVE_REJECTED table=rca_event partition=rca_event_2026_07 gate=export_failed
[INFO] Tests run: 7, Failures: 0, Errors: 0, Skipped: 0, Time elapsed: 0.004 s -- in com.objwww.pr.control.ops.application.ArchiveServiceTest
[INFO] Running com.objwww.pr.control.ops.application.RetentionServiceTest
[INFO] Tests run: 8, Failures: 0, Errors: 0, Skipped: 0, Time elapsed: 0.007 s -- in com.objwww.pr.control.ops.application.RetentionServiceTest
[INFO] Running com.objwww.pr.control.ops.application.AgentOpsSummaryServiceTest
[INFO] Tests run: 2, Failures: 0, Errors: 0, Skipped: 0, Time elapsed: 0.002 s -- in com.objwww.pr.control.ops.application.AgentOpsSummaryServiceTest
[INFO] Running com.objwww.pr.control.ops.application.OperatorCaseServiceTest
2026-09-12T13:34:32.285+08:00  INFO 6942 --- [control-app] [           main] [                                                 ] c.o.p.c.o.a.OperatorCaseService          : {"event":"operator_case_transition","ts":"2026-09-12T05:34:32.284890163Z","rule":"T00_CREATE","caseId":"9cfb2c9c-32f2-415e-9183-a115bfddab15","revision":1,"to":"OPEN"}
2026-09-12T13:34:32.287+08:00  INFO 6942 --- [control-app] [           main] [                                                 ] c.o.p.c.o.a.OperatorCaseService          : {"event":"operator_case_transition","ts":"2026-09-12T05:34:32.287016336Z","rule":"T10_CLAIM","caseId":"9cfb2c9c-32f2-415e-9183-a115bfddab15","revision":2,"to":"ACKED"}
2026-09-12T13:34:32.287+08:00  INFO 6942 --- [control-app] [           main] [                                                 ] c.o.p.c.o.a.OperatorCaseService          : {"event":"operator_case_transition","ts":"2026-09-12T05:34:32.287799Z","rule":"T31_RESOLVE","caseId":"9cfb2c9c-32f2-415e-9183-a115bfddab15","revision":3,"to":"RESOLVED"}
2026-09-12T13:34:32.288+08:00  INFO 6942 --- [control-app] [           main] [                                                 ] c.o.p.c.o.a.OperatorCaseService          : {"event":"operator_case_transition","ts":"2026-09-12T05:34:32.288637308Z","rule":"T00_CREATE","caseId":"cb558b8d-66a9-48e2-a9ff-2427e4579e1f","revision":1,"to":"OPEN"}
2026-09-12T13:34:32.288+08:00  INFO 6942 --- [control-app] [           main] [                                                 ] c.o.p.c.o.a.OperatorCaseService          : {"event":"operator_case_transition","ts":"2026-09-12T05:34:32.288948715Z","rule":"T50_MERGE","caseId":"cb558b8d-66a9-48e2-a9ff-2427e4579e1f","revision":2,"to":"OPEN"}
2026-09-12T13:34:32.289+08:00  INFO 6942 --- [control-app] [           main] [                                                 ] c.o.p.c.o.a.OperatorCaseService          : {"event":"operator_case_transition","ts":"2026-09-12T05:34:32.289459758Z","rule":"T00_CREATE","caseId":"74947662-b484-4bbc-8031-c4d36a0ecd54","revision":1,"to":"OPEN"}
2026-09-12T13:34:32.291+08:00  INFO 6942 --- [control-app] [           main] [                                                 ] c.o.p.c.o.a.OperatorCaseService          : {"event":"operator_case_transition","ts":"2026-09-12T05:34:32.291293050Z","rule":"T40_ASSIGN","caseId":"74947662-b484-4bbc-8031-c4d36a0ecd54","revision":2,"to":"OPEN"}
2026-09-12T13:34:32.292+08:00  INFO 6942 --- [control-app] [           main] [                                                 ] c.o.p.c.o.a.OperatorCaseService          : {"event":"operator_case_transition","ts":"2026-09-12T05:34:32.292038584Z","rule":"T00_CREATE","caseId":"e5c7cca7-7278-4650-92c9-7056739fbe2d","revision":1,"to":"OPEN"}
2026-09-12T13:34:32.292+08:00  INFO 6942 --- [control-app] [           main] [                                                 ] c.o.p.c.o.a.OperatorCaseService          : {"event":"operator_case_transition","ts":"2026-09-12T05:34:32.292181934Z","rule":"T10_CLAIM","caseId":"e5c7cca7-7278-4650-92c9-7056739fbe2d","revision":2,"to":"ACKED"}
2026-09-12T13:34:32.295+08:00  INFO 6942 --- [control-app] [           main] [                                                 ] c.o.p.c.o.a.OperatorCaseService          : {"event":"operator_case_transition","ts":"2026-09-12T05:34:32.295275410Z","rule":"T00_CREATE","caseId":"3f4f01f1-042f-421c-bcb9-ec790360f9af","revision":1,"to":"OPEN"}
2026-09-12T13:34:32.295+08:00  INFO 6942 --- [control-app] [           main] [                                                 ] c.o.p.c.o.a.OperatorCaseService          : {"event":"operator_case_transition","ts":"2026-09-12T05:34:32.295622213Z","rule":"T30_RESOLVE","caseId":"3f4f01f1-042f-421c-bcb9-ec790360f9af","revision":2,"to":"RESOLVED"}
2026-09-12T13:34:32.297+08:00  INFO 6942 --- [control-app] [           main] [                                                 ] c.o.p.c.o.a.OperatorCaseService          : {"event":"operator_case_transition","ts":"2026-09-12T05:34:32.297632689Z","rule":"T00_CREATE","caseId":"9a59ab28-8136-45f3-b640-ebcf84b37a2c","revision":1,"to":"OPEN"}
2026-09-12T13:34:32.297+08:00  INFO 6942 --- [control-app] [           main] [                                                 ] c.o.p.c.o.a.OperatorCaseService          : {"event":"operator_case_transition","ts":"2026-09-12T05:34:32.297937523Z","rule":"T60_ESCALATE","caseId":"9a59ab28-8136-45f3-b640-ebcf84b37a2c","revision":2,"to":"OPEN"}
2026-09-12T13:34:32.298+08:00  INFO 6942 --- [control-app] [           main] [                                                 ] c.o.p.c.o.a.OperatorCaseService          : {"event":"operator_case_transition","ts":"2026-09-12T05:34:32.298543754Z","rule":"T00_CREATE","caseId":"3a33078b-4451-4e85-9c4e-8799ad70083e","revision":1,"to":"OPEN"}
2026-09-12T13:34:32.298+08:00  INFO 6942 --- [control-app] [           main] [                                                 ] c.o.p.c.o.a.OperatorCaseService          : {"event":"operator_case_transition","ts":"2026-09-12T05:34:32.298690521Z","rule":"T10_CLAIM","caseId":"3a33078b-4451-4e85-9c4e-8799ad70083e","revision":2,"to":"ACKED"}
2026-09-12T13:34:32.298+08:00  INFO 6942 --- [control-app] [           main] [                                                 ] c.o.p.c.o.a.OperatorCaseService          : {"event":"operator_case_transition","ts":"2026-09-12T05:34:32.298793395Z","rule":"T31_RESOLVE","caseId":"3a33078b-4451-4e85-9c4e-8799ad70083e","revision":3,"to":"RESOLVED"}
2026-09-12T13:34:32.299+08:00  INFO 6942 --- [control-app] [           main] [                                                 ] c.o.p.c.o.a.OperatorCaseService          : {"event":"operator_case_transition","ts":"2026-09-12T05:34:32.298998010Z","rule":"T52_MERGE","caseId":"3a33078b-4451-4e85-9c4e-8799ad70083e","revision":4,"to":"RESOLVED"}
2026-09-12T13:34:32.299+08:00  INFO 6942 --- [control-app] [           main] [                                                 ] c.o.p.c.o.a.OperatorCaseService          : {"event":"operator_case_transition","ts":"2026-09-12T05:34:32.299594223Z","rule":"T00_CREATE","caseId":"cce2d499-ce06-47ec-b884-bd757bfe8ccc","revision":1,"to":"OPEN"}
2026-09-12T13:34:32.300+08:00  INFO 6942 --- [control-app] [           main] [                                                 ] c.o.p.c.o.a.OperatorCaseService          : {"event":"operator_case_transition","ts":"2026-09-12T05:34:32.300105015Z","rule":"T00_CREATE","caseId":"36264d74-4b10-4556-912d-4fa203980205","revision":1,"to":"OPEN"}
2026-09-12T13:34:32.300+08:00  INFO 6942 --- [control-app] [           main] [                                                 ] c.o.p.c.o.a.OperatorCaseService          : {"event":"operator_case_transition","ts":"2026-09-12T05:34:32.300262581Z","rule":"T10_CLAIM","caseId":"36264d74-4b10-4556-912d-4fa203980205","revision":2,"to":"ACKED"}
2026-09-12T13:34:32.301+08:00  INFO 6942 --- [control-app] [           main] [                                                 ] c.o.p.c.o.a.OperatorCaseService          : {"event":"operator_case_transition","ts":"2026-09-12T05:34:32.301232618Z","rule":"T00_CREATE","caseId":"21a29483-4ba5-462c-9902-6907043bf3af","revision":1,"to":"OPEN"}
2026-09-12T13:34:32.301+08:00  INFO 6942 --- [control-app] [           main] [                                                 ] c.o.p.c.o.a.OperatorCaseService          : {"event":"operator_case_transition","ts":"2026-09-12T05:34:32.301445339Z","rule":"T10_CLAIM","caseId":"21a29483-4ba5-462c-9902-6907043bf3af","revision":2,"to":"ACKED"}
2026-09-12T13:34:32.302+08:00  INFO 6942 --- [control-app] [           main] [                                                 ] c.o.p.c.o.a.OperatorCaseService          : {"event":"operator_case_transition","ts":"2026-09-12T05:34:32.301959097Z","rule":"T00_CREATE","caseId":"ed7d4c5e-c58a-4e78-9cc4-03afc37cb20e","revision":1,"to":"OPEN"}
2026-09-12T13:34:32.302+08:00  INFO 6942 --- [control-app] [           main] [                                                 ] c.o.p.c.o.a.OperatorCaseService          : {"event":"operator_case_transition","ts":"2026-09-12T05:34:32.302147651Z","rule":"T50_MERGE","caseId":"ed7d4c5e-c58a-4e78-9cc4-03afc37cb20e","revision":2,"to":"OPEN"}
2026-09-12T13:34:32.302+08:00  INFO 6942 --- [control-app] [           main] [                                                 ] c.o.p.c.o.a.OperatorCaseService          : {"event":"operator_case_transition","ts":"2026-09-12T05:34:32.302313834Z","rule":"T50_MERGE","caseId":"ed7d4c5e-c58a-4e78-9cc4-03afc37cb20e","revision":3,"to":"OPEN"}
2026-09-12T13:34:32.303+08:00  INFO 6942 --- [control-app] [           main] [                                                 ] c.o.p.c.o.a.OperatorCaseService          : {"event":"operator_case_transition","ts":"2026-09-12T05:34:32.302944522Z","rule":"T00_CREATE","caseId":"d3063399-15fb-4479-8262-1d77560c3206","revision":1,"to":"OPEN"}
2026-09-12T13:34:32.303+08:00  INFO 6942 --- [control-app] [           main] [                                                 ] c.o.p.c.o.a.OperatorCaseService          : {"event":"operator_case_transition","ts":"2026-09-12T05:34:32.303103822Z","rule":"T60_ESCALATE","caseId":"d3063399-15fb-4479-8262-1d77560c3206","revision":2,"to":"OPEN"}
2026-09-12T13:34:32.303+08:00  INFO 6942 --- [control-app] [           main] [                                                 ] c.o.p.c.o.a.OperatorCaseService          : {"event":"operator_case_transition","ts":"2026-09-12T05:34:32.303920430Z","rule":"T00_CREATE","caseId":"16b00e01-8c20-462b-9ea4-14aa5b1364b2","revision":1,"to":"OPEN"}
2026-09-12T13:34:32.304+08:00  INFO 6942 --- [control-app] [           main] [                                                 ] c.o.p.c.o.a.OperatorCaseService          : {"event":"operator_case_transition","ts":"2026-09-12T05:34:32.304071104Z","rule":"T10_CLAIM","caseId":"16b00e01-8c20-462b-9ea4-14aa5b1364b2","revision":2,"to":"ACKED"}
2026-09-12T13:34:32.304+08:00  INFO 6942 --- [control-app] [           main] [                                                 ] c.o.p.c.o.a.OperatorCaseService          : {"event":"operator_case_transition","ts":"2026-09-12T05:34:32.304635908Z","rule":"T31_RESOLVE","caseId":"16b00e01-8c20-462b-9ea4-14aa5b1364b2","revision":3,"to":"RESOLVED"}
2026-09-12T13:34:32.305+08:00  INFO 6942 --- [control-app] [           main] [                                                 ] c.o.p.c.o.a.OperatorCaseService          : {"event":"operator_case_transition","ts":"2026-09-12T05:34:32.305160075Z","rule":"T00_CREATE","caseId":"ffa104c7-2484-4ceb-8ede-30ce1b2cbf9e","revision":1,"to":"OPEN"}
2026-09-12T13:34:32.305+08:00  INFO 6942 --- [control-app] [           main] [                                                 ] c.o.p.c.o.a.OperatorCaseService          : {"event":"operator_case_transition","ts":"2026-09-12T05:34:32.305293406Z","rule":"T40_ASSIGN","caseId":"ffa104c7-2484-4ceb-8ede-30ce1b2cbf9e","revision":2,"to":"OPEN"}
2026-09-12T13:34:32.306+08:00  INFO 6942 --- [control-app] [           main] [                                                 ] c.o.p.c.o.a.OperatorCaseService          : {"event":"operator_case_transition","ts":"2026-09-12T05:34:32.306346600Z","rule":"T00_CREATE","caseId":"b4cd1f89-acfe-4186-bce3-981e20863500","revision":1,"to":"OPEN"}
2026-09-12T13:34:32.306+08:00  INFO 6942 --- [control-app] [           main] [                                                 ] c.o.p.c.o.a.OperatorCaseService          : {"event":"operator_case_transition","ts":"2026-09-12T05:34:32.306547778Z","rule":"T10_CLAIM","caseId":"b4cd1f89-acfe-4186-bce3-981e20863500","revision":2,"to":"ACKED"}
[INFO] Tests run: 16, Failures: 0, Errors: 0, Skipped: 0, Time elapsed: 0.028 s -- in com.objwww.pr.control.ops.application.OperatorCaseServiceTest
[INFO] Running com.objwww.pr.control.ops.dutybot.domain.BotIntentRecognizerTest
[INFO] Tests run: 10, Failures: 0, Errors: 0, Skipped: 0, Time elapsed: 0.008 s -- in com.objwww.pr.control.ops.dutybot.domain.BotIntentRecognizerTest
[INFO] Running com.objwww.pr.control.ops.dutybot.application.DutyBotServiceTest
[INFO] Tests run: 15, Failures: 0, Errors: 0, Skipped: 0, Time elapsed: 0.034 s -- in com.objwww.pr.control.ops.dutybot.application.DutyBotServiceTest
[INFO] Running com.objwww.pr.control.ops.interfaces.OperatorApiControllerTest
2026-09-12T13:34:32.361+08:00  INFO 6942 --- [control-app] [           main] [                                                 ] o.s.mock.web.MockServletContext          : Initializing Spring TestDispatcherServlet ''
2026-09-12T13:34:32.361+08:00  INFO 6942 --- [control-app] [           main] [                                                 ] o.s.t.web.servlet.TestDispatcherServlet  : Initializing Servlet ''
2026-09-12T13:34:32.361+08:00  INFO 6942 --- [control-app] [           main] [                                                 ] o.s.t.web.servlet.TestDispatcherServlet  : Completed initialization in 0 ms
2026-09-12T13:34:32.369+08:00  INFO 6942 --- [control-app] [           main] [                                                 ] o.s.mock.web.MockServletContext          : Initializing Spring TestDispatcherServlet ''
2026-09-12T13:34:32.369+08:00  INFO 6942 --- [control-app] [           main] [                                                 ] o.s.t.web.servlet.TestDispatcherServlet  : Initializing Servlet ''
2026-09-12T13:34:32.369+08:00  INFO 6942 --- [control-app] [           main] [                                                 ] o.s.t.web.servlet.TestDispatcherServlet  : Completed initialization in 0 ms
2026-09-12T13:34:32.370+08:00  INFO 6942 --- [control-app] [           main] [                                                 ] c.o.p.c.o.a.OperatorCaseService          : {"event":"operator_case_transition","ts":"2026-09-12T05:34:32.370335955Z","rule":"T00_CREATE","caseId":"1fb0ff09-a5b7-41a2-abd5-5cb42a7bacd3","revision":1,"to":"OPEN"}
2026-09-12T13:34:32.370+08:00  INFO 6942 --- [control-app] [           main] [                                                 ] c.o.p.c.o.a.OperatorCaseService          : {"event":"operator_case_transition","ts":"2026-09-12T05:34:32.370630750Z","rule":"T00_CREATE","caseId":"3ba8fd3d-726b-4d7f-9992-46aba56956d8","revision":1,"to":"OPEN"}
2026-09-12T13:34:32.371+08:00  INFO 6942 --- [control-app] [           main] [                                                 ] c.o.p.c.o.a.OperatorCaseService          : {"event":"operator_case_transition","ts":"2026-09-12T05:34:32.370968405Z","rule":"T10_CLAIM","caseId":"3ba8fd3d-726b-4d7f-9992-46aba56956d8","revision":2,"to":"ACKED"}
2026-09-12T13:34:32.371+08:00  INFO 6942 --- [control-app] [           main] [                                                 ] c.o.p.c.o.a.OperatorCaseService          : {"event":"operator_case_transition","ts":"2026-09-12T05:34:32.371176448Z","rule":"T00_CREATE","caseId":"903fdc31-99ef-45ba-9f74-4b9c618c8ac8","revision":1,"to":"OPEN"}
2026-09-12T13:34:32.371+08:00  INFO 6942 --- [control-app] [           main] [                                                 ] c.o.p.c.o.a.OperatorCaseService          : {"event":"operator_case_transition","ts":"2026-09-12T05:34:32.371343111Z","rule":"T00_CREATE","caseId":"50b77610-4990-4d27-9ab7-dcec35663fe7","revision":1,"to":"OPEN"}
2026-09-12T13:34:32.371+08:00  INFO 6942 --- [control-app] [           main] [                                                 ] c.o.p.c.o.a.OperatorCaseService          : {"event":"operator_case_transition","ts":"2026-09-12T05:34:32.371481311Z","rule":"T10_CLAIM","caseId":"50b77610-4990-4d27-9ab7-dcec35663fe7","revision":2,"to":"ACKED"}
2026-09-12T13:34:32.371+08:00  INFO 6942 --- [control-app] [           main] [                                                 ] c.o.p.c.o.a.OperatorCaseService          : {"event":"operator_case_transition","ts":"2026-09-12T05:34:32.371651642Z","rule":"T00_CREATE","caseId":"191938e3-4e71-4923-b2b4-87ef342dd6d7","revision":1,"to":"OPEN"}
2026-09-12T13:34:32.371+08:00  INFO 6942 --- [control-app] [           main] [                                                 ] c.o.p.c.o.a.OperatorCaseService          : {"event":"operator_case_transition","ts":"2026-09-12T05:34:32.371806925Z","rule":"T30_RESOLVE","caseId":"191938e3-4e71-4923-b2b4-87ef342dd6d7","revision":2,"to":"RESOLVED"}
2026-09-12T13:34:32.379+08:00  INFO 6942 --- [control-app] [           main] [                                                 ] o.s.mock.web.MockServletContext          : Initializing Spring TestDispatcherServlet ''
2026-09-12T13:34:32.379+08:00  INFO 6942 --- [control-app] [           main] [                                                 ] o.s.t.web.servlet.TestDispatcherServlet  : Initializing Servlet ''
2026-09-12T13:34:32.379+08:00  INFO 6942 --- [control-app] [           main] [                                                 ] o.s.t.web.servlet.TestDispatcherServlet  : Completed initialization in 0 ms
2026-09-12T13:34:32.379+08:00  INFO 6942 --- [control-app] [           main] [                                                 ] c.o.p.c.o.a.OperatorCaseService          : {"event":"operator_case_transition","ts":"2026-09-12T05:34:32.379756816Z","rule":"T00_CREATE","caseId":"d14c7d35-9cff-4fcc-95bd-a2ec47c45218","revision":1,"to":"OPEN"}
2026-09-12T13:34:32.379+08:00  INFO 6942 --- [control-app] [           main] [                                                 ] c.o.p.c.o.a.OperatorCaseService          : {"event":"operator_case_transition","ts":"2026-09-12T05:34:32.379948437Z","rule":"T10_CLAIM","caseId":"d14c7d35-9cff-4fcc-95bd-a2ec47c45218","revision":2,"to":"ACKED"}
2026-09-12T13:34:32.382+08:00  INFO 6942 --- [control-app] [           main] [                                                 ] c.o.p.c.o.i.OperatorApiController        : operator-case resolve: case=d14c7d35-9cff-4fcc-95bd-a2ec47c45218 idem-key=ui-5 operator=operator-a
2026-09-12T13:34:32.382+08:00  INFO 6942 --- [control-app] [           main] [                                                 ] c.o.p.c.o.a.OperatorCaseService          : {"event":"operator_case_transition","ts":"2026-09-12T05:34:32.382688858Z","rule":"T31_RESOLVE","caseId":"d14c7d35-9cff-4fcc-95bd-a2ec47c45218","revision":3,"to":"RESOLVED"}
2026-09-12T13:34:32.392+08:00  INFO 6942 --- [control-app] [           main] [                                                 ] o.s.mock.web.MockServletContext          : Initializing Spring TestDispatcherServlet ''
2026-09-12T13:34:32.392+08:00  INFO 6942 --- [control-app] [           main] [                                                 ] o.s.t.web.servlet.TestDispatcherServlet  : Initializing Servlet ''
2026-09-12T13:34:32.392+08:00  INFO 6942 --- [control-app] [           main] [                                                 ] o.s.t.web.servlet.TestDispatcherServlet  : Completed initialization in 0 ms
2026-09-12T13:34:32.393+08:00  INFO 6942 --- [control-app] [           main] [                                                 ] c.o.p.c.o.a.OperatorCaseService          : {"event":"operator_case_transition","ts":"2026-09-12T05:34:32.392988895Z","rule":"T00_CREATE","caseId":"ec45d4d4-3e3d-4f9c-836a-4d7952871f22","revision":1,"to":"OPEN"}
2026-09-12T13:34:32.395+08:00  INFO 6942 --- [control-app] [           main] [                                                 ] c.o.p.c.o.i.OperatorApiController        : operator-case assign: case=ec45d4d4-3e3d-4f9c-836a-4d7952871f22 idem-key=ui-6 operator=dispatcher
2026-09-12T13:34:32.395+08:00  INFO 6942 --- [control-app] [           main] [                                                 ] c.o.p.c.o.a.OperatorCaseService          : {"event":"operator_case_transition","ts":"2026-09-12T05:34:32.395474927Z","rule":"T40_ASSIGN","caseId":"ec45d4d4-3e3d-4f9c-836a-4d7952871f22","revision":2,"to":"OPEN"}
2026-09-12T13:34:32.397+08:00  INFO 6942 --- [control-app] [           main] [                                                 ] c.o.p.c.o.i.OperatorApiController        : operator-case assign: case=ec45d4d4-3e3d-4f9c-836a-4d7952871f22 idem-key=ui-7 operator=dispatcher
2026-09-12T13:34:32.398+08:00  INFO 6942 --- [control-app] [           main] [                                                 ] c.o.p.c.o.a.OperatorCaseService          : {"event":"operator_case_transition","ts":"2026-09-12T05:34:32.397969845Z","rule":"T40_ASSIGN","caseId":"ec45d4d4-3e3d-4f9c-836a-4d7952871f22","revision":3,"to":"OPEN"}
2026-09-12T13:34:32.403+08:00  INFO 6942 --- [control-app] [           main] [                                                 ] o.s.mock.web.MockServletContext          : Initializing Spring TestDispatcherServlet ''
2026-09-12T13:34:32.403+08:00  INFO 6942 --- [control-app] [           main] [                                                 ] o.s.t.web.servlet.TestDispatcherServlet  : Initializing Servlet ''
2026-09-12T13:34:32.403+08:00  INFO 6942 --- [control-app] [           main] [                                                 ] o.s.t.web.servlet.TestDispatcherServlet  : Completed initialization in 0 ms
2026-09-12T13:34:32.403+08:00  INFO 6942 --- [control-app] [           main] [                                                 ] c.o.p.c.o.a.OperatorCaseService          : {"event":"operator_case_transition","ts":"2026-09-12T05:34:32.403720103Z","rule":"T00_CREATE","caseId":"abf31c86-f837-48af-a67f-017d4710eb7f","revision":1,"to":"OPEN"}
2026-09-12T13:34:32.403+08:00  INFO 6942 --- [control-app] [           main] [                                                 ] c.o.p.c.o.a.OperatorCaseService          : {"event":"operator_case_transition","ts":"2026-09-12T05:34:32.403925531Z","rule":"T10_CLAIM","caseId":"abf31c86-f837-48af-a67f-017d4710eb7f","revision":2,"to":"ACKED"}
2026-09-12T13:34:32.415+08:00  INFO 6942 --- [control-app] [           main] [                                                 ] o.s.mock.web.MockServletContext          : Initializing Spring TestDispatcherServlet ''
2026-09-12T13:34:32.415+08:00  INFO 6942 --- [control-app] [           main] [                                                 ] o.s.t.web.servlet.TestDispatcherServlet  : Initializing Servlet ''
2026-09-12T13:34:32.415+08:00  INFO 6942 --- [control-app] [           main] [                                                 ] o.s.t.web.servlet.TestDispatcherServlet  : Completed initialization in 0 ms
2026-09-12T13:34:32.416+08:00  INFO 6942 --- [control-app] [           main] [                                                 ] c.o.p.c.o.a.OperatorCaseService          : {"event":"operator_case_transition","ts":"2026-09-12T05:34:32.416272453Z","rule":"T00_CREATE","caseId":"69b7d30e-4ef7-4abf-a2e7-fc28ba65f57d","revision":1,"to":"OPEN"}
2026-09-12T13:34:32.416+08:00  INFO 6942 --- [control-app] [           main] [                                                 ] c.o.p.c.o.a.OperatorCaseService          : {"event":"operator_case_transition","ts":"2026-09-12T05:34:32.416467220Z","rule":"T30_RESOLVE","caseId":"69b7d30e-4ef7-4abf-a2e7-fc28ba65f57d","revision":2,"to":"RESOLVED"}
2026-09-12T13:34:32.419+08:00  INFO 6942 --- [control-app] [           main] [                                                 ] c.o.p.c.o.i.OperatorApiController        : operator-case claim: case=69b7d30e-4ef7-4abf-a2e7-fc28ba65f57d idem-key=ui-8 operator=sre-b
2026-09-12T13:34:32.422+08:00  INFO 6942 --- [control-app] [           main] [                                                 ] c.o.p.c.o.i.OperatorApiController        : operator-case claim: case=17d430d8-81f4-4e84-8959-ad36aee066f6 idem-key=ui-9 operator=sre-b
2026-09-12T13:34:32.427+08:00  INFO 6942 --- [control-app] [           main] [                                                 ] o.s.mock.web.MockServletContext          : Initializing Spring TestDispatcherServlet ''
2026-09-12T13:34:32.427+08:00  INFO 6942 --- [control-app] [           main] [                                                 ] o.s.t.web.servlet.TestDispatcherServlet  : Initializing Servlet ''
2026-09-12T13:34:32.427+08:00  INFO 6942 --- [control-app] [           main] [                                                 ] o.s.t.web.servlet.TestDispatcherServlet  : Completed initialization in 0 ms
2026-09-12T13:34:32.427+08:00  INFO 6942 --- [control-app] [           main] [                                                 ] c.o.p.c.o.a.OperatorCaseService          : {"event":"operator_case_transition","ts":"2026-09-12T05:34:32.427750018Z","rule":"T00_CREATE","caseId":"ed784899-c171-4eae-848e-3bbfcfdd3754","revision":1,"to":"OPEN"}
2026-09-12T13:34:32.435+08:00  INFO 6942 --- [control-app] [           main] [                                                 ] c.o.p.c.o.i.OperatorApiController        : operator-case claim: case=ed784899-c171-4eae-848e-3bbfcfdd3754 idem-key=ui-1 operator=sre-li
2026-09-12T13:34:32.435+08:00  INFO 6942 --- [control-app] [           main] [                                                 ] c.o.p.c.o.a.OperatorCaseService          : {"event":"operator_case_transition","ts":"2026-09-12T05:34:32.435651528Z","rule":"T10_CLAIM","caseId":"ed784899-c171-4eae-848e-3bbfcfdd3754","revision":2,"to":"ACKED"}
2026-09-12T13:34:32.441+08:00  INFO 6942 --- [control-app] [           main] [                                                 ] o.s.mock.web.MockServletContext          : Initializing Spring TestDispatcherServlet ''
2026-09-12T13:34:32.442+08:00  INFO 6942 --- [control-app] [           main] [                                                 ] o.s.t.web.servlet.TestDispatcherServlet  : Initializing Servlet ''
2026-09-12T13:34:32.442+08:00  INFO 6942 --- [control-app] [           main] [                                                 ] o.s.t.web.servlet.TestDispatcherServlet  : Completed initialization in 0 ms
2026-09-12T13:34:32.442+08:00  INFO 6942 --- [control-app] [           main] [                                                 ] c.o.p.c.o.a.OperatorCaseService          : {"event":"operator_case_transition","ts":"2026-09-12T05:34:32.442535912Z","rule":"T00_CREATE","caseId":"34385b7c-df12-472c-8641-f221d45294ba","revision":1,"to":"OPEN"}
2026-09-12T13:34:32.442+08:00  INFO 6942 --- [control-app] [           main] [                                                 ] c.o.p.c.o.a.OperatorCaseService          : {"event":"operator_case_transition","ts":"2026-09-12T05:34:32.442705632Z","rule":"T00_CREATE","caseId":"b9b3761b-053c-483c-b287-19c73ae49884","revision":1,"to":"OPEN"}
2026-09-12T13:34:32.442+08:00  INFO 6942 --- [control-app] [           main] [                                                 ] c.o.p.c.o.a.OperatorCaseService          : {"event":"operator_case_transition","ts":"2026-09-12T05:34:32.442821630Z","rule":"T00_CREATE","caseId":"55d4160a-6d83-4635-ae19-f2ae42a2eba8","revision":1,"to":"OPEN"}
2026-09-12T13:34:32.458+08:00  INFO 6942 --- [control-app] [           main] [                                                 ] o.s.mock.web.MockServletContext          : Initializing Spring TestDispatcherServlet ''
2026-09-12T13:34:32.458+08:00  INFO 6942 --- [control-app] [           main] [                                                 ] o.s.t.web.servlet.TestDispatcherServlet  : Initializing Servlet ''
2026-09-12T13:34:32.458+08:00  INFO 6942 --- [control-app] [           main] [                                                 ] o.s.t.web.servlet.TestDispatcherServlet  : Completed initialization in 0 ms
2026-09-12T13:34:32.459+08:00  INFO 6942 --- [control-app] [           main] [                                                 ] c.o.p.c.o.a.OperatorCaseService          : {"event":"operator_case_transition","ts":"2026-09-12T05:34:32.459050042Z","rule":"T00_CREATE","caseId":"4775dbe9-51aa-4598-9e88-36ff143f4fbd","revision":1,"to":"OPEN"}
2026-09-12T13:34:32.459+08:00  INFO 6942 --- [control-app] [           main] [                                                 ] c.o.p.c.o.a.OperatorCaseService          : {"event":"operator_case_transition","ts":"2026-09-12T05:34:32.459221565Z","rule":"T10_CLAIM","caseId":"4775dbe9-51aa-4598-9e88-36ff143f4fbd","revision":2,"to":"ACKED"}
2026-09-12T13:34:32.462+08:00  INFO 6942 --- [control-app] [           main] [                                                 ] c.o.p.c.o.i.OperatorApiController        : operator-case resolve: case=4775dbe9-51aa-4598-9e88-36ff143f4fbd idem-key=ui-4 operator=operator-a
2026-09-12T13:34:32.463+08:00  INFO 6942 --- [control-app] [           main] [                                                 ] c.o.p.c.o.a.OperatorCaseService          : {"event":"operator_case_transition","ts":"2026-09-12T05:34:32.463043813Z","rule":"T31_RESOLVE","caseId":"4775dbe9-51aa-4598-9e88-36ff143f4fbd","revision":3,"to":"RESOLVED"}
2026-09-12T13:34:32.474+08:00  INFO 6942 --- [control-app] [           main] [                                                 ] o.s.mock.web.MockServletContext          : Initializing Spring TestDispatcherServlet ''
2026-09-12T13:34:32.474+08:00  INFO 6942 --- [control-app] [           main] [                                                 ] o.s.t.web.servlet.TestDispatcherServlet  : Initializing Servlet ''
2026-09-12T13:34:32.474+08:00  INFO 6942 --- [control-app] [           main] [                                                 ] o.s.t.web.servlet.TestDispatcherServlet  : Completed initialization in 0 ms
2026-09-12T13:34:32.475+08:00  INFO 6942 --- [control-app] [           main] [                                                 ] c.o.p.c.o.a.OperatorCaseService          : {"event":"operator_case_transition","ts":"2026-09-12T05:34:32.475132609Z","rule":"T00_CREATE","caseId":"d5820417-5deb-4118-bfe2-25fe6d21efa2","revision":1,"to":"OPEN"}
2026-09-12T13:34:32.475+08:00  INFO 6942 --- [control-app] [           main] [                                                 ] c.o.p.c.o.a.OperatorCaseService          : {"event":"operator_case_transition","ts":"2026-09-12T05:34:32.475333707Z","rule":"T40_ASSIGN","caseId":"d5820417-5deb-4118-bfe2-25fe6d21efa2","revision":2,"to":"OPEN"}
2026-09-12T13:34:32.482+08:00  INFO 6942 --- [control-app] [           main] [                                                 ] c.o.p.c.o.i.OperatorApiController        : operator-case claim: case=d5820417-5deb-4118-bfe2-25fe6d21efa2 idem-key=ui-2 operator=sre-b
2026-09-12T13:34:32.493+08:00  INFO 6942 --- [control-app] [           main] [                                                 ] o.s.mock.web.MockServletContext          : Initializing Spring TestDispatcherServlet ''
2026-09-12T13:34:32.493+08:00  INFO 6942 --- [control-app] [           main] [                                                 ] o.s.t.web.servlet.TestDispatcherServlet  : Initializing Servlet ''
2026-09-12T13:34:32.494+08:00  INFO 6942 --- [control-app] [           main] [                                                 ] o.s.t.web.servlet.TestDispatcherServlet  : Completed initialization in 0 ms
2026-09-12T13:34:32.494+08:00  INFO 6942 --- [control-app] [           main] [                                                 ] c.o.p.c.o.a.OperatorCaseService          : {"event":"operator_case_transition","ts":"2026-09-12T05:34:32.494356651Z","rule":"T00_CREATE","caseId":"470fcd70-8927-48bf-94dc-d8c3d1f80b1d","revision":1,"to":"OPEN"}
2026-09-12T13:34:32.494+08:00  INFO 6942 --- [control-app] [           main] [                                                 ] c.o.p.c.o.a.OperatorCaseService          : {"event":"operator_case_transition","ts":"2026-09-12T05:34:32.494521021Z","rule":"T10_CLAIM","caseId":"470fcd70-8927-48bf-94dc-d8c3d1f80b1d","revision":2,"to":"ACKED"}
2026-09-12T13:34:32.494+08:00  INFO 6942 --- [control-app] [           main] [                                                 ] c.o.p.c.o.a.OperatorCaseService          : {"event":"operator_case_transition","ts":"2026-09-12T05:34:32.494678999Z","rule":"T00_CREATE","caseId":"37601818-2a42-4778-9184-f9a058eb34b5","revision":1,"to":"OPEN"}
[INFO] Tests run: 11, Failures: 0, Errors: 0, Skipped: 0, Time elapsed: 0.149 s -- in com.objwww.pr.control.ops.interfaces.OperatorApiControllerTest
[INFO] Running com.objwww.pr.control.ops.duty.domain.DutyResolverTest
[INFO] Tests run: 7, Failures: 0, Errors: 0, Skipped: 0, Time elapsed: 0.004 s -- in com.objwww.pr.control.ops.duty.domain.DutyResolverTest
[INFO] Running com.objwww.pr.control.ops.duty.domain.RotationMathTest
[INFO] Tests run: 7, Failures: 0, Errors: 0, Skipped: 0, Time elapsed: 0.003 s -- in com.objwww.pr.control.ops.duty.domain.RotationMathTest
[INFO] Running com.objwww.pr.control.ops.duty.application.DutyDispatchServiceTest
2026-09-12T13:34:32.514+08:00  INFO 6942 --- [control-app] [           main] [                                                 ] c.o.p.c.o.d.a.DutyDispatchService        : {"event":"DUTY_DISPATCH_NO_CHANNEL","ts":"2026-09-12T05:34:32.514705854Z","notification_id":"b475e30d-7587-4462-9fcc-9e92defae468","source":"RCA_SYSTEM","episode_id":"c1a9585c51d49e59048e71f327d1adcb237326bd0cdf3e6e3705ce2c99d93910","reason":"no_channel_configured"}
2026-09-12T13:34:32.515+08:00  INFO 6942 --- [control-app] [           main] [                                                 ] c.o.p.c.o.d.a.DutyDispatchService        : {"event":"DUTY_DISPATCH_NO_CHANNEL","ts":"2026-09-12T05:34:32.515600950Z","notification_id":"c82561ec-215a-3e31-807c-eedf3b3bd25e","source":"MANUAL","episode_id":"55a094eb-db83-48c8-8547-c0ef72487c9c","reason":"no_channel_configured"}
2026-09-12T13:34:32.515+08:00  INFO 6942 --- [control-app] [           main] [                                                 ] c.o.p.c.o.d.a.DutyDispatchService        : {"event":"DUTY_DISPATCH_NO_CHANNEL","ts":"2026-09-12T05:34:32.515867632Z","notification_id":"a6bbc91a-e73d-321c-8533-f735470a9cd0","source":"MANUAL","episode_id":"bd1f0989-008a-4649-944b-24fb52a6e973","reason":"no_channel_configured"}
2026-09-12T13:34:32.520+08:00  INFO 6942 --- [control-app] [           main] [                                                 ] c.o.p.c.o.d.a.DutyDispatchService        : {"event":"DUTY_DISPATCH_NO_CHANNEL","ts":"2026-09-12T05:34:32.520755957Z","notification_id":"c82561ec-215a-3e31-807c-eedf3b3bd25e","source":"RCA_SYSTEM","episode_id":"a4f724be1a3a5392512887fb10b511f976f4f4fe101b7a85636e4bef50950796","reason":"no_channel_configured"}
[INFO] Tests run: 5, Failures: 0, Errors: 0, Skipped: 0, Time elapsed: 0.010 s -- in com.objwww.pr.control.ops.duty.application.DutyDispatchServiceTest
[INFO] Running com.objwww.pr.control.ops.duty.application.DutyFallbackWatcherTest
2026-09-12T13:34:32.523+08:00  INFO 6942 --- [control-app] [           main] [                                                 ] c.o.p.c.o.d.a.DutyFallbackWatcher        : {"event":"DUTY_DEGRADE_DEADLINE","ts":"2026-09-12T05:34:32.523928362Z","notification_id":"ca9d37cc-b0de-4765-ac0e-f1b9375ee2ca","dead_priority":1,"reason":"age_beyond_max"}
2026-09-12T13:34:32.524+08:00  INFO 6942 --- [control-app] [           main] [                                                 ] c.o.p.c.o.d.a.DutyFallbackWatcher        : {"event":"DUTY_CHAIN_EXHAUSTED","ts":"2026-09-12T05:34:32.524408495Z","notification_id":"e488f1f1-4749-43a8-9884-f898bab823e2","dead_priority":1,"reason":"no_next_channel"}
[INFO] Tests run: 5, Failures: 0, Errors: 0, Skipped: 0, Time elapsed: 0.004 s -- in com.objwww.pr.control.ops.duty.application.DutyFallbackWatcherTest
[INFO] Running com.objwww.pr.control.ops.duty.interfaces.DutyAdminControllerTest
2026-09-12T13:34:32.655+08:00  INFO 6942 --- [control-app] [           main] [                                                 ] o.s.mock.web.MockServletContext          : Initializing Spring TestDispatcherServlet ''
2026-09-12T13:34:32.655+08:00  INFO 6942 --- [control-app] [           main] [                                                 ] o.s.t.web.servlet.TestDispatcherServlet  : Initializing Servlet ''
2026-09-12T13:34:32.655+08:00  INFO 6942 --- [control-app] [           main] [                                                 ] o.s.t.web.servlet.TestDispatcherServlet  : Completed initialization in 0 ms
2026-09-12T13:34:32.673+08:00  INFO 6942 --- [control-app] [           main] [                                                 ] o.s.mock.web.MockServletContext          : Initializing Spring TestDispatcherServlet ''
2026-09-12T13:34:32.673+08:00  INFO 6942 --- [control-app] [           main] [                                                 ] o.s.t.web.servlet.TestDispatcherServlet  : Initializing Servlet ''
2026-09-12T13:34:32.673+08:00  INFO 6942 --- [control-app] [           main] [                                                 ] o.s.t.web.servlet.TestDispatcherServlet  : Completed initialization in 0 ms
2026-09-12T13:34:32.688+08:00  INFO 6942 --- [control-app] [           main] [                                                 ] o.s.mock.web.MockServletContext          : Initializing Spring TestDispatcherServlet ''
2026-09-12T13:34:32.688+08:00  INFO 6942 --- [control-app] [           main] [                                                 ] o.s.t.web.servlet.TestDispatcherServlet  : Initializing Servlet ''
2026-09-12T13:34:32.688+08:00  INFO 6942 --- [control-app] [           main] [                                                 ] o.s.t.web.servlet.TestDispatcherServlet  : Completed initialization in 0 ms
2026-09-12T13:34:32.704+08:00  INFO 6942 --- [control-app] [           main] [                                                 ] o.s.mock.web.MockServletContext          : Initializing Spring TestDispatcherServlet ''
2026-09-12T13:34:32.704+08:00  INFO 6942 --- [control-app] [           main] [                                                 ] o.s.t.web.servlet.TestDispatcherServlet  : Initializing Servlet ''
2026-09-12T13:34:32.705+08:00  INFO 6942 --- [control-app] [           main] [                                                 ] o.s.t.web.servlet.TestDispatcherServlet  : Completed initialization in 0 ms
[INFO] Tests run: 4, Failures: 0, Errors: 0, Skipped: 0, Time elapsed: 0.198 s -- in com.objwww.pr.control.ops.duty.interfaces.DutyAdminControllerTest
[INFO] Running com.objwww.pr.control.ops.duty.interfaces.DutyQueryControllerTest
2026-09-12T13:34:32.731+08:00  INFO 6942 --- [control-app] [           main] [                                                 ] o.s.mock.web.MockServletContext          : Initializing Spring TestDispatcherServlet ''
2026-09-12T13:34:32.731+08:00  INFO 6942 --- [control-app] [           main] [                                                 ] o.s.t.web.servlet.TestDispatcherServlet  : Initializing Servlet ''
2026-09-12T13:34:32.732+08:00  INFO 6942 --- [control-app] [           main] [                                                 ] o.s.t.web.servlet.TestDispatcherServlet  : Completed initialization in 1 ms
2026-09-12T13:34:32.741+08:00  INFO 6942 --- [control-app] [           main] [                                                 ] o.s.mock.web.MockServletContext          : Initializing Spring TestDispatcherServlet ''
2026-09-12T13:34:32.741+08:00  INFO 6942 --- [control-app] [           main] [                                                 ] o.s.t.web.servlet.TestDispatcherServlet  : Initializing Servlet ''
2026-09-12T13:34:32.741+08:00  INFO 6942 --- [control-app] [           main] [                                                 ] o.s.t.web.servlet.TestDispatcherServlet  : Completed initialization in 0 ms
2026-09-12T13:34:32.753+08:00  INFO 6942 --- [control-app] [           main] [                                                 ] o.s.mock.web.MockServletContext          : Initializing Spring TestDispatcherServlet ''
2026-09-12T13:34:32.753+08:00  INFO 6942 --- [control-app] [           main] [                                                 ] o.s.t.web.servlet.TestDispatcherServlet  : Initializing Servlet ''
2026-09-12T13:34:32.753+08:00  INFO 6942 --- [control-app] [           main] [                                                 ] o.s.t.web.servlet.TestDispatcherServlet  : Completed initialization in 0 ms
2026-09-12T13:34:32.763+08:00  INFO 6942 --- [control-app] [           main] [                                                 ] o.s.mock.web.MockServletContext          : Initializing Spring TestDispatcherServlet ''
2026-09-12T13:34:32.764+08:00  INFO 6942 --- [control-app] [           main] [                                                 ] o.s.t.web.servlet.TestDispatcherServlet  : Initializing Servlet ''
2026-09-12T13:34:32.764+08:00  INFO 6942 --- [control-app] [           main] [                                                 ] o.s.t.web.servlet.TestDispatcherServlet  : Completed initialization in 0 ms
2026-09-12T13:34:32.779+08:00  INFO 6942 --- [control-app] [           main] [                                                 ] o.s.mock.web.MockServletContext          : Initializing Spring TestDispatcherServlet ''
2026-09-12T13:34:32.779+08:00  INFO 6942 --- [control-app] [           main] [                                                 ] o.s.t.web.servlet.TestDispatcherServlet  : Initializing Servlet ''
2026-09-12T13:34:32.779+08:00  INFO 6942 --- [control-app] [           main] [                                                 ] o.s.t.web.servlet.TestDispatcherServlet  : Completed initialization in 0 ms
2026-09-12T13:34:32.781+08:00  INFO 6942 --- [control-app] [           main] [                                                 ] c.o.p.c.o.d.a.DutyDispatchService        : {"event":"DUTY_DISPATCH_NO_CHANNEL","ts":"2026-09-12T05:34:32.781098617Z","notification_id":"13329ee6-7c3b-4365-b088-c313eb127176","source":"MANUAL","episode_id":"db55bfa8-fc50-4fe2-ac91-0f0288a02d43","reason":"no_channel_configured"}
2026-09-12T13:34:32.788+08:00  INFO 6942 --- [control-app] [           main] [                                                 ] o.s.mock.web.MockServletContext          : Initializing Spring TestDispatcherServlet ''
2026-09-12T13:34:32.788+08:00  INFO 6942 --- [control-app] [           main] [                                                 ] o.s.t.web.servlet.TestDispatcherServlet  : Initializing Servlet ''
2026-09-12T13:34:32.788+08:00  INFO 6942 --- [control-app] [           main] [                                                 ] o.s.t.web.servlet.TestDispatcherServlet  : Completed initialization in 0 ms
[INFO] Tests run: 6, Failures: 0, Errors: 0, Skipped: 0, Time elapsed: 0.069 s -- in com.objwww.pr.control.ops.duty.interfaces.DutyQueryControllerTest
[INFO] Running com.objwww.pr.control.auth.interfaces.AuthUserAdminControllerTest
2026-09-12T13:34:32.890+08:00  INFO 6942 --- [control-app] [           main] [                                                 ] o.s.mock.web.MockServletContext          : Initializing Spring TestDispatcherServlet ''
2026-09-12T13:34:32.890+08:00  INFO 6942 --- [control-app] [           main] [                                                 ] o.s.t.web.servlet.TestDispatcherServlet  : Initializing Servlet ''
2026-09-12T13:34:32.890+08:00  INFO 6942 --- [control-app] [           main] [                                                 ] o.s.t.web.servlet.TestDispatcherServlet  : Completed initialization in 0 ms
2026-09-12T13:34:33.082+08:00  INFO 6942 --- [control-app] [           main] [                                                 ] o.s.mock.web.MockServletContext          : Initializing Spring TestDispatcherServlet ''
2026-09-12T13:34:33.082+08:00  INFO 6942 --- [control-app] [           main] [                                                 ] o.s.t.web.servlet.TestDispatcherServlet  : Initializing Servlet ''
2026-09-12T13:34:33.082+08:00  INFO 6942 --- [control-app] [           main] [                                                 ] o.s.t.web.servlet.TestDispatcherServlet  : Completed initialization in 0 ms
2026-09-12T13:34:33.177+08:00  INFO 6942 --- [control-app] [           main] [                                                 ] o.s.mock.web.MockServletContext          : Initializing Spring TestDispatcherServlet ''
2026-09-12T13:34:33.177+08:00  INFO 6942 --- [control-app] [           main] [                                                 ] o.s.t.web.servlet.TestDispatcherServlet  : Initializing Servlet ''
2026-09-12T13:34:33.177+08:00  INFO 6942 --- [control-app] [           main] [                                                 ] o.s.t.web.servlet.TestDispatcherServlet  : Completed initialization in 0 ms
2026-09-12T13:34:33.188+08:00  INFO 6942 --- [control-app] [           main] [                                                 ] o.s.mock.web.MockServletContext          : Initializing Spring TestDispatcherServlet ''
2026-09-12T13:34:33.188+08:00  INFO 6942 --- [control-app] [           main] [                                                 ] o.s.t.web.servlet.TestDispatcherServlet  : Initializing Servlet ''
2026-09-12T13:34:33.188+08:00  INFO 6942 --- [control-app] [           main] [                                                 ] o.s.t.web.servlet.TestDispatcherServlet  : Completed initialization in 0 ms
2026-09-12T13:34:33.196+08:00  INFO 6942 --- [control-app] [           main] [                                                 ] o.s.mock.web.MockServletContext          : Initializing Spring TestDispatcherServlet ''
2026-09-12T13:34:33.197+08:00  INFO 6942 --- [control-app] [           main] [                                                 ] o.s.t.web.servlet.TestDispatcherServlet  : Initializing Servlet ''
2026-09-12T13:34:33.197+08:00  INFO 6942 --- [control-app] [           main] [                                                 ] o.s.t.web.servlet.TestDispatcherServlet  : Completed initialization in 0 ms
[INFO] Tests run: 5, Failures: 0, Errors: 0, Skipped: 0, Time elapsed: 0.481 s -- in com.objwww.pr.control.auth.interfaces.AuthUserAdminControllerTest
2026-09-12T13:34:33.283+08:00  INFO 6942 --- [control-app] [           main] [                                                 ] org.testcontainers.DockerClientFactory   : Testcontainers version: 1.20.4
2026-09-12T13:34:33.404+08:00  INFO 6942 --- [control-app] [           main] [                                                 ] o.t.d.DockerClientProviderStrategy       : Loaded org.testcontainers.dockerclient.UnixSocketClientProviderStrategy from ~/.testcontainers.properties, will try it first
2026-09-12T13:34:33.706+08:00  INFO 6942 --- [control-app] [           main] [                                                 ] o.t.d.DockerClientProviderStrategy       : Found Docker environment with local Unix socket (unix:///var/run/docker.sock)
2026-09-12T13:34:33.709+08:00  INFO 6942 --- [control-app] [           main] [                                                 ] org.testcontainers.DockerClientFactory   : Docker host IP address is localhost
2026-09-12T13:34:33.739+08:00  INFO 6942 --- [control-app] [           main] [                                                 ] org.testcontainers.DockerClientFactory   : Connected to docker: 
  Server Version: 26.1.4
  API Version: 1.45
  Operating System: CentOS Linux 7 (Core)
  Total Memory: 7725 MB
2026-09-12T13:34:33.753+08:00  INFO 6942 --- [control-app] [           main] [                                                 ] org.testcontainers.images.PullPolicy     : Image pull policy will be performed by: DefaultPullPolicy()
2026-09-12T13:34:33.755+08:00  INFO 6942 --- [control-app] [           main] [                                                 ] o.t.utility.ImageNameSubstitutor         : Image name substitution will be performed by: DefaultImageNameSubstitutor (composite of 'ConfigurationFileImageNameSubstitutor' and 'PrefixingImageNameSubstitutor')
2026-09-12T13:34:33.820+08:00  INFO 6942 --- [control-app] [           main] [                                                 ] tc.testcontainers/ryuk:0.11.0            : Creating container for image: testcontainers/ryuk:0.11.0
2026-09-12T13:34:33.825+08:00  INFO 6942 --- [control-app] [           main] [                                                 ] o.t.utility.RegistryAuthLocator          : Failure when attempting to lookup auth config. Please ignore if you don't have images in an authenticated registry. Details: (dockerImageName: testcontainers/ryuk:0.11.0, configFile: /root/.docker/config.json, configEnv: DOCKER_AUTH_CONFIG). Falling back to docker-java default behaviour. Exception message: Status 404: No config supplied. Checked in order: /root/.docker/config.json (file not found), DOCKER_AUTH_CONFIG (not set)
2026-09-12T13:34:34.037+08:00  INFO 6942 --- [control-app] [           main] [                                                 ] tc.testcontainers/ryuk:0.11.0            : Container testcontainers/ryuk:0.11.0 is starting: beb19ae98a0929ea1c0ca28ee6955e95412779ecba7c339b532f0740f4585988
2026-09-12T13:34:34.412+08:00  INFO 6942 --- [control-app] [           main] [                                                 ] tc.testcontainers/ryuk:0.11.0            : Container testcontainers/ryuk:0.11.0 started in PT0.591988019S
2026-09-12T13:34:34.416+08:00  INFO 6942 --- [control-app] [           main] [                                                 ] o.t.utility.RyukResourceReaper           : Ryuk started - will monitor and terminate Testcontainers containers on JVM exit
2026-09-12T13:34:34.416+08:00  INFO 6942 --- [control-app] [           main] [                                                 ] org.testcontainers.DockerClientFactory   : Checking the system...
2026-09-12T13:34:34.416+08:00  INFO 6942 --- [control-app] [           main] [                                                 ] org.testcontainers.DockerClientFactory   : ✔︎ Docker server version should be at least 1.6.0
[INFO] Running com.objwww.pr.control.it.PostgresDatasetPartitionAccessTest
2026-09-12T13:34:34.425+08:00  INFO 6942 --- [control-app] [           main] [                                                 ] tc.postgres:16-alpine                    : Creating container for image: postgres:16-alpine
2026-09-12T13:34:34.487+08:00  INFO 6942 --- [control-app] [           main] [                                                 ] tc.postgres:16-alpine                    : Container postgres:16-alpine is starting: 9fc57bcfba57975f9552029109893622a6b7ce9499a472adfa10747ba1ce9798
2026-09-12T13:34:36.000+08:00  INFO 6942 --- [control-app] [           main] [                                                 ] tc.postgres:16-alpine                    : Container postgres:16-alpine started in PT1.574842871S
2026-09-12T13:34:36.001+08:00  INFO 6942 --- [control-app] [           main] [                                                 ] tc.postgres:16-alpine                    : Container is started (JDBC URL: jdbc:postgresql://localhost:33637/test?loggerLevel=OFF)
2026-09-12T13:34:36.006+08:00  INFO 6942 --- [control-app] [           main] [                                                 ] com.zaxxer.hikari.HikariDataSource       : HikariPool-1 - Starting...
2026-09-12T13:34:36.121+08:00  INFO 6942 --- [control-app] [           main] [                                                 ] com.zaxxer.hikari.pool.HikariPool        : HikariPool-1 - Added connection org.postgresql.jdbc.PgConnection@3cc25e0b
2026-09-12T13:34:36.122+08:00  INFO 6942 --- [control-app] [           main] [                                                 ] com.zaxxer.hikari.HikariDataSource       : HikariPool-1 - Start completed.
2026-09-12T13:34:36.268+08:00  INFO 6942 --- [control-app] [           main] [                                                 ] org.flywaydb.core.FlywayExecutor         : Database: jdbc:postgresql://localhost:33637/test?loggerLevel=OFF (PostgreSQL 16.15)
2026-09-12T13:34:36.334+08:00  INFO 6942 --- [control-app] [           main] [                                                 ] o.f.c.i.s.JdbcTableSchemaHistory         : Schema history table "public"."flyway_schema_history" does not exist yet
2026-09-12T13:34:36.341+08:00  INFO 6942 --- [control-app] [           main] [                                                 ] o.f.core.internal.command.DbValidate     : Successfully validated 66 migrations (execution time 00:00.048s)
2026-09-12T13:34:36.354+08:00  INFO 6942 --- [control-app] [           main] [                                                 ] o.f.c.i.s.JdbcTableSchemaHistory         : Creating Schema History table "public"."flyway_schema_history" ...
2026-09-12T13:34:36.395+08:00  INFO 6942 --- [control-app] [           main] [                                                 ] o.f.core.internal.command.DbMigrate      : Current version of schema "public": << Empty Schema >>
2026-09-12T13:34:36.428+08:00  INFO 6942 --- [control-app] [           main] [                                                 ] o.f.core.internal.command.DbMigrate      : Migrating schema "public" to version "1 - m0 schema"
2026-09-12T13:34:36.515+08:00  INFO 6942 --- [control-app] [           main] [                                                 ] o.f.core.internal.command.DbMigrate      : Migrating schema "public" to version "2 - grants"
2026-09-12T13:34:36.538+08:00  INFO 6942 --- [control-app] [           main] [                                                 ] o.f.core.internal.command.DbMigrate      : Migrating schema "public" to version "3 - m1 inbox reconcile"
2026-09-12T13:34:36.570+08:00  INFO 6942 --- [control-app] [           main] [                                                 ] o.f.core.internal.command.DbMigrate      : Migrating schema "public" to version "4 - m2 checkpoint repair"
2026-09-12T13:34:36.598+08:00  INFO 6942 --- [control-app] [           main] [                                                 ] o.f.core.internal.command.DbMigrate      : Migrating schema "public" to version "5 - m3 model governance"
2026-09-12T13:34:36.630+08:00  INFO 6942 --- [control-app] [           main] [                                                 ] o.f.core.internal.command.DbMigrate      : Migrating schema "public" to version "6 - m4 sandbox"
2026-09-12T13:34:36.691+08:00  INFO 6942 --- [control-app] [           main] [                                                 ] o.f.core.internal.command.DbMigrate      : Migrating schema "public" to version "7 - am1 alert domain"
2026-09-12T13:34:36.752+08:00  INFO 6942 --- [control-app] [           main] [                                                 ] o.f.core.internal.command.DbMigrate      : Migrating schema "public" to version "8 - am1 dag reserve"
2026-09-12T13:34:36.778+08:00  INFO 6942 --- [control-app] [           main] [                                                 ] o.f.core.internal.command.DbMigrate      : Migrating schema "public" to version "9 - am3 eval notify"
2026-09-12T13:34:36.845+08:00  INFO 6942 --- [control-app] [           main] [                                                 ] o.f.core.internal.command.DbMigrate      : Migrating schema "public" to version "10 - am3 eval run"
2026-09-12T13:34:36.875+08:00  INFO 6942 --- [control-app] [           main] [                                                 ] o.f.core.internal.command.DbMigrate      : Migrating schema "public" to version "11 - am3 eval readonly"
2026-09-12T13:34:36.896+08:00  INFO 6942 --- [control-app] [           main] [                                                 ] o.f.core.internal.command.DbMigrate      : Migrating schema "public" to version "12 - am4 state expansion"
2026-09-12T13:34:36.959+08:00  INFO 6942 --- [control-app] [           main] [                                                 ] o.f.core.internal.command.DbMigrate      : Migrating schema "public" to version "13 - am4 budget ledger"
2026-09-12T13:34:36.983+08:00  INFO 6942 --- [control-app] [           main] [                                                 ] o.f.core.internal.command.DbMigrate      : Migrating schema "public" to version "14 - am4 rca event"
2026-09-12T13:34:37.009+08:00  INFO 6942 --- [control-app] [           main] [                                                 ] o.f.core.internal.command.DbMigrate      : Migrating schema "public" to version "15 - am4 tool invocation ledger"
2026-09-12T13:34:37.029+08:00  INFO 6942 --- [control-app] [           main] [                                                 ] o.f.core.internal.command.DbMigrate      : Migrating schema "public" to version "16 - am4 evidence snapshot"
2026-09-12T13:34:37.048+08:00  INFO 6942 --- [control-app] [           main] [                                                 ] o.f.core.internal.command.DbMigrate      : Migrating schema "public" to version "17 - am4 claim"
2026-09-12T13:34:37.061+08:00  INFO 6942 --- [control-app] [           main] [                                                 ] o.f.core.internal.command.DbMigrate      : Migrating schema "public" to version "18 - am4 task edge run scope"
2026-09-12T13:34:37.071+08:00  INFO 6942 --- [control-app] [           main] [                                                 ] o.f.core.internal.command.DbMigrate      : Migrating schema "public" to version "19 - am4 tool replay"
2026-09-12T13:34:37.083+08:00  INFO 6942 --- [control-app] [           main] [                                                 ] o.f.core.internal.command.DbMigrate      : Migrating schema "public" to version "20 - am5 dataset version"
2026-09-12T13:34:37.102+08:00  INFO 6942 --- [control-app] [           main] [                                                 ] o.f.core.internal.command.DbMigrate      : Migrating schema "public" to version "21 - am5 dataset partition"
2026-09-12T13:34:37.126+08:00  INFO 6942 --- [control-app] [           main] [                                                 ] o.f.core.internal.command.DbMigrate      : Migrating schema "public" to version "22 - am5 golden candidate"
2026-09-12T13:34:37.144+08:00  INFO 6942 --- [control-app] [           main] [                                                 ] o.f.core.internal.command.DbMigrate      : Migrating schema "public" to version "23 - am5 sampling fingerprint"
2026-09-12T13:34:37.154+08:00  INFO 6942 --- [control-app] [           main] [                                                 ] o.f.core.internal.command.DbMigrate      : Migrating schema "public" to version "24 - am5 config bundle"
2026-09-12T13:34:37.172+08:00  INFO 6942 --- [control-app] [           main] [                                                 ] o.f.core.internal.command.DbMigrate      : Migrating schema "public" to version "25 - am5 canary route"
2026-09-12T13:34:37.190+08:00  INFO 6942 --- [control-app] [           main] [                                                 ] o.f.core.internal.command.DbMigrate      : Migrating schema "public" to version "26 - am5 operator case"
2026-09-12T13:34:37.206+08:00  INFO 6942 --- [control-app] [           main] [                                                 ] o.f.core.internal.command.DbMigrate      : Migrating schema "public" to version "27 - am5 operator command"
2026-09-12T13:34:37.223+08:00  INFO 6942 --- [control-app] [           main] [                                                 ] o.f.core.internal.command.DbMigrate      : Migrating schema "public" to version "28 - am5 monthly partition"
2026-09-12T13:34:37.254+08:00  INFO 6942 --- [control-app] [           main] [                                                 ] o.f.core.internal.command.DbMigrate      : Migrating schema "public" to version "29 - am5 retention archive"
2026-09-12T13:34:37.275+08:00  INFO 6942 --- [control-app] [           main] [                                                 ] o.f.core.internal.command.DbMigrate      : Migrating schema "public" to version "30 - am6 canary window verdict"
2026-09-12T13:34:37.295+08:00  INFO 6942 --- [control-app] [           main] [                                                 ] o.f.core.internal.command.DbMigrate      : Migrating schema "public" to version "31 - ba52 canary decision fk deferred"
2026-09-12T13:34:37.303+08:00  INFO 6942 --- [control-app] [           main] [                                                 ] o.f.core.internal.command.DbMigrate      : Migrating schema "public" to version "32 - am6 engine comparison"
2026-09-12T13:34:37.317+08:00  INFO 6942 --- [control-app] [           main] [                                                 ] o.f.core.internal.command.DbMigrate      : Migrating schema "public" to version "33 - am6 run fallback"
2026-09-12T13:34:37.341+08:00  INFO 6942 --- [control-app] [           main] [                                                 ] o.f.core.internal.command.DbMigrate      : Migrating schema "public" to version "34 - am6 engine shadow work"
2026-09-12T13:34:37.365+08:00  INFO 6942 --- [control-app] [           main] [                                                 ] o.f.core.internal.command.DbMigrate      : Migrating schema "public" to version "35 - m607 holmes wish decision run id nullable"
2026-09-12T13:34:37.374+08:00  INFO 6942 --- [control-app] [           main] [                                                 ] o.f.core.internal.command.DbMigrate      : Migrating schema "public" to version "36 - exa0 investigation identity"
2026-09-12T13:34:37.392+08:00  INFO 6942 --- [control-app] [           main] [                                                 ] o.f.core.internal.command.DbMigrate      : Migrating schema "public" to version "37 - exa4a claim kind"
2026-09-12T13:34:37.401+08:00  INFO 6942 --- [control-app] [           main] [                                                 ] o.f.core.internal.command.DbMigrate      : Migrating schema "public" to version "38 - exa3 tool invocation result ref"
2026-09-12T13:34:37.411+08:00  INFO 6942 --- [control-app] [           main] [                                                 ] o.f.core.internal.command.DbMigrate      : Migrating schema "public" to version "39 - b21 operator command state widen"
2026-09-12T13:34:37.421+08:00  INFO 6942 --- [control-app] [           main] [                                                 ] o.f.core.internal.command.DbMigrate      : Migrating schema "public" to version "40 - exb1 change event"
2026-09-12T13:34:37.435+08:00  INFO 6942 --- [control-app] [           main] [                                                 ] o.f.core.internal.command.DbMigrate      : Migrating schema "public" to version "41 - exa4b incident waiting reason"
2026-09-12T13:34:37.442+08:00  INFO 6942 --- [control-app] [           main] [                                                 ] o.f.core.internal.command.DbMigrate      : Migrating schema "public" to version "42 - exc3a auth event"
2026-09-12T13:34:37.461+08:00  INFO 6942 --- [control-app] [           main] [                                                 ] o.f.core.internal.command.DbMigrate      : Migrating schema "public" to version "43 - am7 duty"
2026-09-12T13:34:37.503+08:00  INFO 6942 --- [control-app] [           main] [                                                 ] o.f.core.internal.command.DbMigrate      : Migrating schema "public" to version "44 - auth1 platform user"
2026-09-12T13:34:37.513+08:00  INFO 6942 --- [control-app] [           main] [                                                 ] o.f.core.internal.command.DbMigrate      : Migrating schema "public" to version "45 - ui5 eval readonly grants"
2026-09-12T13:34:37.522+08:00  INFO 6942 --- [control-app] [           main] [                                                 ] o.f.core.internal.command.DbMigrate      : Migrating schema "public" to version "46 - r7x1 task execution binding"
2026-09-12T13:34:37.538+08:00  INFO 6942 --- [control-app] [           main] [                                                 ] o.f.core.internal.command.DbMigrate      : Migrating schema "public" to version "47 - r7x4 primary state"
2026-09-12T13:34:37.558+08:00  INFO 6942 --- [control-app] [           main] [                                                 ] o.f.core.internal.command.DbMigrate      : Migrating schema "public" to version "48 - r7a1 rca model call"
2026-09-12T13:34:37.572+08:00  INFO 6942 --- [control-app] [           main] [                                                 ] o.f.core.internal.command.DbMigrate      : Migrating schema "public" to version "60 - en01 release asset"
2026-09-12T13:34:37.585+08:00  INFO 6942 --- [control-app] [           main] [                                                 ] o.f.core.internal.command.DbMigrate      : Migrating schema "public" to version "61 - en02 release qualification"
2026-09-12T13:34:37.605+08:00  INFO 6942 --- [control-app] [           main] [                                                 ] o.f.core.internal.command.DbMigrate      : Migrating schema "public" to version "62 - en09 eval grader version"
2026-09-12T13:34:37.616+08:00  INFO 6942 --- [control-app] [           main] [                                                 ] o.f.core.internal.command.DbMigrate      : Migrating schema "public" to version "63 - en04 run config epoch"
2026-09-12T13:34:37.638+08:00  INFO 6942 --- [control-app] [           main] [                                                 ] o.f.core.internal.command.DbMigrate      : Migrating schema "public" to version "64 - en06 mcp server registry"
2026-09-12T13:34:37.654+08:00  INFO 6942 --- [control-app] [           main] [                                                 ] o.f.core.internal.command.DbMigrate      : Migrating schema "public" to version "80 - ev03 eval projection contract"
2026-09-12T13:34:37.674+08:00  INFO 6942 --- [control-app] [           main] [                                                 ] o.f.core.internal.command.DbMigrate      : Migrating schema "public" to version "81 - ev04 eval lifecycle"
2026-09-12T13:34:37.693+08:00  INFO 6942 --- [control-app] [           main] [                                                 ] o.f.core.internal.command.DbMigrate      : Migrating schema "public" to version "82 - ux01 incident classification"
2026-09-12T13:34:37.714+08:00  INFO 6942 --- [control-app] [           main] [                                                 ] o.f.core.internal.command.DbMigrate      : Migrating schema "public" to version "83 - ux02 duty bot"
2026-09-12T13:34:37.733+08:00  INFO 6942 --- [control-app] [           main] [                                                 ] o.f.core.internal.command.DbMigrate      : Migrating schema "public" to version "85 - ev07 eval comparison"
2026-09-12T13:34:37.752+08:00  INFO 6942 --- [control-app] [           main] [                                                 ] o.f.core.internal.command.DbMigrate      : Migrating schema "public" to version "86 - dr02 drill job"
2026-09-12T13:34:37.781+08:00  INFO 6942 --- [control-app] [           main] [                                                 ] o.f.core.internal.command.DbMigrate      : Migrating schema "public" to version "87 - ev08 eval review"
2026-09-12T13:34:37.804+08:00  INFO 6942 --- [control-app] [           main] [                                                 ] o.f.core.internal.command.DbMigrate      : Migrating schema "public" to version "88 - r7 checkpoint last error"
2026-09-12T13:34:37.815+08:00  INFO 6942 --- [control-app] [           main] [                                                 ] o.f.core.internal.command.DbMigrate      : Migrating schema "public" to version "89 - en07 release asset kinds"
2026-09-12T13:34:37.826+08:00  INFO 6942 --- [control-app] [           main] [                                                 ] o.f.core.internal.command.DbMigrate      : Migrating schema "public" to version "90 - r2 input capture"
2026-09-12T13:34:37.849+08:00  INFO 6942 --- [control-app] [           main] [                                                 ] o.f.core.internal.command.DbMigrate      : Migrating schema "public" to version "91 - r10 working memory"
2026-09-12T13:34:37.865+08:00  INFO 6942 --- [control-app] [           main] [                                                 ] o.f.core.internal.command.DbMigrate      : Migrating schema "public" to version "92 - r11 context summary"
2026-09-12T13:34:37.877+08:00  INFO 6942 --- [control-app] [           main] [                                                 ] o.f.core.internal.command.DbMigrate      : Migrating schema "public" to version "93 - r6 eval app model call grant"
2026-09-12T13:34:37.885+08:00  INFO 6942 --- [control-app] [           main] [                                                 ] o.f.core.internal.command.DbMigrate      : Successfully applied 66 migrations to schema "public", now at version v93 (execution time 00:00.848s)
2026-09-12T13:34:37.887+08:00  INFO 6942 --- [control-app] [           main] [                                                 ] com.zaxxer.hikari.HikariDataSource       : HikariPool-2 - Starting...
2026-09-12T13:34:37.906+08:00  INFO 6942 --- [control-app] [           main] [                                                 ] com.zaxxer.hikari.pool.HikariPool        : HikariPool-2 - Added connection org.postgresql.jdbc.PgConnection@6caecc63
2026-09-12T13:34:37.906+08:00  INFO 6942 --- [control-app] [           main] [                                                 ] com.zaxxer.hikari.HikariDataSource       : HikariPool-2 - Start completed.
2026-09-12T13:34:37.907+08:00  INFO 6942 --- [control-app] [           main] [                                                 ] com.zaxxer.hikari.HikariDataSource       : HikariPool-3 - Starting...
2026-09-12T13:34:37.922+08:00  INFO 6942 --- [control-app] [           main] [                                                 ] com.zaxxer.hikari.pool.HikariPool        : HikariPool-3 - Added connection org.postgresql.jdbc.PgConnection@ff4270b
2026-09-12T13:34:37.923+08:00  INFO 6942 --- [control-app] [           main] [                                                 ] com.zaxxer.hikari.HikariDataSource       : HikariPool-3 - Start completed.
2026-09-12T13:34:37.923+08:00  INFO 6942 --- [control-app] [           main] [                                                 ] com.zaxxer.hikari.HikariDataSource       : HikariPool-4 - Starting...
2026-09-12T13:34:37.935+08:00  INFO 6942 --- [control-app] [           main] [                                                 ] com.zaxxer.hikari.pool.HikariPool        : HikariPool-4 - Added connection org.postgresql.jdbc.PgConnection@50d33be4
2026-09-12T13:34:37.935+08:00  INFO 6942 --- [control-app] [           main] [                                                 ] com.zaxxer.hikari.HikariDataSource       : HikariPool-4 - Start completed.
2026-09-12T13:34:37.935+08:00  INFO 6942 --- [control-app] [           main] [                                                 ] com.zaxxer.hikari.HikariDataSource       : HikariPool-5 - Starting...
2026-09-12T13:34:37.950+08:00  INFO 6942 --- [control-app] [           main] [                                                 ] com.zaxxer.hikari.pool.HikariPool        : HikariPool-5 - Added connection org.postgresql.jdbc.PgConnection@1e113917
2026-09-12T13:34:37.950+08:00  INFO 6942 --- [control-app] [           main] [                                                 ] com.zaxxer.hikari.HikariDataSource       : HikariPool-5 - Start completed.
2026-09-12T13:34:38.100+08:00  INFO 6942 --- [control-app] [           main] [                                                 ] com.zaxxer.hikari.HikariDataSource       : HikariPool-6 - Starting...
2026-09-12T13:34:38.122+08:00  INFO 6942 --- [control-app] [           main] [                                                 ] com.zaxxer.hikari.pool.HikariPool        : HikariPool-6 - Added connection org.postgresql.jdbc.PgConnection@48416b6f
2026-09-12T13:34:38.122+08:00  INFO 6942 --- [control-app] [           main] [                                                 ] com.zaxxer.hikari.HikariDataSource       : HikariPool-6 - Start completed.
2026-09-12T13:34:38.304+08:00  INFO 6942 --- [control-app] [           main] [                                                 ] com.zaxxer.hikari.HikariDataSource       : HikariPool-7 - Starting...
2026-09-12T13:34:38.324+08:00  INFO 6942 --- [control-app] [           main] [                                                 ] com.zaxxer.hikari.pool.HikariPool        : HikariPool-7 - Added connection org.postgresql.jdbc.PgConnection@73994f4d
2026-09-12T13:34:38.324+08:00  INFO 6942 --- [control-app] [           main] [                                                 ] com.zaxxer.hikari.HikariDataSource       : HikariPool-7 - Start completed.
2026-09-12T13:34:38.468+08:00  INFO 6942 --- [control-app] [           main] [                                                 ] com.zaxxer.hikari.HikariDataSource       : HikariPool-8 - Starting...
2026-09-12T13:34:38.481+08:00  INFO 6942 --- [control-app] [           main] [                                                 ] com.zaxxer.hikari.pool.HikariPool        : HikariPool-8 - Added connection org.postgresql.jdbc.PgConnection@32c5b66e
2026-09-12T13:34:38.482+08:00  INFO 6942 --- [control-app] [           main] [                                                 ] com.zaxxer.hikari.HikariDataSource       : HikariPool-8 - Start completed.
2026-09-12T13:34:38.626+08:00  INFO 6942 --- [control-app] [           main] [                                                 ] com.zaxxer.hikari.HikariDataSource       : HikariPool-9 - Starting...
2026-09-12T13:34:38.651+08:00  INFO 6942 --- [control-app] [           main] [                                                 ] com.zaxxer.hikari.pool.HikariPool        : HikariPool-9 - Added connection org.postgresql.jdbc.PgConnection@4a4e1cab
2026-09-12T13:34:38.652+08:00  INFO 6942 --- [control-app] [           main] [                                                 ] com.zaxxer.hikari.HikariDataSource       : HikariPool-9 - Start completed.
2026-09-12T13:34:38.792+08:00  INFO 6942 --- [control-app] [           main] [                                                 ] com.zaxxer.hikari.HikariDataSource       : HikariPool-10 - Starting...
2026-09-12T13:34:38.805+08:00  INFO 6942 --- [control-app] [           main] [                                                 ] com.zaxxer.hikari.pool.HikariPool        : HikariPool-10 - Added connection org.postgresql.jdbc.PgConnection@711954a0
2026-09-12T13:34:38.805+08:00  INFO 6942 --- [control-app] [           main] [                                                 ] com.zaxxer.hikari.HikariDataSource       : HikariPool-10 - Start completed.
[INFO] Tests run: 5, Failures: 0, Errors: 0, Skipped: 0, Time elapsed: 4.392 s -- in com.objwww.pr.control.it.PostgresDatasetPartitionAccessTest
[INFO] Running com.objwww.pr.control.it.PostgresConfigBundleRepositoryTest
2026-09-12T13:34:38.954+08:00  INFO 6942 --- [control-app] [           main] [                                                 ] c.o.p.c.r.a.ConfigBundleService          : bundle 发布: 30ad808ed98886e339611e59f7bac711638e216776d0231c3aad2a5fe468382c revision=1 by=op-1 policy=policy-2026-09
2026-09-12T13:34:38.961+08:00  INFO 6942 --- [control-app] [           main] [                                                 ] c.o.p.c.r.a.ConfigBundleService          : 资格授予: candidate=30ad808ed98886e339611e59f7bac711638e216776d0231c3aad2a5fe468382c verdict=PASS usage=MATCHED by=it-grader
2026-09-12T13:34:38.971+08:00  INFO 6942 --- [control-app] [           main] [                                                 ] c.o.p.c.r.a.ConfigBundleService          : ACTIVATE 落位: 30ad808ed98886e339611e59f7bac711638e216776d0231c3aad2a5fe468382c revision=1 by=op-1
2026-09-12T13:34:39.157+08:00  INFO 6942 --- [control-app] [           main] [                                                 ] c.o.p.c.r.a.ConfigBundleService          : bundle 发布: 30ad808ed98886e339611e59f7bac711638e216776d0231c3aad2a5fe468382c revision=1 by=op-1 policy=policy-2026-09
2026-09-12T13:34:39.161+08:00  INFO 6942 --- [control-app] [           main] [                                                 ] c.o.p.c.r.a.ConfigBundleService          : 资格授予: candidate=30ad808ed98886e339611e59f7bac711638e216776d0231c3aad2a5fe468382c verdict=PASS usage=MATCHED by=it-grader
2026-09-12T13:34:39.283+08:00  INFO 6942 --- [control-app] [           main] [                                                 ] c.o.p.c.r.a.ConfigBundleService          : bundle 发布: 30ad808ed98886e339611e59f7bac711638e216776d0231c3aad2a5fe468382c revision=1 by=op-1 policy=policy-2026-09
2026-09-12T13:34:39.285+08:00  INFO 6942 --- [control-app] [           main] [                                                 ] c.o.p.c.r.a.ConfigBundleService          : bundle 发布: be840a4ff5d98fc58380e1ed2d6501f2a7edb25711430dc0e9023b687140db80 revision=2 by=op-1 policy=policy-2026-09
2026-09-12T13:34:39.287+08:00  INFO 6942 --- [control-app] [           main] [                                                 ] c.o.p.c.r.a.ConfigBundleService          : 资格授予: candidate=30ad808ed98886e339611e59f7bac711638e216776d0231c3aad2a5fe468382c verdict=PASS usage=MATCHED by=it-grader
2026-09-12T13:34:39.289+08:00  INFO 6942 --- [control-app] [           main] [                                                 ] c.o.p.c.r.a.ConfigBundleService          : 资格授予: candidate=be840a4ff5d98fc58380e1ed2d6501f2a7edb25711430dc0e9023b687140db80 verdict=PASS usage=MATCHED by=it-grader
2026-09-12T13:34:39.293+08:00  INFO 6942 --- [control-app] [           main] [                                                 ] c.o.p.c.r.a.ConfigBundleService          : ACTIVATE 落位: 30ad808ed98886e339611e59f7bac711638e216776d0231c3aad2a5fe468382c revision=1 by=op-1
2026-09-12T13:34:39.297+08:00  INFO 6942 --- [control-app] [           main] [                                                 ] c.o.p.c.r.a.ConfigBundleService          : ACTIVATE 落位: be840a4ff5d98fc58380e1ed2d6501f2a7edb25711430dc0e9023b687140db80 revision=2 by=op-1
2026-09-12T13:34:39.301+08:00  INFO 6942 --- [control-app] [           main] [                                                 ] c.o.p.c.r.a.ConfigBundleService          : ROLLBACK 落位: 30ad808ed98886e339611e59f7bac711638e216776d0231c3aad2a5fe468382c revision=1 by=op-2
2026-09-12T13:34:39.479+08:00  INFO 6942 --- [control-app] [           main] [                                                 ] c.o.p.c.r.a.ConfigBundleService          : bundle 发布: 30ad808ed98886e339611e59f7bac711638e216776d0231c3aad2a5fe468382c revision=1 by=op-1 policy=policy-2026-09
2026-09-12T13:34:39.480+08:00  INFO 6942 --- [control-app] [           main] [                                                 ] c.o.p.c.r.a.ConfigBundleService          : bundle 幂等重放: 30ad808ed98886e339611e59f7bac711638e216776d0231c3aad2a5fe468382c revision=1 by=op-2
[INFO] Tests run: 4, Failures: 0, Errors: 0, Skipped: 0, Time elapsed: 0.670 s -- in com.objwww.pr.control.it.PostgresConfigBundleRepositoryTest
[INFO] Running com.objwww.pr.control.it.PostgresModelCallLedgerRepositoryTest
[INFO] Tests run: 2, Failures: 0, Errors: 0, Skipped: 0, Time elapsed: 0.434 s -- in com.objwww.pr.control.it.PostgresModelCallLedgerRepositoryTest
[INFO] Running com.objwww.pr.control.it.PostgresGoldenCandidateRepositoryTest
2026-09-12T13:34:40.103+08:00  INFO 6942 --- [control-app] [           main] [                                                 ] com.zaxxer.hikari.HikariDataSource       : HikariPool-11 - Starting...
2026-09-12T13:34:40.122+08:00  INFO 6942 --- [control-app] [           main] [                                                 ] com.zaxxer.hikari.pool.HikariPool        : HikariPool-11 - Added connection org.postgresql.jdbc.PgConnection@593e71bd
2026-09-12T13:34:40.122+08:00  INFO 6942 --- [control-app] [           main] [                                                 ] com.zaxxer.hikari.HikariDataSource       : HikariPool-11 - Start completed.
2026-09-12T13:34:40.144+08:00  INFO 6942 --- [control-app] [           main] [                                                 ] com.zaxxer.hikari.HikariDataSource       : HikariPool-11 - Shutdown initiated...
2026-09-12T13:34:40.154+08:00  INFO 6942 --- [control-app] [           main] [                                                 ] com.zaxxer.hikari.HikariDataSource       : HikariPool-11 - Shutdown completed.
2026-09-12T13:34:40.291+08:00  INFO 6942 --- [control-app] [           main] [                                                 ] com.zaxxer.hikari.HikariDataSource       : HikariPool-12 - Starting...
2026-09-12T13:34:40.304+08:00  INFO 6942 --- [control-app] [           main] [                                                 ] com.zaxxer.hikari.pool.HikariPool        : HikariPool-12 - Added connection org.postgresql.jdbc.PgConnection@7234f4d7
2026-09-12T13:34:40.305+08:00  INFO 6942 --- [control-app] [           main] [                                                 ] com.zaxxer.hikari.HikariDataSource       : HikariPool-12 - Start completed.
2026-09-12T13:34:40.311+08:00  INFO 6942 --- [control-app] [           main] [                                                 ] com.zaxxer.hikari.HikariDataSource       : HikariPool-12 - Shutdown initiated...
2026-09-12T13:34:40.312+08:00  INFO 6942 --- [control-app] [           main] [                                                 ] com.zaxxer.hikari.HikariDataSource       : HikariPool-12 - Shutdown completed.
2026-09-12T13:34:40.455+08:00  INFO 6942 --- [control-app] [           main] [                                                 ] com.zaxxer.hikari.HikariDataSource       : HikariPool-13 - Starting...
2026-09-12T13:34:40.467+08:00  INFO 6942 --- [control-app] [           main] [                                                 ] com.zaxxer.hikari.pool.HikariPool        : HikariPool-13 - Added connection org.postgresql.jdbc.PgConnection@6ca57288
2026-09-12T13:34:40.467+08:00  INFO 6942 --- [control-app] [           main] [                                                 ] com.zaxxer.hikari.HikariDataSource       : HikariPool-13 - Start completed.
2026-09-12T13:34:40.483+08:00  INFO 6942 --- [control-app] [           main] [                                                 ] com.zaxxer.hikari.HikariDataSource       : HikariPool-13 - Shutdown initiated...
2026-09-12T13:34:40.484+08:00  INFO 6942 --- [control-app] [           main] [                                                 ] com.zaxxer.hikari.HikariDataSource       : HikariPool-13 - Shutdown completed.
2026-09-12T13:34:40.608+08:00  INFO 6942 --- [control-app] [           main] [                                                 ] com.zaxxer.hikari.HikariDataSource       : HikariPool-14 - Starting...
2026-09-12T13:34:40.624+08:00  INFO 6942 --- [control-app] [           main] [                                                 ] com.zaxxer.hikari.pool.HikariPool        : HikariPool-14 - Added connection org.postgresql.jdbc.PgConnection@52b9006c
2026-09-12T13:34:40.624+08:00  INFO 6942 --- [control-app] [           main] [                                                 ] com.zaxxer.hikari.HikariDataSource       : HikariPool-14 - Start completed.
2026-09-12T13:34:40.654+08:00  INFO 6942 --- [control-app] [           main] [                                                 ] com.zaxxer.hikari.HikariDataSource       : HikariPool-14 - Shutdown initiated...
2026-09-12T13:34:40.663+08:00  INFO 6942 --- [control-app] [           main] [                                                 ] com.zaxxer.hikari.HikariDataSource       : HikariPool-14 - Shutdown completed.
2026-09-12T13:34:40.793+08:00  INFO 6942 --- [control-app] [           main] [                                                 ] com.zaxxer.hikari.HikariDataSource       : HikariPool-15 - Starting...
2026-09-12T13:34:40.809+08:00  INFO 6942 --- [control-app] [           main] [                                                 ] com.zaxxer.hikari.pool.HikariPool        : HikariPool-15 - Added connection org.postgresql.jdbc.PgConnection@38f9dbb4
2026-09-12T13:34:40.810+08:00  INFO 6942 --- [control-app] [           main] [                                                 ] com.zaxxer.hikari.HikariDataSource       : HikariPool-15 - Start completed.
2026-09-12T13:34:40.835+08:00  INFO 6942 --- [control-app] [           main] [                                                 ] com.zaxxer.hikari.HikariDataSource       : HikariPool-15 - Shutdown initiated...
2026-09-12T13:34:40.837+08:00  INFO 6942 --- [control-app] [           main] [                                                 ] com.zaxxer.hikari.HikariDataSource       : HikariPool-15 - Shutdown completed.
[INFO] Tests run: 5, Failures: 0, Errors: 0, Skipped: 0, Time elapsed: 0.919 s -- in com.objwww.pr.control.it.PostgresGoldenCandidateRepositoryTest
[INFO] Running com.objwww.pr.control.it.PostgresDatasetVersionRepositoryTest
[INFO] Tests run: 5, Failures: 0, Errors: 0, Skipped: 0, Time elapsed: 0.695 s -- in com.objwww.pr.control.it.PostgresDatasetVersionRepositoryTest
[INFO] Running com.objwww.pr.control.it.PostgresReleaseAssetRepositoryTest
2026-09-12T13:34:41.705+08:00  INFO 6942 --- [control-app] [           main] [                                                 ] c.o.p.c.r.a.ConfigBundleService          : 资产注册: PROMPT 1c2cb70b06ff9fb87bacf727276b6730bb7451dd0953cd87c9e97b91c2190cb5 by=op-1
2026-09-12T13:34:41.708+08:00  INFO 6942 --- [control-app] [           main] [                                                 ] c.o.p.c.r.a.ConfigBundleService          : 资产注册: SKILL c620038518f08e426605f81f47c121ecb851dc46885c954dc9528092fa5911d3 by=op-1
2026-09-12T13:34:41.712+08:00  INFO 6942 --- [control-app] [           main] [                                                 ] c.o.p.c.r.a.ConfigBundleService          : 资产注册: TOOL_SCHEMA c3dcd8c37f33f564cd506ece7666493ae7938c2804117db2f4fa7468c92be37f by=op-1
2026-09-12T13:34:41.720+08:00  INFO 6942 --- [control-app] [           main] [                                                 ] c.o.p.c.r.a.ConfigBundleService          : release_manifest 依赖闭包通过: roles=[primary] skills=1 toolSchemas=1
2026-09-12T13:34:41.724+08:00  INFO 6942 --- [control-app] [           main] [                                                 ] c.o.p.c.r.a.ConfigBundleService          : bundle 发布: d75424d2b53b9451d2862936b9ff40200860203e72d671422029f7928ea16fc6 revision=1 by=op-1 policy=policy-2026-09
2026-09-12T13:34:41.727+08:00  INFO 6942 --- [control-app] [           main] [                                                 ] c.o.p.c.r.a.ConfigBundleService          : 资格授予: candidate=d75424d2b53b9451d2862936b9ff40200860203e72d671422029f7928ea16fc6 verdict=PASS usage=UNKNOWN by=op-1
2026-09-12T13:34:41.743+08:00  INFO 6942 --- [control-app] [           main] [                                                 ] c.o.p.c.r.a.ConfigBundleService          : ACTIVATE 落位: d75424d2b53b9451d2862936b9ff40200860203e72d671422029f7928ea16fc6 revision=1 by=op-1
[INFO] Tests run: 4, Failures: 0, Errors: 0, Skipped: 0, Time elapsed: 0.740 s -- in com.objwww.pr.control.it.PostgresReleaseAssetRepositoryTest
[INFO] Running com.objwww.pr.control.drill.domain.statemachine.DrillLifecycleTest
[INFO] Tests run: 5, Failures: 0, Errors: 0, Skipped: 0, Time elapsed: 0.005 s -- in com.objwww.pr.control.drill.domain.statemachine.DrillLifecycleTest
[INFO] Running com.objwww.pr.control.drill.domain.model.DrillJobTest
[INFO] Tests run: 4, Failures: 0, Errors: 0, Skipped: 0, Time elapsed: 0.002 s -- in com.objwww.pr.control.drill.domain.model.DrillJobTest
[INFO] Running com.objwww.pr.control.drill.application.DrillTimelineTest
[INFO] Tests run: 6, Failures: 0, Errors: 0, Skipped: 0, Time elapsed: 0.004 s -- in com.objwww.pr.control.drill.application.DrillTimelineTest
[INFO] Running com.objwww.pr.control.drill.application.DrillWorkerTest
2026-09-12T13:34:42.293+08:00  WARN 6942 --- [control-app] [           main] [                                                 ] c.o.p.c.drill.application.DrillWorker    : drill worker drill-worker-1 领取作业：drill=4bb16479-0100-4a2f-93a0-41cfd1d98bc0 scenario=T1 env=arena-195
2026-09-12T13:34:42.295+08:00  WARN 6942 --- [control-app] [           main] [                                                 ] c.o.p.c.drill.application.DrillWorker    : drill 4bb16479-0100-4a2f-93a0-41cfd1d98bc0 已进入 OBSERVING——症状等待/恢复/核验推进随 DR-03/04 接线交付，本拍到此为止（作业保持活动占位）
2026-09-12T13:34:42.304+08:00  WARN 6942 --- [control-app] [           main] [                                                 ] c.o.p.c.drill.application.DrillWorker    : drill worker drill-worker-1 领取作业：drill=924090eb-3090-4d9a-941c-2ebe2a681503 scenario=T1 env=arena-195
2026-09-12T13:34:42.306+08:00  WARN 6942 --- [control-app] [           main] [                                                 ] c.o.p.c.drill.application.DrillWorker    : drill worker drill-worker-1 领取作业：drill=739668e5-0ec9-4f58-a3a7-243bf983f998 scenario=T1 env=arena-195
2026-09-12T13:34:42.310+08:00  WARN 6942 --- [control-app] [           main] [                                                 ] c.o.p.c.drill.application.DrillWorker    : drill worker drill-worker-1 领取作业：drill=778b3c45-f2df-438f-bd5f-28834e60270d scenario=T1 env=arena-195
2026-09-12T13:34:42.313+08:00  WARN 6942 --- [control-app] [           main] [                                                 ] c.o.p.c.drill.application.DrillWorker    : 孤儿 drill 88c06438-adb9-4098-8a7c-f10205e412b1 → RECOVERY_FAILED（worker_lost，保留占位）
2026-09-12T13:34:42.316+08:00  WARN 6942 --- [control-app] [           main] [                                                 ] c.o.p.c.drill.application.DrillWorker    : 孤儿 drill 31b69951-89cf-47ba-b571-4f38b6b603ba 重排队（state=PRECHECK）
2026-09-12T13:34:42.317+08:00  WARN 6942 --- [control-app] [           main] [                                                 ] c.o.p.c.drill.application.DrillWorker    : drill worker drill-worker-1 领取作业：drill=c699a3da-5ffa-4ead-b8b5-e006074e520b scenario=T1 env=arena-195
2026-09-12T13:34:42.320+08:00  WARN 6942 --- [control-app] [           main] [                                                 ] c.o.p.c.drill.application.DrillWorker    : 孤儿 drill 79a6ebd8-5fee-4010-a16f-cda282e10b59 → RECOVERY_FAILED（worker_lost，保留占位）
[INFO] Tests run: 8, Failures: 0, Errors: 0, Skipped: 0, Time elapsed: 0.031 s -- in com.objwww.pr.control.drill.application.DrillWorkerTest
[INFO] Running com.objwww.pr.control.drill.application.DrillJobServiceTest
[INFO] Tests run: 12, Failures: 0, Errors: 0, Skipped: 0, Time elapsed: 0.042 s -- in com.objwww.pr.control.drill.application.DrillJobServiceTest
[INFO] Running com.objwww.pr.control.drill.application.DrillTemplateCatalogTest
[INFO] Tests run: 5, Failures: 0, Errors: 0, Skipped: 0, Time elapsed: 0.018 s -- in com.objwww.pr.control.drill.application.DrillTemplateCatalogTest
[INFO] Running com.objwww.pr.control.drill.application.DrillPrecheckTest
[INFO] Tests run: 5, Failures: 0, Errors: 0, Skipped: 0, Time elapsed: 0.003 s -- in com.objwww.pr.control.drill.application.DrillPrecheckTest
[INFO] 
[INFO] Results:
[INFO] 
[INFO] Tests run: 1596, Failures: 0, Errors: 0, Skipped: 0
[INFO] 
[INFO] 
[INFO] --- jar:3.4.2:jar (default-jar) @ control-app ---
[INFO] 
[INFO] --- spring-boot:3.4.5:repackage (repackage) @ control-app ---
[INFO] Attaching repackaged archive /opt/build/pr/control-app/target/control-app-0.0.1-SNAPSHOT-exec.jar with classifier exec
[INFO] 
[INFO] --- failsafe:3.5.3:integration-test (default) @ control-app ---
[INFO] Using auto detected provider org.apache.maven.surefire.junitplatform.JUnitPlatformProvider
[INFO] 
[INFO] -------------------------------------------------------
[INFO]  T E S T S
[INFO] -------------------------------------------------------
13:34:45.096 [main] INFO org.testcontainers.DockerClientFactory -- Testcontainers version: 1.20.4
13:34:45.330 [main] INFO org.testcontainers.dockerclient.DockerClientProviderStrategy -- Loaded org.testcontainers.dockerclient.UnixSocketClientProviderStrategy from ~/.testcontainers.properties, will try it first
13:34:45.659 [main] INFO org.testcontainers.dockerclient.DockerClientProviderStrategy -- Found Docker environment with local Unix socket (unix:///var/run/docker.sock)
13:34:45.661 [main] INFO org.testcontainers.DockerClientFactory -- Docker host IP address is localhost
13:34:45.680 [main] INFO org.testcontainers.DockerClientFactory -- Connected to docker: 
  Server Version: 26.1.4
  API Version: 1.45
  Operating System: CentOS Linux 7 (Core)
  Total Memory: 7725 MB
13:34:45.689 [main] INFO org.testcontainers.images.PullPolicy -- Image pull policy will be performed by: DefaultPullPolicy()
13:34:45.691 [main] INFO org.testcontainers.utility.ImageNameSubstitutor -- Image name substitution will be performed by: DefaultImageNameSubstitutor (composite of 'ConfigurationFileImageNameSubstitutor' and 'PrefixingImageNameSubstitutor')
13:34:45.772 [main] INFO tc.testcontainers/ryuk:0.11.0 -- Creating container for image: testcontainers/ryuk:0.11.0
13:34:45.777 [main] INFO org.testcontainers.utility.RegistryAuthLocator -- Failure when attempting to lookup auth config. Please ignore if you don't have images in an authenticated registry. Details: (dockerImageName: testcontainers/ryuk:0.11.0, configFile: /root/.docker/config.json, configEnv: DOCKER_AUTH_CONFIG). Falling back to docker-java default behaviour. Exception message: Status 404: No config supplied. Checked in order: /root/.docker/config.json (file not found), DOCKER_AUTH_CONFIG (not set)
13:34:45.963 [main] INFO tc.testcontainers/ryuk:0.11.0 -- Container testcontainers/ryuk:0.11.0 is starting: e4f5296ca3471062278a2534189b2d4eeff744798dc1a2223f1410de770b82bb
13:34:46.256 [main] INFO tc.testcontainers/ryuk:0.11.0 -- Container testcontainers/ryuk:0.11.0 started in PT0.483755844S
13:34:46.260 [main] INFO org.testcontainers.utility.RyukResourceReaper -- Ryuk started - will monitor and terminate Testcontainers containers on JVM exit
13:34:46.260 [main] INFO org.testcontainers.DockerClientFactory -- Checking the system...
13:34:46.261 [main] INFO org.testcontainers.DockerClientFactory -- ✔︎ Docker server version should be at least 1.6.0
[INFO] Running com.objwww.pr.control.it.En06McpRegistryIT
13:34:46.295 [main] INFO tc.postgres:16-alpine -- Creating container for image: postgres:16-alpine
13:34:46.361 [main] INFO tc.postgres:16-alpine -- Container postgres:16-alpine is starting: 84fca5e7f1d69f8bff49e7a311a98f2d7e4e3d2d31b1fd942ce128e4cb2ce255
13:34:47.560 [main] INFO tc.postgres:16-alpine -- Container postgres:16-alpine started in PT1.265372213S
13:34:47.561 [main] INFO tc.postgres:16-alpine -- Container is started (JDBC URL: jdbc:postgresql://localhost:33639/test?loggerLevel=OFF)
13:34:47.569 [main] INFO com.zaxxer.hikari.HikariDataSource -- HikariPool-1 - Starting...
13:34:47.779 [main] INFO com.zaxxer.hikari.pool.HikariPool -- HikariPool-1 - Added connection org.postgresql.jdbc.PgConnection@6009bea
13:34:47.781 [main] INFO com.zaxxer.hikari.HikariDataSource -- HikariPool-1 - Start completed.
13:34:48.118 [main] INFO org.flywaydb.core.FlywayExecutor -- Database: jdbc:postgresql://localhost:33639/test?loggerLevel=OFF (PostgreSQL 16.15)
13:34:48.206 [main] INFO org.flywaydb.core.internal.schemahistory.JdbcTableSchemaHistory -- Schema history table "public"."flyway_schema_history" does not exist yet
13:34:48.212 [main] INFO org.flywaydb.core.internal.command.DbValidate -- Successfully validated 66 migrations (execution time 00:00.059s)
13:34:48.228 [main] INFO org.flywaydb.core.internal.schemahistory.JdbcTableSchemaHistory -- Creating Schema History table "public"."flyway_schema_history" ...
13:34:48.281 [main] INFO org.flywaydb.core.internal.command.DbMigrate -- Current version of schema "public": << Empty Schema >>
13:34:48.382 [main] INFO org.flywaydb.core.internal.command.DbMigrate -- Migrating schema "public" to version "1 - m0 schema"
13:34:48.496 [main] INFO org.flywaydb.core.internal.command.DbMigrate -- Migrating schema "public" to version "2 - grants"
13:34:48.551 [main] INFO org.flywaydb.core.internal.command.DbMigrate -- Migrating schema "public" to version "3 - m1 inbox reconcile"
13:34:48.602 [main] INFO org.flywaydb.core.internal.command.DbMigrate -- Migrating schema "public" to version "4 - m2 checkpoint repair"
13:34:48.654 [main] INFO org.flywaydb.core.internal.command.DbMigrate -- Migrating schema "public" to version "5 - m3 model governance"
13:34:48.703 [main] INFO org.flywaydb.core.internal.command.DbMigrate -- Migrating schema "public" to version "6 - m4 sandbox"
13:34:48.805 [main] INFO org.flywaydb.core.internal.command.DbMigrate -- Migrating schema "public" to version "7 - am1 alert domain"
13:34:48.881 [main] INFO org.flywaydb.core.internal.command.DbMigrate -- Migrating schema "public" to version "8 - am1 dag reserve"
13:34:48.912 [main] INFO org.flywaydb.core.internal.command.DbMigrate -- Migrating schema "public" to version "9 - am3 eval notify"
13:34:48.972 [main] INFO org.flywaydb.core.internal.command.DbMigrate -- Migrating schema "public" to version "10 - am3 eval run"
13:34:48.997 [main] INFO org.flywaydb.core.internal.command.DbMigrate -- Migrating schema "public" to version "11 - am3 eval readonly"
13:34:49.006 [main] INFO org.flywaydb.core.internal.command.DbMigrate -- Migrating schema "public" to version "12 - am4 state expansion"
13:34:49.026 [main] INFO org.flywaydb.core.internal.command.DbMigrate -- Migrating schema "public" to version "13 - am4 budget ledger"
13:34:49.051 [main] INFO org.flywaydb.core.internal.command.DbMigrate -- Migrating schema "public" to version "14 - am4 rca event"
13:34:49.071 [main] INFO org.flywaydb.core.internal.command.DbMigrate -- Migrating schema "public" to version "15 - am4 tool invocation ledger"
13:34:49.086 [main] INFO org.flywaydb.core.internal.command.DbMigrate -- Migrating schema "public" to version "16 - am4 evidence snapshot"
13:34:49.107 [main] INFO org.flywaydb.core.internal.command.DbMigrate -- Migrating schema "public" to version "17 - am4 claim"
13:34:49.128 [main] INFO org.flywaydb.core.internal.command.DbMigrate -- Migrating schema "public" to version "18 - am4 task edge run scope"
13:34:49.147 [main] INFO org.flywaydb.core.internal.command.DbMigrate -- Migrating schema "public" to version "19 - am4 tool replay"
13:34:49.163 [main] INFO org.flywaydb.core.internal.command.DbMigrate -- Migrating schema "public" to version "20 - am5 dataset version"
13:34:49.197 [main] INFO org.flywaydb.core.internal.command.DbMigrate -- Migrating schema "public" to version "21 - am5 dataset partition"
13:34:49.234 [main] INFO org.flywaydb.core.internal.command.DbMigrate -- Migrating schema "public" to version "22 - am5 golden candidate"
13:34:49.258 [main] INFO org.flywaydb.core.internal.command.DbMigrate -- Migrating schema "public" to version "23 - am5 sampling fingerprint"
13:34:49.270 [main] INFO org.flywaydb.core.internal.command.DbMigrate -- Migrating schema "public" to version "24 - am5 config bundle"
13:34:49.296 [main] INFO org.flywaydb.core.internal.command.DbMigrate -- Migrating schema "public" to version "25 - am5 canary route"
13:34:49.328 [main] INFO org.flywaydb.core.internal.command.DbMigrate -- Migrating schema "public" to version "26 - am5 operator case"
13:34:49.351 [main] INFO org.flywaydb.core.internal.command.DbMigrate -- Migrating schema "public" to version "27 - am5 operator command"
13:34:49.369 [main] INFO org.flywaydb.core.internal.command.DbMigrate -- Migrating schema "public" to version "28 - am5 monthly partition"
13:34:49.411 [main] INFO org.flywaydb.core.internal.command.DbMigrate -- Migrating schema "public" to version "29 - am5 retention archive"
13:34:49.439 [main] INFO org.flywaydb.core.internal.command.DbMigrate -- Migrating schema "public" to version "30 - am6 canary window verdict"
13:34:49.465 [main] INFO org.flywaydb.core.internal.command.DbMigrate -- Migrating schema "public" to version "31 - ba52 canary decision fk deferred"
13:34:49.474 [main] INFO org.flywaydb.core.internal.command.DbMigrate -- Migrating schema "public" to version "32 - am6 engine comparison"
13:34:49.498 [main] INFO org.flywaydb.core.internal.command.DbMigrate -- Migrating schema "public" to version "33 - am6 run fallback"
13:34:49.540 [main] INFO org.flywaydb.core.internal.command.DbMigrate -- Migrating schema "public" to version "34 - am6 engine shadow work"
13:34:49.561 [main] INFO org.flywaydb.core.internal.command.DbMigrate -- Migrating schema "public" to version "35 - m607 holmes wish decision run id nullable"
13:34:49.571 [main] INFO org.flywaydb.core.internal.command.DbMigrate -- Migrating schema "public" to version "36 - exa0 investigation identity"
13:34:49.583 [main] INFO org.flywaydb.core.internal.command.DbMigrate -- Migrating schema "public" to version "37 - exa4a claim kind"
13:34:49.590 [main] INFO org.flywaydb.core.internal.command.DbMigrate -- Migrating schema "public" to version "38 - exa3 tool invocation result ref"
13:34:49.601 [main] INFO org.flywaydb.core.internal.command.DbMigrate -- Migrating schema "public" to version "39 - b21 operator command state widen"
13:34:49.610 [main] INFO org.flywaydb.core.internal.command.DbMigrate -- Migrating schema "public" to version "40 - exb1 change event"
13:34:49.623 [main] INFO org.flywaydb.core.internal.command.DbMigrate -- Migrating schema "public" to version "41 - exa4b incident waiting reason"
13:34:49.631 [main] INFO org.flywaydb.core.internal.command.DbMigrate -- Migrating schema "public" to version "42 - exc3a auth event"
13:34:49.667 [main] INFO org.flywaydb.core.internal.command.DbMigrate -- Migrating schema "public" to version "43 - am7 duty"
13:34:49.710 [main] INFO org.flywaydb.core.internal.command.DbMigrate -- Migrating schema "public" to version "44 - auth1 platform user"
13:34:49.721 [main] INFO org.flywaydb.core.internal.command.DbMigrate -- Migrating schema "public" to version "45 - ui5 eval readonly grants"
13:34:49.729 [main] INFO org.flywaydb.core.internal.command.DbMigrate -- Migrating schema "public" to version "46 - r7x1 task execution binding"
13:34:49.743 [main] INFO org.flywaydb.core.internal.command.DbMigrate -- Migrating schema "public" to version "47 - r7x4 primary state"
13:34:49.765 [main] INFO org.flywaydb.core.internal.command.DbMigrate -- Migrating schema "public" to version "48 - r7a1 rca model call"
13:34:49.782 [main] INFO org.flywaydb.core.internal.command.DbMigrate -- Migrating schema "public" to version "60 - en01 release asset"
13:34:49.792 [main] INFO org.flywaydb.core.internal.command.DbMigrate -- Migrating schema "public" to version "61 - en02 release qualification"
13:34:49.805 [main] INFO org.flywaydb.core.internal.command.DbMigrate -- Migrating schema "public" to version "62 - en09 eval grader version"
13:34:49.813 [main] INFO org.flywaydb.core.internal.command.DbMigrate -- Migrating schema "public" to version "63 - en04 run config epoch"
13:34:49.830 [main] INFO org.flywaydb.core.internal.command.DbMigrate -- Migrating schema "public" to version "64 - en06 mcp server registry"
13:34:49.840 [main] INFO org.flywaydb.core.internal.command.DbMigrate -- Migrating schema "public" to version "80 - ev03 eval projection contract"
13:34:49.859 [main] INFO org.flywaydb.core.internal.command.DbMigrate -- Migrating schema "public" to version "81 - ev04 eval lifecycle"
13:34:49.878 [main] INFO org.flywaydb.core.internal.command.DbMigrate -- Migrating schema "public" to version "82 - ux01 incident classification"
13:34:49.896 [main] INFO org.flywaydb.core.internal.command.DbMigrate -- Migrating schema "public" to version "83 - ux02 duty bot"
13:34:49.913 [main] INFO org.flywaydb.core.internal.command.DbMigrate -- Migrating schema "public" to version "85 - ev07 eval comparison"
13:34:49.932 [main] INFO org.flywaydb.core.internal.command.DbMigrate -- Migrating schema "public" to version "86 - dr02 drill job"
13:34:49.955 [main] INFO org.flywaydb.core.internal.command.DbMigrate -- Migrating schema "public" to version "87 - ev08 eval review"
13:34:49.976 [main] INFO org.flywaydb.core.internal.command.DbMigrate -- Migrating schema "public" to version "88 - r7 checkpoint last error"
13:34:49.983 [main] INFO org.flywaydb.core.internal.command.DbMigrate -- Migrating schema "public" to version "89 - en07 release asset kinds"
13:34:49.990 [main] INFO org.flywaydb.core.internal.command.DbMigrate -- Migrating schema "public" to version "90 - r2 input capture"
13:34:50.003 [main] INFO org.flywaydb.core.internal.command.DbMigrate -- Migrating schema "public" to version "91 - r10 working memory"
13:34:50.019 [main] INFO org.flywaydb.core.internal.command.DbMigrate -- Migrating schema "public" to version "92 - r11 context summary"
13:34:50.027 [main] INFO org.flywaydb.core.internal.command.DbMigrate -- Migrating schema "public" to version "93 - r6 eval app model call grant"
13:34:50.037 [main] INFO org.flywaydb.core.internal.command.DbMigrate -- Successfully applied 66 migrations to schema "public", now at version v93 (execution time 00:01.083s)
13:34:50.042 [main] INFO com.zaxxer.hikari.HikariDataSource -- HikariPool-2 - Starting...
13:34:50.068 [main] INFO com.zaxxer.hikari.pool.HikariPool -- HikariPool-2 - Added connection org.postgresql.jdbc.PgConnection@7c0777b5
13:34:50.068 [main] INFO com.zaxxer.hikari.HikariDataSource -- HikariPool-2 - Start completed.
13:34:50.068 [main] INFO com.zaxxer.hikari.HikariDataSource -- HikariPool-3 - Starting...
13:34:50.083 [main] INFO com.zaxxer.hikari.pool.HikariPool -- HikariPool-3 - Added connection org.postgresql.jdbc.PgConnection@1eff3cfb
13:34:50.084 [main] INFO com.zaxxer.hikari.HikariDataSource -- HikariPool-3 - Start completed.
13:34:50.084 [main] INFO com.zaxxer.hikari.HikariDataSource -- HikariPool-4 - Starting...
13:34:50.096 [main] INFO com.zaxxer.hikari.pool.HikariPool -- HikariPool-4 - Added connection org.postgresql.jdbc.PgConnection@4833eff3
13:34:50.097 [main] INFO com.zaxxer.hikari.HikariDataSource -- HikariPool-4 - Start completed.
13:34:50.097 [main] INFO com.zaxxer.hikari.HikariDataSource -- HikariPool-5 - Starting...
13:34:50.111 [main] INFO com.zaxxer.hikari.pool.HikariPool -- HikariPool-5 - Added connection org.postgresql.jdbc.PgConnection@338766de
13:34:50.112 [main] INFO com.zaxxer.hikari.HikariDataSource -- HikariPool-5 - Start completed.
[INFO] Tests run: 3, Failures: 0, Errors: 0, Skipped: 0, Time elapsed: 4.427 s -- in com.objwww.pr.control.it.En06McpRegistryIT
[INFO] Running com.objwww.pr.control.it.ExA0InvestigationIdentityIT
[INFO] Tests run: 5, Failures: 0, Errors: 0, Skipped: 0, Time elapsed: 0.729 s -- in com.objwww.pr.control.it.ExA0InvestigationIdentityIT
[INFO] Running com.objwww.pr.control.it.En07RagSourcesIT
[INFO] Tests run: 2, Failures: 0, Errors: 0, Skipped: 0, Time elapsed: 0.273 s -- in com.objwww.pr.control.it.En07RagSourcesIT
[INFO] Running com.objwww.pr.control.it.PostgresDutyStoreIT
[INFO] Tests run: 5, Failures: 0, Errors: 0, Skipped: 0, Time elapsed: 0.657 s -- in com.objwww.pr.control.it.PostgresDutyStoreIT
[INFO] Running com.objwww.pr.control.it.PostgresOperatorCaseIT
13:34:52.525 [main] INFO com.objwww.pr.control.ops.application.OperatorCaseService -- {"event":"operator_case_transition","ts":"2026-09-12T05:34:52.524126321Z","rule":"T00_CREATE","to":"OPEN","revision":1,"caseId":"62a5a6df-793a-4ae0-903d-264bb1bc4333"}
13:34:52.531 [main] INFO com.objwww.pr.control.ops.application.OperatorCaseService -- {"event":"operator_case_transition","ts":"2026-09-12T05:34:52.531386723Z","rule":"T60_ESCALATE","to":"OPEN","revision":2,"caseId":"62a5a6df-793a-4ae0-903d-264bb1bc4333"}
13:34:52.543 [main] INFO com.objwww.pr.control.ops.application.OperatorCaseService -- {"event":"operator_case_transition","ts":"2026-09-12T05:34:52.543197455Z","rule":"T30_RESOLVE","to":"RESOLVED","revision":3,"caseId":"62a5a6df-793a-4ae0-903d-264bb1bc4333"}
13:34:52.661 [main] INFO com.objwww.pr.control.ops.application.OperatorCaseService -- {"event":"operator_case_transition","ts":"2026-09-12T05:34:52.660977079Z","rule":"T00_CREATE","to":"OPEN","revision":1,"caseId":"26addb63-cf4f-4af6-a15f-74a8a613e8d0"}
13:34:52.664 [pool-2-thread-1] INFO com.objwww.pr.control.ops.application.OperatorCaseService -- {"event":"operator_case_transition","ts":"2026-09-12T05:34:52.664643443Z","rule":"T10_CLAIM","to":"ACKED","revision":2,"caseId":"26addb63-cf4f-4af6-a15f-74a8a613e8d0"}
13:34:52.782 [main] INFO com.objwww.pr.control.ops.application.OperatorCaseService -- {"event":"operator_case_transition","ts":"2026-09-12T05:34:52.782483101Z","rule":"T00_CREATE","to":"OPEN","revision":1,"caseId":"9630def2-6444-4b4e-aac6-4e2e06126921"}
13:34:52.785 [main] INFO com.objwww.pr.control.ops.application.OperatorCaseService -- {"event":"operator_case_transition","ts":"2026-09-12T05:34:52.784934817Z","rule":"T50_MERGE","to":"OPEN","revision":2,"caseId":"9630def2-6444-4b4e-aac6-4e2e06126921"}
13:34:52.787 [main] INFO com.objwww.pr.control.ops.application.OperatorCaseService -- {"event":"operator_case_transition","ts":"2026-09-12T05:34:52.787060170Z","rule":"T50_MERGE","to":"OPEN","revision":3,"caseId":"9630def2-6444-4b4e-aac6-4e2e06126921"}
[INFO] Tests run: 3, Failures: 0, Errors: 0, Skipped: 0, Time elapsed: 0.430 s -- in com.objwww.pr.control.it.PostgresOperatorCaseIT
[INFO] Running com.objwww.pr.control.it.PostgresEvalQueryReaderIT
[INFO] Tests run: 7, Failures: 0, Errors: 0, Skipped: 0, Time elapsed: 0.986 s -- in com.objwww.pr.control.it.PostgresEvalQueryReaderIT
[INFO] Running com.objwww.pr.control.it.PostgresAuthEventRepositoryIT
[INFO] Tests run: 3, Failures: 0, Errors: 0, Skipped: 0, Time elapsed: 0.378 s -- in com.objwww.pr.control.it.PostgresAuthEventRepositoryIT
[INFO] Running com.objwww.pr.control.it.PostgresReleaseActivationIT
13:34:54.286 [main] INFO com.objwww.pr.control.release.application.ConfigBundleService -- bundle 发布: 30ad808ed98886e339611e59f7bac711638e216776d0231c3aad2a5fe468382c revision=1 by=it-op policy=policy-2026-09
13:34:54.289 [main] INFO com.objwww.pr.control.release.application.ConfigBundleService -- 资格授予: candidate=30ad808ed98886e339611e59f7bac711638e216776d0231c3aad2a5fe468382c verdict=FAIL usage=MATCHED by=it-grader
13:34:54.408 [main] INFO com.objwww.pr.control.release.application.ConfigBundleService -- bundle 发布: 30ad808ed98886e339611e59f7bac711638e216776d0231c3aad2a5fe468382c revision=1 by=it-op policy=policy-2026-09
13:34:54.409 [main] INFO com.objwww.pr.control.release.application.ConfigBundleService -- bundle 发布: be840a4ff5d98fc58380e1ed2d6501f2a7edb25711430dc0e9023b687140db80 revision=2 by=it-op policy=policy-2026-09
13:34:54.410 [main] INFO com.objwww.pr.control.release.application.ConfigBundleService -- 资格授予: candidate=30ad808ed98886e339611e59f7bac711638e216776d0231c3aad2a5fe468382c verdict=PASS usage=MATCHED by=it-grader
13:34:54.411 [main] INFO com.objwww.pr.control.release.application.ConfigBundleService -- 资格授予: candidate=be840a4ff5d98fc58380e1ed2d6501f2a7edb25711430dc0e9023b687140db80 verdict=PASS usage=MATCHED by=it-grader
13:34:54.413 [main] WARN com.objwww.pr.control.release.application.ConfigBundleService -- 资格撤销: id=31678590-a46e-4bf5-ba5c-966d4dc8eace by=safety-officer reason=基线漂移
13:34:54.529 [main] INFO com.objwww.pr.control.release.application.ConfigBundleService -- bundle 发布: 30ad808ed98886e339611e59f7bac711638e216776d0231c3aad2a5fe468382c revision=1 by=it-op policy=policy-2026-09
13:34:54.531 [main] INFO com.objwww.pr.control.release.application.ConfigBundleService -- 资格授予: candidate=30ad808ed98886e339611e59f7bac711638e216776d0231c3aad2a5fe468382c verdict=PASS usage=UNKNOWN by=it-grader
13:34:54.950 [main] INFO com.objwww.pr.control.release.application.ConfigBundleService -- bundle 发布: 30ad808ed98886e339611e59f7bac711638e216776d0231c3aad2a5fe468382c revision=1 by=it-op policy=policy-2026-09
13:34:54.953 [main] INFO com.objwww.pr.control.release.application.ConfigBundleService -- 资格授予: candidate=30ad808ed98886e339611e59f7bac711638e216776d0231c3aad2a5fe468382c verdict=PASS usage=UNKNOWN by=it-grader
13:34:55.099 [main] INFO com.objwww.pr.control.release.application.ConfigBundleService -- bundle 发布: 30ad808ed98886e339611e59f7bac711638e216776d0231c3aad2a5fe468382c revision=1 by=it-op policy=policy-2026-09
13:34:55.106 [main] INFO com.objwww.pr.control.release.application.ConfigBundleService -- bundle 发布: be840a4ff5d98fc58380e1ed2d6501f2a7edb25711430dc0e9023b687140db80 revision=2 by=it-op policy=policy-2026-09
13:34:55.114 [main] INFO com.objwww.pr.control.release.application.ConfigBundleService -- 资格授予: candidate=be840a4ff5d98fc58380e1ed2d6501f2a7edb25711430dc0e9023b687140db80 verdict=PASS usage=UNKNOWN by=it-grader
[INFO] Tests run: 5, Failures: 0, Errors: 0, Skipped: 0, Time elapsed: 0.966 s -- in com.objwww.pr.control.it.PostgresReleaseActivationIT
[INFO] Running com.objwww.pr.control.it.PostgresWorkingMemoryIT
[INFO] Tests run: 5, Failures: 0, Errors: 0, Skipped: 0, Time elapsed: 0.914 s -- in com.objwww.pr.control.it.PostgresWorkingMemoryIT
[INFO] Running com.objwww.pr.control.it.AlertEvidenceIT
[INFO] Tests run: 4, Failures: 0, Errors: 0, Skipped: 0, Time elapsed: 0.477 s -- in com.objwww.pr.control.it.AlertEvidenceIT
[INFO] Running com.objwww.pr.control.it.PostgresRcaModelInputIT
[INFO] Tests run: 4, Failures: 0, Errors: 0, Skipped: 0, Time elapsed: 0.550 s -- in com.objwww.pr.control.it.PostgresRcaModelInputIT
[INFO] Running com.objwww.pr.control.it.PostgresRcaTaskRepositoryIT
[INFO] Tests run: 4, Failures: 0, Errors: 0, Skipped: 0, Time elapsed: 0.561 s -- in com.objwww.pr.control.it.PostgresRcaTaskRepositoryIT
[INFO] Running com.objwww.pr.control.it.ExA4aNativeCorrectnessIT
[INFO] Tests run: 5, Failures: 0, Errors: 0, Skipped: 0, Time elapsed: 0.714 s -- in com.objwww.pr.control.it.ExA4aNativeCorrectnessIT
[INFO] Running com.objwww.pr.control.it.ExA1BudgetAdmissionIT
[INFO] Tests run: 5, Failures: 0, Errors: 0, Skipped: 0, Time elapsed: 0.625 s -- in com.objwww.pr.control.it.ExA1BudgetAdmissionIT
[INFO] Running com.objwww.pr.control.it.PostgresIncidentClassificationIT
[INFO] Tests run: 6, Failures: 0, Errors: 0, Skipped: 0, Time elapsed: 0.768 s -- in com.objwww.pr.control.it.PostgresIncidentClassificationIT
[INFO] Running com.objwww.pr.control.it.AlertV10EvalRunIT
[INFO] Tests run: 6, Failures: 0, Errors: 0, Skipped: 0, Time elapsed: 0.743 s -- in com.objwww.pr.control.it.AlertV10EvalRunIT
[INFO] Running com.objwww.pr.control.it.AlertToolInvocationLedgerIT
[INFO] Tests run: 5, Failures: 0, Errors: 0, Skipped: 0, Time elapsed: 0.467 s -- in com.objwww.pr.control.it.AlertToolInvocationLedgerIT
[INFO] Running com.objwww.pr.control.it.AlertV18TaskEdgeRunScopeIT
[INFO] Tests run: 4, Failures: 0, Errors: 0, Skipped: 0, Time elapsed: 0.370 s -- in com.objwww.pr.control.it.AlertV18TaskEdgeRunScopeIT
[INFO] Running com.objwww.pr.control.it.PostgresDutyBotIT
[INFO] Tests run: 5, Failures: 0, Errors: 0, Skipped: 0, Time elapsed: 0.733 s -- in com.objwww.pr.control.it.PostgresDutyBotIT
[INFO] Running com.objwww.pr.control.it.PostgresHolmesShadowIT
13:35:02.396 [main] INFO com.objwww.pr.control.alert.application.HolmesShadowWorker -- {"event":"rca_holmes_shadow_work","ts":"2026-09-12T05:35:02.396806292Z","shadow_key":"holmes-shadow:661e496e-4429-44a1-b138-7de8f0497b66","shadow_run_id":"23a7d247-8c03-47d4-b575-d6f791578d6e","outcome":"COMPARISON_LANDED"}
[INFO] Tests run: 6, Failures: 0, Errors: 0, Skipped: 0, Time elapsed: 0.981 s -- in com.objwww.pr.control.it.PostgresHolmesShadowIT
[INFO] Running com.objwww.pr.control.it.AlertV12StateExpansionIT
[INFO] Tests run: 4, Failures: 0, Errors: 0, Skipped: 0, Time elapsed: 0.414 s -- in com.objwww.pr.control.it.AlertV12StateExpansionIT
[INFO] Running com.objwww.pr.control.it.AlertDagCycleGuardIT
[INFO] Tests run: 1, Failures: 0, Errors: 0, Skipped: 0, Time elapsed: 0.140 s -- in com.objwww.pr.control.it.AlertDagCycleGuardIT
[INFO] Running com.objwww.pr.control.it.AlertIncidentBudgetIT
[INFO] Tests run: 5, Failures: 0, Errors: 0, Skipped: 0, Time elapsed: 0.485 s -- in com.objwww.pr.control.it.AlertIncidentBudgetIT
[INFO] Running com.objwww.pr.control.it.ExA4bIncidentConcurrencyIT
[INFO] Tests run: 3, Failures: 0, Errors: 0, Skipped: 0, Time elapsed: 0.360 s -- in com.objwww.pr.control.it.ExA4bIncidentConcurrencyIT
[INFO] Running com.objwww.pr.control.it.AlertToolReplayStoreIT
[INFO] Tests run: 4, Failures: 0, Errors: 0, Skipped: 0, Time elapsed: 0.341 s -- in com.objwww.pr.control.it.AlertToolReplayStoreIT
[INFO] Running com.objwww.pr.control.it.Am4E2E06FaultDrillIT
13:35:04.978 [main] INFO com.objwww.pr.control.alert.application.RcaRunOrchestrator -- {"event":"rca_task_decision","ts":"2026-09-12T05:35:04.978550943Z","run_id":"2f659767-346f-475e-bf5c-859c21d26a34","task_id":"f1819511-e59e-4408-b418-46881ae123c2","attempt_id":"388d35d8-eeeb-46d2-abe3-bfd671131235","latency_ms":4,"decision":"COMPLETED"}
13:35:04.983 [main] WARN com.objwww.pr.control.alert.application.RcaRunOrchestrator -- task f1819511-e59e-4408-b418-46881ae123c2 旧租约提交被拒 owner=e06-worker epoch=1
13:35:05.263 [main] INFO com.objwww.pr.control.alert.application.RcaRunOrchestrator -- {"event":"rca_task_decision","ts":"2026-09-12T05:35:05.263346012Z","run_id":"4480fe3f-bd12-4826-8825-d5ff52a5a0b0","task_id":"50dec198-6734-4fd5-9201-cb0873327c33","attempt_id":"55189dba-ccae-4aa5-9901-056f23da597d","latency_ms":3,"decision":"COMPLETED"}
13:35:05.546 [main] INFO com.objwww.pr.control.alert.application.DeterministicSupervisor -- {"event":"am4_run_reporting","ts":"2026-09-12T05:35:05.546855321Z","run_id":"afdb3355-2cb9-42b7-bba6-fbebb4eada02"}
13:35:05.547 [main] INFO com.objwww.pr.control.alert.application.DeterministicSupervisor -- run afdb3355-2cb9-42b7-bba6-fbebb4eada02 全任务终态 → REPORTING（报告链组装）
13:35:05.676 [main] INFO com.objwww.pr.control.alert.application.DeterministicSupervisor -- {"event":"am4_run_reporting","ts":"2026-09-12T05:35:05.676754828Z","run_id":"d4997e27-e50f-4f7d-a059-0ed20279cb56"}
13:35:05.676 [main] INFO com.objwww.pr.control.alert.application.DeterministicSupervisor -- run d4997e27-e50f-4f7d-a059-0ed20279cb56 全任务终态 → REPORTING（报告链组装）
13:35:05.694 [main] INFO com.objwww.pr.control.alert.application.DeterministicSupervisor -- {"event":"am4_run_reporting","ts":"2026-09-12T05:35:05.694261367Z","run_id":"d2d1c8c6-ff14-4c7a-ba19-ad3d8bf43299"}
13:35:05.694 [main] INFO com.objwww.pr.control.alert.application.DeterministicSupervisor -- run d2d1c8c6-ff14-4c7a-ba19-ad3d8bf43299 全任务终态 → REPORTING（报告链组装）
[INFO] Tests run: 6, Failures: 0, Errors: 0, Skipped: 0, Time elapsed: 0.906 s -- in com.objwww.pr.control.it.Am4E2E06FaultDrillIT
[INFO] Running com.objwww.pr.control.it.PostgresDrillIT
[INFO] Tests run: 9, Failures: 0, Errors: 0, Skipped: 0, Time elapsed: 1.114 s -- in com.objwww.pr.control.it.PostgresDrillIT
[INFO] Running com.objwww.pr.control.it.Am4E2E08ReplayIT
[INFO] Tests run: 2, Failures: 0, Errors: 0, Skipped: 0, Time elapsed: 0.242 s -- in com.objwww.pr.control.it.Am4E2E08ReplayIT
[INFO] Running com.objwww.pr.control.it.PostgresEvalCompareIT
[INFO] Tests run: 5, Failures: 0, Errors: 0, Skipped: 0, Time elapsed: 0.648 s -- in com.objwww.pr.control.it.PostgresEvalCompareIT
[INFO] Running com.objwww.pr.control.it.PostgresArchiveIT
13:35:07.811 [main] INFO com.objwww.pr.control.ops.application.ArchiveService -- CONTROL_ARCHIVE_REJECTED table=rca_event partition=rca_event_2026_10 gate=legal_hold
13:35:07.819 [main] INFO com.objwww.pr.control.ops.application.ArchiveService -- CONTROL_ARCHIVE_REJECTED table=rca_event partition=rca_event_2026_10 gate=legal_hold
13:35:08.017 [main] INFO com.objwww.pr.control.ops.application.ArchiveService -- CONTROL_ARCHIVE_REJECTED table=rca_event partition=rca_event_2026_10 gate=export_failed
13:35:08.117 [main] INFO com.objwww.pr.control.ops.application.ArchiveService -- CONTROL_ARCHIVE_REJECTED table=rca_event partition=rca_event_2026_10 gate=verify_failed
[INFO] Tests run: 5, Failures: 0, Errors: 0, Skipped: 0, Time elapsed: 0.537 s -- in com.objwww.pr.control.it.PostgresArchiveIT
[INFO] Running com.objwww.pr.control.it.ExA2LeaseCancelFenceIT
13:35:08.783 [finisher] INFO com.objwww.pr.control.alert.application.RcaRunOrchestrator -- {"event":"rca_task_decision","ts":"2026-09-12T05:35:08.783022568Z","run_id":"07e6d7ad-e6f0-4d0f-93d3-402e0202e1f5","task_id":"f68093fe-f366-4daf-a20e-63eef8b2a053","attempt_id":"8edf6c20-fdff-4494-836c-43b167fbfd21","run_state":"CANCELLED","decision":"STALE_GENERATION"}
13:35:08.783 [finisher] WARN com.objwww.pr.control.alert.application.RcaRunOrchestrator -- task f68093fe-f366-4daf-a20e-63eef8b2a053 旧代结果作废（run 07e6d7ad-e6f0-4d0f-93d3-402e0202e1f5 state=CANCELLED），task→STALE 零落档
13:35:08.922 [main] WARN com.objwww.pr.control.alert.application.RcaRunOrchestrator -- task ff2a3907-b2b5-489e-ba45-bee7270a6ad2 旧租约提交被拒 owner=worker-a epoch=2
[INFO] Tests run: 5, Failures: 0, Errors: 0, Skipped: 0, Time elapsed: 0.677 s -- in com.objwww.pr.control.it.ExA2LeaseCancelFenceIT
[INFO] Running com.objwww.pr.control.it.En10VersionCenterIT
[INFO] Tests run: 2, Failures: 0, Errors: 0, Skipped: 0, Time elapsed: 0.308 s -- in com.objwww.pr.control.it.En10VersionCenterIT
[INFO] Running com.objwww.pr.control.it.AlertV7MigrationContractIT
[INFO] Tests run: 5, Failures: 0, Errors: 0, Skipped: 0, Time elapsed: 0.551 s -- in com.objwww.pr.control.it.AlertV7MigrationContractIT
[INFO] Running com.objwww.pr.control.it.AlertM3RepositoryIT
[INFO] Tests run: 9, Failures: 0, Errors: 0, Skipped: 0, Time elapsed: 1.181 s -- in com.objwww.pr.control.it.AlertM3RepositoryIT
[INFO] Running com.objwww.pr.control.it.PostgresIncidentQueryReaderIT
[INFO] Tests run: 2, Failures: 0, Errors: 0, Skipped: 0, Time elapsed: 0.294 s -- in com.objwww.pr.control.it.PostgresIncidentQueryReaderIT
[INFO] Running com.objwww.pr.control.it.AlertV9MigrationContractIT
[INFO] Tests run: 9, Failures: 0, Errors: 0, Skipped: 0, Time elapsed: 1.265 s -- in com.objwww.pr.control.it.AlertV9MigrationContractIT
[INFO] Running com.objwww.pr.control.it.AlertRunBudgetLedgerIT
[INFO] Tests run: 9, Failures: 0, Errors: 0, Skipped: 0, Time elapsed: 0.935 s -- in com.objwww.pr.control.it.AlertRunBudgetLedgerIT
[INFO] Running com.objwww.pr.control.it.PostgresEvalCaseEvidenceIT
[INFO] Tests run: 7, Failures: 0, Errors: 0, Skipped: 0, Time elapsed: 0.895 s -- in com.objwww.pr.control.it.PostgresEvalCaseEvidenceIT
[INFO] Running com.objwww.pr.control.it.Am6NativeFullChainIT
13:35:14.511 [main] WARN com.objwww.pr.control.infrastructure.nativeexec.NativeInvestigationExecutor -- run ade0538c-edf0-4d81-a50b-798d7b4537b3 无冻结时间窗（存量行兼容面），回退执行时窗口——F14 冻结语义缺失
13:35:14.536 [main] INFO com.objwww.pr.control.alert.application.DeterministicSupervisor -- {"event":"am4_run_reporting","ts":"2026-09-12T05:35:14.536862976Z","run_id":"ade0538c-edf0-4d81-a50b-798d7b4537b3"}
13:35:14.537 [main] INFO com.objwww.pr.control.alert.application.DeterministicSupervisor -- run ade0538c-edf0-4d81-a50b-798d7b4537b3 全任务终态 → REPORTING（报告链组装）
13:35:14.569 [main] INFO com.objwww.pr.control.infrastructure.nativeexec.NativeInvestigationExecutor -- native 全链完成 run=ade0538c-edf0-4d81-a50b-798d7b4537b3 reportOutcome=CONFIRMED claims=1 validation=STRUCTURE_VALIDATED 快照=7f4fe07992caef0eb7c9c2612a69a720bc307e34a2f7e5b71f1ea08b9b2f3045 主模式=false
13:35:14.581 [main] INFO com.objwww.pr.control.alert.application.RcaRunOrchestrator -- {"event":"rca_task_decision","ts":"2026-09-12T05:35:14.581771709Z","run_id":"ade0538c-edf0-4d81-a50b-798d7b4537b3","task_id":"b3e76a89-dbf9-48f6-821a-4d16f6ea18b3","attempt_id":"ed96688a-03b6-486c-86fb-7e19ea8d42d0","latency_ms":75,"decision":"COMPLETED"}
[INFO] Tests run: 2, Failures: 0, Errors: 0, Skipped: 0, Time elapsed: 0.358 s -- in com.objwww.pr.control.it.Am6NativeFullChainIT
[INFO] Running com.objwww.pr.control.it.En04ConfigEpochIT
[INFO] Tests run: 4, Failures: 0, Errors: 0, Skipped: 0, Time elapsed: 0.499 s -- in com.objwww.pr.control.it.En04ConfigEpochIT
[INFO] Running com.objwww.pr.control.it.AlertDagPromotionIT
[INFO] Tests run: 3, Failures: 0, Errors: 0, Skipped: 0, Time elapsed: 0.386 s -- in com.objwww.pr.control.it.AlertDagPromotionIT
[INFO] Running com.objwww.pr.control.it.PostgresCanaryRoutingIT
[INFO] Tests run: 6, Failures: 0, Errors: 0, Skipped: 0, Time elapsed: 0.892 s -- in com.objwww.pr.control.it.PostgresCanaryRoutingIT
[INFO] Running com.objwww.pr.control.it.ExB2LogQueryIT
13:35:16.631 [main] INFO tc.grafana/loki:3.4.2 -- Creating container for image: grafana/loki:3.4.2
13:35:16.747 [main] INFO tc.grafana/loki:3.4.2 -- Container grafana/loki:3.4.2 is starting: 74d073bd0de369079661f721609139cb371ddf4c10f48f00d23efb3420f0f2ee
13:35:17.038 [main] INFO org.testcontainers.containers.wait.strategy.HttpWaitStrategy -- /zealous_engelbart: Waiting for 60 seconds for URL: http://localhost:33640/ready (where port 33640 maps to container port 3100)
13:35:33.069 [main] INFO tc.grafana/loki:3.4.2 -- Container grafana/loki:3.4.2 started in PT16.438041588S
[INFO] Tests run: 4, Failures: 0, Errors: 0, Skipped: 0, Time elapsed: 16.86 s -- in com.objwww.pr.control.it.ExB2LogQueryIT
[INFO] Running com.objwww.pr.control.it.AlertClaimIT
[INFO] Tests run: 8, Failures: 0, Errors: 0, Skipped: 0, Time elapsed: 0.820 s -- in com.objwww.pr.control.it.AlertClaimIT
[INFO] Running com.objwww.pr.control.it.ExB1ChangeEventIT
13:35:34.316 [main] INFO com.objwww.pr.control.release.application.ConfigBundleService -- bundle 发布: 30ad808ed98886e339611e59f7bac711638e216776d0231c3aad2a5fe468382c revision=1 by=it-op policy=policy-2026-09
13:35:34.317 [main] INFO com.objwww.pr.control.release.application.ConfigBundleService -- bundle 发布: be840a4ff5d98fc58380e1ed2d6501f2a7edb25711430dc0e9023b687140db80 revision=2 by=it-op policy=policy-2026-09
13:35:34.319 [main] INFO com.objwww.pr.control.release.application.ConfigBundleService -- 资格授予: candidate=30ad808ed98886e339611e59f7bac711638e216776d0231c3aad2a5fe468382c verdict=PASS usage=MATCHED by=it-grader
13:35:34.319 [main] INFO com.objwww.pr.control.release.application.ConfigBundleService -- 资格授予: candidate=be840a4ff5d98fc58380e1ed2d6501f2a7edb25711430dc0e9023b687140db80 verdict=PASS usage=MATCHED by=it-grader
13:35:34.323 [main] INFO com.objwww.pr.control.release.application.ConfigBundleService -- ACTIVATE 落位: 30ad808ed98886e339611e59f7bac711638e216776d0231c3aad2a5fe468382c revision=1 by=it-op
13:35:34.328 [main] INFO com.objwww.pr.control.release.application.ConfigBundleService -- ACTIVATE 落位: be840a4ff5d98fc58380e1ed2d6501f2a7edb25711430dc0e9023b687140db80 revision=2 by=it-op
13:35:34.331 [main] INFO com.objwww.pr.control.release.application.ConfigBundleService -- ROLLBACK 落位: 30ad808ed98886e339611e59f7bac711638e216776d0231c3aad2a5fe468382c revision=1 by=it-op
[INFO] Tests run: 4, Failures: 0, Errors: 0, Skipped: 0, Time elapsed: 0.654 s -- in com.objwww.pr.control.it.ExB1ChangeEventIT
[INFO] Running com.objwww.pr.control.it.PostgresRetentionIT
[INFO] Tests run: 4, Failures: 0, Errors: 0, Skipped: 0, Time elapsed: 0.413 s -- in com.objwww.pr.control.it.PostgresRetentionIT
[INFO] Running com.objwww.pr.control.it.CanaryWindowPromotionIT
[INFO] Tests run: 2, Failures: 0, Errors: 0, Skipped: 0, Time elapsed: 0.276 s -- in com.objwww.pr.control.it.CanaryWindowPromotionIT
[INFO] Running com.objwww.pr.control.it.PostgresEvalLifecycleIT
[INFO] Tests run: 5, Failures: 0, Errors: 0, Skipped: 0, Time elapsed: 0.719 s -- in com.objwww.pr.control.it.PostgresEvalLifecycleIT
[INFO] Running com.objwww.pr.control.it.AlertRcaEventIT
[INFO] Tests run: 7, Failures: 0, Errors: 0, Skipped: 0, Time elapsed: 0.722 s -- in com.objwww.pr.control.it.AlertRcaEventIT
[INFO] Running com.objwww.pr.control.it.PostgresEngineComparisonIT
[INFO] Tests run: 2, Failures: 0, Errors: 0, Skipped: 0, Time elapsed: 0.244 s -- in com.objwww.pr.control.it.PostgresEngineComparisonIT
[INFO] Running com.objwww.pr.control.it.PostgresEvalReviewIT
[INFO] Tests run: 5, Failures: 0, Errors: 0, Skipped: 0, Time elapsed: 0.642 s -- in com.objwww.pr.control.it.PostgresEvalReviewIT
[INFO] Running com.objwww.pr.control.it.En05ToolSourcesIT
[INFO] Tests run: 4, Failures: 0, Errors: 0, Skipped: 0, Time elapsed: 0.493 s -- in com.objwww.pr.control.it.En05ToolSourcesIT
[INFO] Running com.objwww.pr.control.it.PostgresContextSummaryIT
[INFO] Tests run: 4, Failures: 0, Errors: 0, Skipped: 0, Time elapsed: 0.568 s -- in com.objwww.pr.control.it.PostgresContextSummaryIT
[INFO] Running com.objwww.pr.control.it.PostgresRunFallbackIT
13:35:39.087 [pool-16-thread-15] WARN com.objwww.pr.control.alert.application.FallbackService -- NATIVE run f1a6b828-a250-40e1-b68d-96326888c774 失败（TIMEOUT）→ 恰一次铸 HOLMES fallback run 5f741ecc-6042-4997-a9c1-776880a8ea62
13:35:39.087 [pool-16-thread-15] INFO com.objwww.pr.control.alert.application.FallbackService -- {"event":"rca_fallback_decision","ts":"2026-09-12T05:35:39.087744823Z","incident_id":"bf217b0a-99a1-447f-aa6c-44b312bfc392","error_class":"TIMEOUT","outcome":"CAST","source_run_id":"f1a6b828-a250-40e1-b68d-96326888c774"}
13:35:39.089 [pool-16-thread-19] INFO com.objwww.pr.control.alert.application.FallbackService -- {"event":"rca_fallback_decision","ts":"2026-09-12T05:35:39.089259856Z","incident_id":"bf217b0a-99a1-447f-aa6c-44b312bfc392","error_class":"TIMEOUT","outcome":"ALREADY_CAST","source_run_id":"f1a6b828-a250-40e1-b68d-96326888c774"}
13:35:39.090 [pool-16-thread-10] INFO com.objwww.pr.control.alert.application.FallbackService -- {"event":"rca_fallback_decision","ts":"2026-09-12T05:35:39.090408309Z","incident_id":"bf217b0a-99a1-447f-aa6c-44b312bfc392","error_class":"TIMEOUT","outcome":"ALREADY_CAST","source_run_id":"f1a6b828-a250-40e1-b68d-96326888c774"}
13:35:39.091 [pool-16-thread-1] INFO com.objwww.pr.control.alert.application.FallbackService -- {"event":"rca_fallback_decision","ts":"2026-09-12T05:35:39.091877947Z","incident_id":"bf217b0a-99a1-447f-aa6c-44b312bfc392","error_class":"TIMEOUT","outcome":"ALREADY_CAST","source_run_id":"f1a6b828-a250-40e1-b68d-96326888c774"}
13:35:39.092 [pool-16-thread-16] INFO com.objwww.pr.control.alert.application.FallbackService -- {"event":"rca_fallback_decision","ts":"2026-09-12T05:35:39.092964483Z","incident_id":"bf217b0a-99a1-447f-aa6c-44b312bfc392","error_class":"TIMEOUT","outcome":"ALREADY_CAST","source_run_id":"f1a6b828-a250-40e1-b68d-96326888c774"}
13:35:39.094 [pool-16-thread-4] INFO com.objwww.pr.control.alert.application.FallbackService -- {"event":"rca_fallback_decision","ts":"2026-09-12T05:35:39.094111312Z","incident_id":"bf217b0a-99a1-447f-aa6c-44b312bfc392","error_class":"TIMEOUT","outcome":"ALREADY_CAST","source_run_id":"f1a6b828-a250-40e1-b68d-96326888c774"}
13:35:39.099 [pool-16-thread-5] INFO com.objwww.pr.control.alert.application.FallbackService -- {"event":"rca_fallback_decision","ts":"2026-09-12T05:35:39.099049482Z","incident_id":"bf217b0a-99a1-447f-aa6c-44b312bfc392","error_class":"TIMEOUT","outcome":"ALREADY_CAST","source_run_id":"f1a6b828-a250-40e1-b68d-96326888c774"}
13:35:39.100 [pool-16-thread-18] INFO com.objwww.pr.control.alert.application.FallbackService -- {"event":"rca_fallback_decision","ts":"2026-09-12T05:35:39.100354039Z","incident_id":"bf217b0a-99a1-447f-aa6c-44b312bfc392","error_class":"TIMEOUT","outcome":"ALREADY_CAST","source_run_id":"f1a6b828-a250-40e1-b68d-96326888c774"}
13:35:39.101 [pool-16-thread-8] INFO com.objwww.pr.control.alert.application.FallbackService -- {"event":"rca_fallback_decision","ts":"2026-09-12T05:35:39.101592902Z","incident_id":"bf217b0a-99a1-447f-aa6c-44b312bfc392","error_class":"TIMEOUT","outcome":"ALREADY_CAST","source_run_id":"f1a6b828-a250-40e1-b68d-96326888c774"}
13:35:39.102 [pool-16-thread-3] INFO com.objwww.pr.control.alert.application.FallbackService -- {"event":"rca_fallback_decision","ts":"2026-09-12T05:35:39.102744230Z","incident_id":"bf217b0a-99a1-447f-aa6c-44b312bfc392","error_class":"TIMEOUT","outcome":"ALREADY_CAST","source_run_id":"f1a6b828-a250-40e1-b68d-96326888c774"}
13:35:39.103 [pool-16-thread-2] INFO com.objwww.pr.control.alert.application.FallbackService -- {"event":"rca_fallback_decision","ts":"2026-09-12T05:35:39.103614208Z","incident_id":"bf217b0a-99a1-447f-aa6c-44b312bfc392","error_class":"TIMEOUT","outcome":"ALREADY_CAST","source_run_id":"f1a6b828-a250-40e1-b68d-96326888c774"}
13:35:39.104 [pool-16-thread-11] INFO com.objwww.pr.control.alert.application.FallbackService -- {"event":"rca_fallback_decision","ts":"2026-09-12T05:35:39.104834075Z","incident_id":"bf217b0a-99a1-447f-aa6c-44b312bfc392","error_class":"TIMEOUT","outcome":"ALREADY_CAST","source_run_id":"f1a6b828-a250-40e1-b68d-96326888c774"}
13:35:39.107 [pool-16-thread-14] INFO com.objwww.pr.control.alert.application.FallbackService -- {"event":"rca_fallback_decision","ts":"2026-09-12T05:35:39.107650429Z","incident_id":"bf217b0a-99a1-447f-aa6c-44b312bfc392","error_class":"TIMEOUT","outcome":"ALREADY_CAST","source_run_id":"f1a6b828-a250-40e1-b68d-96326888c774"}
13:35:39.109 [pool-16-thread-20] INFO com.objwww.pr.control.alert.application.FallbackService -- {"event":"rca_fallback_decision","ts":"2026-09-12T05:35:39.108948484Z","incident_id":"bf217b0a-99a1-447f-aa6c-44b312bfc392","error_class":"TIMEOUT","outcome":"ALREADY_CAST","source_run_id":"f1a6b828-a250-40e1-b68d-96326888c774"}
13:35:39.110 [pool-16-thread-7] INFO com.objwww.pr.control.alert.application.FallbackService -- {"event":"rca_fallback_decision","ts":"2026-09-12T05:35:39.110142463Z","incident_id":"bf217b0a-99a1-447f-aa6c-44b312bfc392","error_class":"TIMEOUT","outcome":"ALREADY_CAST","source_run_id":"f1a6b828-a250-40e1-b68d-96326888c774"}
13:35:39.111 [pool-16-thread-13] INFO com.objwww.pr.control.alert.application.FallbackService -- {"event":"rca_fallback_decision","ts":"2026-09-12T05:35:39.111394981Z","incident_id":"bf217b0a-99a1-447f-aa6c-44b312bfc392","error_class":"TIMEOUT","outcome":"ALREADY_CAST","source_run_id":"f1a6b828-a250-40e1-b68d-96326888c774"}
13:35:39.112 [pool-16-thread-17] INFO com.objwww.pr.control.alert.application.FallbackService -- {"event":"rca_fallback_decision","ts":"2026-09-12T05:35:39.112826978Z","incident_id":"bf217b0a-99a1-447f-aa6c-44b312bfc392","error_class":"TIMEOUT","outcome":"ALREADY_CAST","source_run_id":"f1a6b828-a250-40e1-b68d-96326888c774"}
13:35:39.114 [pool-16-thread-12] INFO com.objwww.pr.control.alert.application.FallbackService -- {"event":"rca_fallback_decision","ts":"2026-09-12T05:35:39.114020646Z","incident_id":"bf217b0a-99a1-447f-aa6c-44b312bfc392","error_class":"TIMEOUT","outcome":"ALREADY_CAST","source_run_id":"f1a6b828-a250-40e1-b68d-96326888c774"}
13:35:39.115 [pool-16-thread-6] INFO com.objwww.pr.control.alert.application.FallbackService -- {"event":"rca_fallback_decision","ts":"2026-09-12T05:35:39.115158228Z","incident_id":"bf217b0a-99a1-447f-aa6c-44b312bfc392","error_class":"TIMEOUT","outcome":"ALREADY_CAST","source_run_id":"f1a6b828-a250-40e1-b68d-96326888c774"}
13:35:39.116 [pool-16-thread-9] INFO com.objwww.pr.control.alert.application.FallbackService -- {"event":"rca_fallback_decision","ts":"2026-09-12T05:35:39.116372555Z","incident_id":"bf217b0a-99a1-447f-aa6c-44b312bfc392","error_class":"TIMEOUT","outcome":"ALREADY_CAST","source_run_id":"f1a6b828-a250-40e1-b68d-96326888c774"}
13:35:39.123 [main] INFO com.objwww.pr.control.alert.application.FallbackService -- {"event":"rca_fallback_decision","ts":"2026-09-12T05:35:39.123689485Z","incident_id":"bf217b0a-99a1-447f-aa6c-44b312bfc392","error_class":"TIMEOUT","outcome":"ALREADY_CAST","source_run_id":"f1a6b828-a250-40e1-b68d-96326888c774"}
13:35:39.269 [main] WARN com.objwww.pr.control.alert.application.FallbackService -- NATIVE run 83855bf1-bcab-4394-aad7-9915f0f7e46e 失败（TIMEOUT）→ 恰一次铸 HOLMES fallback run 1570abe4-7860-449a-b369-3d3908225a06
13:35:39.269 [main] INFO com.objwww.pr.control.alert.application.FallbackService -- {"event":"rca_fallback_decision","ts":"2026-09-12T05:35:39.269909277Z","incident_id":"eac6d4d2-bfae-4739-8788-b063ece8aa56","error_class":"TIMEOUT","outcome":"CAST","source_run_id":"83855bf1-bcab-4394-aad7-9915f0f7e46e"}
13:35:39.599 [main] WARN com.objwww.pr.control.alert.application.FallbackService -- NATIVE run 2ea1f025-0cad-41c0-8b17-39e553d1f0b0 失败（EXECUTOR_ERROR）→ 恰一次铸 HOLMES fallback run 21094754-dcfb-4a00-9b59-f92bde524a1c
13:35:39.599 [main] INFO com.objwww.pr.control.alert.application.FallbackService -- {"event":"rca_fallback_decision","ts":"2026-09-12T05:35:39.599712046Z","incident_id":"d4862aec-b475-48b4-bb87-b0baf4fe7028","error_class":"EXECUTOR_ERROR","outcome":"CAST","source_run_id":"2ea1f025-0cad-41c0-8b17-39e553d1f0b0"}
13:35:39.602 [main] INFO com.objwww.pr.control.alert.application.FallbackService -- {"event":"rca_fallback_decision","ts":"2026-09-12T05:35:39.602656051Z","incident_id":"d4862aec-b475-48b4-bb87-b0baf4fe7028","error_class":"EXECUTOR_ERROR","outcome":"INELIGIBLE_ENGINE","source_run_id":"21094754-dcfb-4a00-9b59-f92bde524a1c"}
13:35:39.607 [main] INFO com.objwww.pr.control.alert.application.FallbackService -- {"event":"rca_fallback_decision","ts":"2026-09-12T05:35:39.607239422Z","incident_id":"b2a5ed80-fbec-49e9-856a-37e9ca314534","error_class":"ADAPTER_PACKAGE_REJECTED","outcome":"INELIGIBLE_ERROR_CLASS","source_run_id":"9bba1962-aca0-4c90-bdd0-6474c14efab0"}
[INFO] Tests run: 4, Failures: 0, Errors: 0, Skipped: 0, Time elapsed: 0.686 s -- in com.objwww.pr.control.it.PostgresRunFallbackIT
[INFO] Running com.objwww.pr.control.it.AlertGenerationFenceIT
13:35:39.887 [main] INFO com.objwww.pr.control.alert.application.RcaRunOrchestrator -- {"event":"rca_task_decision","ts":"2026-09-12T05:35:39.887791802Z","run_id":"3765af96-5630-4abe-bc8f-e0240599fa2a","task_id":"f718d53e-ef4f-4b28-ab11-e40dcf52fab5","attempt_id":"4c78a388-d882-45b8-ba8d-730cb7433897","run_state":"SUPERSEDED","decision":"STALE_GENERATION"}
13:35:39.888 [main] WARN com.objwww.pr.control.alert.application.RcaRunOrchestrator -- task f718d53e-ef4f-4b28-ab11-e40dcf52fab5 旧代结果作废（run 3765af96-5630-4abe-bc8f-e0240599fa2a state=SUPERSEDED），task→STALE 零落档
[INFO] Tests run: 2, Failures: 0, Errors: 0, Skipped: 0, Time elapsed: 0.281 s -- in com.objwww.pr.control.it.AlertGenerationFenceIT
[INFO] Running com.objwww.pr.control.it.AlertEvidenceSnapshotIT
[INFO] Tests run: 3, Failures: 0, Errors: 0, Skipped: 0, Time elapsed: 0.272 s -- in com.objwww.pr.control.it.AlertEvidenceSnapshotIT
[INFO] Running com.objwww.pr.control.it.ExA3DriverRecoveryIT
13:35:40.445 [main] WARN com.objwww.pr.control.infrastructure.nativeexec.NativeInvestigationExecutor -- run 064dc176-a1c0-48f2-b536-e3fa10e750fb 无冻结时间窗（存量行兼容面），回退执行时窗口——F14 冻结语义缺失
13:35:40.466 [main] INFO com.objwww.pr.control.alert.application.DeterministicSupervisor -- {"event":"am4_run_reporting","ts":"2026-09-12T05:35:40.466884005Z","run_id":"064dc176-a1c0-48f2-b536-e3fa10e750fb"}
13:35:40.467 [main] INFO com.objwww.pr.control.alert.application.DeterministicSupervisor -- run 064dc176-a1c0-48f2-b536-e3fa10e750fb 全任务终态 → REPORTING（报告链组装）
13:35:40.476 [main] INFO com.objwww.pr.control.infrastructure.nativeexec.NativeInvestigationExecutor -- native 全链完成 run=064dc176-a1c0-48f2-b536-e3fa10e750fb reportOutcome=CONFIRMED claims=1 validation=STRUCTURE_VALIDATED 快照=0e1e5b2b0973cbb5b790446f79f0b2c3c8dbd22578d821cc843b315535000763 主模式=false
13:35:40.488 [main] WARN com.objwww.pr.control.infrastructure.nativeexec.NativeInvestigationExecutor -- run 064dc176-a1c0-48f2-b536-e3fa10e750fb 无冻结时间窗（存量行兼容面），回退执行时窗口——F14 冻结语义缺失
13:35:40.492 [main] WARN com.objwww.pr.control.infrastructure.nativeexec.NativeInvestigationExecutor -- 阶段②恢复：悬挂 PENDING → UNKNOWN（发送后结果未知，预算占用保留）op=a0584712-7e94-4827-a359-a96219dd5849
13:35:40.506 [main] INFO com.objwww.pr.control.infrastructure.nativeexec.NativeInvestigationExecutor -- native 全链完成 run=064dc176-a1c0-48f2-b536-e3fa10e750fb reportOutcome=CONFIRMED claims=1 validation=STRUCTURE_VALIDATED 快照=92ceb985bda0c48195d5bd71e466b9bd3f1058d88a72dfe01c6be7e0996d04ca 主模式=false
13:35:40.901 [main] WARN com.objwww.pr.control.infrastructure.nativeexec.NativeInvestigationExecutor -- run 71bd6a39-0dec-4d5f-8c61-6c21354f8290 无冻结时间窗（存量行兼容面），回退执行时窗口——F14 冻结语义缺失
13:35:40.920 [main] INFO com.objwww.pr.control.alert.application.DeterministicSupervisor -- {"event":"am4_run_reporting","ts":"2026-09-12T05:35:40.920727689Z","run_id":"71bd6a39-0dec-4d5f-8c61-6c21354f8290"}
13:35:40.920 [main] INFO com.objwww.pr.control.alert.application.DeterministicSupervisor -- run 71bd6a39-0dec-4d5f-8c61-6c21354f8290 全任务终态 → REPORTING（报告链组装）
13:35:40.928 [main] INFO com.objwww.pr.control.infrastructure.nativeexec.NativeInvestigationExecutor -- native 全链完成 run=71bd6a39-0dec-4d5f-8c61-6c21354f8290 reportOutcome=CONFIRMED claims=1 validation=STRUCTURE_VALIDATED 快照=0e1e5b2b0973cbb5b790446f79f0b2c3c8dbd22578d821cc843b315535000763 主模式=false
13:35:40.936 [main] WARN com.objwww.pr.control.infrastructure.nativeexec.NativeInvestigationExecutor -- run 71bd6a39-0dec-4d5f-8c61-6c21354f8290 无冻结时间窗（存量行兼容面），回退执行时窗口——F14 冻结语义缺失
13:35:40.939 [main] INFO com.objwww.pr.control.infrastructure.nativeexec.NativeInvestigationExecutor -- DAG 任务 e7a6fe05-3d1d-4480-8d97-a0c590b6f82a 阶段③恢复：result_ref 幂等收尾（零触网）key=investigate-metrics
13:35:40.947 [main] INFO com.objwww.pr.control.infrastructure.nativeexec.NativeInvestigationExecutor -- native 全链完成 run=71bd6a39-0dec-4d5f-8c61-6c21354f8290 reportOutcome=CONFIRMED claims=1 validation=STRUCTURE_VALIDATED 快照=0e1e5b2b0973cbb5b790446f79f0b2c3c8dbd22578d821cc843b315535000763 主模式=false
[INFO] Tests run: 5, Failures: 0, Errors: 0, Skipped: 0, Time elapsed: 0.786 s -- in com.objwww.pr.control.it.ExA3DriverRecoveryIT
[INFO] Running com.objwww.pr.control.it.PostgresRcaModelCallUsageReaderIT
[INFO] Tests run: 3, Failures: 0, Errors: 0, Skipped: 0, Time elapsed: 0.377 s -- in com.objwww.pr.control.it.PostgresRcaModelCallUsageReaderIT
[INFO] 
[INFO] Results:
[INFO] 
[INFO] Tests run: 265, Failures: 0, Errors: 0, Skipped: 0
[INFO] 
[INFO] 
[INFO] --- failsafe:3.5.3:verify (default) @ control-app ---
[INFO] 
[INFO] ---------------------< com.objwww.pr:order-arena >----------------------
[INFO] Building order-arena 0.0.1-SNAPSHOT                                [4/7]
[INFO]   from order-arena/pom.xml
[INFO] --------------------------------[ jar ]---------------------------------
[INFO] 
[INFO] --- resources:3.3.1:resources (default-resources) @ order-arena ---
[INFO] Copying 2 resources from src/main/resources to target/classes
[INFO] Copying 7 resources from src/main/resources to target/classes
[INFO] 
[INFO] --- compiler:3.13.0:compile (default-compile) @ order-arena ---
[INFO] Nothing to compile - all classes are up to date.
[INFO] 
[INFO] --- resources:3.3.1:testResources (default-testResources) @ order-arena ---
[INFO] skip non existing resourceDirectory /opt/build/pr/order-arena/src/test/resources
[INFO] 
[INFO] --- compiler:3.13.0:testCompile (default-testCompile) @ order-arena ---
[INFO] Nothing to compile - all classes are up to date.
[INFO] 
[INFO] --- surefire:3.5.3:test (default-test) @ order-arena ---
[INFO] Using auto detected provider org.apache.maven.surefire.junitplatform.JUnitPlatformProvider
[INFO] 
[INFO] -------------------------------------------------------
[INFO]  T E S T S
[INFO] -------------------------------------------------------
[INFO] Running com.objwww.pr.arena.domain.statemachine.StateMachineExhaustiveTest
[INFO] Tests run: 5, Failures: 0, Errors: 0, Skipped: 0, Time elapsed: 0.119 s -- in com.objwww.pr.arena.domain.statemachine.StateMachineExhaustiveTest
[INFO] Running com.objwww.pr.arena.ArenaArchitectureTest
13:35:43.049 [main] INFO com.tngtech.archunit.core.PluginLoader -- Detected Java version 21.0.12.1
[INFO] Tests run: 3, Failures: 0, Errors: 0, Skipped: 0, Time elapsed: 2.179 s -- in com.objwww.pr.arena.ArenaArchitectureTest
[INFO] Running com.objwww.pr.arena.deploy.ComposeTopologyContractTest
[INFO] Tests run: 10, Failures: 0, Errors: 0, Skipped: 0, Time elapsed: 0.106 s -- in com.objwww.pr.arena.deploy.ComposeTopologyContractTest
[INFO] Running com.objwww.pr.arena.application.TrafficGeneratorTest
[INFO] Tests run: 2, Failures: 0, Errors: 0, Skipped: 0, Time elapsed: 0.061 s -- in com.objwww.pr.arena.application.TrafficGeneratorTest
[INFO] Running com.objwww.pr.arena.ArenaContextSmokeTest
13:35:45.468 [main] INFO org.springframework.test.context.support.AnnotationConfigContextLoaderUtils -- Could not detect default configuration classes for test class [com.objwww.pr.arena.ArenaContextSmokeTest]: ArenaContextSmokeTest does not declare any static, non-private, non-final, nested classes annotated with @Configuration.
13:35:45.577 [main] INFO org.springframework.boot.test.context.SpringBootTestContextBootstrapper -- Found @SpringBootConfiguration com.objwww.pr.arena.ArenaApplication for test class com.objwww.pr.arena.ArenaContextSmokeTest

  .   ____          _            __ _ _
 /\\ / ___'_ __ _ _(_)_ __  __ _ \ \ \ \
( ( )\___ | '_ | '_| | '_ \/ _` | \ \ \ \
 \\/  ___)| |_)| | | | | || (_| |  ) ) ) )
  '  |____| .__|_| |_|_| |_\__, | / / / /
 =========|_|==============|___/=/_/_/_/

 :: Spring Boot ::                (v3.4.5)

2026-09-12T13:35:46.180+08:00  INFO 16825 --- [order-arena] [           main] c.objwww.pr.arena.ArenaContextSmokeTest  : Starting ArenaContextSmokeTest using Java 21.0.12.1 with PID 16825 (started by root in /opt/build/pr/order-arena)
2026-09-12T13:35:46.181+08:00  INFO 16825 --- [order-arena] [           main] c.objwww.pr.arena.ArenaContextSmokeTest  : No active profile set, falling back to 1 default profile: "default"
2026-09-12T13:35:47.596+08:00  INFO 16825 --- [order-arena] [           main] c.objwww.pr.arena.ArenaContextSmokeTest  : Started ArenaContextSmokeTest in 1.828 seconds (process running for 5.585)
Mockito is currently self-attaching to enable the inline-mock-maker. This will no longer work in future releases of the JDK. Please add Mockito as an agent to your build what is described in Mockito's documentation: https://javadoc.io/doc/org.mockito/mockito-core/latest/org/mockito/Mockito.html#0.3
OpenJDK 64-Bit Server VM warning: Sharing is only supported for boot loader classes because bootstrap classpath has been appended
WARNING: A Java agent has been loaded dynamically (/root/.m2/repository/net/bytebuddy/byte-buddy-agent/1.15.11/byte-buddy-agent-1.15.11.jar)
WARNING: If a serviceability tool is in use, please run with -XX:+EnableDynamicAgentLoading to hide this warning
WARNING: If a serviceability tool is not in use, please run with -Djdk.instrument.traceUsage for more information
WARNING: Dynamic loading of agents will be disallowed by default in a future release
[INFO] Tests run: 2, Failures: 0, Errors: 0, Skipped: 0, Time elapsed: 2.857 s -- in com.objwww.pr.arena.ArenaContextSmokeTest
[INFO] Running com.objwww.pr.arena.interfaces.OrderControllerTest
2026-09-12T13:35:48.275+08:00  INFO 16825 --- [order-arena] [           main] o.s.mock.web.MockServletContext          : Initializing Spring TestDispatcherServlet ''
2026-09-12T13:35:48.276+08:00  INFO 16825 --- [order-arena] [           main] o.s.t.web.servlet.TestDispatcherServlet  : Initializing Servlet ''
2026-09-12T13:35:48.278+08:00  INFO 16825 --- [order-arena] [           main] o.s.t.web.servlet.TestDispatcherServlet  : Completed initialization in 1 ms
2026-09-12T13:35:48.429+08:00  INFO 16825 --- [order-arena] [           main] o.s.mock.web.MockServletContext          : Initializing Spring TestDispatcherServlet ''
2026-09-12T13:35:48.429+08:00  INFO 16825 --- [order-arena] [           main] o.s.t.web.servlet.TestDispatcherServlet  : Initializing Servlet ''
2026-09-12T13:35:48.430+08:00  INFO 16825 --- [order-arena] [           main] o.s.t.web.servlet.TestDispatcherServlet  : Completed initialization in 1 ms
2026-09-12T13:35:48.441+08:00  INFO 16825 --- [order-arena] [           main] o.s.mock.web.MockServletContext          : Initializing Spring TestDispatcherServlet ''
2026-09-12T13:35:48.441+08:00  INFO 16825 --- [order-arena] [           main] o.s.t.web.servlet.TestDispatcherServlet  : Initializing Servlet ''
2026-09-12T13:35:48.441+08:00  INFO 16825 --- [order-arena] [           main] o.s.t.web.servlet.TestDispatcherServlet  : Completed initialization in 0 ms
2026-09-12T13:35:48.460+08:00  INFO 16825 --- [order-arena] [           main] o.s.mock.web.MockServletContext          : Initializing Spring TestDispatcherServlet ''
2026-09-12T13:35:48.461+08:00  INFO 16825 --- [order-arena] [           main] o.s.t.web.servlet.TestDispatcherServlet  : Initializing Servlet ''
2026-09-12T13:35:48.461+08:00  INFO 16825 --- [order-arena] [           main] o.s.t.web.servlet.TestDispatcherServlet  : Completed initialization in 0 ms
2026-09-12T13:35:48.472+08:00  INFO 16825 --- [order-arena] [           main] o.s.mock.web.MockServletContext          : Initializing Spring TestDispatcherServlet ''
2026-09-12T13:35:48.472+08:00  INFO 16825 --- [order-arena] [           main] o.s.t.web.servlet.TestDispatcherServlet  : Initializing Servlet ''
2026-09-12T13:35:48.472+08:00  INFO 16825 --- [order-arena] [           main] o.s.t.web.servlet.TestDispatcherServlet  : Completed initialization in 0 ms
2026-09-12T13:35:48.488+08:00  INFO 16825 --- [order-arena] [           main] o.s.mock.web.MockServletContext          : Initializing Spring TestDispatcherServlet ''
2026-09-12T13:35:48.488+08:00  INFO 16825 --- [order-arena] [           main] o.s.t.web.servlet.TestDispatcherServlet  : Initializing Servlet ''
2026-09-12T13:35:48.488+08:00  INFO 16825 --- [order-arena] [           main] o.s.t.web.servlet.TestDispatcherServlet  : Completed initialization in 0 ms
2026-09-12T13:35:48.498+08:00  INFO 16825 --- [order-arena] [           main] o.s.mock.web.MockServletContext          : Initializing Spring TestDispatcherServlet ''
2026-09-12T13:35:48.498+08:00  INFO 16825 --- [order-arena] [           main] o.s.t.web.servlet.TestDispatcherServlet  : Initializing Servlet ''
2026-09-12T13:35:48.498+08:00  INFO 16825 --- [order-arena] [           main] o.s.t.web.servlet.TestDispatcherServlet  : Completed initialization in 0 ms
2026-09-12T13:35:48.509+08:00  INFO 16825 --- [order-arena] [           main] o.s.mock.web.MockServletContext          : Initializing Spring TestDispatcherServlet ''
2026-09-12T13:35:48.509+08:00  INFO 16825 --- [order-arena] [           main] o.s.t.web.servlet.TestDispatcherServlet  : Initializing Servlet ''
2026-09-12T13:35:48.509+08:00  INFO 16825 --- [order-arena] [           main] o.s.t.web.servlet.TestDispatcherServlet  : Completed initialization in 0 ms
[INFO] Tests run: 8, Failures: 0, Errors: 0, Skipped: 0, Time elapsed: 0.264 s -- in com.objwww.pr.arena.interfaces.OrderControllerTest
[INFO] 
[INFO] Results:
[INFO] 
[INFO] Tests run: 30, Failures: 0, Errors: 0, Skipped: 0
[INFO] 
[INFO] 
[INFO] --- jar:3.4.2:jar (default-jar) @ order-arena ---
[INFO] 
[INFO] --- spring-boot:3.4.5:repackage (repackage) @ order-arena ---
[INFO] Attaching repackaged archive /opt/build/pr/order-arena/target/order-arena-0.0.1-SNAPSHOT-exec.jar with classifier exec
[INFO] 
[INFO] --- failsafe:3.5.3:integration-test (default) @ order-arena ---
[INFO] Using auto detected provider org.apache.maven.surefire.junitplatform.JUnitPlatformProvider
[INFO] 
[INFO] -------------------------------------------------------
[INFO]  T E S T S
[INFO] -------------------------------------------------------
13:35:49.648 [main] INFO org.testcontainers.DockerClientFactory -- Testcontainers version: 1.20.4
13:35:49.827 [main] INFO org.testcontainers.dockerclient.DockerClientProviderStrategy -- Loaded org.testcontainers.dockerclient.UnixSocketClientProviderStrategy from ~/.testcontainers.properties, will try it first
13:35:50.125 [main] INFO org.testcontainers.dockerclient.DockerClientProviderStrategy -- Found Docker environment with local Unix socket (unix:///var/run/docker.sock)
13:35:50.127 [main] INFO org.testcontainers.DockerClientFactory -- Docker host IP address is localhost
13:35:50.142 [main] INFO org.testcontainers.DockerClientFactory -- Connected to docker: 
  Server Version: 26.1.4
  API Version: 1.45
  Operating System: CentOS Linux 7 (Core)
  Total Memory: 7725 MB
13:35:50.152 [main] INFO org.testcontainers.images.PullPolicy -- Image pull policy will be performed by: DefaultPullPolicy()
13:35:50.154 [main] INFO org.testcontainers.utility.ImageNameSubstitutor -- Image name substitution will be performed by: DefaultImageNameSubstitutor (composite of 'ConfigurationFileImageNameSubstitutor' and 'PrefixingImageNameSubstitutor')
13:35:50.223 [main] INFO tc.testcontainers/ryuk:0.11.0 -- Creating container for image: testcontainers/ryuk:0.11.0
13:35:50.229 [main] INFO org.testcontainers.utility.RegistryAuthLocator -- Failure when attempting to lookup auth config. Please ignore if you don't have images in an authenticated registry. Details: (dockerImageName: testcontainers/ryuk:0.11.0, configFile: /root/.docker/config.json, configEnv: DOCKER_AUTH_CONFIG). Falling back to docker-java default behaviour. Exception message: Status 404: No config supplied. Checked in order: /root/.docker/config.json (file not found), DOCKER_AUTH_CONFIG (not set)
13:35:50.398 [main] INFO tc.testcontainers/ryuk:0.11.0 -- Container testcontainers/ryuk:0.11.0 is starting: 748229eebed8b721e11fe44fbe72f98f8b03a510909926e9bc638aeb3064b7ad
13:35:50.728 [main] INFO tc.testcontainers/ryuk:0.11.0 -- Container testcontainers/ryuk:0.11.0 started in PT0.504258035S
13:35:50.737 [main] INFO org.testcontainers.utility.RyukResourceReaper -- Ryuk started - will monitor and terminate Testcontainers containers on JVM exit
13:35:50.737 [main] INFO org.testcontainers.DockerClientFactory -- Checking the system...
13:35:50.738 [main] INFO org.testcontainers.DockerClientFactory -- ✔︎ Docker server version should be at least 1.6.0
[INFO] Running com.objwww.pr.arena.it.DomainProbeEpisodeIT
13:35:50.763 [main] INFO tc.postgres:16-alpine -- Creating container for image: postgres:16-alpine
13:35:50.843 [main] INFO tc.postgres:16-alpine -- Container postgres:16-alpine is starting: 265f51e4b3df45bed339ac16db87ff7e52c34c91371f67c4e8c93118c8b5ce28
13:35:52.062 [main] INFO tc.postgres:16-alpine -- Container postgres:16-alpine started in PT1.299014681S
13:35:52.063 [main] INFO tc.postgres:16-alpine -- Container is started (JDBC URL: jdbc:postgresql://localhost:33642/test?loggerLevel=OFF)
13:35:52.072 [main] INFO com.zaxxer.hikari.HikariDataSource -- HikariPool-1 - Starting...
13:35:52.341 [main] INFO com.zaxxer.hikari.pool.HikariPool -- HikariPool-1 - Added connection org.postgresql.jdbc.PgConnection@369c9bb
13:35:52.343 [main] INFO com.zaxxer.hikari.HikariDataSource -- HikariPool-1 - Start completed.
13:35:52.939 [main] INFO org.flywaydb.core.FlywayExecutor -- Database: jdbc:postgresql://localhost:33642/test?loggerLevel=OFF (PostgreSQL 16.15)
13:35:53.070 [main] INFO org.flywaydb.core.internal.database.base.Schema -- Creating schema "arena" ...
13:35:53.084 [main] INFO org.flywaydb.core.internal.schemahistory.JdbcTableSchemaHistory -- Creating Schema History table "arena"."flyway_schema_history" ...
13:35:53.173 [main] INFO org.flywaydb.core.internal.command.DbMigrate -- Current version of schema "arena": null
13:35:53.230 [main] INFO org.flywaydb.core.internal.command.DbMigrate -- Migrating schema "arena" to version "1 - am2 order base"
13:35:53.237 [main] WARN org.flywaydb.core.internal.sqlscript.DefaultSqlScriptExecutor -- DB: schema "arena" already exists, skipping (SQL State: 42P06 - Error Code: 0)
13:35:53.346 [main] INFO org.flywaydb.core.internal.command.DbMigrate -- Migrating schema "arena" to version "2 - am2 compensation outbox"
13:35:53.409 [main] INFO org.flywaydb.core.internal.command.DbMigrate -- Migrating schema "arena" to version "3 - am2 chaos gt"
13:35:53.449 [main] INFO org.flywaydb.core.internal.command.DbMigrate -- Migrating schema "arena" to version "4 - am2 probe reconcile"
13:35:53.478 [main] INFO org.flywaydb.core.internal.command.DbMigrate -- Migrating schema "arena" to version "5 - am2 scenario map"
13:35:53.493 [main] INFO org.flywaydb.core.internal.command.DbMigrate -- Migrating schema "arena" to version "6 - am2 drop map fp unique"
13:35:53.508 [main] INFO org.flywaydb.core.internal.command.DbMigrate -- Migrating schema "arena" to version "7 - am3 eval gt barrier"
13:35:53.524 [main] INFO org.flywaydb.core.internal.command.DbMigrate -- Successfully applied 7 migrations to schema "arena", now at version v7 (execution time 00:00.203s)
13:35:53.540 [main] INFO com.zaxxer.hikari.HikariDataSource -- HikariPool-2 - Starting...
13:35:53.577 [main] INFO com.zaxxer.hikari.pool.HikariPool -- HikariPool-2 - Added connection org.postgresql.jdbc.PgConnection@65d8dff8
13:35:53.578 [main] INFO com.zaxxer.hikari.HikariDataSource -- HikariPool-2 - Start completed.
13:35:53.578 [main] INFO com.zaxxer.hikari.HikariDataSource -- HikariPool-3 - Starting...
13:35:53.609 [main] INFO com.zaxxer.hikari.pool.HikariPool -- HikariPool-3 - Added connection org.postgresql.jdbc.PgConnection@2d5ef498
13:35:53.610 [main] INFO com.zaxxer.hikari.HikariDataSource -- HikariPool-3 - Start completed.
13:35:53.610 [main] INFO com.zaxxer.hikari.HikariDataSource -- HikariPool-4 - Starting...
13:35:53.632 [main] INFO com.zaxxer.hikari.pool.HikariPool -- HikariPool-4 - Added connection org.postgresql.jdbc.PgConnection@37b56ac7
13:35:53.633 [main] INFO com.zaxxer.hikari.HikariDataSource -- HikariPool-4 - Start completed.
13:35:53.864 [main] WARN com.objwww.pr.arena.application.DomainProbe -- 领域探针失明（保留末值，不伪装恢复）: simulated outage
[INFO] Tests run: 3, Failures: 0, Errors: 0, Skipped: 0, Time elapsed: 3.327 s -- in com.objwww.pr.arena.it.DomainProbeEpisodeIT
[INFO] Running com.objwww.pr.arena.it.ChaosRecoveryIT
13:35:54.167 [main] INFO com.objwww.pr.arena.application.chaos.ChaosRecoveryService -- F1 恢复收口: scenario=f1-sc-paid 重复行=2 补偿=1
13:35:54.244 [main] WARN com.objwww.pr.arena.application.chaos.ChaosRecoveryService -- F2 注入回跳: scenario=f2-sc-it 单数=1
13:35:54.253 [main] WARN com.objwww.pr.arena.application.chaos.ChaosRecoveryService -- F2 注入回跳: scenario=f2-sc-it 单数=1
13:35:54.264 [main] INFO com.objwww.pr.arena.application.chaos.ChaosRecoveryService -- F2 恢复收口: scenario=f2-sc-it 恢复=2
13:35:54.277 [main] INFO com.objwww.pr.arena.application.chaos.ChaosRecoveryService -- F2 恢复收口: scenario=f2-sc-it 恢复=0
13:35:54.310 [main] INFO com.objwww.pr.arena.application.chaos.ChaosRecoveryService -- F1 恢复收口: scenario=f1-sc-rec 重复行=2 补偿=1
[INFO] Tests run: 3, Failures: 0, Errors: 0, Skipped: 0, Time elapsed: 0.245 s -- in com.objwww.pr.arena.it.ChaosRecoveryIT
[INFO] Running com.objwww.pr.arena.it.F3ReconcileIT
13:35:54.373 [main] INFO com.objwww.pr.arena.application.F3ReconcileService -- F3 CAPTURE 迟到成功，补 PAID: order=1ab9c25d-da39-44f9-b7b6-6c0dedddafe0
13:35:54.398 [main] INFO com.objwww.pr.arena.application.F3ReconcileService -- F3 AUTH 迟到成功，补 ENABLE: order=e4bf0523-15b2-463b-be6b-7e6ffd7e9270
13:35:54.427 [main] INFO com.objwww.pr.arena.application.F3ReconcileService -- F3 AUTH 裁定拒绝，废单补偿: order=cc54a08d-3ca1-4ffd-8f53-cdf3ca4518cc
13:35:54.454 [main] INFO com.objwww.pr.arena.application.F3ReconcileService -- F3 AUTH 裁定拒绝，废单补偿: order=38723eb1-2a84-4c8a-bf75-689f4e51da5a
[INFO] Tests run: 5, Failures: 0, Errors: 0, Skipped: 0, Time elapsed: 0.135 s -- in com.objwww.pr.arena.it.F3ReconcileIT
[INFO] Running com.objwww.pr.arena.it.ArenaV3ChaosMigrationIT
[INFO] Tests run: 11, Failures: 0, Errors: 0, Skipped: 0, Time elapsed: 0.300 s -- in com.objwww.pr.arena.it.ArenaV3ChaosMigrationIT
[INFO] Running com.objwww.pr.arena.it.ArenaV2OutboxMigrationIT
[INFO] Tests run: 5, Failures: 0, Errors: 0, Skipped: 0, Time elapsed: 0.130 s -- in com.objwww.pr.arena.it.ArenaV2OutboxMigrationIT
[INFO] Running com.objwww.pr.arena.it.ArenaPermissionMatrixIT
[INFO] Tests run: 7, Failures: 0, Errors: 0, Skipped: 0, Time elapsed: 0.194 s -- in com.objwww.pr.arena.it.ArenaPermissionMatrixIT
[INFO] Running com.objwww.pr.arena.it.PostgresChaosSwitchboardIT
13:35:55.136 [main] INFO com.zaxxer.hikari.HikariDataSource -- HikariPool-5 - Starting...
13:35:55.137 [main] INFO com.zaxxer.hikari.HikariDataSource -- HikariPool-5 - Start completed.
13:35:55.444 [main] WARN com.objwww.pr.arena.application.chaos.ChaosSwitchboard -- chaos 开关读面 fail-closed: Connection refused
13:35:55.745 [main] WARN com.objwww.pr.arena.application.chaos.ChaosSwitchboard -- chaos 会话读面 fail-closed: Connection refused
13:35:55.746 [main] INFO com.zaxxer.hikari.HikariDataSource -- HikariPool-5 - Shutdown initiated...
13:35:55.775 [main] INFO com.zaxxer.hikari.HikariDataSource -- HikariPool-5 - Shutdown completed.
[INFO] Tests run: 4, Failures: 0, Errors: 0, Skipped: 0, Time elapsed: 0.736 s -- in com.objwww.pr.arena.it.PostgresChaosSwitchboardIT
[INFO] Running com.objwww.pr.arena.it.PostgresIdempotencyRepositoryIT
[INFO] Tests run: 6, Failures: 0, Errors: 0, Skipped: 0, Time elapsed: 0.222 s -- in com.objwww.pr.arena.it.PostgresIdempotencyRepositoryIT
[INFO] Running com.objwww.pr.arena.it.ArenaEvalGtBarrierIT
[INFO] Tests run: 4, Failures: 0, Errors: 0, Skipped: 0, Time elapsed: 0.099 s -- in com.objwww.pr.arena.it.ArenaEvalGtBarrierIT
[INFO] Running com.objwww.pr.arena.it.ArenaV1MigrationContractIT
[INFO] Tests run: 10, Failures: 0, Errors: 0, Skipped: 0, Time elapsed: 0.232 s -- in com.objwww.pr.arena.it.ArenaV1MigrationContractIT
[INFO] 
[INFO] Results:
[INFO] 
[INFO] Tests run: 58, Failures: 0, Errors: 0, Skipped: 0
[INFO] 
[INFO] 
[INFO] --- failsafe:3.5.3:verify (default) @ order-arena ---
[INFO] 
[INFO] ------------------< com.objwww.pr:arena-chaos-admin >-------------------
[INFO] Building arena-chaos-admin 0.0.1-SNAPSHOT                          [5/7]
[INFO]   from arena-chaos-admin/pom.xml
[INFO] --------------------------------[ jar ]---------------------------------
[INFO] 
[INFO] --- resources:3.3.1:resources (default-resources) @ arena-chaos-admin ---
[INFO] Copying 2 resources from src/main/resources to target/classes
[INFO] Copying 0 resource from src/main/resources to target/classes
[INFO] 
[INFO] --- compiler:3.13.0:compile (default-compile) @ arena-chaos-admin ---
[INFO] Nothing to compile - all classes are up to date.
[INFO] 
[INFO] --- resources:3.3.1:testResources (default-testResources) @ arena-chaos-admin ---
[INFO] skip non existing resourceDirectory /opt/build/pr/arena-chaos-admin/src/test/resources
[INFO] 
[INFO] --- compiler:3.13.0:testCompile (default-testCompile) @ arena-chaos-admin ---
[INFO] Nothing to compile - all classes are up to date.
[INFO] 
[INFO] --- surefire:3.5.3:test (default-test) @ arena-chaos-admin ---
[INFO] Using auto detected provider org.apache.maven.surefire.junitplatform.JUnitPlatformProvider
[INFO] 
[INFO] -------------------------------------------------------
[INFO]  T E S T S
[INFO] -------------------------------------------------------
[INFO] Running com.objwww.pr.arenaadmin.fingerprint.AlertmanagerFingerprintTest
[INFO] Tests run: 5, Failures: 0, Errors: 0, Skipped: 0, Time elapsed: 0.102 s -- in com.objwww.pr.arenaadmin.fingerprint.AlertmanagerFingerprintTest
[INFO] Running com.objwww.pr.arenaadmin.interfaces.ChaosAdminControllerTest
Mockito is currently self-attaching to enable the inline-mock-maker. This will no longer work in future releases of the JDK. Please add Mockito as an agent to your build what is described in Mockito's documentation: https://javadoc.io/doc/org.mockito/mockito-core/latest/org/mockito/Mockito.html#0.3
WARNING: A Java agent has been loaded dynamically (/root/.m2/repository/net/bytebuddy/byte-buddy-agent/1.15.11/byte-buddy-agent-1.15.11.jar)
WARNING: If a serviceability tool is in use, please run with -XX:+EnableDynamicAgentLoading to hide this warning
WARNING: If a serviceability tool is not in use, please run with -Djdk.instrument.traceUsage for more information
WARNING: Dynamic loading of agents will be disallowed by default in a future release
OpenJDK 64-Bit Server VM warning: Sharing is only supported for boot loader classes because bootstrap classpath has been appended
13:35:59.302 [main] INFO org.springframework.mock.web.MockServletContext -- Initializing Spring TestDispatcherServlet ''
13:35:59.304 [main] INFO org.springframework.test.web.servlet.TestDispatcherServlet -- Initializing Servlet ''
13:35:59.308 [main] INFO org.springframework.test.web.servlet.TestDispatcherServlet -- Completed initialization in 3 ms
13:35:59.331 [main] INFO org.springframework.mock.web.MockServletContext -- Initializing Spring TestDispatcherServlet ''
13:35:59.332 [main] INFO org.springframework.test.web.servlet.TestDispatcherServlet -- Initializing Servlet ''
13:35:59.332 [main] INFO org.springframework.test.web.servlet.TestDispatcherServlet -- Completed initialization in 0 ms
13:35:59.630 [main] WARN com.objwww.pr.arenaadmin.interfaces.ChaosAdminController -- chaos 关闭: F3 scenario=f3-e2e-001（进入 RECOVERING，等待恢复收口）
13:35:59.782 [main] INFO org.springframework.mock.web.MockServletContext -- Initializing Spring TestDispatcherServlet ''
13:35:59.783 [main] INFO org.springframework.test.web.servlet.TestDispatcherServlet -- Initializing Servlet ''
13:35:59.783 [main] INFO org.springframework.test.web.servlet.TestDispatcherServlet -- Completed initialization in 0 ms
13:35:59.789 [main] INFO org.springframework.mock.web.MockServletContext -- Initializing Spring TestDispatcherServlet ''
13:35:59.789 [main] INFO org.springframework.test.web.servlet.TestDispatcherServlet -- Initializing Servlet ''
13:35:59.790 [main] INFO org.springframework.test.web.servlet.TestDispatcherServlet -- Completed initialization in 0 ms
13:35:59.825 [main] INFO org.springframework.mock.web.MockServletContext -- Initializing Spring TestDispatcherServlet ''
13:35:59.825 [main] INFO org.springframework.test.web.servlet.TestDispatcherServlet -- Initializing Servlet ''
13:35:59.826 [main] INFO org.springframework.test.web.servlet.TestDispatcherServlet -- Completed initialization in 0 ms
13:35:59.833 [main] INFO org.springframework.mock.web.MockServletContext -- Initializing Spring TestDispatcherServlet ''
13:35:59.833 [main] INFO org.springframework.test.web.servlet.TestDispatcherServlet -- Initializing Servlet ''
13:35:59.833 [main] INFO org.springframework.test.web.servlet.TestDispatcherServlet -- Completed initialization in 0 ms
13:35:59.851 [main] INFO org.springframework.mock.web.MockServletContext -- Initializing Spring TestDispatcherServlet ''
13:35:59.851 [main] INFO org.springframework.test.web.servlet.TestDispatcherServlet -- Initializing Servlet ''
13:35:59.851 [main] INFO org.springframework.test.web.servlet.TestDispatcherServlet -- Completed initialization in 0 ms
13:35:59.858 [main] INFO org.springframework.mock.web.MockServletContext -- Initializing Spring TestDispatcherServlet ''
13:35:59.858 [main] INFO org.springframework.test.web.servlet.TestDispatcherServlet -- Initializing Servlet ''
13:35:59.858 [main] INFO org.springframework.test.web.servlet.TestDispatcherServlet -- Completed initialization in 0 ms
13:35:59.873 [main] INFO org.springframework.mock.web.MockServletContext -- Initializing Spring TestDispatcherServlet ''
13:35:59.873 [main] INFO org.springframework.test.web.servlet.TestDispatcherServlet -- Initializing Servlet ''
13:35:59.873 [main] INFO org.springframework.test.web.servlet.TestDispatcherServlet -- Completed initialization in 0 ms
13:35:59.879 [main] INFO org.springframework.mock.web.MockServletContext -- Initializing Spring TestDispatcherServlet ''
13:35:59.879 [main] INFO org.springframework.test.web.servlet.TestDispatcherServlet -- Initializing Servlet ''
13:35:59.879 [main] INFO org.springframework.test.web.servlet.TestDispatcherServlet -- Completed initialization in 0 ms
13:35:59.893 [main] INFO org.springframework.mock.web.MockServletContext -- Initializing Spring TestDispatcherServlet ''
13:35:59.893 [main] INFO org.springframework.test.web.servlet.TestDispatcherServlet -- Initializing Servlet ''
13:35:59.893 [main] INFO org.springframework.test.web.servlet.TestDispatcherServlet -- Completed initialization in 0 ms
13:35:59.899 [main] INFO org.springframework.mock.web.MockServletContext -- Initializing Spring TestDispatcherServlet ''
13:35:59.899 [main] INFO org.springframework.test.web.servlet.TestDispatcherServlet -- Initializing Servlet ''
13:35:59.900 [main] INFO org.springframework.test.web.servlet.TestDispatcherServlet -- Completed initialization in 1 ms
13:35:59.919 [main] INFO org.springframework.mock.web.MockServletContext -- Initializing Spring TestDispatcherServlet ''
13:35:59.919 [main] INFO org.springframework.test.web.servlet.TestDispatcherServlet -- Initializing Servlet ''
13:35:59.919 [main] INFO org.springframework.test.web.servlet.TestDispatcherServlet -- Completed initialization in 0 ms
13:35:59.924 [main] INFO org.springframework.mock.web.MockServletContext -- Initializing Spring TestDispatcherServlet ''
13:35:59.925 [main] INFO org.springframework.test.web.servlet.TestDispatcherServlet -- Initializing Servlet ''
13:35:59.925 [main] INFO org.springframework.test.web.servlet.TestDispatcherServlet -- Completed initialization in 0 ms
13:35:59.944 [main] INFO org.springframework.mock.web.MockServletContext -- Initializing Spring TestDispatcherServlet ''
13:35:59.944 [main] INFO org.springframework.test.web.servlet.TestDispatcherServlet -- Initializing Servlet ''
13:35:59.945 [main] INFO org.springframework.test.web.servlet.TestDispatcherServlet -- Completed initialization in 1 ms
13:35:59.951 [main] INFO org.springframework.mock.web.MockServletContext -- Initializing Spring TestDispatcherServlet ''
13:35:59.951 [main] INFO org.springframework.test.web.servlet.TestDispatcherServlet -- Initializing Servlet ''
13:35:59.951 [main] INFO org.springframework.test.web.servlet.TestDispatcherServlet -- Completed initialization in 0 ms
13:35:59.974 [main] WARN com.objwww.pr.arenaadmin.interfaces.ChaosAdminController -- chaos 激活: F3 scenario=f3-e2e-001 operator=it
[INFO] Tests run: 8, Failures: 0, Errors: 0, Skipped: 0, Time elapsed: 2.813 s -- in com.objwww.pr.arenaadmin.interfaces.ChaosAdminControllerTest
[INFO] Running com.objwww.pr.arenaadmin.ChaosAdminContextSmokeTest
13:36:00.035 [main] INFO org.springframework.test.context.support.AnnotationConfigContextLoaderUtils -- Could not detect default configuration classes for test class [com.objwww.pr.arenaadmin.ChaosAdminContextSmokeTest]: ChaosAdminContextSmokeTest does not declare any static, non-private, non-final, nested classes annotated with @Configuration.
13:36:00.118 [main] INFO org.springframework.boot.test.context.SpringBootTestContextBootstrapper -- Found @SpringBootConfiguration com.objwww.pr.arenaadmin.ChaosAdminApplication for test class com.objwww.pr.arenaadmin.ChaosAdminContextSmokeTest

  .   ____          _            __ _ _
 /\\ / ___'_ __ _ _(_)_ __  __ _ \ \ \ \
( ( )\___ | '_ | '_| | '_ \/ _` | \ \ \ \
 \\/  ___)| |_)| | | | | || (_| |  ) ) ) )
  '  |____| .__|_| |_|_| |_\__, | / / / /
 =========|_|==============|___/=/_/_/_/

 :: Spring Boot ::                (v3.4.5)

2026-09-12T13:36:00.495+08:00  INFO 18511 --- [arena-chaos-admin] [           main] c.o.p.a.ChaosAdminContextSmokeTest       : Starting ChaosAdminContextSmokeTest using Java 21.0.12.1 with PID 18511 (started by root in /opt/build/pr/arena-chaos-admin)
2026-09-12T13:36:00.497+08:00  INFO 18511 --- [arena-chaos-admin] [           main] c.o.p.a.ChaosAdminContextSmokeTest       : No active profile set, falling back to 1 default profile: "default"
2026-09-12T13:36:01.432+08:00  INFO 18511 --- [arena-chaos-admin] [           main] c.o.p.a.ChaosAdminContextSmokeTest       : Started ChaosAdminContextSmokeTest in 1.249 seconds (process running for 4.891)
[INFO] Tests run: 1, Failures: 0, Errors: 0, Skipped: 0, Time elapsed: 1.477 s -- in com.objwww.pr.arenaadmin.ChaosAdminContextSmokeTest
[INFO] 
[INFO] Results:
[INFO] 
[INFO] Tests run: 14, Failures: 0, Errors: 0, Skipped: 0
[INFO] 
[INFO] 
[INFO] --- jar:3.4.2:jar (default-jar) @ arena-chaos-admin ---
[INFO] 
[INFO] --- spring-boot:3.4.5:repackage (repackage) @ arena-chaos-admin ---
[INFO] Attaching repackaged archive /opt/build/pr/arena-chaos-admin/target/arena-chaos-admin-0.0.1-SNAPSHOT-exec.jar with classifier exec
[INFO] 
[INFO] --- failsafe:3.5.3:integration-test (default) @ arena-chaos-admin ---
[INFO] Using auto detected provider org.apache.maven.surefire.junitplatform.JUnitPlatformProvider
[INFO] 
[INFO] -------------------------------------------------------
[INFO]  T E S T S
[INFO] -------------------------------------------------------
13:36:02.424 [main] INFO org.testcontainers.DockerClientFactory -- Testcontainers version: 1.20.4
13:36:02.632 [main] INFO org.testcontainers.dockerclient.DockerClientProviderStrategy -- Loaded org.testcontainers.dockerclient.UnixSocketClientProviderStrategy from ~/.testcontainers.properties, will try it first
13:36:02.964 [main] INFO org.testcontainers.dockerclient.DockerClientProviderStrategy -- Found Docker environment with local Unix socket (unix:///var/run/docker.sock)
13:36:02.966 [main] INFO org.testcontainers.DockerClientFactory -- Docker host IP address is localhost
13:36:02.984 [main] INFO org.testcontainers.DockerClientFactory -- Connected to docker: 
  Server Version: 26.1.4
  API Version: 1.45
  Operating System: CentOS Linux 7 (Core)
  Total Memory: 7725 MB
13:36:02.994 [main] INFO org.testcontainers.images.PullPolicy -- Image pull policy will be performed by: DefaultPullPolicy()
13:36:02.995 [main] INFO org.testcontainers.utility.ImageNameSubstitutor -- Image name substitution will be performed by: DefaultImageNameSubstitutor (composite of 'ConfigurationFileImageNameSubstitutor' and 'PrefixingImageNameSubstitutor')
13:36:03.068 [main] INFO tc.testcontainers/ryuk:0.11.0 -- Creating container for image: testcontainers/ryuk:0.11.0
13:36:03.074 [main] INFO org.testcontainers.utility.RegistryAuthLocator -- Failure when attempting to lookup auth config. Please ignore if you don't have images in an authenticated registry. Details: (dockerImageName: testcontainers/ryuk:0.11.0, configFile: /root/.docker/config.json, configEnv: DOCKER_AUTH_CONFIG). Falling back to docker-java default behaviour. Exception message: Status 404: No config supplied. Checked in order: /root/.docker/config.json (file not found), DOCKER_AUTH_CONFIG (not set)
13:36:03.263 [main] INFO tc.testcontainers/ryuk:0.11.0 -- Container testcontainers/ryuk:0.11.0 is starting: 0eec3a017d9ebb554c18bca66d4cb1e776cfe1a499f74ad3b2525a30ea07fb28
13:36:03.653 [main] INFO tc.testcontainers/ryuk:0.11.0 -- Container testcontainers/ryuk:0.11.0 started in PT0.584591541S
13:36:03.658 [main] INFO org.testcontainers.utility.RyukResourceReaper -- Ryuk started - will monitor and terminate Testcontainers containers on JVM exit
13:36:03.658 [main] INFO org.testcontainers.DockerClientFactory -- Checking the system...
13:36:03.659 [main] INFO org.testcontainers.DockerClientFactory -- ✔︎ Docker server version should be at least 1.6.0
[INFO] Running com.objwww.pr.arenaadmin.it.ChaosActivationLifecycleIT
13:36:03.680 [main] INFO tc.postgres:16-alpine -- Creating container for image: postgres:16-alpine
13:36:03.735 [main] INFO tc.postgres:16-alpine -- Container postgres:16-alpine is starting: 5157f90505a39cee0b8828dde3dbd8ba0e154c556fc2163f9c459b016d6c77e5
13:36:04.916 [main] INFO tc.postgres:16-alpine -- Container postgres:16-alpine started in PT1.235786669S
13:36:04.917 [main] INFO tc.postgres:16-alpine -- Container is started (JDBC URL: jdbc:postgresql://localhost:33644/test?loggerLevel=OFF)
13:36:04.925 [main] INFO com.zaxxer.hikari.HikariDataSource -- HikariPool-1 - Starting...
13:36:05.139 [main] INFO com.zaxxer.hikari.pool.HikariPool -- HikariPool-1 - Added connection org.postgresql.jdbc.PgConnection@4fe875be
13:36:05.140 [main] INFO com.zaxxer.hikari.HikariDataSource -- HikariPool-1 - Start completed.
13:36:05.557 [main] INFO org.flywaydb.core.FlywayExecutor -- Database: jdbc:postgresql://localhost:33644/test?loggerLevel=OFF (PostgreSQL 16.15)
13:36:05.622 [main] INFO org.flywaydb.core.internal.database.base.Schema -- Creating schema "arena" ...
13:36:05.629 [main] INFO org.flywaydb.core.internal.schemahistory.JdbcTableSchemaHistory -- Creating Schema History table "arena"."flyway_schema_history" ...
13:36:05.704 [main] INFO org.flywaydb.core.internal.command.DbMigrate -- Current version of schema "arena": null
13:36:05.746 [main] INFO org.flywaydb.core.internal.command.DbMigrate -- Migrating schema "arena" to version "1 - am2 order base"
13:36:05.752 [main] WARN org.flywaydb.core.internal.sqlscript.DefaultSqlScriptExecutor -- DB: schema "arena" already exists, skipping (SQL State: 42P06 - Error Code: 0)
13:36:05.825 [main] INFO org.flywaydb.core.internal.command.DbMigrate -- Migrating schema "arena" to version "2 - am2 compensation outbox"
13:36:05.860 [main] INFO org.flywaydb.core.internal.command.DbMigrate -- Migrating schema "arena" to version "3 - am2 chaos gt"
13:36:05.899 [main] INFO org.flywaydb.core.internal.command.DbMigrate -- Migrating schema "arena" to version "4 - am2 probe reconcile"
13:36:05.922 [main] INFO org.flywaydb.core.internal.command.DbMigrate -- Migrating schema "arena" to version "5 - am2 scenario map"
13:36:05.936 [main] INFO org.flywaydb.core.internal.command.DbMigrate -- Migrating schema "arena" to version "6 - am2 drop map fp unique"
13:36:05.945 [main] INFO org.flywaydb.core.internal.command.DbMigrate -- Migrating schema "arena" to version "7 - am3 eval gt barrier"
13:36:05.966 [main] INFO org.flywaydb.core.internal.command.DbMigrate -- Successfully applied 7 migrations to schema "arena", now at version v7 (execution time 00:00.139s)
13:36:05.976 [main] INFO com.zaxxer.hikari.HikariDataSource -- HikariPool-2 - Starting...
13:36:06.008 [main] INFO com.zaxxer.hikari.pool.HikariPool -- HikariPool-2 - Added connection org.postgresql.jdbc.PgConnection@315f09ef
13:36:06.008 [main] INFO com.zaxxer.hikari.HikariDataSource -- HikariPool-2 - Start completed.
13:36:06.009 [main] INFO com.zaxxer.hikari.HikariDataSource -- HikariPool-3 - Starting...
13:36:06.037 [main] INFO com.zaxxer.hikari.pool.HikariPool -- HikariPool-3 - Added connection org.postgresql.jdbc.PgConnection@21505815
13:36:06.038 [main] INFO com.zaxxer.hikari.HikariDataSource -- HikariPool-3 - Start completed.
[INFO] Tests run: 8, Failures: 0, Errors: 0, Skipped: 0, Time elapsed: 2.863 s -- in com.objwww.pr.arenaadmin.it.ChaosActivationLifecycleIT
[INFO] 
[INFO] Results:
[INFO] 
[INFO] Tests run: 8, Failures: 0, Errors: 0, Skipped: 0
[INFO] 
[INFO] 
[INFO] --- failsafe:3.5.3:verify (default) @ arena-chaos-admin ---
[INFO] 
[INFO] ----------------------< com.objwww.pr:notify-app >----------------------
[INFO] Building notify-app 0.0.1-SNAPSHOT                                 [6/7]
[INFO]   from notify-app/pom.xml
[INFO] --------------------------------[ jar ]---------------------------------
[INFO] 
[INFO] --- resources:3.3.1:resources (default-resources) @ notify-app ---
[INFO] Copying 1 resource from src/main/resources to target/classes
[INFO] Copying 0 resource from src/main/resources to target/classes
[INFO] 
[INFO] --- compiler:3.13.0:compile (default-compile) @ notify-app ---
[INFO] Nothing to compile - all classes are up to date.
[INFO] 
[INFO] --- resources:3.3.1:testResources (default-testResources) @ notify-app ---
[INFO] skip non existing resourceDirectory /opt/build/pr/notify-app/src/test/resources
[INFO] 
[INFO] --- compiler:3.13.0:testCompile (default-testCompile) @ notify-app ---
[INFO] Nothing to compile - all classes are up to date.
[INFO] 
[INFO] --- surefire:3.5.3:test (default-test) @ notify-app ---
[INFO] Using auto detected provider org.apache.maven.surefire.junitplatform.JUnitPlatformProvider
[INFO] 
[INFO] -------------------------------------------------------
[INFO]  T E S T S
[INFO] -------------------------------------------------------
[INFO] Running com.objwww.pr.notify.domain.service.DutyNotificationRendererTest
[INFO] Tests run: 3, Failures: 0, Errors: 0, Skipped: 0, Time elapsed: 0.290 s -- in com.objwww.pr.notify.domain.service.DutyNotificationRendererTest
[INFO] Running com.objwww.pr.notify.domain.service.NotificationRendererTest
[INFO] Tests run: 5, Failures: 0, Errors: 0, Skipped: 0, Time elapsed: 0.021 s -- in com.objwww.pr.notify.domain.service.NotificationRendererTest
[INFO] Running com.objwww.pr.notify.domain.service.FencedNotifyExecutorTest
[INFO] Tests run: 8, Failures: 0, Errors: 0, Skipped: 0, Time elapsed: 0.047 s -- in com.objwww.pr.notify.domain.service.FencedNotifyExecutorTest
[INFO] Running com.objwww.pr.notify.domain.channel.WebhookChannelTest
[INFO] Tests run: 7, Failures: 0, Errors: 0, Skipped: 0, Time elapsed: 0.069 s -- in com.objwww.pr.notify.domain.channel.WebhookChannelTest
[INFO] Running com.objwww.pr.notify.domain.channel.NotificationAuditCharacterizationTest
[INFO] Tests run: 1, Failures: 0, Errors: 0, Skipped: 0, Time elapsed: 0.002 s -- in com.objwww.pr.notify.domain.channel.NotificationAuditCharacterizationTest
[INFO] Running com.objwww.pr.notify.application.NotifyOutboxClaimerTest
13:36:07.733 [main] INFO com.objwww.pr.notify.application.NotifyOutboxClaimer -- NotifyOutboxClaimer 启动: owner=owner-1
13:36:07.889 [main] WARN com.objwww.pr.notify.application.NotifyOutboxClaimer -- 执行通知失败（行留租约待回收）: operation=b3e2c310-37b8-4ab2-9b54-3bb43b2ba628
java.lang.IllegalStateException: boom
	at com.objwww.pr.notify.application.NotifyOutboxClaimerTest.lambda$executesBatchSeriallyAndIsolatesFailures$0(NotifyOutboxClaimerTest.java:34)
	at com.objwww.pr.notify.application.NotifyOutboxClaimer.runOnce(NotifyOutboxClaimer.java:59)
	at com.objwww.pr.notify.application.NotifyOutboxClaimerTest.executesBatchSeriallyAndIsolatesFailures(NotifyOutboxClaimerTest.java:42)
	at java.base/jdk.internal.reflect.DirectMethodHandleAccessor.invoke(DirectMethodHandleAccessor.java:103)
	at java.base/java.lang.reflect.Method.invoke(Method.java:580)
	at org.junit.platform.commons.util.ReflectionUtils.invokeMethod(ReflectionUtils.java:767)
	at org.junit.jupiter.engine.execution.MethodInvocation.proceed(MethodInvocation.java:60)
	at org.junit.jupiter.engine.execution.InvocationInterceptorChain$ValidatingInvocation.proceed(InvocationInterceptorChain.java:131)
	at org.junit.jupiter.engine.extension.TimeoutExtension.intercept(TimeoutExtension.java:156)
	at org.junit.jupiter.engine.extension.TimeoutExtension.interceptTestableMethod(TimeoutExtension.java:147)
	at org.junit.jupiter.engine.extension.TimeoutExtension.interceptTestMethod(TimeoutExtension.java:86)
	at org.junit.jupiter.engine.execution.InterceptingExecutableInvoker$ReflectiveInterceptorCall.lambda$ofVoidMethod$0(InterceptingExecutableInvoker.java:103)
	at org.junit.jupiter.engine.execution.InterceptingExecutableInvoker.lambda$invoke$0(InterceptingExecutableInvoker.java:93)
	at org.junit.jupiter.engine.execution.InvocationInterceptorChain$InterceptedInvocation.proceed(InvocationInterceptorChain.java:106)
	at org.junit.jupiter.engine.execution.InvocationInterceptorChain.proceed(InvocationInterceptorChain.java:64)
	at org.junit.jupiter.engine.execution.InvocationInterceptorChain.chainAndInvoke(InvocationInterceptorChain.java:45)
	at org.junit.jupiter.engine.execution.InvocationInterceptorChain.invoke(InvocationInterceptorChain.java:37)
	at org.junit.jupiter.engine.execution.InterceptingExecutableInvoker.invoke(InterceptingExecutableInvoker.java:92)
	at org.junit.jupiter.engine.execution.InterceptingExecutableInvoker.invoke(InterceptingExecutableInvoker.java:86)
	at org.junit.jupiter.engine.descriptor.TestMethodTestDescriptor.lambda$invokeTestMethod$8(TestMethodTestDescriptor.java:217)
	at org.junit.platform.engine.support.hierarchical.ThrowableCollector.execute(ThrowableCollector.java:73)
	at org.junit.jupiter.engine.descriptor.TestMethodTestDescriptor.invokeTestMethod(TestMethodTestDescriptor.java:213)
	at org.junit.jupiter.engine.descriptor.TestMethodTestDescriptor.execute(TestMethodTestDescriptor.java:138)
	at org.junit.jupiter.engine.descriptor.TestMethodTestDescriptor.execute(TestMethodTestDescriptor.java:68)
	at org.junit.platform.engine.support.hierarchical.NodeTestTask.lambda$executeRecursively$6(NodeTestTask.java:156)
	at org.junit.platform.engine.support.hierarchical.ThrowableCollector.execute(ThrowableCollector.java:73)
	at org.junit.platform.engine.support.hierarchical.NodeTestTask.lambda$executeRecursively$8(NodeTestTask.java:146)
	at org.junit.platform.engine.support.hierarchical.Node.around(Node.java:137)
	at org.junit.platform.engine.support.hierarchical.NodeTestTask.lambda$executeRecursively$9(NodeTestTask.java:144)
	at org.junit.platform.engine.support.hierarchical.ThrowableCollector.execute(ThrowableCollector.java:73)
	at org.junit.platform.engine.support.hierarchical.NodeTestTask.executeRecursively(NodeTestTask.java:143)
	at org.junit.platform.engine.support.hierarchical.NodeTestTask.execute(NodeTestTask.java:100)
	at java.base/java.util.ArrayList.forEach(ArrayList.java:1596)
	at org.junit.platform.engine.support.hierarchical.SameThreadHierarchicalTestExecutorService.invokeAll(SameThreadHierarchicalTestExecutorService.java:41)
	at org.junit.platform.engine.support.hierarchical.NodeTestTask.lambda$executeRecursively$6(NodeTestTask.java:160)
	at org.junit.platform.engine.support.hierarchical.ThrowableCollector.execute(ThrowableCollector.java:73)
	at org.junit.platform.engine.support.hierarchical.NodeTestTask.lambda$executeRecursively$8(NodeTestTask.java:146)
	at org.junit.platform.engine.support.hierarchical.Node.around(Node.java:137)
	at org.junit.platform.engine.support.hierarchical.NodeTestTask.lambda$executeRecursively$9(NodeTestTask.java:144)
	at org.junit.platform.engine.support.hierarchical.ThrowableCollector.execute(ThrowableCollector.java:73)
	at org.junit.platform.engine.support.hierarchical.NodeTestTask.executeRecursively(NodeTestTask.java:143)
	at org.junit.platform.engine.support.hierarchical.NodeTestTask.execute(NodeTestTask.java:100)
	at java.base/java.util.ArrayList.forEach(ArrayList.java:1596)
	at org.junit.platform.engine.support.hierarchical.SameThreadHierarchicalTestExecutorService.invokeAll(SameThreadHierarchicalTestExecutorService.java:41)
	at org.junit.platform.engine.support.hierarchical.NodeTestTask.lambda$executeRecursively$6(NodeTestTask.java:160)
	at org.junit.platform.engine.support.hierarchical.ThrowableCollector.execute(ThrowableCollector.java:73)
	at org.junit.platform.engine.support.hierarchical.NodeTestTask.lambda$executeRecursively$8(NodeTestTask.java:146)
	at org.junit.platform.engine.support.hierarchical.Node.around(Node.java:137)
	at org.junit.platform.engine.support.hierarchical.NodeTestTask.lambda$executeRecursively$9(NodeTestTask.java:144)
	at org.junit.platform.engine.support.hierarchical.ThrowableCollector.execute(ThrowableCollector.java:73)
	at org.junit.platform.engine.support.hierarchical.NodeTestTask.executeRecursively(NodeTestTask.java:143)
	at org.junit.platform.engine.support.hierarchical.NodeTestTask.execute(NodeTestTask.java:100)
	at org.junit.platform.engine.support.hierarchical.SameThreadHierarchicalTestExecutorService.submit(SameThreadHierarchicalTestExecutorService.java:35)
	at org.junit.platform.engine.support.hierarchical.HierarchicalTestExecutor.execute(HierarchicalTestExecutor.java:57)
	at org.junit.platform.engine.support.hierarchical.HierarchicalTestEngine.execute(HierarchicalTestEngine.java:54)
	at org.junit.platform.launcher.core.EngineExecutionOrchestrator.execute(EngineExecutionOrchestrator.java:198)
	at org.junit.platform.launcher.core.EngineExecutionOrchestrator.execute(EngineExecutionOrchestrator.java:169)
	at org.junit.platform.launcher.core.EngineExecutionOrchestrator.execute(EngineExecutionOrchestrator.java:93)
	at org.junit.platform.launcher.core.EngineExecutionOrchestrator.lambda$execute$0(EngineExecutionOrchestrator.java:58)
	at org.junit.platform.launcher.core.EngineExecutionOrchestrator.withInterceptedStreams(EngineExecutionOrchestrator.java:141)
	at org.junit.platform.launcher.core.EngineExecutionOrchestrator.execute(EngineExecutionOrchestrator.java:57)
	at org.junit.platform.launcher.core.DefaultLauncher.execute(DefaultLauncher.java:103)
	at org.junit.platform.launcher.core.DefaultLauncher.execute(DefaultLauncher.java:85)
	at org.junit.platform.launcher.core.DelegatingLauncher.execute(DelegatingLauncher.java:47)
	at org.apache.maven.surefire.junitplatform.LazyLauncher.execute(LazyLauncher.java:56)
	at org.apache.maven.surefire.junitplatform.JUnitPlatformProvider.execute(JUnitPlatformProvider.java:194)
	at org.apache.maven.surefire.junitplatform.JUnitPlatformProvider.invokeAllTests(JUnitPlatformProvider.java:150)
	at org.apache.maven.surefire.junitplatform.JUnitPlatformProvider.invoke(JUnitPlatformProvider.java:124)
	at org.apache.maven.surefire.booter.ForkedBooter.runSuitesInProcess(ForkedBooter.java:385)
	at org.apache.maven.surefire.booter.ForkedBooter.execute(ForkedBooter.java:162)
	at org.apache.maven.surefire.booter.ForkedBooter.run(ForkedBooter.java:507)
	at org.apache.maven.surefire.booter.ForkedBooter.main(ForkedBooter.java:495)
[INFO] Tests run: 2, Failures: 0, Errors: 0, Skipped: 0, Time elapsed: 0.218 s -- in com.objwww.pr.notify.application.NotifyOutboxClaimerTest
[INFO] 
[INFO] Results:
[INFO] 
[INFO] Tests run: 26, Failures: 0, Errors: 0, Skipped: 0
[INFO] 
[INFO] 
[INFO] --- jar:3.4.2:jar (default-jar) @ notify-app ---
[INFO] 
[INFO] --- spring-boot:3.4.5:repackage (repackage) @ notify-app ---
[INFO] Attaching repackaged archive /opt/build/pr/notify-app/target/notify-app-0.0.1-SNAPSHOT-exec.jar with classifier exec
[INFO] 
[INFO] --- failsafe:3.5.3:integration-test (default) @ notify-app ---
[INFO] Using auto detected provider org.apache.maven.surefire.junitplatform.JUnitPlatformProvider
[INFO] 
[INFO] -------------------------------------------------------
[INFO]  T E S T S
[INFO] -------------------------------------------------------
13:36:08.617 [main] INFO org.testcontainers.DockerClientFactory -- Testcontainers version: 1.20.4
13:36:08.803 [main] INFO org.testcontainers.dockerclient.DockerClientProviderStrategy -- Loaded org.testcontainers.dockerclient.UnixSocketClientProviderStrategy from ~/.testcontainers.properties, will try it first
13:36:09.108 [main] INFO org.testcontainers.dockerclient.DockerClientProviderStrategy -- Found Docker environment with local Unix socket (unix:///var/run/docker.sock)
13:36:09.110 [main] INFO org.testcontainers.DockerClientFactory -- Docker host IP address is localhost
13:36:09.127 [main] INFO org.testcontainers.DockerClientFactory -- Connected to docker: 
  Server Version: 26.1.4
  API Version: 1.45
  Operating System: CentOS Linux 7 (Core)
  Total Memory: 7725 MB
13:36:09.136 [main] INFO org.testcontainers.images.PullPolicy -- Image pull policy will be performed by: DefaultPullPolicy()
13:36:09.138 [main] INFO org.testcontainers.utility.ImageNameSubstitutor -- Image name substitution will be performed by: DefaultImageNameSubstitutor (composite of 'ConfigurationFileImageNameSubstitutor' and 'PrefixingImageNameSubstitutor')
13:36:09.209 [main] INFO tc.testcontainers/ryuk:0.11.0 -- Creating container for image: testcontainers/ryuk:0.11.0
13:36:09.216 [main] INFO org.testcontainers.utility.RegistryAuthLocator -- Failure when attempting to lookup auth config. Please ignore if you don't have images in an authenticated registry. Details: (dockerImageName: testcontainers/ryuk:0.11.0, configFile: /root/.docker/config.json, configEnv: DOCKER_AUTH_CONFIG). Falling back to docker-java default behaviour. Exception message: Status 404: No config supplied. Checked in order: /root/.docker/config.json (file not found), DOCKER_AUTH_CONFIG (not set)
13:36:09.415 [main] INFO tc.testcontainers/ryuk:0.11.0 -- Container testcontainers/ryuk:0.11.0 is starting: a04b810eb3b31f6d2f45c327a52407db332221feb3f2598c007d65c4403ac38d
13:36:09.919 [main] INFO tc.testcontainers/ryuk:0.11.0 -- Container testcontainers/ryuk:0.11.0 started in PT0.709661825S
13:36:09.924 [main] INFO org.testcontainers.utility.RyukResourceReaper -- Ryuk started - will monitor and terminate Testcontainers containers on JVM exit
13:36:09.924 [main] INFO org.testcontainers.DockerClientFactory -- Checking the system...
13:36:09.925 [main] INFO org.testcontainers.DockerClientFactory -- ✔︎ Docker server version should be at least 1.6.0
[INFO] Running com.objwww.pr.notify.it.NotifyOutboxStoreIT
13:36:09.955 [main] INFO tc.postgres:16-alpine -- Creating container for image: postgres:16-alpine
13:36:10.014 [main] INFO tc.postgres:16-alpine -- Container postgres:16-alpine is starting: b02d0f7163e049995ec5372b190e5c4442488ffa90eaba8494f613e1eb73ed4b
13:36:11.226 [main] INFO tc.postgres:16-alpine -- Container postgres:16-alpine started in PT1.271012639S
13:36:11.227 [main] INFO tc.postgres:16-alpine -- Container is started (JDBC URL: jdbc:postgresql://localhost:33646/test?loggerLevel=OFF)
13:36:11.237 [main] INFO com.zaxxer.hikari.HikariDataSource -- HikariPool-1 - Starting...
13:36:11.441 [main] INFO com.zaxxer.hikari.pool.HikariPool -- HikariPool-1 - Added connection org.postgresql.jdbc.PgConnection@7bde1f3a
13:36:11.442 [main] INFO com.zaxxer.hikari.HikariDataSource -- HikariPool-1 - Start completed.
13:36:11.854 [main] INFO org.flywaydb.core.FlywayExecutor -- Database: jdbc:postgresql://localhost:33646/test?loggerLevel=OFF (PostgreSQL 16.15)
13:36:11.983 [main] INFO org.flywaydb.core.internal.schemahistory.JdbcTableSchemaHistory -- Schema history table "public"."flyway_schema_history" does not exist yet
13:36:11.988 [main] INFO org.flywaydb.core.internal.command.DbValidate -- Successfully validated 66 migrations (execution time 00:00.088s)
13:36:12.015 [main] INFO org.flywaydb.core.internal.schemahistory.JdbcTableSchemaHistory -- Creating Schema History table "public"."flyway_schema_history" ...
13:36:12.065 [main] INFO org.flywaydb.core.internal.command.DbMigrate -- Current version of schema "public": << Empty Schema >>
13:36:12.115 [main] INFO org.flywaydb.core.internal.command.DbMigrate -- Migrating schema "public" to version "1 - m0 schema"
13:36:12.217 [main] INFO org.flywaydb.core.internal.command.DbMigrate -- Migrating schema "public" to version "2 - grants"
13:36:12.249 [main] INFO org.flywaydb.core.internal.command.DbMigrate -- Migrating schema "public" to version "3 - m1 inbox reconcile"
13:36:12.283 [main] INFO org.flywaydb.core.internal.command.DbMigrate -- Migrating schema "public" to version "4 - m2 checkpoint repair"
13:36:12.324 [main] INFO org.flywaydb.core.internal.command.DbMigrate -- Migrating schema "public" to version "5 - m3 model governance"
13:36:12.373 [main] INFO org.flywaydb.core.internal.command.DbMigrate -- Migrating schema "public" to version "6 - m4 sandbox"
13:36:12.511 [main] INFO org.flywaydb.core.internal.command.DbMigrate -- Migrating schema "public" to version "7 - am1 alert domain"
13:36:12.588 [main] INFO org.flywaydb.core.internal.command.DbMigrate -- Migrating schema "public" to version "8 - am1 dag reserve"
13:36:12.610 [main] INFO org.flywaydb.core.internal.command.DbMigrate -- Migrating schema "public" to version "9 - am3 eval notify"
13:36:12.659 [main] INFO org.flywaydb.core.internal.command.DbMigrate -- Migrating schema "public" to version "10 - am3 eval run"
13:36:12.680 [main] INFO org.flywaydb.core.internal.command.DbMigrate -- Migrating schema "public" to version "11 - am3 eval readonly"
13:36:12.691 [main] INFO org.flywaydb.core.internal.command.DbMigrate -- Migrating schema "public" to version "12 - am4 state expansion"
13:36:12.710 [main] INFO org.flywaydb.core.internal.command.DbMigrate -- Migrating schema "public" to version "13 - am4 budget ledger"
13:36:12.732 [main] INFO org.flywaydb.core.internal.command.DbMigrate -- Migrating schema "public" to version "14 - am4 rca event"
13:36:12.747 [main] INFO org.flywaydb.core.internal.command.DbMigrate -- Migrating schema "public" to version "15 - am4 tool invocation ledger"
13:36:12.757 [main] INFO org.flywaydb.core.internal.command.DbMigrate -- Migrating schema "public" to version "16 - am4 evidence snapshot"
13:36:12.775 [main] INFO org.flywaydb.core.internal.command.DbMigrate -- Migrating schema "public" to version "17 - am4 claim"
13:36:12.788 [main] INFO org.flywaydb.core.internal.command.DbMigrate -- Migrating schema "public" to version "18 - am4 task edge run scope"
13:36:12.798 [main] INFO org.flywaydb.core.internal.command.DbMigrate -- Migrating schema "public" to version "19 - am4 tool replay"
13:36:12.808 [main] INFO org.flywaydb.core.internal.command.DbMigrate -- Migrating schema "public" to version "20 - am5 dataset version"
13:36:12.826 [main] INFO org.flywaydb.core.internal.command.DbMigrate -- Migrating schema "public" to version "21 - am5 dataset partition"
13:36:12.849 [main] INFO org.flywaydb.core.internal.command.DbMigrate -- Migrating schema "public" to version "22 - am5 golden candidate"
13:36:12.885 [main] INFO org.flywaydb.core.internal.command.DbMigrate -- Migrating schema "public" to version "23 - am5 sampling fingerprint"
13:36:12.897 [main] INFO org.flywaydb.core.internal.command.DbMigrate -- Migrating schema "public" to version "24 - am5 config bundle"
13:36:12.915 [main] INFO org.flywaydb.core.internal.command.DbMigrate -- Migrating schema "public" to version "25 - am5 canary route"
13:36:12.937 [main] INFO org.flywaydb.core.internal.command.DbMigrate -- Migrating schema "public" to version "26 - am5 operator case"
13:36:12.953 [main] INFO org.flywaydb.core.internal.command.DbMigrate -- Migrating schema "public" to version "27 - am5 operator command"
13:36:12.966 [main] INFO org.flywaydb.core.internal.command.DbMigrate -- Migrating schema "public" to version "28 - am5 monthly partition"
13:36:13.016 [main] INFO org.flywaydb.core.internal.command.DbMigrate -- Migrating schema "public" to version "29 - am5 retention archive"
13:36:13.083 [main] INFO org.flywaydb.core.internal.command.DbMigrate -- Migrating schema "public" to version "30 - am6 canary window verdict"
13:36:13.111 [main] INFO org.flywaydb.core.internal.command.DbMigrate -- Migrating schema "public" to version "31 - ba52 canary decision fk deferred"
13:36:13.126 [main] INFO org.flywaydb.core.internal.command.DbMigrate -- Migrating schema "public" to version "32 - am6 engine comparison"
13:36:13.148 [main] INFO org.flywaydb.core.internal.command.DbMigrate -- Migrating schema "public" to version "33 - am6 run fallback"
13:36:13.173 [main] INFO org.flywaydb.core.internal.command.DbMigrate -- Migrating schema "public" to version "34 - am6 engine shadow work"
13:36:13.189 [main] INFO org.flywaydb.core.internal.command.DbMigrate -- Migrating schema "public" to version "35 - m607 holmes wish decision run id nullable"
13:36:13.197 [main] INFO org.flywaydb.core.internal.command.DbMigrate -- Migrating schema "public" to version "36 - exa0 investigation identity"
13:36:13.206 [main] INFO org.flywaydb.core.internal.command.DbMigrate -- Migrating schema "public" to version "37 - exa4a claim kind"
13:36:13.213 [main] INFO org.flywaydb.core.internal.command.DbMigrate -- Migrating schema "public" to version "38 - exa3 tool invocation result ref"
13:36:13.224 [main] INFO org.flywaydb.core.internal.command.DbMigrate -- Migrating schema "public" to version "39 - b21 operator command state widen"
13:36:13.232 [main] INFO org.flywaydb.core.internal.command.DbMigrate -- Migrating schema "public" to version "40 - exb1 change event"
13:36:13.252 [main] INFO org.flywaydb.core.internal.command.DbMigrate -- Migrating schema "public" to version "41 - exa4b incident waiting reason"
13:36:13.261 [main] INFO org.flywaydb.core.internal.command.DbMigrate -- Migrating schema "public" to version "42 - exc3a auth event"
13:36:13.275 [main] INFO org.flywaydb.core.internal.command.DbMigrate -- Migrating schema "public" to version "43 - am7 duty"
13:36:13.332 [main] INFO org.flywaydb.core.internal.command.DbMigrate -- Migrating schema "public" to version "44 - auth1 platform user"
13:36:13.349 [main] INFO org.flywaydb.core.internal.command.DbMigrate -- Migrating schema "public" to version "45 - ui5 eval readonly grants"
13:36:13.362 [main] INFO org.flywaydb.core.internal.command.DbMigrate -- Migrating schema "public" to version "46 - r7x1 task execution binding"
13:36:13.383 [main] INFO org.flywaydb.core.internal.command.DbMigrate -- Migrating schema "public" to version "47 - r7x4 primary state"
13:36:13.408 [main] INFO org.flywaydb.core.internal.command.DbMigrate -- Migrating schema "public" to version "48 - r7a1 rca model call"
13:36:13.425 [main] INFO org.flywaydb.core.internal.command.DbMigrate -- Migrating schema "public" to version "60 - en01 release asset"
13:36:13.450 [main] INFO org.flywaydb.core.internal.command.DbMigrate -- Migrating schema "public" to version "61 - en02 release qualification"
13:36:13.475 [main] INFO org.flywaydb.core.internal.command.DbMigrate -- Migrating schema "public" to version "62 - en09 eval grader version"
13:36:13.484 [main] INFO org.flywaydb.core.internal.command.DbMigrate -- Migrating schema "public" to version "63 - en04 run config epoch"
13:36:13.499 [main] INFO org.flywaydb.core.internal.command.DbMigrate -- Migrating schema "public" to version "64 - en06 mcp server registry"
13:36:13.507 [main] INFO org.flywaydb.core.internal.command.DbMigrate -- Migrating schema "public" to version "80 - ev03 eval projection contract"
13:36:13.520 [main] INFO org.flywaydb.core.internal.command.DbMigrate -- Migrating schema "public" to version "81 - ev04 eval lifecycle"
13:36:13.534 [main] INFO org.flywaydb.core.internal.command.DbMigrate -- Migrating schema "public" to version "82 - ux01 incident classification"
13:36:13.550 [main] INFO org.flywaydb.core.internal.command.DbMigrate -- Migrating schema "public" to version "83 - ux02 duty bot"
13:36:13.564 [main] INFO org.flywaydb.core.internal.command.DbMigrate -- Migrating schema "public" to version "85 - ev07 eval comparison"
13:36:13.578 [main] INFO org.flywaydb.core.internal.command.DbMigrate -- Migrating schema "public" to version "86 - dr02 drill job"
13:36:13.601 [main] INFO org.flywaydb.core.internal.command.DbMigrate -- Migrating schema "public" to version "87 - ev08 eval review"
13:36:13.621 [main] INFO org.flywaydb.core.internal.command.DbMigrate -- Migrating schema "public" to version "88 - r7 checkpoint last error"
13:36:13.627 [main] INFO org.flywaydb.core.internal.command.DbMigrate -- Migrating schema "public" to version "89 - en07 release asset kinds"
13:36:13.633 [main] INFO org.flywaydb.core.internal.command.DbMigrate -- Migrating schema "public" to version "90 - r2 input capture"
13:36:13.643 [main] INFO org.flywaydb.core.internal.command.DbMigrate -- Migrating schema "public" to version "91 - r10 working memory"
13:36:13.653 [main] INFO org.flywaydb.core.internal.command.DbMigrate -- Migrating schema "public" to version "92 - r11 context summary"
13:36:13.662 [main] INFO org.flywaydb.core.internal.command.DbMigrate -- Migrating schema "public" to version "93 - r6 eval app model call grant"
13:36:13.672 [main] INFO org.flywaydb.core.internal.command.DbMigrate -- Successfully applied 66 migrations to schema "public", now at version v93 (execution time 00:01.070s)
13:36:13.676 [main] INFO com.zaxxer.hikari.HikariDataSource -- HikariPool-2 - Starting...
13:36:13.689 [main] INFO com.zaxxer.hikari.pool.HikariPool -- HikariPool-2 - Added connection org.postgresql.jdbc.PgConnection@10f7918f
13:36:13.689 [main] INFO com.zaxxer.hikari.HikariDataSource -- HikariPool-2 - Start completed.
13:36:13.869 [main] INFO com.zaxxer.hikari.HikariDataSource -- HikariPool-3 - Starting...
13:36:13.879 [main] INFO com.zaxxer.hikari.pool.HikariPool -- HikariPool-3 - Added connection org.postgresql.jdbc.PgConnection@514de325
13:36:13.879 [main] INFO com.zaxxer.hikari.HikariDataSource -- HikariPool-3 - Start completed.
13:36:13.926 [main] INFO com.zaxxer.hikari.HikariDataSource -- HikariPool-3 - Shutdown initiated...
13:36:13.927 [main] INFO com.zaxxer.hikari.HikariDataSource -- HikariPool-3 - Shutdown completed.
[INFO] Tests run: 7, Failures: 0, Errors: 0, Skipped: 0, Time elapsed: 4.684 s -- in com.objwww.pr.notify.it.NotifyOutboxStoreIT
[INFO] Running com.objwww.pr.notify.it.DutyDeliveryClaimIT
[INFO] Tests run: 4, Failures: 0, Errors: 0, Skipped: 0, Time elapsed: 0.480 s -- in com.objwww.pr.notify.it.DutyDeliveryClaimIT
[INFO] Running com.objwww.pr.notify.it.NotifyPermissionIT
[INFO] Tests run: 3, Failures: 0, Errors: 0, Skipped: 0, Time elapsed: 0.318 s -- in com.objwww.pr.notify.it.NotifyPermissionIT
[INFO] 
[INFO] Results:
[INFO] 
[INFO] Tests run: 14, Failures: 0, Errors: 0, Skipped: 0
[INFO] 
[INFO] 
[INFO] --- failsafe:3.5.3:verify (default) @ notify-app ---
[INFO] 
[INFO] ---------------------< com.objwww.pr:duty-adapter >---------------------
[INFO] Building duty-adapter 0.0.1-SNAPSHOT                               [7/7]
[INFO]   from duty-adapter/pom.xml
[INFO] --------------------------------[ jar ]---------------------------------
[INFO] 
[INFO] --- resources:3.3.1:resources (default-resources) @ duty-adapter ---
[INFO] Copying 1 resource from src/main/resources to target/classes
[INFO] Copying 0 resource from src/main/resources to target/classes
[INFO] 
[INFO] --- compiler:3.13.0:compile (default-compile) @ duty-adapter ---
[INFO] Nothing to compile - all classes are up to date.
[INFO] 
[INFO] --- resources:3.3.1:testResources (default-testResources) @ duty-adapter ---
[INFO] skip non existing resourceDirectory /opt/build/pr/duty-adapter/src/test/resources
[INFO] 
[INFO] --- compiler:3.13.0:testCompile (default-testCompile) @ duty-adapter ---
[INFO] Nothing to compile - all classes are up to date.
[INFO] 
[INFO] --- surefire:3.5.3:test (default-test) @ duty-adapter ---
[INFO] Using auto detected provider org.apache.maven.surefire.junitplatform.JUnitPlatformProvider
[INFO] 
[INFO] -------------------------------------------------------
[INFO]  T E S T S
[INFO] -------------------------------------------------------
[INFO] Running com.objwww.pr.duty.webhook.DutyWebhookClientTest
[INFO] Tests run: 5, Failures: 0, Errors: 0, Skipped: 0, Time elapsed: 0.864 s -- in com.objwww.pr.duty.webhook.DutyWebhookClientTest
[INFO] Running com.objwww.pr.duty.hook.GatusPayloadTest
[INFO] Tests run: 3, Failures: 0, Errors: 0, Skipped: 0, Time elapsed: 0.012 s -- in com.objwww.pr.duty.hook.GatusPayloadTest
[INFO] Running com.objwww.pr.duty.hook.DutyHookControllerTest
13:36:17.311 [main] INFO org.springframework.mock.web.MockServletContext -- Initializing Spring TestDispatcherServlet ''
13:36:17.313 [main] INFO org.springframework.test.web.servlet.TestDispatcherServlet -- Initializing Servlet ''
13:36:17.315 [main] INFO org.springframework.test.web.servlet.TestDispatcherServlet -- Completed initialization in 2 ms
13:36:17.400 [main] ERROR com.objwww.pr.duty.hook.DutyHookController -- DUTY_HOOK_EXHAUSTED endpoint=RCA_SYSTEM_control_health status=TRIGGERED detail=no_snapshot
13:36:17.481 [main] INFO org.springframework.mock.web.MockServletContext -- Initializing Spring TestDispatcherServlet ''
13:36:17.481 [main] INFO org.springframework.test.web.servlet.TestDispatcherServlet -- Initializing Servlet ''
13:36:17.481 [main] INFO org.springframework.test.web.servlet.TestDispatcherServlet -- Completed initialization in 0 ms
13:36:17.484 [main] WARN com.objwww.pr.duty.hook.DutyHookController -- DUTY_CHANNEL_FAILED channel=primary-bot detail=errcode_45009:限流
13:36:17.484 [main] ERROR com.objwww.pr.duty.hook.DutyHookController -- DUTY_HOOK_EXHAUSTED endpoint=RCA_SYSTEM_control_health status=TRIGGERED detail=errcode_45009:限流
13:36:17.499 [main] INFO org.springframework.mock.web.MockServletContext -- Initializing Spring TestDispatcherServlet ''
13:36:17.499 [main] INFO org.springframework.test.web.servlet.TestDispatcherServlet -- Initializing Servlet ''
13:36:17.499 [main] INFO org.springframework.test.web.servlet.TestDispatcherServlet -- Completed initialization in 0 ms
13:36:17.511 [main] INFO org.springframework.mock.web.MockServletContext -- Initializing Spring TestDispatcherServlet ''
13:36:17.511 [main] INFO org.springframework.test.web.servlet.TestDispatcherServlet -- Initializing Servlet ''
13:36:17.511 [main] INFO org.springframework.test.web.servlet.TestDispatcherServlet -- Completed initialization in 0 ms
13:36:17.516 [main] WARN com.objwww.pr.duty.hook.DutyHookController -- DUTY_HOOK_UNPARSEABLE body_head=not parseable
13:36:17.535 [main] INFO org.springframework.mock.web.MockServletContext -- Initializing Spring TestDispatcherServlet ''
13:36:17.535 [main] INFO org.springframework.test.web.servlet.TestDispatcherServlet -- Initializing Servlet ''
13:36:17.535 [main] INFO org.springframework.test.web.servlet.TestDispatcherServlet -- Completed initialization in 0 ms
13:36:17.538 [main] WARN com.objwww.pr.duty.hook.DutyHookController -- DUTY_CHANNEL_FAILED channel=primary-bot detail=errcode_45009:限流
[INFO] Tests run: 4, Failures: 0, Errors: 0, Skipped: 0, Time elapsed: 0.592 s -- in com.objwww.pr.duty.hook.DutyHookControllerTest
[INFO] Running com.objwww.pr.duty.snapshot.SnapshotRefresherTest
13:36:17.578 [main] WARN com.objwww.pr.duty.snapshot.SnapshotRefresher -- DUTY_SNAPSHOT_PULL_FAILED url=http://127.0.0.1:34963/snapshot cached_version=7 error=java.net.ConnectException
13:36:17.588 [main] INFO com.objwww.pr.duty.snapshot.SnapshotRefresher -- DUTY_SNAPSHOT_LOADED_FROM_DISK version=7 channels=2
13:36:17.590 [main] WARN com.objwww.pr.duty.snapshot.SnapshotRefresher -- DUTY_SNAPSHOT_PULL_FAILED url=http://127.0.0.1:1/snapshot cached_version=7 error=java.net.ConnectException
[INFO] Tests run: 3, Failures: 0, Errors: 0, Skipped: 0, Time elapsed: 0.046 s -- in com.objwww.pr.duty.snapshot.SnapshotRefresherTest
[INFO] Running com.objwww.pr.duty.writeback.WriteBackClientTest
13:36:17.616 [main] WARN com.objwww.pr.duty.writeback.WriteBackClient -- DUTY_WRITEBACK_REJECTED status=400 body_head={"eventStatus":"firing","title":"探针告警 RCA_SYSTEM_control_health [firing]","body":"group=control-plane description=3 连败","groupKey":"gatus/control-plane","triggeredAt":"2026-09-10T08:00:00Z","labels":{…
13:36:17.618 [main] WARN com.objwww.pr.duty.writeback.WriteBackClient -- DUTY_WRITEBACK_SPOOLED file=/tmp/junit-14772496738246501103/spool/writeback.jsonl lines_now=1
13:36:17.666 [main] WARN com.objwww.pr.duty.writeback.WriteBackClient -- DUTY_WRITEBACK_SPOOLED file=/tmp/junit-18426946183631394926/spool/writeback.jsonl lines_now=1
13:36:17.668 [main] WARN com.objwww.pr.duty.writeback.WriteBackClient -- DUTY_WRITEBACK_SPOOLED file=/tmp/junit-18426946183631394926/spool/writeback.jsonl lines_now=2
13:36:17.716 [main] INFO com.objwww.pr.duty.writeback.WriteBackClient -- DUTY_SPOOL_REPLAYED total=2 drained=2
[INFO] Tests run: 3, Failures: 0, Errors: 0, Skipped: 0, Time elapsed: 0.132 s -- in com.objwww.pr.duty.writeback.WriteBackClientTest
[INFO] 
[INFO] Results:
[INFO] 
[INFO] Tests run: 18, Failures: 0, Errors: 0, Skipped: 0
[INFO] 
[INFO] 
[INFO] --- jar:3.4.2:jar (default-jar) @ duty-adapter ---
[INFO] 
[INFO] --- spring-boot:3.4.5:repackage (repackage) @ duty-adapter ---
[INFO] Replacing main artifact /opt/build/pr/duty-adapter/target/duty-adapter-0.0.1-SNAPSHOT.jar with repackaged archive, adding nested dependencies in BOOT-INF/.
[INFO] The original artifact has been renamed to /opt/build/pr/duty-adapter/target/duty-adapter-0.0.1-SNAPSHOT.jar.original
[INFO] 
[INFO] --- failsafe:3.5.3:integration-test (default) @ duty-adapter ---
[INFO] 
[INFO] --- failsafe:3.5.3:verify (default) @ duty-adapter ---
[INFO] No tests to run.
[INFO] ------------------------------------------------------------------------
[INFO] Reactor Summary for pr-agent 0.0.1-SNAPSHOT:
[INFO] 
[INFO] pr-agent ........................................... SUCCESS [  0.346 s]
[INFO] shared-kernel ...................................... SUCCESS [  3.702 s]
[INFO] control-app ........................................ SUCCESS [01:35 min]
[INFO] order-arena ........................................ SUCCESS [ 14.663 s]
[INFO] arena-chaos-admin .................................. SUCCESS [ 10.132 s]
[INFO] notify-app ......................................... SUCCESS [  8.890 s]
[INFO] duty-adapter ....................................... SUCCESS [  2.624 s]
[INFO] ------------------------------------------------------------------------
[INFO] BUILD SUCCESS
[INFO] ------------------------------------------------------------------------
[INFO] Total time:  02:16 min
[INFO] Finished at: 2026-09-12T13:36:18+08:00
[INFO] ------------------------------------------------------------------------
