[INFO] Scanning for projects...
[INFO] ------------------------------------------------------------------------
[INFO] Reactor Build Order:
[INFO] 
[INFO] pr-agent                                                           [pom]
[INFO] shared-kernel                                                      [jar]
[INFO] control-app                                                        [jar]
[INFO] order-arena                                                        [jar]
[INFO] arena-chaos-admin                                                  [jar]
[INFO] notify-app                                                         [jar]
[INFO] duty-adapter                                                       [jar]
[INFO] 
[INFO] -----------------------< com.objwww.pr:pr-agent >-----------------------
[INFO] Building pr-agent 0.0.1-SNAPSHOT                                   [1/7]
[INFO]   from pom.xml
[INFO] --------------------------------[ pom ]---------------------------------
[INFO] 
[INFO] --- failsafe:3.5.3:integration-test (default) @ pr-agent ---
[INFO] No tests to run.
[INFO] 
[INFO] --- failsafe:3.5.3:verify (default) @ pr-agent ---
[INFO] No tests to run.
[INFO] 
[INFO] --------------------< com.objwww.pr:shared-kernel >---------------------
[INFO] Building shared-kernel 0.0.1-SNAPSHOT                              [2/7]
[INFO]   from shared-kernel/pom.xml
[INFO] --------------------------------[ jar ]---------------------------------
[INFO] 
[INFO] --- resources:3.3.1:resources (default-resources) @ shared-kernel ---
[INFO] skip non existing resourceDirectory /opt/build/pr/shared-kernel/src/main/resources
[INFO] skip non existing resourceDirectory /opt/build/pr/shared-kernel/src/main/resources
[INFO] 
[INFO] --- compiler:3.13.0:compile (default-compile) @ shared-kernel ---
[INFO] Nothing to compile - all classes are up to date.
[INFO] 
[INFO] --- resources:3.3.1:testResources (default-testResources) @ shared-kernel ---
[INFO] skip non existing resourceDirectory /opt/build/pr/shared-kernel/src/test/resources
[INFO] 
[INFO] --- compiler:3.13.0:testCompile (default-testCompile) @ shared-kernel ---
[INFO] Nothing to compile - all classes are up to date.
[INFO] 
[INFO] --- surefire:3.5.3:test (default-test) @ shared-kernel ---
[INFO] Using auto detected provider org.apache.maven.surefire.junitplatform.JUnitPlatformProvider
[INFO] 
[INFO] -------------------------------------------------------
[INFO]  T E S T S
[INFO] -------------------------------------------------------
SLF4J(W): No SLF4J providers were found.
SLF4J(W): Defaulting to no-operation (NOP) logger implementation
SLF4J(W): See https://www.slf4j.org/codes.html#noProviders for further details.
[INFO] Running com.objwww.pr.shared.DigestTest
[INFO] Tests run: 11, Failures: 0, Errors: 0, Skipped: 0, Time elapsed: 0.104 s -- in com.objwww.pr.shared.DigestTest
[INFO] Running com.objwww.pr.shared.SharedKernelArchitectureTest
[INFO] Tests run: 1, Failures: 0, Errors: 0, Skipped: 0, Time elapsed: 1.499 s -- in com.objwww.pr.shared.SharedKernelArchitectureTest
[INFO] Running com.objwww.pr.shared.snapshot.SafeTarExtractorTest
[INFO] Tests run: 3, Failures: 0, Errors: 0, Skipped: 0, Time elapsed: 0.030 s -- in com.objwww.pr.shared.snapshot.SafeTarExtractorTest
[INFO] 
[INFO] Results:
[INFO] 
[INFO] Tests run: 15, Failures: 0, Errors: 0, Skipped: 0
[INFO] 
[INFO] 
[INFO] --- jar:3.4.2:jar (default-jar) @ shared-kernel ---
[INFO] 
[INFO] --- failsafe:3.5.3:integration-test (default) @ shared-kernel ---
[INFO] 
[INFO] --- failsafe:3.5.3:verify (default) @ shared-kernel ---
[INFO] No tests to run.
[INFO] 
[INFO] ---------------------< com.objwww.pr:control-app >----------------------
[INFO] Building control-app 0.0.1-SNAPSHOT                                [3/7]
[INFO]   from control-app/pom.xml
[INFO] --------------------------------[ jar ]---------------------------------
[INFO] 
[INFO] --- resources:3.3.1:resources (default-resources) @ control-app ---
[INFO] Copying 3 resources from src/main/resources to target/classes
[INFO] Copying 68 resources from src/main/resources to target/classes
[INFO] 
[INFO] --- compiler:3.13.0:compile (default-compile) @ control-app ---
[INFO] Nothing to compile - all classes are up to date.
[INFO] 
[INFO] --- resources:3.3.1:testResources (default-testResources) @ control-app ---
[INFO] Copying 7 resources from src/test/resources to target/test-classes
[INFO] 
[INFO] --- compiler:3.13.0:testCompile (default-testCompile) @ control-app ---
[INFO] Nothing to compile - all classes are up to date.
[INFO] 
[INFO] --- surefire:3.5.3:test (default-test) @ control-app ---
[INFO] Using auto detected provider org.apache.maven.surefire.junitplatform.JUnitPlatformProvider
[INFO] 
[INFO] -------------------------------------------------------
[INFO]  T E S T S
[INFO] -------------------------------------------------------
[INFO] Running com.objwww.pr.control.domain.ai.CircuitBreakerTest
[INFO] Tests run: 10, Failures: 0, Errors: 0, Skipped: 0, Time elapsed: 0.142 s -- in com.objwww.pr.control.domain.ai.CircuitBreakerTest
[INFO] Running com.objwww.pr.control.domain.ai.ModelRouterTest
[INFO] Tests run: 33, Failures: 0, Errors: 0, Skipped: 0, Time elapsed: 0.086 s -- in com.objwww.pr.control.domain.ai.ModelRouterTest
[INFO] Running com.objwww.pr.control.domain.ai.PricingServiceTest
[INFO] Tests run: 8, Failures: 0, Errors: 0, Skipped: 0, Time elapsed: 0.048 s -- in com.objwww.pr.control.domain.ai.PricingServiceTest
[INFO] Running com.objwww.pr.control.domain.ai.ModelStepBudgetGuardTest
[INFO] Tests run: 7, Failures: 0, Errors: 0, Skipped: 0, Time elapsed: 0.021 s -- in com.objwww.pr.control.domain.ai.ModelStepBudgetGuardTest
[INFO] Running com.objwww.pr.control.release.domain.model.ReleaseManifestTest
[INFO] Tests run: 8, Failures: 0, Errors: 0, Skipped: 0, Time elapsed: 0.036 s -- in com.objwww.pr.control.release.domain.model.ReleaseManifestTest
[INFO] Running com.objwww.pr.control.release.domain.model.ConfigBundleTest
[INFO] Tests run: 9, Failures: 0, Errors: 0, Skipped: 0, Time elapsed: 0.063 s -- in com.objwww.pr.control.release.domain.model.ConfigBundleTest
[INFO] Running com.objwww.pr.control.release.domain.model.ReleaseAssetTest
[INFO] Tests run: 10, Failures: 0, Errors: 0, Skipped: 0, Time elapsed: 0.028 s -- in com.objwww.pr.control.release.domain.model.ReleaseAssetTest
[INFO] Running com.objwww.pr.control.release.domain.model.ReleaseQualificationTest
[INFO] Tests run: 6, Failures: 0, Errors: 0, Skipped: 0, Time elapsed: 0.015 s -- in com.objwww.pr.control.release.domain.model.ReleaseQualificationTest
[INFO] Running com.objwww.pr.control.release.domain.service.CanaryBucketerTest
[INFO] Tests run: 7, Failures: 0, Errors: 0, Skipped: 0, Time elapsed: 0.056 s -- in com.objwww.pr.control.release.domain.service.CanaryBucketerTest
[INFO] Running com.objwww.pr.control.release.domain.service.CanaryWindowEvaluatorTest
[INFO] Tests run: 9, Failures: 0, Errors: 0, Skipped: 0, Time elapsed: 0.025 s -- in com.objwww.pr.control.release.domain.service.CanaryWindowEvaluatorTest
[INFO] Running com.objwww.pr.control.release.application.ConfigBundleServiceTest
13:27:18.316 [main] INFO com.objwww.pr.control.release.application.ConfigBundleService -- bundle 发布: 30ad808ed98886e339611e59f7bac711638e216776d0231c3aad2a5fe468382c revision=1 by=op policy=policy-2026-09
13:27:18.325 [main] INFO com.objwww.pr.control.release.application.ConfigBundleService -- 资格授予: candidate=30ad808ed98886e339611e59f7bac711638e216776d0231c3aad2a5fe468382c verdict=PASS usage=MATCHED by=grader-1
13:27:18.325 [main] INFO com.objwww.pr.control.release.application.ConfigBundleService -- bundle 发布: be840a4ff5d98fc58380e1ed2d6501f2a7edb25711430dc0e9023b687140db80 revision=2 by=op policy=policy-2026-09
13:27:18.325 [main] INFO com.objwww.pr.control.release.application.ConfigBundleService -- 资格授予: candidate=be840a4ff5d98fc58380e1ed2d6501f2a7edb25711430dc0e9023b687140db80 verdict=PASS usage=MATCHED by=grader-1
13:27:18.329 [main] INFO com.objwww.pr.control.release.application.ConfigBundleService -- ACTIVATE 落位: 30ad808ed98886e339611e59f7bac711638e216776d0231c3aad2a5fe468382c revision=1 by=op
13:27:18.332 [main] INFO com.objwww.pr.control.release.application.ConfigBundleService -- 资产注册: PROMPT 2f36beb53b822b9d312b2353e257c8de8b87386bdf4484e342dd2f0d6ef60ea7 by=op
13:27:18.333 [main] INFO com.objwww.pr.control.release.application.ConfigBundleService -- 资产注册幂等重放: PROMPT 2f36beb53b822b9d312b2353e257c8de8b87386bdf4484e342dd2f0d6ef60ea7 by=op
13:27:18.333 [main] INFO com.objwww.pr.control.release.application.ConfigBundleService -- 资产注册: PROMPT 601e38f862b9f79a54706b3d6728a99e8ba86ea17cda34cd51b3a747c1a13b31 by=op
13:27:18.334 [main] INFO com.objwww.pr.control.release.application.ConfigBundleService -- bundle 发布: 30ad808ed98886e339611e59f7bac711638e216776d0231c3aad2a5fe468382c revision=1 by=op policy=policy-2026-09
13:27:18.334 [main] INFO com.objwww.pr.control.release.application.ConfigBundleService -- 资格授予: candidate=30ad808ed98886e339611e59f7bac711638e216776d0231c3aad2a5fe468382c verdict=PASS usage=MATCHED by=grader-1
13:27:18.335 [main] INFO com.objwww.pr.control.release.application.ConfigBundleService -- bundle 发布: be840a4ff5d98fc58380e1ed2d6501f2a7edb25711430dc0e9023b687140db80 revision=2 by=op policy=policy-2026-09
13:27:18.335 [main] INFO com.objwww.pr.control.release.application.ConfigBundleService -- 资格授予: candidate=be840a4ff5d98fc58380e1ed2d6501f2a7edb25711430dc0e9023b687140db80 verdict=PASS usage=MATCHED by=grader-1
13:27:18.335 [main] INFO com.objwww.pr.control.release.application.ConfigBundleService -- ACTIVATE 落位: 30ad808ed98886e339611e59f7bac711638e216776d0231c3aad2a5fe468382c revision=1 by=op
13:27:18.335 [main] WARN com.objwww.pr.control.release.application.ConfigBundleService -- ACTIVATE CAS 竞争失败: target=be840a4ff5d98fc58380e1ed2d6501f2a7edb25711430dc0e9023b687140db80 expected=0 by=op-2
13:27:18.336 [main] INFO com.objwww.pr.control.release.application.ConfigBundleService -- ACTIVATE 落位: be840a4ff5d98fc58380e1ed2d6501f2a7edb25711430dc0e9023b687140db80 revision=2 by=op-2
13:27:18.339 [main] INFO com.objwww.pr.control.release.application.ConfigBundleService -- 资产注册: PROMPT 2f36beb53b822b9d312b2353e257c8de8b87386bdf4484e342dd2f0d6ef60ea7 by=op
13:27:18.339 [main] INFO com.objwww.pr.control.release.application.ConfigBundleService -- 资产注册: SKILL 64b41e2057c0e0e6c3f077b72c0951ce8e27fc157de2fdd60ddc22f5024bdaf7 by=op
13:27:18.339 [main] INFO com.objwww.pr.control.release.application.ConfigBundleService -- 资产注册: TOOL_SCHEMA c3dcd8c37f33f564cd506ece7666493ae7938c2804117db2f4fa7468c92be37f by=op
13:27:18.345 [main] INFO com.objwww.pr.control.release.application.ConfigBundleService -- release_manifest 依赖闭包通过: roles=[primary] skills=1 toolSchemas=1
13:27:18.345 [main] INFO com.objwww.pr.control.release.application.ConfigBundleService -- bundle 发布: 3c79c27ea1867f2e5e1caf088a8581c5fd2382c6c5e199dfbb8f05028977b9bc revision=1 by=op policy=policy-2026-09
13:27:18.346 [main] INFO com.objwww.pr.control.release.application.ConfigBundleService -- bundle 幂等重放: 3c79c27ea1867f2e5e1caf088a8581c5fd2382c6c5e199dfbb8f05028977b9bc revision=1 by=op
13:27:18.348 [main] INFO com.objwww.pr.control.release.application.ConfigBundleService -- bundle 发布: 30ad808ed98886e339611e59f7bac711638e216776d0231c3aad2a5fe468382c revision=1 by=op policy=policy-2026-09
13:27:18.348 [main] INFO com.objwww.pr.control.release.application.ConfigBundleService -- 资格授予: candidate=30ad808ed98886e339611e59f7bac711638e216776d0231c3aad2a5fe468382c verdict=PASS usage=MATCHED by=grader-1
13:27:18.348 [main] INFO com.objwww.pr.control.release.application.ConfigBundleService -- ACTIVATE 落位: 30ad808ed98886e339611e59f7bac711638e216776d0231c3aad2a5fe468382c revision=1 by=op
13:27:18.349 [main] INFO com.objwww.pr.control.release.application.ConfigBundleService -- bundle 发布: 30ad808ed98886e339611e59f7bac711638e216776d0231c3aad2a5fe468382c revision=1 by=op policy=policy-2026-09
13:27:18.350 [main] INFO com.objwww.pr.control.release.application.ConfigBundleService -- bundle 发布: 30ad808ed98886e339611e59f7bac711638e216776d0231c3aad2a5fe468382c revision=1 by=op policy=policy-2026-09
13:27:18.350 [main] INFO com.objwww.pr.control.release.application.ConfigBundleService -- 资格授予: candidate=30ad808ed98886e339611e59f7bac711638e216776d0231c3aad2a5fe468382c verdict=PASS usage=MATCHED by=grader-1
13:27:18.351 [main] INFO com.objwww.pr.control.release.application.ConfigBundleService -- ACTIVATE 落位: 30ad808ed98886e339611e59f7bac711638e216776d0231c3aad2a5fe468382c revision=1 by=op
13:27:18.352 [main] INFO com.objwww.pr.control.release.application.ConfigBundleService -- bundle 发布: 30ad808ed98886e339611e59f7bac711638e216776d0231c3aad2a5fe468382c revision=1 by=op policy=policy-2026-09
13:27:18.352 [main] INFO com.objwww.pr.control.release.application.ConfigBundleService -- 资格授予: candidate=30ad808ed98886e339611e59f7bac711638e216776d0231c3aad2a5fe468382c verdict=PASS usage=MATCHED by=grader-1
13:27:18.352 [main] INFO com.objwww.pr.control.release.application.ConfigBundleService -- bundle 发布: be840a4ff5d98fc58380e1ed2d6501f2a7edb25711430dc0e9023b687140db80 revision=2 by=op policy=policy-2026-09
13:27:18.353 [main] INFO com.objwww.pr.control.release.application.ConfigBundleService -- 资格授予: candidate=be840a4ff5d98fc58380e1ed2d6501f2a7edb25711430dc0e9023b687140db80 verdict=PASS usage=MATCHED by=grader-1
13:27:18.353 [main] INFO com.objwww.pr.control.release.application.ConfigBundleService -- ACTIVATE 落位: 30ad808ed98886e339611e59f7bac711638e216776d0231c3aad2a5fe468382c revision=1 by=op
13:27:18.353 [main] INFO com.objwww.pr.control.release.application.ConfigBundleService -- ACTIVATE 落位: be840a4ff5d98fc58380e1ed2d6501f2a7edb25711430dc0e9023b687140db80 revision=2 by=op
13:27:18.356 [main] INFO com.objwww.pr.control.release.application.ConfigBundleService -- ROLLBACK 落位: 30ad808ed98886e339611e59f7bac711638e216776d0231c3aad2a5fe468382c revision=1 by=release-operator
13:27:18.358 [main] INFO com.objwww.pr.control.release.application.ConfigBundleService -- bundle 发布: 30ad808ed98886e339611e59f7bac711638e216776d0231c3aad2a5fe468382c revision=1 by=op policy=policy-2026-09
13:27:18.358 [main] INFO com.objwww.pr.control.release.application.ConfigBundleService -- 资格授予: candidate=30ad808ed98886e339611e59f7bac711638e216776d0231c3aad2a5fe468382c verdict=PASS usage=MATCHED by=grader-1
13:27:18.359 [main] INFO com.objwww.pr.control.release.application.ConfigBundleService -- bundle 发布: be840a4ff5d98fc58380e1ed2d6501f2a7edb25711430dc0e9023b687140db80 revision=2 by=op policy=policy-2026-09
13:27:18.359 [main] INFO com.objwww.pr.control.release.application.ConfigBundleService -- 资格授予: candidate=be840a4ff5d98fc58380e1ed2d6501f2a7edb25711430dc0e9023b687140db80 verdict=PASS usage=MATCHED by=grader-1
13:27:18.359 [main] INFO com.objwww.pr.control.release.application.ConfigBundleService -- ACTIVATE 落位: 30ad808ed98886e339611e59f7bac711638e216776d0231c3aad2a5fe468382c revision=1 by=op
13:27:18.359 [main] INFO com.objwww.pr.control.release.application.ConfigBundleService -- ACTIVATE 落位: be840a4ff5d98fc58380e1ed2d6501f2a7edb25711430dc0e9023b687140db80 revision=2 by=op
13:27:18.360 [main] INFO com.objwww.pr.control.release.application.ConfigBundleService -- ROLLBACK 落位: 30ad808ed98886e339611e59f7bac711638e216776d0231c3aad2a5fe468382c revision=1 by=op
13:27:18.361 [main] INFO com.objwww.pr.control.release.application.ConfigBundleService -- bundle 发布: 30ad808ed98886e339611e59f7bac711638e216776d0231c3aad2a5fe468382c revision=1 by=release-operator policy=policy-2026-09
13:27:18.361 [main] INFO com.objwww.pr.control.release.application.ConfigBundleService -- bundle 幂等重放: 30ad808ed98886e339611e59f7bac711638e216776d0231c3aad2a5fe468382c revision=1 by=release-operator
13:27:18.361 [main] INFO com.objwww.pr.control.release.application.ConfigBundleService -- bundle 发布: be840a4ff5d98fc58380e1ed2d6501f2a7edb25711430dc0e9023b687140db80 revision=2 by=release-operator policy=policy-2026-09
13:27:18.362 [main] INFO com.objwww.pr.control.release.application.ConfigBundleService -- bundle 发布: 30ad808ed98886e339611e59f7bac711638e216776d0231c3aad2a5fe468382c revision=1 by=op policy=policy-2026-09
13:27:18.363 [main] INFO com.objwww.pr.control.release.application.ConfigBundleService -- 资格授予: candidate=30ad808ed98886e339611e59f7bac711638e216776d0231c3aad2a5fe468382c verdict=PASS usage=MATCHED by=grader-1
13:27:18.363 [main] INFO com.objwww.pr.control.release.application.ConfigBundleService -- bundle 发布: be840a4ff5d98fc58380e1ed2d6501f2a7edb25711430dc0e9023b687140db80 revision=2 by=op policy=policy-2026-09
13:27:18.363 [main] INFO com.objwww.pr.control.release.application.ConfigBundleService -- 资格授予: candidate=be840a4ff5d98fc58380e1ed2d6501f2a7edb25711430dc0e9023b687140db80 verdict=PASS usage=MATCHED by=grader-1
13:27:18.363 [main] INFO com.objwww.pr.control.release.application.ConfigBundleService -- ACTIVATE 落位: 30ad808ed98886e339611e59f7bac711638e216776d0231c3aad2a5fe468382c revision=1 by=op
13:27:18.363 [main] INFO com.objwww.pr.control.release.application.ConfigBundleService -- ACTIVATE 落位: be840a4ff5d98fc58380e1ed2d6501f2a7edb25711430dc0e9023b687140db80 revision=2 by=op
13:27:18.364 [main] INFO com.objwww.pr.control.release.application.ConfigBundleService -- bundle 发布: 40823ce96c5c1702de39e6181ae2e62f27ca5beef2e0bf4317c054515b83c86c revision=3 by=op policy=policy-2026-09
13:27:18.364 [main] INFO com.objwww.pr.control.release.application.ConfigBundleService -- ROLLBACK 落位: 30ad808ed98886e339611e59f7bac711638e216776d0231c3aad2a5fe468382c revision=1 by=op
13:27:18.366 [main] INFO com.objwww.pr.control.release.application.ConfigBundleService -- bundle 发布: 30ad808ed98886e339611e59f7bac711638e216776d0231c3aad2a5fe468382c revision=1 by=op policy=policy-2026-09
13:27:18.366 [main] INFO com.objwww.pr.control.release.application.ConfigBundleService -- 资格授予: candidate=30ad808ed98886e339611e59f7bac711638e216776d0231c3aad2a5fe468382c verdict=PASS usage=MATCHED by=grader-1
13:27:18.366 [main] INFO com.objwww.pr.control.release.application.ConfigBundleService -- bundle 发布: be840a4ff5d98fc58380e1ed2d6501f2a7edb25711430dc0e9023b687140db80 revision=2 by=op policy=policy-2026-09
13:27:18.366 [main] INFO com.objwww.pr.control.release.application.ConfigBundleService -- 资格授予: candidate=be840a4ff5d98fc58380e1ed2d6501f2a7edb25711430dc0e9023b687140db80 verdict=PASS usage=MATCHED by=grader-1
13:27:18.367 [main] INFO com.objwww.pr.control.release.application.ConfigBundleService -- ACTIVATE 落位: 30ad808ed98886e339611e59f7bac711638e216776d0231c3aad2a5fe468382c revision=1 by=release-operator
13:27:18.367 [main] INFO com.objwww.pr.control.release.application.ConfigBundleService -- ACTIVATE 落位: be840a4ff5d98fc58380e1ed2d6501f2a7edb25711430dc0e9023b687140db80 revision=2 by=release-operator
13:27:18.369 [main] INFO com.objwww.pr.control.release.application.ConfigBundleService -- 资产注册: PROMPT 2f36beb53b822b9d312b2353e257c8de8b87386bdf4484e342dd2f0d6ef60ea7 by=op
13:27:18.371 [main] INFO com.objwww.pr.control.release.application.ConfigBundleService -- bundle 发布: 30ad808ed98886e339611e59f7bac711638e216776d0231c3aad2a5fe468382c revision=1 by=op policy=policy-2026-09
13:27:18.372 [main] INFO com.objwww.pr.control.release.application.ConfigBundleService -- bundle 发布: be840a4ff5d98fc58380e1ed2d6501f2a7edb25711430dc0e9023b687140db80 revision=2 by=op policy=policy-2026-09
13:27:18.372 [main] INFO com.objwww.pr.control.release.application.ConfigBundleService -- 资格授予: candidate=be840a4ff5d98fc58380e1ed2d6501f2a7edb25711430dc0e9023b687140db80 verdict=FAIL usage=MATCHED by=grader-1
13:27:18.372 [main] INFO com.objwww.pr.control.release.application.ConfigBundleService -- bundle 发布: 97ec86dedfff69924f440c7dc4b94e5f83087c6c483f5b0e12e74bf22521b23c revision=3 by=op policy=policy-2026-09
13:27:18.373 [main] INFO com.objwww.pr.control.release.application.ConfigBundleService -- 资格授予: candidate=97ec86dedfff69924f440c7dc4b94e5f83087c6c483f5b0e12e74bf22521b23c verdict=INCONCLUSIVE usage=UNKNOWN by=grader-1
13:27:18.374 [main] INFO com.objwww.pr.control.release.application.ConfigBundleService -- bundle 发布: 30ad808ed98886e339611e59f7bac711638e216776d0231c3aad2a5fe468382c revision=1 by=op policy=policy-2026-09
13:27:18.374 [main] INFO com.objwww.pr.control.release.application.ConfigBundleService -- 资格授予: candidate=30ad808ed98886e339611e59f7bac711638e216776d0231c3aad2a5fe468382c verdict=PASS usage=MATCHED by=grader-1
13:27:18.374 [main] INFO com.objwww.pr.control.release.application.ConfigBundleService -- ACTIVATE 落位: 30ad808ed98886e339611e59f7bac711638e216776d0231c3aad2a5fe468382c revision=1 by=op
13:27:18.374 [main] WARN com.objwww.pr.control.release.application.ConfigBundleService -- 资格撤销: id=b2482ba2-d30e-4392-885d-273a24ffdaa8 by=safety-officer reason=基线漂移
13:27:18.374 [main] INFO com.objwww.pr.control.release.application.ConfigBundleService -- bundle 发布: be840a4ff5d98fc58380e1ed2d6501f2a7edb25711430dc0e9023b687140db80 revision=2 by=op policy=policy-2026-09
13:27:18.375 [main] INFO com.objwww.pr.control.release.application.ConfigBundleService -- 资格授予: candidate=be840a4ff5d98fc58380e1ed2d6501f2a7edb25711430dc0e9023b687140db80 verdict=PASS usage=MATCHED by=grader-1
13:27:18.375 [main] WARN com.objwww.pr.control.release.application.ConfigBundleService -- 资格撤销: id=34f36d92-4919-4414-884b-cbf4e8a70aaa by=safety-officer reason=紧急撤回
[INFO] Tests run: 17, Failures: 0, Errors: 0, Skipped: 0, Time elapsed: 0.063 s -- in com.objwww.pr.control.release.application.ConfigBundleServiceTest
[INFO] Running com.objwww.pr.control.release.application.EngineComparisonRecorderTest
[INFO] Tests run: 6, Failures: 0, Errors: 0, Skipped: 0, Time elapsed: 0.223 s -- in com.objwww.pr.control.release.application.EngineComparisonRecorderTest
[INFO] Running com.objwww.pr.control.release.application.CanaryRouterTest
13:27:18.612 [main] WARN com.objwww.pr.control.release.application.CanaryRouter -- canary 爆炸半径达上限，自动停放量: nativeRuns=1 cap=1 bundle=be2802f5ee3f3cd8b48e8bc1048f8896d2f57a771f977c998321f60f5eca0d3d
13:27:18.612 [main] WARN com.objwww.pr.control.release.application.CanaryRouter -- canary 爆炸半径达上限，自动停放量: nativeRuns=1 cap=1 bundle=be2802f5ee3f3cd8b48e8bc1048f8896d2f57a771f977c998321f60f5eca0d3d
[INFO] Tests run: 11, Failures: 0, Errors: 0, Skipped: 0, Time elapsed: 0.017 s -- in com.objwww.pr.control.release.application.CanaryRouterTest
[INFO] Running com.objwww.pr.control.release.interfaces.ConfigBundleControllerTest
13:27:19.049 [main] INFO org.springframework.mock.web.MockServletContext -- Initializing Spring TestDispatcherServlet ''
13:27:19.050 [main] INFO org.springframework.test.web.servlet.TestDispatcherServlet -- Initializing Servlet ''
13:27:19.051 [main] INFO org.springframework.test.web.servlet.TestDispatcherServlet -- Completed initialization in 1 ms
13:27:19.221 [main] INFO org.springframework.mock.web.MockServletContext -- Initializing Spring TestDispatcherServlet ''
13:27:19.221 [main] INFO org.springframework.test.web.servlet.TestDispatcherServlet -- Initializing Servlet ''
13:27:19.221 [main] INFO org.springframework.test.web.servlet.TestDispatcherServlet -- Completed initialization in 0 ms
13:27:19.226 [main] INFO com.objwww.pr.control.release.application.ConfigBundleService -- bundle 发布: 30ad808ed98886e339611e59f7bac711638e216776d0231c3aad2a5fe468382c revision=1 by=release-operator policy=policy-2026-09
13:27:19.273 [main] INFO com.objwww.pr.control.release.application.ConfigBundleService -- bundle 发布: be840a4ff5d98fc58380e1ed2d6501f2a7edb25711430dc0e9023b687140db80 revision=2 by=release-operator policy=policy-2026-09
13:27:19.275 [main] INFO com.objwww.pr.control.release.application.ConfigBundleService -- 资格授予: candidate=30ad808ed98886e339611e59f7bac711638e216776d0231c3aad2a5fe468382c verdict=PASS usage=MATCHED by=grader-1
13:27:19.275 [main] INFO com.objwww.pr.control.release.application.ConfigBundleService -- 资格授予: candidate=be840a4ff5d98fc58380e1ed2d6501f2a7edb25711430dc0e9023b687140db80 verdict=PASS usage=MATCHED by=grader-1
13:27:19.278 [main] INFO com.objwww.pr.control.release.interfaces.ConfigBundleController -- config-bundle activate: digest=30ad808ed98886e339611e59f7bac711638e216776d0231c3aad2a5fe468382c body-keys=[expectedActiveRevision]
13:27:19.279 [main] INFO com.objwww.pr.control.release.application.ConfigBundleService -- ACTIVATE 落位: 30ad808ed98886e339611e59f7bac711638e216776d0231c3aad2a5fe468382c revision=1 by=release-operator
13:27:19.281 [main] INFO com.objwww.pr.control.release.interfaces.ConfigBundleController -- config-bundle activate: digest=be840a4ff5d98fc58380e1ed2d6501f2a7edb25711430dc0e9023b687140db80 body-keys=[expectedActiveRevision]
13:27:19.281 [main] INFO com.objwww.pr.control.release.application.ConfigBundleService -- ACTIVATE 落位: be840a4ff5d98fc58380e1ed2d6501f2a7edb25711430dc0e9023b687140db80 revision=2 by=release-operator
13:27:19.283 [main] INFO com.objwww.pr.control.release.interfaces.ConfigBundleController -- config-bundle rollback: digest=30ad808ed98886e339611e59f7bac711638e216776d0231c3aad2a5fe468382c body-keys=[toDigest, expectedActiveRevision]
13:27:19.283 [main] INFO com.objwww.pr.control.release.application.ConfigBundleService -- ROLLBACK 落位: 30ad808ed98886e339611e59f7bac711638e216776d0231c3aad2a5fe468382c revision=1 by=release-operator
13:27:19.286 [main] INFO com.objwww.pr.control.release.interfaces.ConfigBundleController -- config-bundle rollback: digest=null body-keys=[]
13:27:19.295 [main] INFO org.springframework.mock.web.MockServletContext -- Initializing Spring TestDispatcherServlet ''
13:27:19.295 [main] INFO org.springframework.test.web.servlet.TestDispatcherServlet -- Initializing Servlet ''
13:27:19.296 [main] INFO org.springframework.test.web.servlet.TestDispatcherServlet -- Completed initialization in 0 ms
13:27:19.303 [main] INFO com.objwww.pr.control.release.application.ConfigBundleService -- bundle 发布: 30ad808ed98886e339611e59f7bac711638e216776d0231c3aad2a5fe468382c revision=1 by=release-operator policy=policy-2026-09
13:27:19.305 [main] INFO com.objwww.pr.control.release.application.ConfigBundleService -- 资格授予: candidate=30ad808ed98886e339611e59f7bac711638e216776d0231c3aad2a5fe468382c verdict=PASS usage=MATCHED by=grader-1
13:27:19.307 [main] INFO com.objwww.pr.control.release.interfaces.ConfigBundleController -- config-bundle activate: digest=30ad808ed98886e339611e59f7bac711638e216776d0231c3aad2a5fe468382c body-keys=[expectedActiveRevision]
13:27:19.307 [main] INFO com.objwww.pr.control.release.application.ConfigBundleService -- ACTIVATE 落位: 30ad808ed98886e339611e59f7bac711638e216776d0231c3aad2a5fe468382c revision=1 by=release-operator
13:27:19.320 [main] INFO org.springframework.mock.web.MockServletContext -- Initializing Spring TestDispatcherServlet ''
13:27:19.320 [main] INFO org.springframework.test.web.servlet.TestDispatcherServlet -- Initializing Servlet ''
13:27:19.320 [main] INFO org.springframework.test.web.servlet.TestDispatcherServlet -- Completed initialization in 0 ms
13:27:19.323 [main] INFO com.objwww.pr.control.release.application.ConfigBundleService -- bundle 发布: 30ad808ed98886e339611e59f7bac711638e216776d0231c3aad2a5fe468382c revision=1 by=release-operator policy=policy-2026-09
13:27:19.327 [main] INFO com.objwww.pr.control.release.interfaces.ConfigBundleController -- config-bundle activate: digest=30ad808ed98886e339611e59f7bac711638e216776d0231c3aad2a5fe468382c body-keys=[]
13:27:19.331 [main] INFO com.objwww.pr.control.release.interfaces.ConfigBundleController -- config-bundle activate: digest=30ad808ed98886e339611e59f7bac711638e216776d0231c3aad2a5fe468382c body-keys=[expectedActiveRevision]
13:27:19.341 [main] INFO org.springframework.mock.web.MockServletContext -- Initializing Spring TestDispatcherServlet ''
13:27:19.341 [main] INFO org.springframework.test.web.servlet.TestDispatcherServlet -- Initializing Servlet ''
13:27:19.342 [main] INFO org.springframework.test.web.servlet.TestDispatcherServlet -- Completed initialization in 1 ms
13:27:19.344 [main] INFO com.objwww.pr.control.release.application.ConfigBundleService -- bundle 发布: 30ad808ed98886e339611e59f7bac711638e216776d0231c3aad2a5fe468382c revision=1 by=release-operator policy=policy-2026-09
13:27:19.347 [main] INFO com.objwww.pr.control.release.application.ConfigBundleService -- bundle 幂等重放: 30ad808ed98886e339611e59f7bac711638e216776d0231c3aad2a5fe468382c revision=1 by=release-operator
13:27:19.355 [main] INFO org.springframework.mock.web.MockServletContext -- Initializing Spring TestDispatcherServlet ''
13:27:19.356 [main] INFO org.springframework.test.web.servlet.TestDispatcherServlet -- Initializing Servlet ''
13:27:19.356 [main] INFO org.springframework.test.web.servlet.TestDispatcherServlet -- Completed initialization in 0 ms
13:27:19.361 [main] INFO com.objwww.pr.control.release.application.ConfigBundleService -- bundle 发布: 30ad808ed98886e339611e59f7bac711638e216776d0231c3aad2a5fe468382c revision=1 by=release-operator policy=policy-2026-09
13:27:19.364 [main] INFO com.objwww.pr.control.release.application.ConfigBundleService -- bundle 发布: be840a4ff5d98fc58380e1ed2d6501f2a7edb25711430dc0e9023b687140db80 revision=2 by=release-operator policy=policy-2026-09
13:27:19.364 [main] INFO com.objwww.pr.control.release.application.ConfigBundleService -- 资格授予: candidate=30ad808ed98886e339611e59f7bac711638e216776d0231c3aad2a5fe468382c verdict=PASS usage=MATCHED by=grader-1
13:27:19.365 [main] INFO com.objwww.pr.control.release.application.ConfigBundleService -- 资格授予: candidate=be840a4ff5d98fc58380e1ed2d6501f2a7edb25711430dc0e9023b687140db80 verdict=PASS usage=MATCHED by=grader-1
13:27:19.366 [main] INFO com.objwww.pr.control.release.interfaces.ConfigBundleController -- config-bundle activate: digest=30ad808ed98886e339611e59f7bac711638e216776d0231c3aad2a5fe468382c body-keys=[expectedActiveRevision]
13:27:19.366 [main] INFO com.objwww.pr.control.release.application.ConfigBundleService -- ACTIVATE 落位: 30ad808ed98886e339611e59f7bac711638e216776d0231c3aad2a5fe468382c revision=1 by=release-operator
13:27:19.368 [main] INFO com.objwww.pr.control.release.interfaces.ConfigBundleController -- config-bundle activate: digest=be840a4ff5d98fc58380e1ed2d6501f2a7edb25711430dc0e9023b687140db80 body-keys=[expectedActiveRevision]
13:27:19.368 [main] WARN com.objwww.pr.control.release.application.ConfigBundleService -- ACTIVATE CAS 竞争失败: target=be840a4ff5d98fc58380e1ed2d6501f2a7edb25711430dc0e9023b687140db80 expected=1 by=release-operator
13:27:19.390 [main] INFO org.springframework.mock.web.MockServletContext -- Initializing Spring TestDispatcherServlet ''
13:27:19.390 [main] INFO org.springframework.test.web.servlet.TestDispatcherServlet -- Initializing Servlet ''
13:27:19.390 [main] INFO org.springframework.test.web.servlet.TestDispatcherServlet -- Completed initialization in 0 ms
13:27:19.393 [main] INFO com.objwww.pr.control.release.application.ConfigBundleService -- bundle 发布: 30ad808ed98886e339611e59f7bac711638e216776d0231c3aad2a5fe468382c revision=1 by=release-operator policy=policy-2026-09
13:27:19.395 [main] INFO com.objwww.pr.control.release.application.ConfigBundleService -- 资格授予: candidate=30ad808ed98886e339611e59f7bac711638e216776d0231c3aad2a5fe468382c verdict=PASS usage=MATCHED by=grader-1
13:27:19.396 [main] INFO com.objwww.pr.control.release.interfaces.ConfigBundleController -- config-bundle activate: digest=30ad808ed98886e339611e59f7bac711638e216776d0231c3aad2a5fe468382c body-keys=[expectedActiveRevision]
13:27:19.397 [main] INFO com.objwww.pr.control.release.application.ConfigBundleService -- ACTIVATE 落位: 30ad808ed98886e339611e59f7bac711638e216776d0231c3aad2a5fe468382c revision=1 by=release-operator
13:27:19.399 [main] INFO com.objwww.pr.control.release.interfaces.ConfigBundleController -- config-bundle activate: digest=30ad808ed98886e339611e59f7bac711638e216776d0231c3aad2a5fe468382c body-keys=[expectedActiveRevision]
13:27:19.400 [main] INFO com.objwww.pr.control.release.interfaces.ConfigBundleController -- config-bundle activate: digest=ead6ef03d61ee60c533d6d450c50a1e559a8a37f6b796a4094cd0dac6b744428 body-keys=[expectedActiveRevision]
[INFO] Tests run: 7, Failures: 0, Errors: 0, Skipped: 0, Time elapsed: 0.786 s -- in com.objwww.pr.control.release.interfaces.ConfigBundleControllerTest
[INFO] Running com.objwww.pr.control.release.interfaces.CanaryStatusControllerTest
13:27:19.418 [main] INFO org.springframework.mock.web.MockServletContext -- Initializing Spring TestDispatcherServlet ''
13:27:19.418 [main] INFO org.springframework.test.web.servlet.TestDispatcherServlet -- Initializing Servlet ''
13:27:19.419 [main] INFO org.springframework.test.web.servlet.TestDispatcherServlet -- Completed initialization in 1 ms
13:27:19.437 [main] INFO org.springframework.mock.web.MockServletContext -- Initializing Spring TestDispatcherServlet ''
13:27:19.437 [main] INFO org.springframework.test.web.servlet.TestDispatcherServlet -- Initializing Servlet ''
13:27:19.438 [main] INFO org.springframework.test.web.servlet.TestDispatcherServlet -- Completed initialization in 0 ms
13:27:19.452 [main] INFO org.springframework.mock.web.MockServletContext -- Initializing Spring TestDispatcherServlet ''
13:27:19.452 [main] INFO org.springframework.test.web.servlet.TestDispatcherServlet -- Initializing Servlet ''
13:27:19.453 [main] INFO org.springframework.test.web.servlet.TestDispatcherServlet -- Completed initialization in 1 ms
13:27:19.466 [main] INFO org.springframework.mock.web.MockServletContext -- Initializing Spring TestDispatcherServlet ''
13:27:19.466 [main] INFO org.springframework.test.web.servlet.TestDispatcherServlet -- Initializing Servlet ''
13:27:19.466 [main] INFO org.springframework.test.web.servlet.TestDispatcherServlet -- Completed initialization in 0 ms
[INFO] Tests run: 4, Failures: 0, Errors: 0, Skipped: 0, Time elapsed: 0.064 s -- in com.objwww.pr.control.release.interfaces.CanaryStatusControllerTest
[INFO] Running com.objwww.pr.control.release.interfaces.ReleaseAssetQueryControllerTest
[INFO] Tests run: 6, Failures: 0, Errors: 0, Skipped: 0, Time elapsed: 0.023 s -- in com.objwww.pr.control.release.interfaces.ReleaseAssetQueryControllerTest
[INFO] Running com.objwww.pr.control.eval.domain.statemachine.EvalRunLifecycleTest
[INFO] Tests run: 4, Failures: 0, Errors: 0, Skipped: 0, Time elapsed: 0.006 s -- in com.objwww.pr.control.eval.domain.statemachine.EvalRunLifecycleTest
[INFO] Running com.objwww.pr.control.eval.domain.statemachine.GoldenCandidateStateMachineTest
[INFO] Tests run: 2, Failures: 0, Errors: 0, Skipped: 0, Time elapsed: 0.005 s -- in com.objwww.pr.control.eval.domain.statemachine.GoldenCandidateStateMachineTest
[INFO] Running com.objwww.pr.control.eval.domain.ScenarioMetricsTest
[INFO] Tests run: 5, Failures: 0, Errors: 0, Skipped: 0, Time elapsed: 0.007 s -- in com.objwww.pr.control.eval.domain.ScenarioMetricsTest
[INFO] Running com.objwww.pr.control.eval.domain.SynonymLexiconTest
[INFO] Tests run: 5, Failures: 0, Errors: 0, Skipped: 0, Time elapsed: 0.082 s -- in com.objwww.pr.control.eval.domain.SynonymLexiconTest
[INFO] Running com.objwww.pr.control.eval.domain.litellm.UsageLedgerReconcilerTest
[INFO] Tests run: 12, Failures: 0, Errors: 0, Skipped: 0, Time elapsed: 0.039 s -- in com.objwww.pr.control.eval.domain.litellm.UsageLedgerReconcilerTest
[INFO] Running com.objwww.pr.control.eval.domain.GoldenScenarioRegistryTest
[INFO] Tests run: 4, Failures: 0, Errors: 0, Skipped: 0, Time elapsed: 0.057 s -- in com.objwww.pr.control.eval.domain.GoldenScenarioRegistryTest
[INFO] Running com.objwww.pr.control.eval.domain.port.DatasetAdapterTest
[INFO] Tests run: 5, Failures: 0, Errors: 0, Skipped: 0, Time elapsed: 0.009 s -- in com.objwww.pr.control.eval.domain.port.DatasetAdapterTest
[INFO] Running com.objwww.pr.control.eval.domain.model.SamplingFingerprintTest
[INFO] Tests run: 6, Failures: 0, Errors: 0, Skipped: 0, Time elapsed: 0.015 s -- in com.objwww.pr.control.eval.domain.model.SamplingFingerprintTest
[INFO] Running com.objwww.pr.control.eval.domain.model.EvalCaseV1Test
[INFO] Tests run: 3, Failures: 0, Errors: 0, Skipped: 0, Time elapsed: 0.002 s -- in com.objwww.pr.control.eval.domain.model.EvalCaseV1Test
[INFO] Running com.objwww.pr.control.eval.domain.model.EvalLaunchPlanTest
[INFO] Tests run: 3, Failures: 0, Errors: 0, Skipped: 0, Time elapsed: 0.008 s -- in com.objwww.pr.control.eval.domain.model.EvalLaunchPlanTest
[INFO] Running com.objwww.pr.control.eval.domain.model.DatasetVersionTest
[INFO] Tests run: 3, Failures: 0, Errors: 0, Skipped: 0, Time elapsed: 0.004 s -- in com.objwww.pr.control.eval.domain.model.DatasetVersionTest
[INFO] Running com.objwww.pr.control.eval.domain.model.CaseVersionTest
[INFO] Tests run: 4, Failures: 0, Errors: 0, Skipped: 0, Time elapsed: 0.005 s -- in com.objwww.pr.control.eval.domain.model.CaseVersionTest
[INFO] Running com.objwww.pr.control.eval.domain.EvalRunMetadataTest
[INFO] Tests run: 5, Failures: 0, Errors: 0, Skipped: 0, Time elapsed: 0.013 s -- in com.objwww.pr.control.eval.domain.EvalRunMetadataTest
[INFO] Running com.objwww.pr.control.eval.domain.EvalCaseResultTest
[INFO] Tests run: 3, Failures: 0, Errors: 0, Skipped: 0, Time elapsed: 0.007 s -- in com.objwww.pr.control.eval.domain.EvalCaseResultTest
[INFO] Running com.objwww.pr.control.eval.domain.service.SafetyGateTest
[INFO] Tests run: 8, Failures: 0, Errors: 0, Skipped: 0, Time elapsed: 0.029 s -- in com.objwww.pr.control.eval.domain.service.SafetyGateTest
[INFO] Running com.objwww.pr.control.eval.domain.service.QualityGateTest
[INFO] Tests run: 13, Failures: 0, Errors: 0, Skipped: 0, Time elapsed: 0.013 s -- in com.objwww.pr.control.eval.domain.service.QualityGateTest
[INFO] Running com.objwww.pr.control.eval.domain.service.SixDimEvaluatorTest
[INFO] Tests run: 11, Failures: 0, Errors: 0, Skipped: 0, Time elapsed: 0.012 s -- in com.objwww.pr.control.eval.domain.service.SixDimEvaluatorTest
[INFO] Running com.objwww.pr.control.eval.domain.service.HypothesisSearchServiceTest
[INFO] Tests run: 5, Failures: 0, Errors: 0, Skipped: 0, Time elapsed: 0.012 s -- in com.objwww.pr.control.eval.domain.service.HypothesisSearchServiceTest
[INFO] Running com.objwww.pr.control.eval.domain.service.PairedTrialStatsTest
[INFO] Tests run: 8, Failures: 0, Errors: 0, Skipped: 0, Time elapsed: 0.024 s -- in com.objwww.pr.control.eval.domain.service.PairedTrialStatsTest
[INFO] Running com.objwww.pr.control.eval.infrastructure.adapter.OrderArenaAdapterTest
[INFO] Tests run: 2, Failures: 0, Errors: 0, Skipped: 0, Time elapsed: 0.007 s -- in com.objwww.pr.control.eval.infrastructure.adapter.OrderArenaAdapterTest
[INFO] Running com.objwww.pr.control.eval.infrastructure.adapter.RcaEvalAdapterTest
[INFO] Tests run: 1, Failures: 0, Errors: 0, Skipped: 0, Time elapsed: 0.006 s -- in com.objwww.pr.control.eval.infrastructure.adapter.RcaEvalAdapterTest
[INFO] Running com.objwww.pr.control.eval.infrastructure.adapter.Rca100AdapterTest
[INFO] Tests run: 3, Failures: 0, Errors: 0, Skipped: 0, Time elapsed: 0.020 s -- in com.objwww.pr.control.eval.infrastructure.adapter.Rca100AdapterTest
[INFO] Running com.objwww.pr.control.eval.infrastructure.identity.DatasetPartitionAccessTest
[INFO] Tests run: 4, Failures: 0, Errors: 0, Skipped: 0, Time elapsed: 0.011 s -- in com.objwww.pr.control.eval.infrastructure.identity.DatasetPartitionAccessTest
[INFO] Running com.objwww.pr.control.eval.application.EvalRubricRegistryTest
[INFO] Tests run: 3, Failures: 0, Errors: 0, Skipped: 0, Time elapsed: 0.017 s -- in com.objwww.pr.control.eval.application.EvalRubricRegistryTest
[INFO] Running com.objwww.pr.control.eval.application.UsageLedgerServiceTest
13:27:19.965 [main] WARN com.objwww.pr.control.eval.application.UsageLedgerService -- LiteLLM 未配置（app.alert.eval.litellm.base-url 为空），usage 对账按 chain③ 降级 UNMATCHED/BEST_EFFORT
13:27:19.975 [main] WARN com.objwww.pr.control.eval.application.UsageLedgerService -- SpendLogs 查询失败，usage 对账降级 UNMATCHED（run=b3a0b371-face-4272-91db-53cf2ef2424c）: LiteLLM /spend/logs 调用失败: HTTP 500
13:27:19.976 [main] WARN com.objwww.pr.control.eval.application.UsageLedgerService -- LiteLLM 未配置（app.alert.eval.litellm.base-url 为空），usage 对账按 chain③ 降级 UNMATCHED/BEST_EFFORT
13:27:19.977 [main] WARN com.objwww.pr.control.eval.application.UsageLedgerService -- usage 对账: run=b3a0b371-face-4272-91db-53cf2ef2424c 取得 proxy 行数=1
13:27:19.978 [main] WARN com.objwww.pr.control.eval.application.UsageLedgerService -- LiteLLM 未配置（app.alert.eval.litellm.base-url 为空），usage 对账按 chain③ 降级 UNMATCHED/BEST_EFFORT
13:27:19.978 [main] WARN com.objwww.pr.control.eval.application.UsageLedgerService -- LiteLLM 未配置（app.alert.eval.litellm.base-url 为空），usage 对账按 chain③ 降级 UNMATCHED/BEST_EFFORT
13:27:19.979 [main] WARN com.objwww.pr.control.eval.application.UsageLedgerService -- LiteLLM 未配置（app.alert.eval.litellm.base-url 为空），usage 对账按 chain③ 降级 UNMATCHED/BEST_EFFORT
13:27:19.980 [main] WARN com.objwww.pr.control.eval.application.UsageLedgerService -- LiteLLM 未配置（app.alert.eval.litellm.base-url 为空），usage 对账按 chain③ 降级 UNMATCHED/BEST_EFFORT
[INFO] Tests run: 8, Failures: 0, Errors: 0, Skipped: 0, Time elapsed: 0.017 s -- in com.objwww.pr.control.eval.application.UsageLedgerServiceTest
[INFO] Running com.objwww.pr.control.eval.application.BaselineReportGeneratorTest
[INFO] Tests run: 5, Failures: 0, Errors: 0, Skipped: 0, Time elapsed: 0.025 s -- in com.objwww.pr.control.eval.application.BaselineReportGeneratorTest
[INFO] Running com.objwww.pr.control.eval.application.EvalGateRunnerTest
[INFO] Tests run: 4, Failures: 0, Errors: 0, Skipped: 0, Time elapsed: 0.012 s -- in com.objwww.pr.control.eval.application.EvalGateRunnerTest
[INFO] Running com.objwww.pr.control.eval.application.EvalCompareServiceTest
[INFO] Tests run: 8, Failures: 0, Errors: 0, Skipped: 0, Time elapsed: 0.053 s -- in com.objwww.pr.control.eval.application.EvalCompareServiceTest
[INFO] Running com.objwww.pr.control.eval.application.SingleCaseScorerTest
[INFO] Tests run: 6, Failures: 0, Errors: 0, Skipped: 0, Time elapsed: 0.020 s -- in com.objwww.pr.control.eval.application.SingleCaseScorerTest
[INFO] Running com.objwww.pr.control.eval.application.EvalCompareTest
[INFO] Tests run: 8, Failures: 0, Errors: 0, Skipped: 0, Time elapsed: 0.008 s -- in com.objwww.pr.control.eval.application.EvalCompareTest
[INFO] Running com.objwww.pr.control.eval.application.FinalReportSelectorTest
[INFO] Tests run: 3, Failures: 0, Errors: 0, Skipped: 0, Time elapsed: 0.011 s -- in com.objwww.pr.control.eval.application.FinalReportSelectorTest
[INFO] Running com.objwww.pr.control.eval.application.EvalReviewServiceTest
[INFO] Tests run: 15, Failures: 0, Errors: 0, Skipped: 0, Time elapsed: 0.048 s -- in com.objwww.pr.control.eval.application.EvalReviewServiceTest
[INFO] Running com.objwww.pr.control.eval.application.EvalLogCompareTest
[INFO] Tests run: 7, Failures: 0, Errors: 0, Skipped: 0, Time elapsed: 0.017 s -- in com.objwww.pr.control.eval.application.EvalLogCompareTest
[INFO] Running com.objwww.pr.control.eval.application.ScenarioEvaluatorTest
[INFO] Tests run: 5, Failures: 0, Errors: 0, Skipped: 0, Time elapsed: 0.004 s -- in com.objwww.pr.control.eval.application.ScenarioEvaluatorTest
[INFO] Running com.objwww.pr.control.eval.application.EvalBatchRunnerTest
13:27:20.203 [main] WARN com.objwww.pr.control.eval.application.EvalBatchRunner -- 场景 S1 第 1 轮注入失败: flagd admin down
13:27:20.229 [main] WARN com.objwww.pr.control.eval.application.EvalBatchRunner -- 场景 S1 注入前 incident 未 resolved（alertname=checkout，预算 10s 耗尽）——本轮判 prev_round_not_resolved 并关门
[INFO] Tests run: 5, Failures: 0, Errors: 0, Skipped: 0, Time elapsed: 0.034 s -- in com.objwww.pr.control.eval.application.EvalBatchRunnerTest
[INFO] Running com.objwww.pr.control.eval.application.EvalBatchRunnerLifecycleTest
13:27:20.252 [main] WARN com.objwww.pr.control.eval.application.EvalBatchRunner -- 场景 S1 注入前 incident 未 resolved（alertname=checkout，预算 10s 耗尽）——本轮判 prev_round_not_resolved 并关门
13:27:20.252 [main] WARN com.objwww.pr.control.eval.application.EvalBatchRunner -- L 模式取消恢复核验：场景 S1 的 incident 未 RESOLVED（alertname=checkout，预算 10s 耗尽）
[INFO] Tests run: 5, Failures: 0, Errors: 0, Skipped: 0, Time elapsed: 0.040 s -- in com.objwww.pr.control.eval.application.EvalBatchRunnerLifecycleTest
[INFO] Running com.objwww.pr.control.eval.application.GoldenCandidateServiceTest
[INFO] Tests run: 8, Failures: 0, Errors: 0, Skipped: 0, Time elapsed: 0.012 s -- in com.objwww.pr.control.eval.application.GoldenCandidateServiceTest
[INFO] Running com.objwww.pr.control.eval.application.EvalRunnerProfileIsolationTest
13:27:20.970 [main] WARN org.springframework.context.annotation.AnnotationConfigApplicationContext -- Exception encountered during context initialization - cancelling refresh attempt: org.springframework.beans.factory.UnsatisfiedDependencyException: Error creating bean with name 'evalBatchRunner' defined in com.objwww.pr.control.eval.application.EvalRunnerConfig: Unsatisfied dependency expressed through method 'evalBatchRunner' parameter 10: Error creating bean with name 'evalRunMetadata' defined in com.objwww.pr.control.eval.application.EvalRunnerConfig: Failed to instantiate [com.objwww.pr.control.eval.domain.EvalRunMetadata]: Factory method 'evalRunMetadata' threw exception with message: app.alert.eval.grader-version 必填（EN-09：评分器版本入批次身份面）
[INFO] Tests run: 3, Failures: 0, Errors: 0, Skipped: 0, Time elapsed: 0.814 s -- in com.objwww.pr.control.eval.application.EvalRunnerProfileIsolationTest
[INFO] Running com.objwww.pr.control.eval.application.EvalQueryServiceTest
[INFO] Tests run: 35, Failures: 0, Errors: 0, Skipped: 0, Time elapsed: 0.079 s -- in com.objwww.pr.control.eval.application.EvalQueryServiceTest
[INFO] Running com.objwww.pr.control.eval.application.EvalRunWorkerTest
13:27:21.187 [main] WARN com.objwww.pr.control.eval.application.EvalRunWorker -- 孤儿 run ac266fec-6e27-40ba-bdb5-77ad24bf480e 终态化 FAILED（worker_lost）
13:27:21.188 [main] WARN com.objwww.pr.control.eval.application.EvalRunWorker -- 孤儿命令 44bfba84-ccc0-4394-8b49-81a2df0fbde4 重排队（run 05511e0f-2d78-4faa-935a-f1f0c6b7755e 从未落库）
13:27:21.189 [main] WARN com.objwww.pr.control.eval.application.EvalRunWorker -- 孤儿命令 c9775f76-284e-4f1f-b307-203a370f3692 对齐 run 终态 SUCCEEDED
13:27:21.190 [main] WARN com.objwww.pr.control.eval.application.EvalRunWorker -- eval worker worker-ut 领取 LAUNCH：command=cb34a44e-8e36-4415-8422-249d4d956689 run=80c592ec-edc9-4ef4-93ed-98e6109a6a10
13:27:21.191 [main] ERROR com.objwww.pr.control.eval.application.EvalRunWorker -- eval run 80c592ec-edc9-4ef4-93ed-98e6109a6a10 跑批失败: arena map missing
java.lang.IllegalStateException: arena map missing
	at com.objwww.pr.control.eval.application.EvalRunWorkerTest.lambda$newFailingExecutor$1(EvalRunWorkerTest.java:240)
	at com.objwww.pr.control.eval.application.EvalRunWorker.tick(EvalRunWorker.java:92)
	at com.objwww.pr.control.eval.application.EvalRunWorkerTest.tickClaimsExecutesAndFinishes(EvalRunWorkerTest.java:231)
	at java.base/jdk.internal.reflect.DirectMethodHandleAccessor.invoke(DirectMethodHandleAccessor.java:103)
	at java.base/java.lang.reflect.Method.invoke(Method.java:580)
	at org.junit.platform.commons.util.ReflectionUtils.invokeMethod(ReflectionUtils.java:767)
	at org.junit.jupiter.engine.execution.MethodInvocation.proceed(MethodInvocation.java:60)
	at org.junit.jupiter.engine.execution.InvocationInterceptorChain$ValidatingInvocation.proceed(InvocationInterceptorChain.java:131)
	at org.junit.jupiter.engine.extension.TimeoutExtension.intercept(TimeoutExtension.java:156)
	at org.junit.jupiter.engine.extension.TimeoutExtension.interceptTestableMethod(TimeoutExtension.java:147)
	at org.junit.jupiter.engine.extension.TimeoutExtension.interceptTestMethod(TimeoutExtension.java:86)
	at org.junit.jupiter.engine.execution.InterceptingExecutableInvoker$ReflectiveInterceptorCall.lambda$ofVoidMethod$0(InterceptingExecutableInvoker.java:103)
	at org.junit.jupiter.engine.execution.InterceptingExecutableInvoker.lambda$invoke$0(InterceptingExecutableInvoker.java:93)
	at org.junit.jupiter.engine.execution.InvocationInterceptorChain$InterceptedInvocation.proceed(InvocationInterceptorChain.java:106)
	at org.junit.jupiter.engine.execution.InvocationInterceptorChain.proceed(InvocationInterceptorChain.java:64)
	at org.junit.jupiter.engine.execution.InvocationInterceptorChain.chainAndInvoke(InvocationInterceptorChain.java:45)
	at org.junit.jupiter.engine.execution.InvocationInterceptorChain.invoke(InvocationInterceptorChain.java:37)
	at org.junit.jupiter.engine.execution.InterceptingExecutableInvoker.invoke(InterceptingExecutableInvoker.java:92)
	at org.junit.jupiter.engine.execution.InterceptingExecutableInvoker.invoke(InterceptingExecutableInvoker.java:86)
	at org.junit.jupiter.engine.descriptor.TestMethodTestDescriptor.lambda$invokeTestMethod$8(TestMethodTestDescriptor.java:217)
	at org.junit.platform.engine.support.hierarchical.ThrowableCollector.execute(ThrowableCollector.java:73)
	at org.junit.jupiter.engine.descriptor.TestMethodTestDescriptor.invokeTestMethod(TestMethodTestDescriptor.java:213)
	at org.junit.jupiter.engine.descriptor.TestMethodTestDescriptor.execute(TestMethodTestDescriptor.java:138)
	at org.junit.jupiter.engine.descriptor.TestMethodTestDescriptor.execute(TestMethodTestDescriptor.java:68)
	at org.junit.platform.engine.support.hierarchical.NodeTestTask.lambda$executeRecursively$6(NodeTestTask.java:156)
	at org.junit.platform.engine.support.hierarchical.ThrowableCollector.execute(ThrowableCollector.java:73)
	at org.junit.platform.engine.support.hierarchical.NodeTestTask.lambda$executeRecursively$8(NodeTestTask.java:146)
	at org.junit.platform.engine.support.hierarchical.Node.around(Node.java:137)
	at org.junit.platform.engine.support.hierarchical.NodeTestTask.lambda$executeRecursively$9(NodeTestTask.java:144)
	at org.junit.platform.engine.support.hierarchical.ThrowableCollector.execute(ThrowableCollector.java:73)
	at org.junit.platform.engine.support.hierarchical.NodeTestTask.executeRecursively(NodeTestTask.java:143)
	at org.junit.platform.engine.support.hierarchical.NodeTestTask.execute(NodeTestTask.java:100)
	at java.base/java.util.ArrayList.forEach(ArrayList.java:1596)
	at org.junit.platform.engine.support.hierarchical.SameThreadHierarchicalTestExecutorService.invokeAll(SameThreadHierarchicalTestExecutorService.java:41)
	at org.junit.platform.engine.support.hierarchical.NodeTestTask.lambda$executeRecursively$6(NodeTestTask.java:160)
	at org.junit.platform.engine.support.hierarchical.ThrowableCollector.execute(ThrowableCollector.java:73)
	at org.junit.platform.engine.support.hierarchical.NodeTestTask.lambda$executeRecursively$8(NodeTestTask.java:146)
	at org.junit.platform.engine.support.hierarchical.Node.around(Node.java:137)
	at org.junit.platform.engine.support.hierarchical.NodeTestTask.lambda$executeRecursively$9(NodeTestTask.java:144)
	at org.junit.platform.engine.support.hierarchical.ThrowableCollector.execute(ThrowableCollector.java:73)
	at org.junit.platform.engine.support.hierarchical.NodeTestTask.executeRecursively(NodeTestTask.java:143)
	at org.junit.platform.engine.support.hierarchical.NodeTestTask.execute(NodeTestTask.java:100)
	at java.base/java.util.ArrayList.forEach(ArrayList.java:1596)
	at org.junit.platform.engine.support.hierarchical.SameThreadHierarchicalTestExecutorService.invokeAll(SameThreadHierarchicalTestExecutorService.java:41)
	at org.junit.platform.engine.support.hierarchical.NodeTestTask.lambda$executeRecursively$6(NodeTestTask.java:160)
	at org.junit.platform.engine.support.hierarchical.ThrowableCollector.execute(ThrowableCollector.java:73)
	at org.junit.platform.engine.support.hierarchical.NodeTestTask.lambda$executeRecursively$8(NodeTestTask.java:146)
	at org.junit.platform.engine.support.hierarchical.Node.around(Node.java:137)
	at org.junit.platform.engine.support.hierarchical.NodeTestTask.lambda$executeRecursively$9(NodeTestTask.java:144)
	at org.junit.platform.engine.support.hierarchical.ThrowableCollector.execute(ThrowableCollector.java:73)
	at org.junit.platform.engine.support.hierarchical.NodeTestTask.executeRecursively(NodeTestTask.java:143)
	at org.junit.platform.engine.support.hierarchical.NodeTestTask.execute(NodeTestTask.java:100)
	at org.junit.platform.engine.support.hierarchical.SameThreadHierarchicalTestExecutorService.submit(SameThreadHierarchicalTestExecutorService.java:35)
	at org.junit.platform.engine.support.hierarchical.HierarchicalTestExecutor.execute(HierarchicalTestExecutor.java:57)
	at org.junit.platform.engine.support.hierarchical.HierarchicalTestEngine.execute(HierarchicalTestEngine.java:54)
	at org.junit.platform.launcher.core.EngineExecutionOrchestrator.execute(EngineExecutionOrchestrator.java:198)
	at org.junit.platform.launcher.core.EngineExecutionOrchestrator.execute(EngineExecutionOrchestrator.java:169)
	at org.junit.platform.launcher.core.EngineExecutionOrchestrator.execute(EngineExecutionOrchestrator.java:93)
	at org.junit.platform.launcher.core.EngineExecutionOrchestrator.lambda$execute$0(EngineExecutionOrchestrator.java:58)
	at org.junit.platform.launcher.core.EngineExecutionOrchestrator.withInterceptedStreams(EngineExecutionOrchestrator.java:141)
	at org.junit.platform.launcher.core.EngineExecutionOrchestrator.execute(EngineExecutionOrchestrator.java:57)
	at org.junit.platform.launcher.core.DefaultLauncher.execute(DefaultLauncher.java:103)
	at org.junit.platform.launcher.core.DefaultLauncher.execute(DefaultLauncher.java:85)
	at org.junit.platform.launcher.core.DelegatingLauncher.execute(DelegatingLauncher.java:47)
	at org.apache.maven.surefire.junitplatform.LazyLauncher.execute(LazyLauncher.java:56)
	at org.apache.maven.surefire.junitplatform.JUnitPlatformProvider.execute(JUnitPlatformProvider.java:194)
	at org.apache.maven.surefire.junitplatform.JUnitPlatformProvider.invokeAllTests(JUnitPlatformProvider.java:150)
	at org.apache.maven.surefire.junitplatform.JUnitPlatformProvider.invoke(JUnitPlatformProvider.java:124)
	at org.apache.maven.surefire.booter.ForkedBooter.runSuitesInProcess(ForkedBooter.java:385)
	at org.apache.maven.surefire.booter.ForkedBooter.execute(ForkedBooter.java:162)
	at org.apache.maven.surefire.booter.ForkedBooter.run(ForkedBooter.java:507)
	at org.apache.maven.surefire.booter.ForkedBooter.main(ForkedBooter.java:495)
[INFO] Tests run: 5, Failures: 0, Errors: 0, Skipped: 0, Time elapsed: 0.013 s -- in com.objwww.pr.control.eval.application.EvalRunWorkerTest
[INFO] Running com.objwww.pr.control.eval.application.EvalCommandServiceTest
[INFO] Tests run: 9, Failures: 0, Errors: 0, Skipped: 0, Time elapsed: 0.015 s -- in com.objwww.pr.control.eval.application.EvalCommandServiceTest
[INFO] Running com.objwww.pr.control.infrastructure.config.AlertAm4ConfigTest
[INFO] Tests run: 3, Failures: 0, Errors: 0, Skipped: 0, Time elapsed: 0.026 s -- in com.objwww.pr.control.infrastructure.config.AlertAm4ConfigTest
[INFO] Running com.objwww.pr.control.infrastructure.config.EngineComparisonRecorderWiringTest
[INFO] Tests run: 2, Failures: 0, Errors: 0, Skipped: 0, Time elapsed: 0.005 s -- in com.objwww.pr.control.infrastructure.config.EngineComparisonRecorderWiringTest
[INFO] Running com.objwww.pr.control.infrastructure.config.AlertFlowConfigTest
[INFO] Tests run: 2, Failures: 0, Errors: 0, Skipped: 0, Time elapsed: 0.003 s -- in com.objwww.pr.control.infrastructure.config.AlertFlowConfigTest
[INFO] Running com.objwww.pr.control.infrastructure.config.ModelPriceBindingTest
[INFO] Tests run: 3, Failures: 0, Errors: 0, Skipped: 0, Time elapsed: 0.056 s -- in com.objwww.pr.control.infrastructure.config.ModelPriceBindingTest
[INFO] Running com.objwww.pr.control.infrastructure.config.NativeCapabilityProbeTest
[INFO] Tests run: 5, Failures: 0, Errors: 0, Skipped: 0, Time elapsed: 0.005 s -- in com.objwww.pr.control.infrastructure.config.NativeCapabilityProbeTest
[INFO] Running com.objwww.pr.control.infrastructure.config.SecurityConfigTest
13:27:21.526 [main] INFO org.springframework.boot.test.context.SpringBootTestContextBootstrapper -- Found @SpringBootConfiguration com.objwww.pr.control.ControlApplication for test class com.objwww.pr.control.infrastructure.config.SecurityConfigTest

  .   ____          _            __ _ _
 /\\ / ___'_ __ _ _(_)_ __  __ _ \ \ \ \
( ( )\___ | '_ | '_| | '_ \/ _` | \ \ \ \
 \\/  ___)| |_)| | | | | || (_| |  ) ) ) )
  '  |____| .__|_| |_|_| |_\__, | / / / /
 =========|_|==============|___/=/_/_/_/

 :: Spring Boot ::                (v3.4.5)

2026-09-12T13:27:21.791+08:00  INFO 567 --- [control-app] [           main] [                                                 ] c.o.p.c.i.config.SecurityConfigTest      : Starting SecurityConfigTest using Java 21.0.12.1 with PID 567 (started by root in /opt/build/pr/control-app)
2026-09-12T13:27:21.794+08:00  INFO 567 --- [control-app] [           main] [                                                 ] c.o.p.c.i.config.SecurityConfigTest      : No active profile set, falling back to 1 default profile: "default"
2026-09-12T13:27:23.282+08:00  WARN 567 --- [control-app] [           main] [                                                 ] r$InitializeUserDetailsManagerConfigurer : Found 2 UserDetailsService beans, with names [authUserDetailsService, platformUserDetailsService]. Global Authentication Manager will not use a UserDetailsService for username/password login. Consider publishing a single UserDetailsService bean.
2026-09-12T13:27:23.819+08:00  INFO 567 --- [control-app] [           main] [                                                 ] o.s.b.a.e.web.EndpointLinksResolver      : Exposing 3 endpoints beneath base path '/actuator'
2026-09-12T13:27:24.821+08:00  INFO 567 --- [control-app] [           main] [                                                 ] o.s.b.t.m.w.SpringBootMockServletContext : Initializing Spring TestDispatcherServlet ''
2026-09-12T13:27:24.822+08:00  INFO 567 --- [control-app] [           main] [                                                 ] o.s.t.web.servlet.TestDispatcherServlet  : Initializing Servlet ''
2026-09-12T13:27:24.823+08:00  INFO 567 --- [control-app] [           main] [                                                 ] o.s.t.web.servlet.TestDispatcherServlet  : Completed initialization in 1 ms
2026-09-12T13:27:24.965+08:00  INFO 567 --- [control-app] [           main] [                                                 ] c.o.p.c.i.config.SecurityConfigTest      : Started SecurityConfigTest in 3.395 seconds (process running for 9.026)
Mockito is currently self-attaching to enable the inline-mock-maker. This will no longer work in future releases of the JDK. Please add Mockito as an agent to your build what is described in Mockito's documentation: https://javadoc.io/doc/org.mockito/mockito-core/latest/org/mockito/Mockito.html#0.3
OpenJDK 64-Bit Server VM warning: Sharing is only supported for boot loader classes because bootstrap classpath has been appended
WARNING: A Java agent has been loaded dynamically (/root/.m2/repository/net/bytebuddy/byte-buddy-agent/1.15.11/byte-buddy-agent-1.15.11.jar)
WARNING: If a serviceability tool is in use, please run with -XX:+EnableDynamicAgentLoading to hide this warning
WARNING: If a serviceability tool is not in use, please run with -Djdk.instrument.traceUsage for more information
WARNING: Dynamic loading of agents will be disallowed by default in a future release
[INFO] Tests run: 18, Failures: 0, Errors: 0, Skipped: 0, Time elapsed: 6.210 s -- in com.objwww.pr.control.infrastructure.config.SecurityConfigTest
[INFO] Running com.objwww.pr.control.infrastructure.litellm.HttpLiteLlmAdminClientTest
[INFO] Tests run: 4, Failures: 0, Errors: 0, Skipped: 0, Time elapsed: 0.189 s -- in com.objwww.pr.control.infrastructure.litellm.HttpLiteLlmAdminClientTest
[INFO] Running com.objwww.pr.control.infrastructure.rag.RunbookExecutorsTest
[INFO] Tests run: 15, Failures: 0, Errors: 0, Skipped: 0, Time elapsed: 0.048 s -- in com.objwww.pr.control.infrastructure.rag.RunbookExecutorsTest
[INFO] Running com.objwww.pr.control.infrastructure.nativeexec.R7PrimaryModeExecutorTest
2026-09-12T13:27:27.804+08:00  INFO 567 --- [control-app] [           main] [                                                 ] c.o.p.c.a.a.DeterministicSupervisor      : {"event":"r7_primary_started","ts":"2026-09-12T05:27:27.804267415Z","task_id":"3a85faf2-9d19-4141-9070-cb9c21e649e5","role":"primary@1","run_id":"735a89a3-c594-4fa5-b653-005d2b344928"}
2026-09-12T13:27:27.805+08:00  WARN 567 --- [control-app] [           main] [                                                 ] c.o.p.c.i.n.NativeInvestigationExecutor  : run 735a89a3-c594-4fa5-b653-005d2b344928 无冻结时间窗（存量行兼容面），回退执行时窗口——F14 冻结语义缺失
2026-09-12T13:27:27.825+08:00  INFO 567 --- [control-app] [           main] [                                                 ] c.o.p.c.a.a.DeterministicSupervisor      : {"event":"r7_delegation_adjudicated","ts":"2026-09-12T05:27:27.825369424Z","requests":1,"approved":1,"task_id":"3a85faf2-9d19-4141-9070-cb9c21e649e5","run_id":"735a89a3-c594-4fa5-b653-005d2b344928","batch_accepted":true}
2026-09-12T13:27:27.826+08:00  INFO 567 --- [control-app] [           main] [                                                 ] c.o.p.c.i.n.NativeInvestigationExecutor  : 主任务转委派等待（sweep 转驱子任务，结清后唤醒）task=3a85faf2-9d19-4141-9070-cb9c21e649e5 reason=null
2026-09-12T13:27:27.846+08:00  INFO 567 --- [control-app] [           main] [                                                 ] c.o.p.c.a.a.agent.BoundedLlmRoleRunner   : 主 FINAL 提案落检查点 task=3a85faf2-9d19-4141-9070-cb9c21e649e5 claims=1 downgraded=0 stripped=0
2026-09-12T13:27:27.847+08:00  INFO 567 --- [control-app] [           main] [                                                 ] c.o.p.c.i.n.NativeInvestigationExecutor  : 主任务 FINAL 提案就绪 → DONE task=3a85faf2-9d19-4141-9070-cb9c21e649e5 reason=null
2026-09-12T13:27:27.850+08:00  INFO 567 --- [control-app] [           main] [                                                 ] c.o.p.c.a.a.DeterministicSupervisor      : {"event":"am4_run_reporting","ts":"2026-09-12T05:27:27.850009115Z","run_id":"735a89a3-c594-4fa5-b653-005d2b344928"}
2026-09-12T13:27:27.850+08:00  INFO 567 --- [control-app] [           main] [                                                 ] c.o.p.c.a.a.DeterministicSupervisor      : run 735a89a3-c594-4fa5-b653-005d2b344928 全任务终态 → REPORTING（报告链组装）
2026-09-12T13:27:27.861+08:00  INFO 567 --- [control-app] [           main] [                                                 ] c.o.p.c.i.n.NativeInvestigationExecutor  : native 全链完成 run=735a89a3-c594-4fa5-b653-005d2b344928 reportOutcome=UNRESOLVED claims=1 validation=STRUCTURE_VALIDATED 快照=13d46b4255646143f757380c7deeb29ba173c094037d39ba24c8b0ceab785526 主模式=true
2026-09-12T13:27:27.866+08:00  INFO 567 --- [control-app] [           main] [                                                 ] c.o.p.c.a.a.DeterministicSupervisor      : {"event":"r7_primary_started","ts":"2026-09-12T05:27:27.866820856Z","task_id":"f889e87d-2ff7-414b-94d0-c97bd9062de9","role":"primary@1","run_id":"fe99248e-dc1b-49d3-9bec-065b2e4fbdc1"}
2026-09-12T13:27:27.867+08:00  WARN 567 --- [control-app] [           main] [                                                 ] c.o.p.c.i.n.NativeInvestigationExecutor  : run fe99248e-dc1b-49d3-9bec-065b2e4fbdc1 无冻结时间窗（存量行兼容面），回退执行时窗口——F14 冻结语义缺失
2026-09-12T13:27:27.869+08:00  INFO 567 --- [control-app] [           main] [                                                 ] c.o.p.c.a.a.agent.BoundedLlmRoleRunner   : 主 FINAL 提案落检查点 task=f889e87d-2ff7-414b-94d0-c97bd9062de9 claims=1 downgraded=0 stripped=0
2026-09-12T13:27:27.869+08:00  INFO 567 --- [control-app] [           main] [                                                 ] c.o.p.c.i.n.NativeInvestigationExecutor  : 主任务 FINAL 提案就绪 → DONE task=f889e87d-2ff7-414b-94d0-c97bd9062de9 reason=null
2026-09-12T13:27:27.870+08:00  INFO 567 --- [control-app] [           main] [                                                 ] c.o.p.c.a.a.DeterministicSupervisor      : {"event":"am4_run_reporting","ts":"2026-09-12T05:27:27.870117604Z","run_id":"fe99248e-dc1b-49d3-9bec-065b2e4fbdc1"}
2026-09-12T13:27:27.870+08:00  INFO 567 --- [control-app] [           main] [                                                 ] c.o.p.c.a.a.DeterministicSupervisor      : run fe99248e-dc1b-49d3-9bec-065b2e4fbdc1 全任务终态 → REPORTING（报告链组装）
2026-09-12T13:27:27.871+08:00  INFO 567 --- [control-app] [           main] [                                                 ] c.o.p.c.i.n.NativeInvestigationExecutor  : native 全链完成 run=fe99248e-dc1b-49d3-9bec-065b2e4fbdc1 reportOutcome=UNRESOLVED claims=1 validation=STRUCTURE_VALIDATED 快照=a3c71174484e428491c46e1df9c11732cf3541383816311de29c4f0c8e0848c7 主模式=true
2026-09-12T13:27:27.873+08:00  INFO 567 --- [control-app] [           main] [                                                 ] c.o.p.c.a.a.DeterministicSupervisor      : {"event":"r7_primary_started","ts":"2026-09-12T05:27:27.873773959Z","task_id":"b6e18be4-ee56-4c1a-b8a2-e7a6dd5a0816","role":"primary@1","run_id":"9aa79093-1625-41d7-ab0c-4d513740ed87"}
2026-09-12T13:27:27.874+08:00  WARN 567 --- [control-app] [           main] [                                                 ] c.o.p.c.i.n.NativeInvestigationExecutor  : run 9aa79093-1625-41d7-ab0c-4d513740ed87 无冻结时间窗（存量行兼容面），回退执行时窗口——F14 冻结语义缺失
2026-09-12T13:27:27.876+08:00  INFO 567 --- [control-app] [           main] [                                                 ] c.o.p.c.a.a.agent.BoundedLlmRoleRunner   : 主 FINAL 提案落检查点 task=b6e18be4-ee56-4c1a-b8a2-e7a6dd5a0816 claims=0 downgraded=0 stripped=0
2026-09-12T13:27:27.877+08:00  INFO 567 --- [control-app] [           main] [                                                 ] c.o.p.c.i.n.NativeInvestigationExecutor  : 主任务 FINAL 提案就绪 → DONE task=b6e18be4-ee56-4c1a-b8a2-e7a6dd5a0816 reason=null
2026-09-12T13:27:27.877+08:00  INFO 567 --- [control-app] [           main] [                                                 ] c.o.p.c.a.a.DeterministicSupervisor      : {"event":"am4_run_reporting","ts":"2026-09-12T05:27:27.877789141Z","run_id":"9aa79093-1625-41d7-ab0c-4d513740ed87"}
2026-09-12T13:27:27.877+08:00  INFO 567 --- [control-app] [           main] [                                                 ] c.o.p.c.a.a.DeterministicSupervisor      : run 9aa79093-1625-41d7-ab0c-4d513740ed87 全任务终态 → REPORTING（报告链组装）
2026-09-12T13:27:27.878+08:00  INFO 567 --- [control-app] [           main] [                                                 ] c.o.p.c.i.n.NativeInvestigationExecutor  : native 全链完成 run=9aa79093-1625-41d7-ab0c-4d513740ed87 reportOutcome=UNRESOLVED claims=0 validation=STRUCTURE_VALIDATED 快照=dd510beb40809bcb1186f3329d07d712b8a5678029d2d73a876a7f9868a7199a 主模式=true
2026-09-12T13:27:27.881+08:00  INFO 567 --- [control-app] [           main] [                                                 ] c.o.p.c.a.a.DeterministicSupervisor      : {"event":"r7_primary_started","ts":"2026-09-12T05:27:27.881395793Z","task_id":"f09893ee-9402-40c3-9983-04dacfce6255","role":"primary@1","run_id":"8eb08b1e-d60f-4e58-82d7-618e710fcd9d"}
2026-09-12T13:27:27.881+08:00  WARN 567 --- [control-app] [           main] [                                                 ] c.o.p.c.i.n.NativeInvestigationExecutor  : run 8eb08b1e-d60f-4e58-82d7-618e710fcd9d 无冻结时间窗（存量行兼容面），回退执行时窗口——F14 冻结语义缺失
2026-09-12T13:27:27.883+08:00  INFO 567 --- [control-app] [           main] [                                                 ] c.o.p.c.a.a.agent.BoundedLlmRoleRunner   : 主 FINAL 提案落检查点 task=f09893ee-9402-40c3-9983-04dacfce6255 claims=1 downgraded=0 stripped=0
2026-09-12T13:27:27.883+08:00  INFO 567 --- [control-app] [           main] [                                                 ] c.o.p.c.i.n.NativeInvestigationExecutor  : 主任务 FINAL 提案就绪 → DONE task=f09893ee-9402-40c3-9983-04dacfce6255 reason=null
2026-09-12T13:27:27.884+08:00  INFO 567 --- [control-app] [           main] [                                                 ] c.o.p.c.a.a.DeterministicSupervisor      : {"event":"am4_run_reporting","ts":"2026-09-12T05:27:27.884133879Z","run_id":"8eb08b1e-d60f-4e58-82d7-618e710fcd9d"}
2026-09-12T13:27:27.884+08:00  INFO 567 --- [control-app] [           main] [                                                 ] c.o.p.c.a.a.DeterministicSupervisor      : run 8eb08b1e-d60f-4e58-82d7-618e710fcd9d 全任务终态 → REPORTING（报告链组装）
2026-09-12T13:27:27.885+08:00  INFO 567 --- [control-app] [           main] [                                                 ] c.o.p.c.i.n.NativeInvestigationExecutor  : native 全链完成 run=8eb08b1e-d60f-4e58-82d7-618e710fcd9d reportOutcome=UNRESOLVED claims=1 validation=STRUCTURE_VALIDATED 快照=a3c71174484e428491c46e1df9c11732cf3541383816311de29c4f0c8e0848c7 主模式=true
2026-09-12T13:27:27.890+08:00  INFO 567 --- [control-app] [           main] [                                                 ] c.o.p.c.a.a.RcaRunOrchestrator           : {"event":"rca_task_decision","ts":"2026-09-12T05:27:27.890077182Z","attempt_id":"d1fa8fd1-89a7-4428-ac83-c8a20bade93d","task_id":"ced20b0f-e1a6-47e7-b0aa-6d9fb82dab05","run_id":"8eb08b1e-d60f-4e58-82d7-618e710fcd9d","decision":"COMPLETED","latency_ms":0}
2026-09-12T13:27:27.892+08:00  WARN 567 --- [control-app] [           main] [                                                 ] c.o.p.c.a.a.a.PrimaryFinalClaimProjector : 主 FINAL 提案零证据引用，不成断言（留检查点审计面）run=bc02a595-442c-44da-b324-8a4e88065756 claim=c3
2026-09-12T13:27:27.893+08:00  INFO 567 --- [control-app] [           main] [                                                 ] c.o.p.c.a.a.DeterministicSupervisor      : {"event":"r7_primary_started","ts":"2026-09-12T05:27:27.893827916Z","task_id":"b0246821-2aa8-4ab9-9322-5bd6ce2f97cc","role":"primary@1","run_id":"48e9feb2-f2a0-462b-ba3d-1352c50710c6"}
2026-09-12T13:27:27.894+08:00  INFO 567 --- [control-app] [           main] [                                                 ] c.o.p.c.a.a.DeterministicSupervisor      : {"event":"r7_delegation_adjudicated","ts":"2026-09-12T05:27:27.894177533Z","requests":1,"approved":0,"task_id":"b0246821-2aa8-4ab9-9322-5bd6ce2f97cc","run_id":"48e9feb2-f2a0-462b-ba3d-1352c50710c6","batch_accepted":false}
2026-09-12T13:27:27.898+08:00  INFO 567 --- [control-app] [           main] [                                                 ] c.o.p.c.a.a.DeterministicSupervisor      : {"event":"r7_primary_started","ts":"2026-09-12T05:27:27.898231989Z","task_id":"36026755-f091-4d6c-9099-95c4491c0746","role":"primary@1","run_id":"be872743-7e43-49c0-bc37-2a2b9fac2891"}
2026-09-12T13:27:27.899+08:00  INFO 567 --- [control-app] [           main] [                                                 ] c.o.p.c.a.a.DeterministicSupervisor      : {"event":"r7_delegation_adjudicated","ts":"2026-09-12T05:27:27.899618581Z","requests":1,"approved":1,"task_id":"36026755-f091-4d6c-9099-95c4491c0746","run_id":"be872743-7e43-49c0-bc37-2a2b9fac2891","batch_accepted":true}
2026-09-12T13:27:27.900+08:00  WARN 567 --- [control-app] [           main] [                                                 ] c.o.p.c.i.n.NativeInvestigationExecutor  : run be872743-7e43-49c0-bc37-2a2b9fac2891 无冻结时间窗（存量行兼容面），回退执行时窗口——F14 冻结语义缺失
2026-09-12T13:27:27.902+08:00  INFO 567 --- [control-app] [           main] [                                                 ] c.o.p.c.a.a.agent.BoundedLlmRoleRunner   : 主 FINAL 提案落检查点 task=36026755-f091-4d6c-9099-95c4491c0746 claims=1 downgraded=0 stripped=0
2026-09-12T13:27:27.902+08:00  INFO 567 --- [control-app] [           main] [                                                 ] c.o.p.c.i.n.NativeInvestigationExecutor  : 主任务 FINAL 提案就绪 → DONE task=36026755-f091-4d6c-9099-95c4491c0746 reason=null
2026-09-12T13:27:27.902+08:00  INFO 567 --- [control-app] [           main] [                                                 ] c.o.p.c.a.a.DeterministicSupervisor      : {"event":"am4_run_reporting","ts":"2026-09-12T05:27:27.902420627Z","run_id":"be872743-7e43-49c0-bc37-2a2b9fac2891"}
2026-09-12T13:27:27.902+08:00  INFO 567 --- [control-app] [           main] [                                                 ] c.o.p.c.a.a.DeterministicSupervisor      : run be872743-7e43-49c0-bc37-2a2b9fac2891 全任务终态 → REPORTING（报告链组装）
2026-09-12T13:27:27.903+08:00  INFO 567 --- [control-app] [           main] [                                                 ] c.o.p.c.i.n.NativeInvestigationExecutor  : native 全链完成 run=be872743-7e43-49c0-bc37-2a2b9fac2891 reportOutcome=UNRESOLVED claims=1 validation=STRUCTURE_VALIDATED 快照=a3c71174484e428491c46e1df9c11732cf3541383816311de29c4f0c8e0848c7 主模式=true
[INFO] Tests run: 8, Failures: 0, Errors: 0, Skipped: 0, Time elapsed: 0.140 s -- in com.objwww.pr.control.infrastructure.nativeexec.R7PrimaryModeExecutorTest
[INFO] Running com.objwww.pr.control.infrastructure.nativeexec.NativeInvestigationExecutorTest
2026-09-12T13:27:27.912+08:00  WARN 567 --- [control-app] [           main] [                                                 ] c.o.p.c.i.n.NativeInvestigationExecutor  : run 65f503cc-297b-42ee-8f78-67212f6fd4cc 无冻结时间窗（存量行兼容面），回退执行时窗口——F14 冻结语义缺失
2026-09-12T13:27:27.918+08:00  INFO 567 --- [control-app] [           main] [                                                 ] c.o.p.c.a.a.DeterministicSupervisor      : {"event":"am4_run_reporting","ts":"2026-09-12T05:27:27.918745380Z","run_id":"65f503cc-297b-42ee-8f78-67212f6fd4cc"}
2026-09-12T13:27:27.919+08:00  INFO 567 --- [control-app] [           main] [                                                 ] c.o.p.c.a.a.DeterministicSupervisor      : run 65f503cc-297b-42ee-8f78-67212f6fd4cc 全任务终态 → REPORTING（报告链组装）
2026-09-12T13:27:27.923+08:00  INFO 567 --- [control-app] [           main] [                                                 ] c.o.p.c.i.n.NativeInvestigationExecutor  : native 全链完成 run=65f503cc-297b-42ee-8f78-67212f6fd4cc reportOutcome=CONFIRMED claims=1 validation=STRUCTURE_VALIDATED 快照=3c20d71cff03bf8624ce3974a19841a1e8e315f5f3246fe536c3c3fc4af6addd 主模式=false
2026-09-12T13:27:27.925+08:00  INFO 567 --- [control-app] [           main] [                                                 ] c.o.p.c.a.a.RcaRunOrchestrator           : {"event":"rca_task_decision","ts":"2026-09-12T05:27:27.925901336Z","attempt_id":"6e08a827-8567-46bc-92e8-3614fc671769","task_id":"1a50004a-87b3-4c47-bd25-e6b404db5a81","run_id":"65f503cc-297b-42ee-8f78-67212f6fd4cc","decision":"COMPLETED","latency_ms":0}
2026-09-12T13:27:27.932+08:00  INFO 567 --- [control-app] [           main] [                                                 ] c.o.p.c.a.a.DeterministicSupervisor      : {"event":"am4_run_reporting","ts":"2026-09-12T05:27:27.932432686Z","run_id":"0f5145d2-5b60-4f8a-81df-a5a8981a6339"}
2026-09-12T13:27:27.932+08:00  INFO 567 --- [control-app] [           main] [                                                 ] c.o.p.c.a.a.DeterministicSupervisor      : run 0f5145d2-5b60-4f8a-81df-a5a8981a6339 全任务终态 → REPORTING（报告链组装）
2026-09-12T13:27:27.933+08:00  INFO 567 --- [control-app] [           main] [                                                 ] c.o.p.c.i.n.NativeInvestigationExecutor  : native 全链完成 run=0f5145d2-5b60-4f8a-81df-a5a8981a6339 reportOutcome=UNRESOLVED claims=0 validation=STRUCTURE_VALIDATED 快照=de17ef9df88e57234ba379dd5d3b62d694360536e41fcb7ee62c63bf314843f4 主模式=false
2026-09-12T13:27:27.940+08:00  INFO 567 --- [control-app] [           main] [                                                 ] c.o.p.c.a.a.DeterministicSupervisor      : {"event":"am4_plan_rejected","ts":"2026-09-12T05:27:27.940270085Z","run_id":"ec984de2-2efe-4323-9224-18579d3bc771","reason":"schema_version 必须为 am4-plan.v1，实际: bogus"}
2026-09-12T13:27:27.941+08:00  WARN 567 --- [control-app] [           main] [                                                 ] c.o.p.c.a.a.DeterministicSupervisor      : run ec984de2-2efe-4323-9224-18579d3bc771 提案被确定性拒绝 → FAILED（schema_version 必须为 am4-plan.v1，实际: bogus）
2026-09-12T13:27:27.944+08:00  WARN 567 --- [control-app] [           main] [                                                 ] c.o.p.c.i.n.NativeInvestigationExecutor  : run 3468c14e-fcc9-4dd0-9f3d-2a561ed68e84 无冻结时间窗（存量行兼容面），回退执行时窗口——F14 冻结语义缺失
2026-09-12T13:27:27.946+08:00  INFO 567 --- [control-app] [           main] [                                                 ] c.o.p.c.a.a.DeterministicSupervisor      : {"event":"am4_run_reporting","ts":"2026-09-12T05:27:27.946153755Z","run_id":"3468c14e-fcc9-4dd0-9f3d-2a561ed68e84"}
2026-09-12T13:27:27.946+08:00  INFO 567 --- [control-app] [           main] [                                                 ] c.o.p.c.a.a.DeterministicSupervisor      : run 3468c14e-fcc9-4dd0-9f3d-2a561ed68e84 全任务终态 → REPORTING（报告链组装）
2026-09-12T13:27:27.947+08:00  INFO 567 --- [control-app] [           main] [                                                 ] c.o.p.c.i.n.NativeInvestigationExecutor  : native 全链完成 run=3468c14e-fcc9-4dd0-9f3d-2a561ed68e84 reportOutcome=UNRESOLVED claims=0 validation=STRUCTURE_VALIDATED 快照=de17ef9df88e57234ba379dd5d3b62d694360536e41fcb7ee62c63bf314843f4 主模式=false
2026-09-12T13:27:27.948+08:00  WARN 567 --- [control-app] [           main] [                                                 ] c.o.p.c.i.n.NativeInvestigationExecutor  : run 3468c14e-fcc9-4dd0-9f3d-2a561ed68e84 无冻结时间窗（存量行兼容面），回退执行时窗口——F14 冻结语义缺失
2026-09-12T13:27:27.948+08:00  WARN 567 --- [control-app] [           main] [                                                 ] c.o.p.c.i.n.NativeInvestigationExecutor  : 阶段②恢复：悬挂 PENDING → UNKNOWN（发送后结果未知，预算占用保留）op=8bc21f22-59b3-4bfa-b5a6-3d4fe3802957
2026-09-12T13:27:27.949+08:00  INFO 567 --- [control-app] [           main] [                                                 ] c.o.p.c.i.n.NativeInvestigationExecutor  : native 全链完成 run=3468c14e-fcc9-4dd0-9f3d-2a561ed68e84 reportOutcome=UNRESOLVED claims=0 validation=STRUCTURE_VALIDATED 快照=bca76dd8580d2ebf2325ef06dc5a1ec3333ff9292144b1a1347c0a1e3610a4b8 主模式=false
2026-09-12T13:27:27.957+08:00  WARN 567 --- [control-app] [           main] [                                                 ] c.o.p.c.i.n.NativeInvestigationExecutor  : run fdeda082-4f58-49d1-a9ce-495057be41c5 无冻结时间窗（存量行兼容面），回退执行时窗口——F14 冻结语义缺失
2026-09-12T13:27:27.959+08:00  INFO 567 --- [control-app] [           main] [                                                 ] c.o.p.c.a.a.DeterministicSupervisor      : {"event":"am4_run_reporting","ts":"2026-09-12T05:27:27.959153076Z","run_id":"fdeda082-4f58-49d1-a9ce-495057be41c5"}
2026-09-12T13:27:27.959+08:00  INFO 567 --- [control-app] [           main] [                                                 ] c.o.p.c.a.a.DeterministicSupervisor      : run fdeda082-4f58-49d1-a9ce-495057be41c5 全任务终态 → REPORTING（报告链组装）
2026-09-12T13:27:27.960+08:00  INFO 567 --- [control-app] [           main] [                                                 ] c.o.p.c.i.n.NativeInvestigationExecutor  : native 全链完成 run=fdeda082-4f58-49d1-a9ce-495057be41c5 reportOutcome=UNRESOLVED claims=0 validation=STRUCTURE_VALIDATED 快照=de17ef9df88e57234ba379dd5d3b62d694360536e41fcb7ee62c63bf314843f4 主模式=false
2026-09-12T13:27:27.960+08:00  WARN 567 --- [control-app] [           main] [                                                 ] c.o.p.c.i.n.NativeInvestigationExecutor  : run fdeda082-4f58-49d1-a9ce-495057be41c5 无冻结时间窗（存量行兼容面），回退执行时窗口——F14 冻结语义缺失
2026-09-12T13:27:27.961+08:00  INFO 567 --- [control-app] [           main] [                                                 ] c.o.p.c.i.n.NativeInvestigationExecutor  : native 全链完成 run=fdeda082-4f58-49d1-a9ce-495057be41c5 reportOutcome=UNRESOLVED claims=0 validation=STRUCTURE_VALIDATED 快照=de17ef9df88e57234ba379dd5d3b62d694360536e41fcb7ee62c63bf314843f4 主模式=false
2026-09-12T13:27:27.966+08:00  WARN 567 --- [control-app] [           main] [                                                 ] c.o.p.c.i.n.NativeInvestigationExecutor  : run 61b10218-8414-41eb-ba58-6badaf20f3e6 无冻结时间窗（存量行兼容面），回退执行时窗口——F14 冻结语义缺失
2026-09-12T13:27:27.968+08:00  INFO 567 --- [control-app] [           main] [                                                 ] c.o.p.c.a.a.DeterministicSupervisor      : {"event":"am4_run_reporting","ts":"2026-09-12T05:27:27.968180366Z","run_id":"61b10218-8414-41eb-ba58-6badaf20f3e6"}
2026-09-12T13:27:27.968+08:00  INFO 567 --- [control-app] [           main] [                                                 ] c.o.p.c.a.a.DeterministicSupervisor      : run 61b10218-8414-41eb-ba58-6badaf20f3e6 全任务终态 → REPORTING（报告链组装）
2026-09-12T13:27:27.969+08:00  INFO 567 --- [control-app] [           main] [                                                 ] c.o.p.c.i.n.NativeInvestigationExecutor  : native 全链完成 run=61b10218-8414-41eb-ba58-6badaf20f3e6 reportOutcome=UNRESOLVED claims=0 validation=STRUCTURE_VALIDATED 快照=de17ef9df88e57234ba379dd5d3b62d694360536e41fcb7ee62c63bf314843f4 主模式=false
2026-09-12T13:27:27.969+08:00  WARN 567 --- [control-app] [           main] [                                                 ] c.o.p.c.i.n.NativeInvestigationExecutor  : run 61b10218-8414-41eb-ba58-6badaf20f3e6 无冻结时间窗（存量行兼容面），回退执行时窗口——F14 冻结语义缺失
2026-09-12T13:27:27.969+08:00  INFO 567 --- [control-app] [           main] [                                                 ] c.o.p.c.i.n.NativeInvestigationExecutor  : DAG 任务 d46df5c6-8adf-433e-bc8b-b7d637f2064e 阶段③恢复：result_ref 幂等收尾（零触网）key=investigate-metrics
2026-09-12T13:27:27.970+08:00  INFO 567 --- [control-app] [           main] [                                                 ] c.o.p.c.i.n.NativeInvestigationExecutor  : native 全链完成 run=61b10218-8414-41eb-ba58-6badaf20f3e6 reportOutcome=UNRESOLVED claims=0 validation=STRUCTURE_VALIDATED 快照=de17ef9df88e57234ba379dd5d3b62d694360536e41fcb7ee62c63bf314843f4 主模式=false
2026-09-12T13:27:27.976+08:00  WARN 567 --- [control-app] [           main] [                                                 ] c.o.p.c.i.n.NativeInvestigationExecutor  : run deaee902-75ba-4528-8c95-df9b2f73b22b 无冻结时间窗（存量行兼容面），回退执行时窗口——F14 冻结语义缺失
2026-09-12T13:27:27.978+08:00  INFO 567 --- [control-app] [           main] [                                                 ] c.o.p.c.a.a.DeterministicSupervisor      : {"event":"am4_run_reporting","ts":"2026-09-12T05:27:27.978032359Z","run_id":"deaee902-75ba-4528-8c95-df9b2f73b22b"}
2026-09-12T13:27:27.978+08:00  INFO 567 --- [control-app] [           main] [                                                 ] c.o.p.c.a.a.DeterministicSupervisor      : run deaee902-75ba-4528-8c95-df9b2f73b22b 全任务终态 → REPORTING（报告链组装）
2026-09-12T13:27:27.978+08:00  INFO 567 --- [control-app] [           main] [                                                 ] c.o.p.c.i.n.NativeInvestigationExecutor  : native 全链完成 run=deaee902-75ba-4528-8c95-df9b2f73b22b reportOutcome=UNRESOLVED claims=0 validation=STRUCTURE_VALIDATED 快照=de17ef9df88e57234ba379dd5d3b62d694360536e41fcb7ee62c63bf314843f4 主模式=false
2026-09-12T13:27:27.981+08:00  WARN 567 --- [control-app] [           main] [                                                 ] c.o.p.c.i.n.NativeInvestigationExecutor  : run 374f4202-6744-4f3f-bb5e-ed68c708993d 无冻结时间窗（存量行兼容面），回退执行时窗口——F14 冻结语义缺失
2026-09-12T13:27:27.983+08:00  INFO 567 --- [control-app] [           main] [                                                 ] c.o.p.c.a.a.DeterministicSupervisor      : {"event":"am4_run_reporting","ts":"2026-09-12T05:27:27.983324014Z","run_id":"374f4202-6744-4f3f-bb5e-ed68c708993d"}
2026-09-12T13:27:27.983+08:00  INFO 567 --- [control-app] [           main] [                                                 ] c.o.p.c.a.a.DeterministicSupervisor      : run 374f4202-6744-4f3f-bb5e-ed68c708993d 全任务终态 → REPORTING（报告链组装）
2026-09-12T13:27:27.984+08:00  INFO 567 --- [control-app] [           main] [                                                 ] c.o.p.c.i.n.NativeInvestigationExecutor  : native 全链完成 run=374f4202-6744-4f3f-bb5e-ed68c708993d reportOutcome=UNRESOLVED claims=0 validation=STRUCTURE_VALIDATED 快照=de17ef9df88e57234ba379dd5d3b62d694360536e41fcb7ee62c63bf314843f4 主模式=false
2026-09-12T13:27:27.986+08:00  WARN 567 --- [control-app] [           main] [                                                 ] c.o.p.c.i.n.NativeInvestigationExecutor  : run 374f4202-6744-4f3f-bb5e-ed68c708993d 无冻结时间窗（存量行兼容面），回退执行时窗口——F14 冻结语义缺失
2026-09-12T13:27:27.988+08:00  INFO 567 --- [control-app] [           main] [                                                 ] c.o.p.c.i.n.NativeInvestigationExecutor  : native 全链完成 run=374f4202-6744-4f3f-bb5e-ed68c708993d reportOutcome=UNRESOLVED claims=0 validation=STRUCTURE_VALIDATED 快照=f0cc17646a02012863c0969e2820e7fda9d01e054a164afa574e9f22df606868 主模式=false
2026-09-12T13:27:27.989+08:00  WARN 567 --- [control-app] [           main] [                                                 ] c.o.p.c.i.n.NativeInvestigationExecutor  : run 374f4202-6744-4f3f-bb5e-ed68c708993d 无冻结时间窗（存量行兼容面），回退执行时窗口——F14 冻结语义缺失
2026-09-12T13:27:27.989+08:00  WARN 567 --- [control-app] [           main] [                                                 ] c.o.p.c.i.n.NativeInvestigationExecutor  : DAG 任务 c133bbd4-80e9-48cc-8a3a-3cb1e0b278de FAILED 回执孤儿 → DEAD（不重复调用）key=investigate-logs
2026-09-12T13:27:27.990+08:00  INFO 567 --- [control-app] [           main] [                                                 ] c.o.p.c.i.n.NativeInvestigationExecutor  : native 全链完成 run=374f4202-6744-4f3f-bb5e-ed68c708993d reportOutcome=UNRESOLVED claims=0 validation=STRUCTURE_VALIDATED 快照=f0cc17646a02012863c0969e2820e7fda9d01e054a164afa574e9f22df606868 主模式=false
[INFO] Tests run: 9, Failures: 0, Errors: 0, Skipped: 0, Time elapsed: 0.086 s -- in com.objwww.pr.control.infrastructure.nativeexec.NativeInvestigationExecutorTest
[INFO] Running com.objwww.pr.control.infrastructure.persistence.Am5MigrationContractTest
[INFO] Tests run: 21, Failures: 0, Errors: 0, Skipped: 0, Time elapsed: 0.047 s -- in com.objwww.pr.control.infrastructure.persistence.Am5MigrationContractTest
[INFO] Running com.objwww.pr.control.infrastructure.persistence.EnMigrationContractTest
[INFO] Tests run: 9, Failures: 0, Errors: 0, Skipped: 0, Time elapsed: 0.015 s -- in com.objwww.pr.control.infrastructure.persistence.EnMigrationContractTest
[INFO] Running com.objwww.pr.control.infrastructure.persistence.Am6MigrationContractTest
[INFO] Tests run: 12, Failures: 0, Errors: 0, Skipped: 0, Time elapsed: 0.011 s -- in com.objwww.pr.control.infrastructure.persistence.Am6MigrationContractTest
[INFO] Running com.objwww.pr.control.infrastructure.persistence.PostgresClaimTaskKeyFilterContractTest
[INFO] Tests run: 2, Failures: 0, Errors: 0, Skipped: 0, Time elapsed: 0.007 s -- in com.objwww.pr.control.infrastructure.persistence.PostgresClaimTaskKeyFilterContractTest
[INFO] Running com.objwww.pr.control.infrastructure.persistence.M7MigrationContractTest
[INFO] Tests run: 7, Failures: 0, Errors: 0, Skipped: 0, Time elapsed: 0.008 s -- in com.objwww.pr.control.infrastructure.persistence.M7MigrationContractTest
[INFO] Running com.objwww.pr.control.infrastructure.persistence.PostgresArchiveManifestRepositoryFenceTest
[INFO] Tests run: 1, Failures: 0, Errors: 0, Skipped: 0, Time elapsed: 0.002 s -- in com.objwww.pr.control.infrastructure.persistence.PostgresArchiveManifestRepositoryFenceTest
[INFO] Running com.objwww.pr.control.infrastructure.persistence.Am7MigrationContractTest
[INFO] Tests run: 7, Failures: 0, Errors: 0, Skipped: 0, Time elapsed: 0.009 s -- in com.objwww.pr.control.infrastructure.persistence.Am7MigrationContractTest
[INFO] Running com.objwww.pr.control.infrastructure.selfcheck.ControlSelfCheckTest
2026-09-12T13:27:28.102+08:00  INFO 567 --- [control-app] [           main] [                                                 ] c.o.p.c.i.s.StartupSelfCheckRunner       : [control] 启动自检通过（B25 运行时门）
[INFO] Tests run: 6, Failures: 0, Errors: 0, Skipped: 0, Time elapsed: 0.005 s -- in com.objwww.pr.control.infrastructure.selfcheck.ControlSelfCheckTest
[INFO] Running com.objwww.pr.control.infrastructure.tool.PrometheusApiExecutorTest
[INFO] Tests run: 9, Failures: 0, Errors: 0, Skipped: 0, Time elapsed: 0.871 s -- in com.objwww.pr.control.infrastructure.tool.PrometheusApiExecutorTest
[INFO] Running com.objwww.pr.control.infrastructure.tool.ChangeQueryExecutorTest
[INFO] Tests run: 6, Failures: 0, Errors: 0, Skipped: 0, Time elapsed: 0.014 s -- in com.objwww.pr.control.infrastructure.tool.ChangeQueryExecutorTest
[INFO] Running com.objwww.pr.control.infrastructure.tool.DockerInspectExecutorTest
[INFO] Tests run: 5, Failures: 0, Errors: 0, Skipped: 0, Time elapsed: 0.041 s -- in com.objwww.pr.control.infrastructure.tool.DockerInspectExecutorTest
[INFO] Running com.objwww.pr.control.infrastructure.tool.LogQueryExecutorTest
[INFO] Tests run: 8, Failures: 0, Errors: 0, Skipped: 0, Time elapsed: 0.191 s -- in com.objwww.pr.control.infrastructure.tool.LogQueryExecutorTest
[INFO] Running com.objwww.pr.control.infrastructure.tool.PrometheusMetricsWireMockTest
[INFO] Tests run: 5, Failures: 0, Errors: 0, Skipped: 0, Time elapsed: 0.057 s -- in com.objwww.pr.control.infrastructure.tool.PrometheusMetricsWireMockTest
[INFO] Running com.objwww.pr.control.infrastructure.tool.ChangeDiffExecutorTest
[INFO] Tests run: 5, Failures: 0, Errors: 0, Skipped: 0, Time elapsed: 0.006 s -- in com.objwww.pr.control.infrastructure.tool.ChangeDiffExecutorTest
[INFO] Running com.objwww.pr.control.infrastructure.tool.LokiAggregateExecutorTest
[INFO] Tests run: 4, Failures: 0, Errors: 0, Skipped: 0, Time elapsed: 0.107 s -- in com.objwww.pr.control.infrastructure.tool.LokiAggregateExecutorTest
[INFO] Running com.objwww.pr.control.infrastructure.tool.AlertHistoryExecutorTest
[INFO] Tests run: 3, Failures: 0, Errors: 0, Skipped: 0, Time elapsed: 0.006 s -- in com.objwww.pr.control.infrastructure.tool.AlertHistoryExecutorTest
[INFO] Running com.objwww.pr.control.infrastructure.model.SpringAiRouteClientTest
2026-09-12T13:27:29.420+08:00  WARN 567 --- [control-app] [           main] [                                                 ] c.o.p.c.i.model.SpringAiRouteClient      : route=route-test 空 content 带终止痕迹（finishReason=LENGTH, completionTokens=195）→ OUTPUT_BUDGET_EXHAUSTED
2026-09-12T13:27:29.423+08:00  WARN 567 --- [control-app] [           main] [                                                 ] c.o.p.c.i.model.SpringAiRouteClient      : route=route-test 空 content 带终止痕迹（finishReason=STOP, completionTokens=300）→ OUTPUT_BUDGET_EXHAUSTED
2026-09-12T13:27:29.424+08:00  WARN 567 --- [control-app] [           main] [                                                 ] c.o.p.c.i.model.SpringAiRouteClient      : route=route-test 返回空 content
[INFO] Tests run: 4, Failures: 0, Errors: 0, Skipped: 0, Time elapsed: 0.018 s -- in com.objwww.pr.control.infrastructure.model.SpringAiRouteClientTest
[INFO] Running com.objwww.pr.control.infrastructure.model.ProviderErrorClassifierTest
[INFO] Tests run: 17, Failures: 0, Errors: 0, Skipped: 0, Time elapsed: 0.007 s -- in com.objwww.pr.control.infrastructure.model.ProviderErrorClassifierTest
[INFO] Running com.objwww.pr.control.infrastructure.observability.GatusProbeConfigContractTest
[INFO] Tests run: 4, Failures: 0, Errors: 0, Skipped: 0, Time elapsed: 0.021 s -- in com.objwww.pr.control.infrastructure.observability.GatusProbeConfigContractTest
[INFO] Running com.objwww.pr.control.infrastructure.observability.StructuredLogTest
2026-09-12T13:27:29.456+08:00  INFO 567 --- [control-app] [           main] [                                                 ] structured-log-test                      : {"event":"e","ts":"2026-09-12T05:27:29.455967092Z","error":null}
2026-09-12T13:27:29.457+08:00  INFO 567 --- [control-app] [           main] [                                                 ] structured-log-test                      : {"event":"e","ts":"2026-09-12T05:27:29.457060431Z","secret_like":"quote\" and\nnewline\ttab"}
2026-09-12T13:27:29.470+08:00  INFO 567 --- [control-app] [           main] [                                                 ] structured-log-test                      : {"event":"rca_task_decision","ts":"2026-09-12T05:27:29.457795737Z","run_id":"r-1","decision":"COMPLETED","latency_ms":42}
2026-09-12T13:27:29.485+08:00  WARN 567 --- [control-app] [           main] [                                                 ] structured-log-test                      : structured log 序列化失败 event=e
[INFO] Tests run: 4, Failures: 0, Errors: 0, Skipped: 0, Time elapsed: 0.031 s -- in com.objwww.pr.control.infrastructure.observability.StructuredLogTest
[INFO] Running com.objwww.pr.control.infrastructure.observability.AlertMetricsLabelAllowlistTest
[INFO] Tests run: 3, Failures: 0, Errors: 0, Skipped: 0, Time elapsed: 0.011 s -- in com.objwww.pr.control.infrastructure.observability.AlertMetricsLabelAllowlistTest
[INFO] Running com.objwww.pr.control.infrastructure.observability.ControlCollectorConfigContractTest
[INFO] Tests run: 3, Failures: 0, Errors: 0, Skipped: 0, Time elapsed: 0.004 s -- in com.objwww.pr.control.infrastructure.observability.ControlCollectorConfigContractTest
[INFO] Running com.objwww.pr.control.infrastructure.observability.TracedTasksTest
2026-09-12T13:27:29.518+08:00  INFO 567 --- [control-app] [           main] [                                                 ] brave.Tracer                             : {"traceId":"675181a2f4738ade","id":"675181a2f4738ade","name":"parent","timestamp":1789190849512739,"duration":3172,"localEndpoint":{"serviceName":"unknown","ipv4":"172.24.0.1"}}
[INFO] Tests run: 3, Failures: 0, Errors: 0, Skipped: 0, Time elapsed: 0.014 s -- in com.objwww.pr.control.infrastructure.observability.TracedTasksTest
[INFO] Running com.objwww.pr.control.infrastructure.mcp.En06McpSdkSpikeTest
2026-09-12T13:27:30.079+08:00  INFO 567 --- [control-app] [ent-62-Worker-1] [                                                 ] i.m.client.LifecycleInitializer          : Server response with Protocol: 2025-11-25, Capabilities: ServerCapabilities[completions=null, experimental=null, logging=null, prompts=null, resources=null, tools=ToolCapabilities[listChanged=true]], Info: Implementation[name=spike-mcp, title=Spike, version=1.0.0, description=null, icons=null, websiteUrl=null] and Instructions null
2026-09-12T13:27:30.159+08:00  INFO 567 --- [control-app] [ent-63-Worker-2] [                                                 ] i.m.client.LifecycleInitializer          : Server response with Protocol: 2025-11-25, Capabilities: ServerCapabilities[completions=null, experimental=null, logging=null, prompts=null, resources=null, tools=ToolCapabilities[listChanged=true]], Info: Implementation[name=spike-mcp, title=Spike, version=1.0.0, description=null, icons=null, websiteUrl=null] and Instructions null
[INFO] Tests run: 2, Failures: 0, Errors: 0, Skipped: 0, Time elapsed: 0.681 s -- in com.objwww.pr.control.infrastructure.mcp.En06McpSdkSpikeTest
[INFO] Running com.objwww.pr.control.ControlArchitectureTest
2026-09-12T13:27:30.216+08:00  INFO 567 --- [control-app] [           main] [                                                 ] com.tngtech.archunit.core.PluginLoader   : Detected Java version 21.0.12.1
[INFO] Tests run: 20, Failures: 0, Errors: 0, Skipped: 0, Time elapsed: 4.787 s -- in com.objwww.pr.control.ControlArchitectureTest
[INFO] Running com.objwww.pr.control.alert.domain.statemachine.AlertStateMachineTest
[INFO] Tests run: 8, Failures: 0, Errors: 0, Skipped: 0, Time elapsed: 0.014 s -- in com.objwww.pr.control.alert.domain.statemachine.AlertStateMachineTest
[INFO] Running com.objwww.pr.control.alert.domain.statemachine.RcaStateContractTest
[INFO] Tests run: 8, Failures: 0, Errors: 0, Skipped: 0, Time elapsed: 0.011 s -- in com.objwww.pr.control.alert.domain.statemachine.RcaStateContractTest
[INFO] Running com.objwww.pr.control.alert.domain.agent.AgentProfileTest
[INFO] Tests run: 6, Failures: 0, Errors: 0, Skipped: 0, Time elapsed: 0.007 s -- in com.objwww.pr.control.alert.domain.agent.AgentProfileTest
[INFO] Running com.objwww.pr.control.alert.domain.agent.WorkingMemoryTest
[INFO] Tests run: 4, Failures: 0, Errors: 0, Skipped: 0, Time elapsed: 0.004 s -- in com.objwww.pr.control.alert.domain.agent.WorkingMemoryTest
[INFO] Running com.objwww.pr.control.alert.domain.dag.PlanProposalTest
[INFO] Tests run: 10, Failures: 0, Errors: 0, Skipped: 0, Time elapsed: 0.012 s -- in com.objwww.pr.control.alert.domain.dag.PlanProposalTest
[INFO] Running com.objwww.pr.control.alert.domain.dag.DagTaskStateTest
[INFO] Tests run: 3, Failures: 0, Errors: 0, Skipped: 0, Time elapsed: 0.001 s -- in com.objwww.pr.control.alert.domain.dag.DagTaskStateTest
[INFO] Running com.objwww.pr.control.alert.domain.dag.DagPromoterTest
[INFO] Tests run: 16, Failures: 0, Errors: 0, Skipped: 0, Time elapsed: 0.024 s -- in com.objwww.pr.control.alert.domain.dag.DagPromoterTest
[INFO] Running com.objwww.pr.control.alert.domain.dag.DagCycleDetectorTest
[INFO] Tests run: 10, Failures: 0, Errors: 0, Skipped: 0, Time elapsed: 0.004 s -- in com.objwww.pr.control.alert.domain.dag.DagCycleDetectorTest
[INFO] Running com.objwww.pr.control.alert.domain.classification.IncidentClassifierTest
[INFO] Tests run: 13, Failures: 0, Errors: 0, Skipped: 0, Time elapsed: 0.007 s -- in com.objwww.pr.control.alert.domain.classification.IncidentClassifierTest
[INFO] Running com.objwww.pr.control.alert.domain.tool.ToolReasonCodeTest
[INFO] Tests run: 2, Failures: 0, Errors: 0, Skipped: 0, Time elapsed: 0.002 s -- in com.objwww.pr.control.alert.domain.tool.ToolReasonCodeTest
[INFO] Running com.objwww.pr.control.alert.domain.tool.ToolArgsValidatorTest
[INFO] Tests run: 7, Failures: 0, Errors: 0, Skipped: 0, Time elapsed: 0.013 s -- in com.objwww.pr.control.alert.domain.tool.ToolArgsValidatorTest
[INFO] Running com.objwww.pr.control.alert.domain.tool.InternalCanonicalJsonV1Test
[INFO] Tests run: 9, Failures: 0, Errors: 0, Skipped: 0, Time elapsed: 0.004 s -- in com.objwww.pr.control.alert.domain.tool.InternalCanonicalJsonV1Test
[INFO] Running com.objwww.pr.control.alert.domain.tool.ActionDigestTest
[INFO] Tests run: 8, Failures: 0, Errors: 0, Skipped: 0, Time elapsed: 0.022 s -- in com.objwww.pr.control.alert.domain.tool.ActionDigestTest
[INFO] Running com.objwww.pr.control.alert.domain.tool.ToolPolicyTest
[INFO] Tests run: 3, Failures: 0, Errors: 0, Skipped: 0, Time elapsed: 0.001 s -- in com.objwww.pr.control.alert.domain.tool.ToolPolicyTest
[INFO] Running com.objwww.pr.control.alert.domain.tool.ToolDefinitionTest
[INFO] Tests run: 7, Failures: 0, Errors: 0, Skipped: 0, Time elapsed: 0.007 s -- in com.objwww.pr.control.alert.domain.tool.ToolDefinitionTest
[INFO] Running com.objwww.pr.control.alert.domain.model.EvidencePackageV2ContractTest
[INFO] Tests run: 6, Failures: 0, Errors: 0, Skipped: 0, Time elapsed: 0.009 s -- in com.objwww.pr.control.alert.domain.model.EvidencePackageV2ContractTest
[INFO] Running com.objwww.pr.control.alert.domain.budget.RunBudgetTest
[INFO] Tests run: 11, Failures: 0, Errors: 0, Skipped: 0, Time elapsed: 0.011 s -- in com.objwww.pr.control.alert.domain.budget.RunBudgetTest
[INFO] Running com.objwww.pr.control.alert.domain.budget.DoomLoopGuardTest
[INFO] Tests run: 7, Failures: 0, Errors: 0, Skipped: 0, Time elapsed: 0.011 s -- in com.objwww.pr.control.alert.domain.budget.DoomLoopGuardTest
[INFO] Running com.objwww.pr.control.alert.domain.claim.ClaimReducerTest
[INFO] Tests run: 20, Failures: 0, Errors: 0, Skipped: 0, Time elapsed: 0.015 s -- in com.objwww.pr.control.alert.domain.claim.ClaimReducerTest
[INFO] Running com.objwww.pr.control.alert.domain.claim.ClaimVerdictTest
[INFO] Tests run: 10, Failures: 0, Errors: 0, Skipped: 0, Time elapsed: 0.005 s -- in com.objwww.pr.control.alert.domain.claim.ClaimVerdictTest
[INFO] Running com.objwww.pr.control.alert.domain.claim.ClaimProjectionTest
[INFO] Tests run: 9, Failures: 0, Errors: 0, Skipped: 0, Time elapsed: 0.004 s -- in com.objwww.pr.control.alert.domain.claim.ClaimProjectionTest
[INFO] Running com.objwww.pr.control.alert.domain.claim.ReportAssemblerTest
[INFO] Tests run: 11, Failures: 0, Errors: 0, Skipped: 0, Time elapsed: 0.013 s -- in com.objwww.pr.control.alert.domain.claim.ReportAssemblerTest
[INFO] Running com.objwww.pr.control.alert.domain.claim.ClaimTest
[INFO] Tests run: 7, Failures: 0, Errors: 0, Skipped: 0, Time elapsed: 0.009 s -- in com.objwww.pr.control.alert.domain.claim.ClaimTest
[INFO] Running com.objwww.pr.control.alert.domain.identity.InvestigationIdentityTest
[INFO] Tests run: 7, Failures: 0, Errors: 0, Skipped: 0, Time elapsed: 0.006 s -- in com.objwww.pr.control.alert.domain.identity.InvestigationIdentityTest
[INFO] Running com.objwww.pr.control.alert.domain.evidence.EvidenceEnvelopeTest
[INFO] Tests run: 6, Failures: 0, Errors: 0, Skipped: 0, Time elapsed: 0.009 s -- in com.objwww.pr.control.alert.domain.evidence.EvidenceEnvelopeTest
[INFO] Running com.objwww.pr.control.alert.domain.evidence.EvidenceSnapshotBuilderTest
[INFO] Tests run: 5, Failures: 0, Errors: 0, Skipped: 0, Time elapsed: 0.002 s -- in com.objwww.pr.control.alert.domain.evidence.EvidenceSnapshotBuilderTest
[INFO] Running com.objwww.pr.control.alert.domain.service.AlertIdentityFactoryTest
[INFO] Tests run: 6, Failures: 0, Errors: 0, Skipped: 0, Time elapsed: 0.011 s -- in com.objwww.pr.control.alert.domain.service.AlertIdentityFactoryTest
[INFO] Running com.objwww.pr.control.alert.domain.service.SlaPolicyTest
[INFO] Tests run: 6, Failures: 0, Errors: 0, Skipped: 0, Time elapsed: 0.026 s -- in com.objwww.pr.control.alert.domain.service.SlaPolicyTest
[INFO] Running com.objwww.pr.control.alert.domain.service.DeferredPolicyTest
[INFO] Tests run: 2, Failures: 0, Errors: 0, Skipped: 0, Time elapsed: 0.001 s -- in com.objwww.pr.control.alert.domain.service.DeferredPolicyTest
[INFO] Running com.objwww.pr.control.alert.domain.service.EvidencePackageValidatorTest
[INFO] Tests run: 19, Failures: 0, Errors: 0, Skipped: 0, Time elapsed: 0.041 s -- in com.objwww.pr.control.alert.domain.service.EvidencePackageValidatorTest
[INFO] Running com.objwww.pr.control.alert.infrastructure.config.AlertConfigBridgeTest
[INFO] Tests run: 3, Failures: 0, Errors: 0, Skipped: 0, Time elapsed: 0.017 s -- in com.objwww.pr.control.alert.infrastructure.config.AlertConfigBridgeTest
[INFO] Running com.objwww.pr.control.alert.infrastructure.selfcheck.AlertSelfCheckTest
[INFO] Tests run: 6, Failures: 0, Errors: 0, Skipped: 0, Time elapsed: 0.011 s -- in com.objwww.pr.control.alert.infrastructure.selfcheck.AlertSelfCheckTest
[INFO] Running com.objwww.pr.control.alert.application.agent.R7DelegationBatchesKnobTest
2026-09-12T13:27:35.382+08:00  INFO 567 --- [control-app] [           main] [                                                 ] c.o.p.c.a.a.DeterministicSupervisor      : {"event":"r7_primary_started","ts":"2026-09-12T05:27:35.382178082Z","task_id":"bf604dee-2f6a-4109-a3fb-b8647e0a8cbc","role":"primary@1","run_id":"66aab99e-f50e-42b4-a337-10a057d5d954"}
2026-09-12T13:27:35.396+08:00  INFO 567 --- [control-app] [           main] [                                                 ] c.o.p.c.a.a.agent.BoundedLlmRoleRunner   : 主 FINAL 提案落检查点 task=bf604dee-2f6a-4109-a3fb-b8647e0a8cbc claims=0 downgraded=0 stripped=0
2026-09-12T13:27:35.397+08:00  INFO 567 --- [control-app] [           main] [                                                 ] c.o.p.c.a.a.DeterministicSupervisor      : {"event":"r7_delegation_adjudicated","ts":"2026-09-12T05:27:35.397601157Z","requests":2,"approved":0,"task_id":"bf604dee-2f6a-4109-a3fb-b8647e0a8cbc","run_id":"66aab99e-f50e-42b4-a337-10a057d5d954","batch_accepted":false}
2026-09-12T13:27:35.399+08:00  INFO 567 --- [control-app] [           main] [                                                 ] c.o.p.c.a.a.DeterministicSupervisor      : {"event":"r7_primary_started","ts":"2026-09-12T05:27:35.399625038Z","task_id":"7a7043a1-65e0-4495-9778-f99f2cac0893","role":"primary@1","run_id":"afbbcfa3-2119-4411-8f73-291d139a0e55"}
2026-09-12T13:27:35.400+08:00  INFO 567 --- [control-app] [           main] [                                                 ] c.o.p.c.a.a.DeterministicSupervisor      : {"event":"r7_delegation_adjudicated","ts":"2026-09-12T05:27:35.400141841Z","requests":1,"approved":1,"task_id":"7a7043a1-65e0-4495-9778-f99f2cac0893","run_id":"afbbcfa3-2119-4411-8f73-291d139a0e55","batch_accepted":true}
2026-09-12T13:27:35.400+08:00  INFO 567 --- [control-app] [           main] [                                                 ] c.o.p.c.a.a.DeterministicSupervisor      : {"event":"r7_delegation_adjudicated","ts":"2026-09-12T05:27:35.400465831Z","requests":1,"approved":0,"task_id":"7a7043a1-65e0-4495-9778-f99f2cac0893","run_id":"afbbcfa3-2119-4411-8f73-291d139a0e55","batch_accepted":false}
2026-09-12T13:27:35.403+08:00  INFO 567 --- [control-app] [           main] [                                                 ] c.o.p.c.a.a.DeterministicSupervisor      : {"event":"r7_primary_started","ts":"2026-09-12T05:27:35.402890918Z","task_id":"39dcfc02-5044-402c-bcb6-83213abf6642","role":"primary@1","run_id":"6493554b-0864-408d-b6f9-8193ed82644a"}
2026-09-12T13:27:35.406+08:00  INFO 567 --- [control-app] [           main] [                                                 ] c.o.p.c.a.a.agent.BoundedLlmRoleRunner   : 主 FINAL 提案落检查点 task=39dcfc02-5044-402c-bcb6-83213abf6642 claims=0 downgraded=0 stripped=0
2026-09-12T13:27:35.407+08:00  INFO 567 --- [control-app] [           main] [                                                 ] c.o.p.c.a.a.DeterministicSupervisor      : {"event":"r7_delegation_adjudicated","ts":"2026-09-12T05:27:35.407521838Z","requests":1,"approved":1,"task_id":"39dcfc02-5044-402c-bcb6-83213abf6642","run_id":"6493554b-0864-408d-b6f9-8193ed82644a","batch_accepted":true}
2026-09-12T13:27:35.408+08:00  INFO 567 --- [control-app] [           main] [                                                 ] c.o.p.c.a.a.DeterministicSupervisor      : {"event":"r7_delegation_adjudicated","ts":"2026-09-12T05:27:35.408143590Z","requests":1,"approved":1,"task_id":"39dcfc02-5044-402c-bcb6-83213abf6642","run_id":"6493554b-0864-408d-b6f9-8193ed82644a","batch_accepted":true}
2026-09-12T13:27:35.408+08:00  INFO 567 --- [control-app] [           main] [                                                 ] c.o.p.c.a.a.DeterministicSupervisor      : {"event":"r7_delegation_adjudicated","ts":"2026-09-12T05:27:35.408430760Z","requests":1,"approved":0,"task_id":"39dcfc02-5044-402c-bcb6-83213abf6642","run_id":"6493554b-0864-408d-b6f9-8193ed82644a","batch_accepted":false}
2026-09-12T13:27:35.410+08:00  INFO 567 --- [control-app] [           main] [                                                 ] c.o.p.c.a.a.agent.BoundedLlmRoleRunner   : 主 FINAL 提案落检查点 task=39dcfc02-5044-402c-bcb6-83213abf6642 claims=0 downgraded=0 stripped=0
[INFO] Tests run: 4, Failures: 0, Errors: 0, Skipped: 0, Time elapsed: 0.031 s -- in com.objwww.pr.control.alert.application.agent.R7DelegationBatchesKnobTest
[INFO] Running com.objwww.pr.control.alert.application.agent.R7ModelGatewayTest
2026-09-12T13:27:35.420+08:00  WARN 567 --- [control-app] [           main] [                                                 ] c.o.p.c.a.a.agent.RcaModelGateway        : 输入超模型可用窗硬限，零触网（primary）: approxTokens=101 maxInputTokens=100
2026-09-12T13:27:35.423+08:00  WARN 567 --- [control-app] [           main] [                                                 ] c.o.p.c.a.a.agent.RcaModelGateway        : rca_model_call PENDING 写失败，零触网（primary）: DuplicateKeyException
2026-09-12T13:27:35.425+08:00  WARN 567 --- [control-app] [           main] [                                                 ] c.o.p.c.a.a.agent.RcaModelGateway        : rca_model_input 捕获写失败，零触网（primary）: IllegalStateException
2026-09-12T13:27:35.431+08:00  WARN 567 --- [control-app] [           main] [                                                 ] c.o.pr.control.application.ModelGateway  : 账本 STARTED 写失败，零触网（D5）: IllegalStateException
2026-09-12T13:27:35.435+08:00  INFO 567 --- [control-app] [           main] [                                                 ] c.o.p.c.a.a.agent.RcaModelGateway        : rca_model_call EPOCH_FENCE，零触网（primary）: EPOCH_FENCE: 动作 configEpoch=1 已落后于当前代际 2，零触网拒绝发送
2026-09-12T13:27:35.442+08:00  WARN 567 --- [control-app] [           main] [                                                 ] c.o.p.c.a.a.agent.RcaModelGateway        : 输入超模型可用窗硬限，零触网（primary）: approxTokens=101 maxInputTokens=100
[INFO] Tests run: 17, Failures: 0, Errors: 0, Skipped: 0, Time elapsed: 0.033 s -- in com.objwww.pr.control.alert.application.agent.R7ModelGatewayTest
[INFO] Running com.objwww.pr.control.alert.application.agent.R7RoleRunnerTest
2026-09-12T13:27:35.458+08:00  INFO 567 --- [control-app] [           main] [                                                 ] c.o.p.c.a.a.DeterministicSupervisor      : {"event":"r7_primary_started","ts":"2026-09-12T05:27:35.458676493Z","task_id":"18bd8d7f-d903-4b57-b3f4-f47ae09fe022","role":"primary@1","run_id":"e76b73a7-5f32-4a5c-ac26-9e13a866d241"}
2026-09-12T13:27:35.465+08:00  INFO 567 --- [control-app] [           main] [                                                 ] c.o.p.c.a.a.agent.BoundedLlmRoleRunner   : 主 FINAL 提案落检查点 task=18bd8d7f-d903-4b57-b3f4-f47ae09fe022 claims=2 downgraded=1 stripped=1
2026-09-12T13:27:35.467+08:00  INFO 567 --- [control-app] [           main] [                                                 ] c.o.p.c.a.a.DeterministicSupervisor      : {"event":"r7_primary_started","ts":"2026-09-12T05:27:35.467868664Z","task_id":"a3033108-4c4a-40ce-9c8f-aeb918bd5adc","role":"primary@1","run_id":"1a3c81bc-5752-4f5a-8a8e-dc6d06acb4d9"}
2026-09-12T13:27:35.468+08:00  WARN 567 --- [control-app] [           main] [                                                 ] c.o.p.c.a.a.agent.BoundedLlmRoleRunner   : 主任务步数耗尽 → 确定性未决 FINAL（零模型调用）task=a3033108-4c4a-40ce-9c8f-aeb918bd5adc steps=1
2026-09-12T13:27:35.471+08:00  INFO 567 --- [control-app] [           main] [                                                 ] c.o.p.c.a.a.DeterministicSupervisor      : {"event":"r7_primary_started","ts":"2026-09-12T05:27:35.471554635Z","task_id":"2eb89fa4-9f6a-40b2-8589-cce93d2f846e","role":"primary@1","run_id":"c62adef7-9272-4106-a39d-a51145e8232e"}
2026-09-12T13:27:35.474+08:00  WARN 567 --- [control-app] [           main] [                                                 ] c.o.p.c.a.a.agent.BoundedLlmRoleRunner   : TOOL_CALL 参数形状拒绝（INVALID_ARGS），计步重驱 task=2eb89fa4-9f6a-40b2-8589-cce93d2f846e tool=logs.query
2026-09-12T13:27:35.476+08:00  INFO 567 --- [control-app] [           main] [                                                 ] c.o.p.c.a.a.DeterministicSupervisor      : {"event":"r7_primary_started","ts":"2026-09-12T05:27:35.476509296Z","task_id":"be14e4e1-ec63-463e-abe5-353c7b9f81f1","role":"primary@1","run_id":"88e84c78-087c-4345-b0f2-7f8b77184fca"}
2026-09-12T13:27:35.478+08:00  WARN 567 --- [control-app] [           main] [                                                 ] c.o.p.c.a.a.agent.BoundedLlmRoleRunner   : 主决策不可解析（JsonParseException），计步重驱 task=be14e4e1-ec63-463e-abe5-353c7b9f81f1
2026-09-12T13:27:35.479+08:00  INFO 567 --- [control-app] [           main] [                                                 ] c.o.p.c.a.a.DeterministicSupervisor      : {"event":"r7_primary_started","ts":"2026-09-12T05:27:35.479174966Z","task_id":"09418346-fe91-4ddc-b968-03ce4cf382c9","role":"primary@1","run_id":"f6f2690c-3182-4578-9ccd-c86d553b4b8d"}
2026-09-12T13:27:35.479+08:00  INFO 567 --- [control-app] [           main] [                                                 ] c.o.p.c.a.a.DeterministicSupervisor      : {"event":"r7_delegation_adjudicated","ts":"2026-09-12T05:27:35.479615546Z","requests":1,"approved":1,"task_id":"09418346-fe91-4ddc-b968-03ce4cf382c9","run_id":"f6f2690c-3182-4578-9ccd-c86d553b4b8d","batch_accepted":true}
2026-09-12T13:27:35.485+08:00  INFO 567 --- [control-app] [           main] [                                                 ] c.o.p.c.a.a.DeterministicSupervisor      : {"event":"r7_primary_started","ts":"2026-09-12T05:27:35.485083353Z","task_id":"c8f45cf6-ea91-4451-b3bb-911dc6a2b719","role":"primary@1","run_id":"fd55d289-c244-4b26-9efa-075d4f6290f0"}
2026-09-12T13:27:35.485+08:00  INFO 567 --- [control-app] [           main] [                                                 ] c.o.p.c.a.a.DeterministicSupervisor      : {"event":"r7_delegation_adjudicated","ts":"2026-09-12T05:27:35.485572323Z","requests":1,"approved":1,"task_id":"c8f45cf6-ea91-4451-b3bb-911dc6a2b719","run_id":"fd55d289-c244-4b26-9efa-075d4f6290f0","batch_accepted":true}
2026-09-12T13:27:35.492+08:00  INFO 567 --- [control-app] [           main] [                                                 ] c.o.p.c.a.a.DeterministicSupervisor      : {"event":"r7_primary_started","ts":"2026-09-12T05:27:35.492768906Z","task_id":"fe7eb90d-6595-4033-8fa9-f9fe02266f2b","role":"primary@1","run_id":"c9924eba-7288-47ca-9ed6-006c664ec6ff"}
2026-09-12T13:27:35.496+08:00  WARN 567 --- [control-app] [           main] [                                                 ] c.o.p.c.a.a.agent.BoundedLlmRoleRunner   : 主任务同签名模型失败 ×2 → 确定性未决 FINAL（零模型调用）task=fe7eb90d-6595-4033-8fa9-f9fe02266f2b code=PROTOCOL_ERROR
2026-09-12T13:27:35.499+08:00  INFO 567 --- [control-app] [           main] [                                                 ] c.o.p.c.a.a.DeterministicSupervisor      : {"event":"r7_primary_started","ts":"2026-09-12T05:27:35.499326395Z","task_id":"4df9a65a-3384-47cb-9162-cfa54e58c0cf","role":"primary@1","run_id":"0a8b9b1c-3db6-4a17-a741-20efa913844a"}
2026-09-12T13:27:35.502+08:00  INFO 567 --- [control-app] [           main] [                                                 ] c.o.p.c.a.a.DeterministicSupervisor      : {"event":"r7_delegation_adjudicated","ts":"2026-09-12T05:27:35.502403851Z","requests":1,"approved":0,"task_id":"4df9a65a-3384-47cb-9162-cfa54e58c0cf","run_id":"0a8b9b1c-3db6-4a17-a741-20efa913844a","batch_accepted":false}
2026-09-12T13:27:35.509+08:00  INFO 567 --- [control-app] [           main] [                                                 ] c.o.p.c.a.a.agent.BoundedLlmRoleRunner   : 主 FINAL 提案落检查点 task=6766b4af-efed-482f-b9cc-30f19e16778e claims=0 downgraded=0 stripped=0
2026-09-12T13:27:35.514+08:00  INFO 567 --- [control-app] [           main] [                                                 ] c.o.p.c.a.a.DeterministicSupervisor      : {"event":"r7_primary_started","ts":"2026-09-12T05:27:35.514133971Z","task_id":"0eb9ec62-17f6-4824-8d1a-26a154e7b3dc","role":"primary@1","run_id":"940ef308-455d-41f3-89e9-6bc315d7bb7c"}
2026-09-12T13:27:35.515+08:00  INFO 567 --- [control-app] [           main] [                                                 ] c.o.p.c.a.a.agent.BoundedLlmRoleRunner   : 主 FINAL 提案落检查点 task=0eb9ec62-17f6-4824-8d1a-26a154e7b3dc claims=0 downgraded=0 stripped=0
2026-09-12T13:27:35.519+08:00  INFO 567 --- [control-app] [           main] [                                                 ] c.o.p.c.a.a.DeterministicSupervisor      : {"event":"r7_primary_started","ts":"2026-09-12T05:27:35.519116884Z","task_id":"5eda7787-e763-4a43-8602-4a5240112bb8","role":"primary@1","run_id":"afb6739b-3e15-4b4a-8ecc-3cf4cbf0c577"}
2026-09-12T13:27:35.522+08:00  INFO 567 --- [control-app] [           main] [                                                 ] c.o.p.c.a.a.DeterministicSupervisor      : {"event":"r7_primary_started","ts":"2026-09-12T05:27:35.522171307Z","task_id":"a7328cd6-ba05-4db1-8a71-92d57189ea9f","role":"primary@1","run_id":"98f039db-60d3-4c9f-b78e-45674479ec3a"}
2026-09-12T13:27:35.523+08:00  WARN 567 --- [control-app] [           main] [                                                 ] c.o.p.c.a.a.agent.BoundedLlmRoleRunner   : TOOL_CALL 越权拒绝（不在 allowlist），计步重驱 task=a7328cd6-ba05-4db1-8a71-92d57189ea9f tool=code.search
2026-09-12T13:27:35.524+08:00  INFO 567 --- [control-app] [           main] [                                                 ] c.o.p.c.a.a.DeterministicSupervisor      : {"event":"r7_primary_started","ts":"2026-09-12T05:27:35.524622593Z","task_id":"d5d5a58d-5fff-4676-862a-fc0334976e4e","role":"primary@1","run_id":"b0562c03-4bf4-4959-acba-27bcb4749359"}
2026-09-12T13:27:35.536+08:00  INFO 567 --- [control-app] [           main] [                                                 ] c.o.p.c.a.a.DeterministicSupervisor      : {"event":"r7_primary_started","ts":"2026-09-12T05:27:35.536819122Z","task_id":"372ef78f-bbc7-4b85-af86-5c75a6c382a4","role":"primary@1","run_id":"ba406ca7-ae01-477e-97f8-b5af8b8a7327"}
[INFO] Tests run: 17, Failures: 0, Errors: 0, Skipped: 0, Time elapsed: 0.106 s -- in com.objwww.pr.control.alert.application.agent.R7RoleRunnerTest
[INFO] Running com.objwww.pr.control.alert.application.agent.En05DirectToolChainTest
[INFO] Tests run: 3, Failures: 0, Errors: 0, Skipped: 0, Time elapsed: 0.029 s -- in com.objwww.pr.control.alert.application.agent.En05DirectToolChainTest
[INFO] Running com.objwww.pr.control.alert.application.agent.ContextCompactionServiceTest
2026-09-12T13:27:35.592+08:00  INFO 567 --- [control-app] [           main] [                                                 ] c.o.p.c.a.a.a.ContextCompactionService   : 上下文压缩提交 run=0c3a3a86-737b-4301-803c-39c6fda9fe8b task=c02e9708-4a07-4cf4-9351-393a4757e037 source=src-digest-1 区间=[0,1] token 800→2 required=1 omitted=0
2026-09-12T13:27:35.596+08:00  INFO 567 --- [control-app] [           main] [                                                 ] c.o.p.c.a.a.a.ContextCompactionService   : 上下文压缩提交 run=de860416-5ba7-4f73-9383-668378a8d4d3 task=a958e755-acea-4d93-97be-1e97dd42bc49 source=src-digest-1 区间=[3,3] token 800→3 required=1 omitted=0
2026-09-12T13:27:35.597+08:00  INFO 567 --- [control-app] [           main] [                                                 ] c.o.p.c.a.a.a.ContextCompactionService   : 上下文压缩提交 run=101104ec-94d7-4c91-9efe-d08deaa69471 task=51a3ccb5-e063-4756-b910-8406f35fcaca source=src-digest-1 区间=[0,1] token 800→5 required=1 omitted=0
[INFO] Tests run: 13, Failures: 0, Errors: 0, Skipped: 0, Time elapsed: 0.020 s -- in com.objwww.pr.control.alert.application.agent.ContextCompactionServiceTest
[INFO] Running com.objwww.pr.control.alert.application.agent.MetricsAgentTest
[INFO] Tests run: 19, Failures: 0, Errors: 0, Skipped: 0, Time elapsed: 0.133 s -- in com.objwww.pr.control.alert.application.agent.MetricsAgentTest
[INFO] Running com.objwww.pr.control.alert.application.agent.ContextAssemblerTest
[INFO] Tests run: 12, Failures: 0, Errors: 0, Skipped: 0, Time elapsed: 0.022 s -- in com.objwww.pr.control.alert.application.agent.ContextAssemblerTest
[INFO] Running com.objwww.pr.control.alert.application.agent.HarnessAuditCharacterizationTest
[INFO] Tests run: 5, Failures: 0, Errors: 0, Skipped: 0, Time elapsed: 0.645 s -- in com.objwww.pr.control.alert.application.agent.HarnessAuditCharacterizationTest
[INFO] Running com.objwww.pr.control.alert.application.agent.ChangeAgentTest
[INFO] Tests run: 4, Failures: 0, Errors: 0, Skipped: 0, Time elapsed: 0.025 s -- in com.objwww.pr.control.alert.application.agent.ChangeAgentTest
[INFO] Running com.objwww.pr.control.alert.application.agent.R3DelegationHonestyTest
2026-09-12T13:27:36.457+08:00  INFO 567 --- [control-app] [           main] [                                                 ] c.o.p.c.a.a.DeterministicSupervisor      : {"event":"r7_primary_started","ts":"2026-09-12T05:27:36.457534341Z","task_id":"710d8603-4b2b-4e75-ba8d-7688dc314b32","role":"primary@1","run_id":"39e63f84-0a79-4a72-9774-7d66e4ee053f"}
2026-09-12T13:27:36.459+08:00  INFO 567 --- [control-app] [           main] [                                                 ] c.o.p.c.a.a.DeterministicSupervisor      : {"event":"r7_delegation_adjudicated","ts":"2026-09-12T05:27:36.459670313Z","requests":1,"approved":1,"task_id":"710d8603-4b2b-4e75-ba8d-7688dc314b32","run_id":"39e63f84-0a79-4a72-9774-7d66e4ee053f","batch_accepted":true}
[INFO] Tests run: 3, Failures: 0, Errors: 0, Skipped: 0, Time elapsed: 0.014 s -- in com.objwww.pr.control.alert.application.agent.R3DelegationHonestyTest
[INFO] Running com.objwww.pr.control.alert.application.agent.R7ActionGuardAdmissionTest
2026-09-12T13:27:36.489+08:00  WARN 567 --- [control-app] [           main] [                                                 ] c.o.p.c.a.a.agent.RcaModelGateway        : rca_model_call PENDING 写失败，零触网（primary）: DuplicateKeyException
2026-09-12T13:27:36.529+08:00  WARN 567 --- [control-app] [           main] [                                                 ] c.o.pr.control.application.ModelGateway  : 账本 STARTED 写失败，零触网（D5）: IllegalStateException
[INFO] Tests run: 11, Failures: 0, Errors: 0, Skipped: 0, Time elapsed: 0.069 s -- in com.objwww.pr.control.alert.application.agent.R7ActionGuardAdmissionTest
[INFO] Running com.objwww.pr.control.alert.application.agent.AgentRegistryTest
[INFO] Tests run: 5, Failures: 0, Errors: 0, Skipped: 0, Time elapsed: 0.022 s -- in com.objwww.pr.control.alert.application.agent.AgentRegistryTest
[INFO] Running com.objwww.pr.control.alert.application.agent.NativeRcaAgentTest
[INFO] Tests run: 12, Failures: 0, Errors: 0, Skipped: 0, Time elapsed: 0.044 s -- in com.objwww.pr.control.alert.application.agent.NativeRcaAgentTest
[INFO] Running com.objwww.pr.control.alert.application.agent.En07RagChainTest
[INFO] Tests run: 2, Failures: 0, Errors: 0, Skipped: 0, Time elapsed: 0.041 s -- in com.objwww.pr.control.alert.application.agent.En07RagChainTest
[INFO] Running com.objwww.pr.control.alert.application.agent.LogsAgentTest
[INFO] Tests run: 5, Failures: 0, Errors: 0, Skipped: 0, Time elapsed: 0.062 s -- in com.objwww.pr.control.alert.application.agent.LogsAgentTest
[INFO] Running com.objwww.pr.control.alert.application.RcaWorkerTest
2026-09-12T13:27:36.758+08:00  INFO 567 --- [control-app] [           main] [                                                 ] c.o.p.c.a.a.RcaRunOrchestrator           : {"event":"rca_task_decision","ts":"2026-09-12T05:27:36.758313657Z","attempt_id":"6864f88c-52fe-4cdf-9838-297faf67e1e6","task_id":"0daac477-423b-454e-9f12-6d2e80ce463d","run_id":"861d98e8-ba0a-4e40-8985-1c45ff3ae93b","decision":"COMPLETED","latency_ms":0}
2026-09-12T13:27:36.759+08:00  INFO 567 --- [control-app] [           main] [                                                 ] c.o.p.c.a.a.RcaRunOrchestrator           : incident 4178a4c0-218c-44a7-83d7-d5d824db9d63 材料变化，铸 RERUN run
2026-09-12T13:27:36.763+08:00  INFO 567 --- [control-app] [           main] [                                                 ] c.o.p.c.a.a.RcaRunOrchestrator           : {"event":"report_publication_loser","ts":"2026-09-12T05:27:36.761332583Z","incident_id":"4178a4c0-218c-44a7-83d7-d5d824db9d63","run_id":"ee3ff917-b875-4b02-82a3-65c07792e758","report_id":"720aa72f-a83e-4698-ac44-47ea4f8563e5","generation":0}
2026-09-12T13:27:36.763+08:00  INFO 567 --- [control-app] [           main] [                                                 ] c.o.p.c.a.a.RcaRunOrchestrator           : report 720aa72f-a83e-4698-ac44-47ea4f8563e5 输给 generation 发布赢家（incident=4178a4c0-218c-44a7-83d7-d5d824db9d63, gen=0），落档不发布
2026-09-12T13:27:36.764+08:00  INFO 567 --- [control-app] [           main] [                                                 ] c.o.p.c.a.a.RcaRunOrchestrator           : {"event":"rca_task_decision","ts":"2026-09-12T05:27:36.764062684Z","attempt_id":"39b61136-28a3-44c2-ac91-df584d9467fa","task_id":"4a2b1b37-511c-4ee3-a24e-86317eab4c25","run_id":"ee3ff917-b875-4b02-82a3-65c07792e758","decision":"COMPLETED","latency_ms":0}
2026-09-12T13:27:36.769+08:00  INFO 567 --- [control-app] [           main] [                                                 ] c.o.p.c.a.a.RcaRunOrchestrator           : {"event":"rca_task_decision","ts":"2026-09-12T05:27:36.768690410Z","attempt_id":"0732cbdf-55d1-4124-b46d-5c3915bffb00","task_id":"e4c49319-f8a9-43e8-9ff7-93d97f17b780","run_id":"d1a08829-26e4-4631-a695-adcf8ad79091","decision":"RETRY_SCHEDULED","latency_ms":0}
2026-09-12T13:27:36.774+08:00  INFO 567 --- [control-app] [           main] [                                                 ] c.o.p.c.a.a.RcaRunOrchestrator           : {"event":"rca_task_decision","ts":"2026-09-12T05:27:36.774498607Z","attempt_id":"83529fec-5a38-4f86-8229-948a72af2320","task_id":"e4c49319-f8a9-43e8-9ff7-93d97f17b780","run_id":"d1a08829-26e4-4631-a695-adcf8ad79091","decision":"RETRY_SCHEDULED","latency_ms":0}
2026-09-12T13:27:36.775+08:00  INFO 567 --- [control-app] [           main] [                                                 ] c.o.p.c.a.a.RcaRunOrchestrator           : {"event":"rca_task_decision","ts":"2026-09-12T05:27:36.775087857Z","attempt_id":"f1f317ed-16e5-4324-9981-e9ed2e983a4f","task_id":"e4c49319-f8a9-43e8-9ff7-93d97f17b780","run_id":"d1a08829-26e4-4631-a695-adcf8ad79091","decision":"DEAD","latency_ms":0}
2026-09-12T13:27:36.795+08:00  WARN 567 --- [control-app] [           main] [                                                 ] c.o.p.c.alert.application.RcaWorker      : task b5f9fd62-fd5b-4146-a90d-2bb06916a62b 租约过期回收 owner=worker-a → RETRY_WAIT
2026-09-12T13:27:36.796+08:00  WARN 567 --- [control-app] [           main] [                                                 ] c.o.p.c.alert.application.RcaWorker      : 悬挂账本 ac42dc6b-1f12-4160-bc26-f68aad2335c3 STARTED→UNKNOWN（崩溃回收）
2026-09-12T13:27:36.801+08:00  INFO 567 --- [control-app] [           main] [                                                 ] c.o.p.c.a.a.RcaRunOrchestrator           : {"event":"rca_task_decision","ts":"2026-09-12T05:27:36.801009492Z","attempt_id":"ab3e07ef-4b10-43cd-ad98-db61b00b07cd","task_id":"1f4bf6d7-3f82-408e-836e-e67bcf27c7a3","run_id":"59c52aa7-9312-4b5b-994d-3e620f67848a","decision":"COMPLETED","latency_ms":0}
2026-09-12T13:27:36.803+08:00  WARN 567 --- [control-app] [           main] [                                                 ] c.o.p.c.alert.application.RcaWorker      : 悬挂调查记录 38d2137b-8e14-48d1-8829-11885778372e STARTED→UNKNOWN（崩溃回收）
2026-09-12T13:27:36.815+08:00  INFO 567 --- [control-app] [           main] [                                                 ] c.o.p.c.a.a.RcaRunOrchestrator           : {"event":"rca_task_decision","ts":"2026-09-12T05:27:36.815035195Z","attempt_id":"e13967b1-cdfb-404b-af1b-0aab2dfd1864","task_id":"77180af6-d6f4-4902-9b98-67a0061132dc","run_id":"610fbd2a-c95c-4ace-9ceb-2f4fd7462b2f","decision":"DEAD","latency_ms":0}
2026-09-12T13:27:36.820+08:00  WARN 567 --- [control-app] [           main] [                                                 ] c.o.p.c.alert.application.RcaWorker      : 工具调用账本 1 行 PENDING→UNKNOWN（崩溃回收）
2026-09-12T13:27:36.823+08:00  WARN 567 --- [control-app] [           main] [                                                 ] c.o.p.c.alert.application.RcaWorker      : task 497088d5-0839-479f-bcd2-01cb3f4c9d62 租约过期回收 owner=worker-a → STALE
2026-09-12T13:27:36.831+08:00  INFO 567 --- [control-app] [           main] [                                                 ] c.o.p.c.a.a.RcaRunOrchestrator           : {"event":"rca_task_decision","ts":"2026-09-12T05:27:36.831316847Z","attempt_id":"5c27fa29-96a6-4b1f-9856-364c03a1a3b6","task_id":"8e111ec1-c3a5-4c2f-b2af-68692dfcb245","run_id":"ba8f7b38-536d-4802-897d-7c3e32e032d0","decision":"COMPLETED","latency_ms":0}
2026-09-12T13:27:36.839+08:00  INFO 567 --- [control-app] [           main] [                                                 ] c.o.p.c.a.a.RcaRunOrchestrator           : {"event":"rca_task_decision","ts":"2026-09-12T05:27:36.839296725Z","attempt_id":"4674876a-92e2-46a8-960a-7f73a711f237","task_id":"bbf63238-5f1c-426d-9973-afef85c71a18","run_id":"a4fcba31-46df-4667-add5-1464b23ed7c9","decision":"RETRY_SCHEDULED","latency_ms":0}
2026-09-12T13:27:36.839+08:00  INFO 567 --- [control-app] [           main] [                                                 ] c.o.p.c.a.a.RcaRunOrchestrator           : {"event":"rca_task_decision","ts":"2026-09-12T05:27:36.839932232Z","attempt_id":"106607ba-3bb7-4fe2-81a5-678f100db3c6","task_id":"bbf63238-5f1c-426d-9973-afef85c71a18","run_id":"a4fcba31-46df-4667-add5-1464b23ed7c9","decision":"COMPLETED","latency_ms":0}
2026-09-12T13:27:36.842+08:00  INFO 567 --- [control-app] [           main] [                                                 ] c.o.p.c.a.a.RcaRunOrchestrator           : {"event":"rca_task_decision","ts":"2026-09-12T05:27:36.842708008Z","attempt_id":"ef544d15-fbe9-499a-9820-3856e2eef32e","task_id":"1fb19318-b8ce-455b-ae0f-9df8cb617a07","run_id":"4a0ee60e-4028-4d11-8e92-2d5da02388ff","decision":"COMPLETED","latency_ms":0}
2026-09-12T13:27:36.845+08:00  INFO 567 --- [control-app] [           main] [                                                 ] c.o.p.c.a.a.RcaRunOrchestrator           : {"event":"rca_task_decision","ts":"2026-09-12T05:27:36.845276607Z","run_state":"SUPERSEDED","attempt_id":"ee0d5101-be90-49f9-ab9e-aac76e6a0722","task_id":"94aba35b-e81c-4e2f-8784-dfba2867a406","run_id":"78e1553b-4d34-48e0-b370-6e3f9242eb97","decision":"STALE_GENERATION"}
2026-09-12T13:27:36.845+08:00  WARN 567 --- [control-app] [           main] [                                                 ] c.o.p.c.a.a.RcaRunOrchestrator           : task 94aba35b-e81c-4e2f-8784-dfba2867a406 旧代结果作废（run 78e1553b-4d34-48e0-b370-6e3f9242eb97 state=SUPERSEDED），task→STALE 零落档
2026-09-12T13:27:36.861+08:00  WARN 567 --- [control-app] [           main] [                                                 ] c.o.p.c.alert.application.RcaWorker      : task 3eaa0034-ea8c-419a-b40e-44661e6c2818 租约过期回收 owner=worker-a → RETRY_WAIT
2026-09-12T13:27:36.867+08:00  INFO 567 --- [control-app] [           main] [                                                 ] c.o.p.c.a.a.RcaRunOrchestrator           : {"event":"rca_task_decision","ts":"2026-09-12T05:27:36.867314749Z","attempt_id":"cd6c6332-6fa8-4f02-9db0-c859bf62419f","task_id":"3eaa0034-ea8c-419a-b40e-44661e6c2818","run_id":"f068b16a-154e-4a97-8e75-71217a74758d","decision":"COMPLETED","latency_ms":0}
2026-09-12T13:27:36.867+08:00  WARN 567 --- [control-app] [           main] [                                                 ] c.o.p.c.a.a.RcaRunOrchestrator           : task 3eaa0034-ea8c-419a-b40e-44661e6c2818 旧租约提交被拒 owner=worker-a epoch=1
[INFO] Tests run: 17, Failures: 0, Errors: 0, Skipped: 0, Time elapsed: 0.144 s -- in com.objwww.pr.control.alert.application.RcaWorkerTest
[INFO] Running com.objwww.pr.control.alert.application.EventQueryServiceTest
[INFO] Tests run: 5, Failures: 0, Errors: 0, Skipped: 0, Time elapsed: 0.019 s -- in com.objwww.pr.control.alert.application.EventQueryServiceTest
[INFO] Running com.objwww.pr.control.alert.application.IncidentProjectorClassificationTest
2026-09-12T13:27:37.040+08:00  INFO 567 --- [control-app] [           main] [                                                 ] c.o.p.c.a.application.IncidentProjector  : incident 0f9538e0-1065-43eb-b6da-fd3c44ab49c9 路由决策 BUCKETED_HOLMES 为 HOLMES 意愿：第二引擎已退场，决策照记不铸 run
2026-09-12T13:27:37.050+08:00  INFO 567 --- [control-app] [           main] [                                                 ] c.o.p.c.a.application.IncidentProjector  : incident a9122da7-ac64-4a1d-a109-cfb3fbd9eeb4 路由决策 BUCKETED_HOLMES 为 HOLMES 意愿：第二引擎已退场，决策照记不铸 run
2026-09-12T13:27:37.054+08:00  INFO 567 --- [control-app] [           main] [                                                 ] c.o.p.c.a.application.IncidentProjector  : incident 5a341d3c-4eb1-4f55-b27b-9a1d50a89b77 路由决策 BUCKETED_HOLMES 为 HOLMES 意愿：第二引擎已退场，决策照记不铸 run
2026-09-12T13:27:37.058+08:00  INFO 567 --- [control-app] [           main] [                                                 ] c.o.p.c.a.application.IncidentProjector  : incident cfe4470f-dca5-4eec-99ea-c06dd4fa7e61 路由决策 BUCKETED_HOLMES 为 HOLMES 意愿：第二引擎已退场，决策照记不铸 run
2026-09-12T13:27:37.059+08:00  INFO 567 --- [control-app] [           main] [                                                 ] c.o.p.c.a.application.IncidentProjector  : incident cfe4470f-dca5-4eec-99ea-c06dd4fa7e61 路由决策 BUCKETED_HOLMES 为 HOLMES 意愿：第二引擎已退场，决策照记不铸 run
2026-09-12T13:27:37.063+08:00  INFO 567 --- [control-app] [           main] [                                                 ] c.o.p.c.a.application.IncidentProjector  : incident 499be814-0bee-4bc5-9c58-2f1c6b83d30a 路由决策 BUCKETED_HOLMES 为 HOLMES 意愿：第二引擎已退场，决策照记不铸 run
2026-09-12T13:27:37.069+08:00  INFO 567 --- [control-app] [           main] [                                                 ] c.o.p.c.a.application.IncidentProjector  : incident 28a30b93-086a-4019-86b5-998a9403b6c6 路由决策 BUCKETED_HOLMES 为 HOLMES 意愿：第二引擎已退场，决策照记不铸 run
2026-09-12T13:27:37.074+08:00  INFO 567 --- [control-app] [           main] [                                                 ] c.o.p.c.a.application.IncidentProjector  : incident 28a30b93-086a-4019-86b5-998a9403b6c6 路由决策 BUCKETED_HOLMES 为 HOLMES 意愿：第二引擎已退场，决策照记不铸 run
[INFO] Tests run: 6, Failures: 0, Errors: 0, Skipped: 0, Time elapsed: 0.182 s -- in com.objwww.pr.control.alert.application.IncidentProjectorClassificationTest
[INFO] Running com.objwww.pr.control.alert.application.EventPayloadSanitizerTest
[INFO] Tests run: 6, Failures: 0, Errors: 0, Skipped: 0, Time elapsed: 0.016 s -- in com.objwww.pr.control.alert.application.EventPayloadSanitizerTest
[INFO] Running com.objwww.pr.control.alert.application.IncidentQueryServiceTest
[INFO] Tests run: 8, Failures: 0, Errors: 0, Skipped: 0, Time elapsed: 0.037 s -- in com.objwww.pr.control.alert.application.IncidentQueryServiceTest
[INFO] Running com.objwww.pr.control.alert.application.HolmesShadowWorkerTest
2026-09-12T13:27:37.155+08:00  INFO 567 --- [control-app] [           main] [                                                 ] c.o.p.c.a.a.HolmesShadowWorker           : {"event":"rca_holmes_shadow_work","ts":"2026-09-12T05:27:37.155151813Z","shadow_key":"holmes-calib:495cdd52-9995-441a-89d8-7819fcef0759","error_class":"BASELINE_MISSING","outcome":"FAILED"}
2026-09-12T13:27:37.167+08:00  INFO 567 --- [control-app] [           main] [                                                 ] c.o.p.c.a.a.HolmesShadowWorker           : {"event":"rca_holmes_shadow_work","ts":"2026-09-12T05:27:37.167627777Z","shadow_key":"holmes-shadow:0425aedd-da82-4d0c-a3e2-ba02b4137b1d","outcome":"COMPARISON_LANDED","shadow_run_id":"5dd998b1-37d2-4e5c-8e39-4d2008dda382"}
2026-09-12T13:27:37.174+08:00  INFO 567 --- [control-app] [           main] [                                                 ] c.o.p.c.a.a.HolmesShadowWorker           : {"event":"rca_holmes_shadow_work","ts":"2026-09-12T05:27:37.174526749Z","shadow_key":"holmes-shadow:ghost","error_class":"MISSING_ANCHOR","outcome":"FAILED"}
2026-09-12T13:27:37.177+08:00  INFO 567 --- [control-app] [           main] [                                                 ] c.o.p.c.a.a.HolmesShadowWorker           : {"event":"rca_holmes_shadow_work","ts":"2026-09-12T05:27:37.177617299Z","outcome":"CAS_LOST","shadow_key":"holmes-shadow:76837f2a-2d70-4cfa-b9ab-811c0200955b"}
2026-09-12T13:27:37.179+08:00  INFO 567 --- [control-app] [           main] [                                                 ] c.o.p.c.a.a.HolmesShadowWorker           : {"event":"rca_holmes_shadow_work","ts":"2026-09-12T05:27:37.179438970Z","shadow_key":"holmes-shadow:81d2f3c6-1859-4152-8d75-1ece392ab286","error_class":"TIMEOUT","outcome":"FAILED"}
2026-09-12T13:27:37.181+08:00  INFO 567 --- [control-app] [           main] [                                                 ] c.o.p.c.a.a.HolmesShadowWorker           : {"event":"rca_holmes_shadow_work","ts":"2026-09-12T05:27:37.180928956Z","shadow_key":"holmes-shadow:81d2f3c6-1859-4152-8d75-1ece392ab286","error_class":"TIMEOUT","outcome":"FAILED"}
2026-09-12T13:27:37.181+08:00  INFO 567 --- [control-app] [           main] [                                                 ] c.o.p.c.a.a.HolmesShadowWorker           : {"event":"rca_holmes_shadow_work","ts":"2026-09-12T05:27:37.181367472Z","shadow_key":"holmes-shadow:81d2f3c6-1859-4152-8d75-1ece392ab286","error_class":"TIMEOUT","outcome":"FAILED"}
2026-09-12T13:27:37.198+08:00  INFO 567 --- [control-app] [           main] [                                                 ] c.o.p.c.a.a.HolmesShadowWorker           : {"event":"rca_holmes_shadow_work","ts":"2026-09-12T05:27:37.198479928Z","shadow_key":"holmes-shadow:bd016a70-ec56-444d-9d79-4e91d0cadf56","outcome":"COMPARISON_LANDED","shadow_run_id":"bf1b5209-071d-4206-8b53-deb22b32ea2d"}
2026-09-12T13:27:37.200+08:00  INFO 567 --- [control-app] [           main] [                                                 ] c.o.p.c.a.a.HolmesShadowWorker           : {"event":"rca_holmes_shadow_work","ts":"2026-09-12T05:27:37.200557921Z","shadow_key":"holmes-calib:bd016a70-ec56-444d-9d79-4e91d0cadf56","outcome":"CALIBRATION_LANDED","shadow_run_id":"8c87c9fc-e502-4629-880f-0b6c630e2d20"}
[INFO] Tests run: 7, Failures: 0, Errors: 0, Skipped: 0, Time elapsed: 0.056 s -- in com.objwww.pr.control.alert.application.HolmesShadowWorkerTest
[INFO] Running com.objwww.pr.control.alert.application.holmes.HolmesEvidenceAdapterTest
[INFO] Tests run: 5, Failures: 0, Errors: 0, Skipped: 0, Time elapsed: 0.021 s -- in com.objwww.pr.control.alert.application.holmes.HolmesEvidenceAdapterTest
[INFO] Running com.objwww.pr.control.alert.application.rag.RunbookCorpusTest
[INFO] Tests run: 9, Failures: 0, Errors: 0, Skipped: 0, Time elapsed: 0.021 s -- in com.objwww.pr.control.alert.application.rag.RunbookCorpusTest
[INFO] Running com.objwww.pr.control.alert.application.SseStreamServiceTest
2026-09-12T13:27:37.254+08:00  WARN 567 --- [control-app] [           main] [                                                 ] c.o.p.c.a.application.SseStreamService   : sse drain gap: runId=16d38db8-d7e5-4b97-8bf1-23b49b805172 cursor=1 latestSeq=4 → resync
[INFO] Tests run: 4, Failures: 0, Errors: 0, Skipped: 0, Time elapsed: 0.006 s -- in com.objwww.pr.control.alert.application.SseStreamServiceTest
[INFO] Running com.objwww.pr.control.alert.application.PlanCompilerTest
[INFO] Tests run: 9, Failures: 0, Errors: 0, Skipped: 0, Time elapsed: 0.026 s -- in com.objwww.pr.control.alert.application.PlanCompilerTest
[INFO] Running com.objwww.pr.control.alert.application.HolmesShadowSamplerTest
2026-09-12T13:27:37.289+08:00  INFO 567 --- [control-app] [           main] [                                                 ] c.o.p.c.a.a.HolmesShadowSampler          : {"event":"rca_holmes_shadow_sample","ts":"2026-09-12T05:27:37.289368910Z","incident_id":"38fbd51e-2e31-4f27-9d4d-81c59ec000fa","outcome":"DISABLED","run_id":"070ea5fe-4173-4546-84c9-9c5bcf90850e"}
2026-09-12T13:27:37.292+08:00  INFO 567 --- [control-app] [           main] [                                                 ] c.o.p.c.a.a.HolmesShadowSampler          : {"event":"rca_holmes_shadow_sample","ts":"2026-09-12T05:27:37.291979927Z","incident_id":"922f78f9-7cb0-404f-8d5b-f9e11db4ffa4","outcome":"ENQUEUED","run_id":"19a8fd07-e9d5-4a74-92e5-241b547d0534"}
2026-09-12T13:27:37.292+08:00  INFO 567 --- [control-app] [           main] [                                                 ] c.o.p.c.a.a.HolmesShadowSampler          : {"event":"rca_holmes_shadow_sample","ts":"2026-09-12T05:27:37.292322883Z","incident_id":"922f78f9-7cb0-404f-8d5b-f9e11db4ffa4","outcome":"ALREADY_ENQUEUED","run_id":"19a8fd07-e9d5-4a74-92e5-241b547d0534"}
2026-09-12T13:27:37.293+08:00  INFO 567 --- [control-app] [           main] [                                                 ] c.o.p.c.a.a.HolmesShadowSampler          : {"event":"rca_holmes_shadow_sample","ts":"2026-09-12T05:27:37.293604616Z","incident_id":"e05a4417-934b-4fcd-870a-958e8cf18ba3","outcome":"RATE_NOT_SELECTED","run_id":"d26b550e-7003-4024-beb6-169a50481a7d"}
2026-09-12T13:27:37.297+08:00  INFO 567 --- [control-app] [           main] [                                                 ] c.o.p.c.a.a.HolmesShadowSampler          : {"event":"rca_holmes_shadow_sample","ts":"2026-09-12T05:27:37.297541571Z","incident_id":"e05a4417-934b-4fcd-870a-958e8cf18ba3","outcome":"ENQUEUED","run_id":"d26b550e-7003-4024-beb6-169a50481a7d"}
2026-09-12T13:27:37.297+08:00  INFO 567 --- [control-app] [           main] [                                                 ] c.o.p.c.a.a.HolmesShadowSampler          : {"event":"rca_holmes_shadow_sample","ts":"2026-09-12T05:27:37.297894956Z","incident_id":"e05a4417-934b-4fcd-870a-958e8cf18ba3","outcome":"ALREADY_ENQUEUED","run_id":"d26b550e-7003-4024-beb6-169a50481a7d"}
2026-09-12T13:27:37.299+08:00  INFO 567 --- [control-app] [           main] [                                                 ] c.o.p.c.a.a.HolmesShadowSampler          : {"event":"rca_holmes_shadow_sample","ts":"2026-09-12T05:27:37.299243866Z","incident_id":"73a02b78-8ff8-4846-b36e-473a542bf51a","outcome":"NOT_NATIVE","run_id":"8281198f-ea95-4c7e-a50a-27edfebe0c13"}
2026-09-12T13:27:37.300+08:00  INFO 567 --- [control-app] [           main] [                                                 ] c.o.p.c.a.a.HolmesShadowSampler          : {"event":"rca_holmes_shadow_sample","ts":"2026-09-12T05:27:37.300501846Z","incident_id":"06f32d6d-8c8a-4d18-b89c-b96a4e0ad132","outcome":"BUDGET_EXHAUSTED","run_id":"a46ae5e5-bca1-4028-a8d0-a58640aca554"}
2026-09-12T13:27:37.302+08:00  INFO 567 --- [control-app] [           main] [                                                 ] c.o.p.c.a.a.HolmesShadowSampler          : {"event":"rca_holmes_shadow_sample","ts":"2026-09-12T05:27:37.301730109Z","incident_id":"59c9c6a0-3457-42a7-bb1c-7ad93a25def9","outcome":"NOT_TERMINAL","run_id":"bf0ef11b-ac61-42e6-8091-c90af7bbf036"}
2026-09-12T13:27:37.302+08:00  INFO 567 --- [control-app] [           main] [                                                 ] c.o.p.c.a.a.HolmesShadowSampler          : {"event":"rca_holmes_shadow_sample","ts":"2026-09-12T05:27:37.302288420Z","incident_id":"59c9c6a0-3457-42a7-bb1c-7ad93a25def9","outcome":"NOT_SUCCEEDED","run_id":"bf0ef11b-ac61-42e6-8091-c90af7bbf036"}
2026-09-12T13:27:37.303+08:00  INFO 567 --- [control-app] [           main] [                                                 ] c.o.p.c.a.a.HolmesShadowSampler          : {"event":"rca_holmes_shadow_sample","ts":"2026-09-12T05:27:37.303665182Z","incident_id":"2a4e2fff-c395-4d88-88db-f2e5cbed0f86","outcome":"ENQUEUED","run_id":"e238a566-434a-482e-ae67-c074679462c6"}
[INFO] Tests run: 7, Failures: 0, Errors: 0, Skipped: 0, Time elapsed: 0.017 s -- in com.objwww.pr.control.alert.application.HolmesShadowSamplerTest
[INFO] Running com.objwww.pr.control.alert.application.R7PrimaryStateTest
2026-09-12T13:27:37.312+08:00  INFO 567 --- [control-app] [           main] [                                                 ] c.o.p.c.a.a.DeterministicSupervisor      : {"event":"r7_primary_started","ts":"2026-09-12T05:27:37.312198493Z","task_id":"836cd446-70ae-47d6-96dd-d8680f448974","role":"primary@1","run_id":"45f41f94-a510-4c11-b1fe-d41fa4f86010"}
2026-09-12T13:27:37.313+08:00  INFO 567 --- [control-app] [           main] [                                                 ] c.o.p.c.a.a.DeterministicSupervisor      : {"event":"r7_delegation_adjudicated","ts":"2026-09-12T05:27:37.313742831Z","requests":2,"approved":2,"task_id":"836cd446-70ae-47d6-96dd-d8680f448974","run_id":"45f41f94-a510-4c11-b1fe-d41fa4f86010","batch_accepted":true}
2026-09-12T13:27:37.317+08:00  INFO 567 --- [control-app] [           main] [                                                 ] c.o.p.c.a.a.DeterministicSupervisor      : {"event":"r7_primary_started","ts":"2026-09-12T05:27:37.316779570Z","task_id":"99d15abf-f9bf-475f-be72-2bd4ce471154","role":"primary@1","run_id":"08d0a000-effa-4897-8eb2-f2d13f4fb92d"}
2026-09-12T13:27:37.317+08:00  WARN 567 --- [control-app] [           main] [                                                 ] c.o.p.c.a.a.DeterministicSupervisor      : 委派裁决撞既成台账（gap=gap-1），以先到者为准
2026-09-12T13:27:37.317+08:00  INFO 567 --- [control-app] [           main] [                                                 ] c.o.p.c.a.a.DeterministicSupervisor      : {"event":"r7_delegation_adjudicated","ts":"2026-09-12T05:27:37.317854524Z","requests":2,"approved":1,"task_id":"99d15abf-f9bf-475f-be72-2bd4ce471154","run_id":"08d0a000-effa-4897-8eb2-f2d13f4fb92d","batch_accepted":true}
2026-09-12T13:27:37.318+08:00  WARN 567 --- [control-app] [           main] [                                                 ] c.o.p.c.a.a.DeterministicSupervisor      : 委派裁决撞既成台账（gap=gap-1），以先到者为准
2026-09-12T13:27:37.319+08:00  INFO 567 --- [control-app] [           main] [                                                 ] c.o.p.c.a.a.DeterministicSupervisor      : {"event":"r7_delegation_adjudicated","ts":"2026-09-12T05:27:37.319002355Z","requests":1,"approved":0,"task_id":"99d15abf-f9bf-475f-be72-2bd4ce471154","run_id":"08d0a000-effa-4897-8eb2-f2d13f4fb92d","batch_accepted":false}
2026-09-12T13:27:37.321+08:00  INFO 567 --- [control-app] [           main] [                                                 ] c.o.p.c.a.a.DeterministicSupervisor      : {"event":"r7_primary_started","ts":"2026-09-12T05:27:37.321034142Z","task_id":"9687da15-0ee7-4594-b6d3-89b83916905a","role":"primary@1","run_id":"f369933c-12d7-4314-8d85-9cae8c8f5ead"}
2026-09-12T13:27:37.322+08:00  INFO 567 --- [control-app] [           main] [                                                 ] c.o.p.c.a.a.DeterministicSupervisor      : {"event":"r7_delegation_adjudicated","ts":"2026-09-12T05:27:37.321927965Z","requests":2,"approved":2,"task_id":"9687da15-0ee7-4594-b6d3-89b83916905a","run_id":"f369933c-12d7-4314-8d85-9cae8c8f5ead","batch_accepted":true}
2026-09-12T13:27:37.334+08:00  INFO 567 --- [control-app] [           main] [                                                 ] c.o.p.c.a.a.DeterministicSupervisor      : {"event":"r7_primary_started","ts":"2026-09-12T05:27:37.334295265Z","task_id":"b68b8b3b-1980-4806-8575-b43e2fe4d0b9","role":"primary@1","run_id":"2aa85cf3-591d-48b1-95d3-0af89d4b4388"}
2026-09-12T13:27:37.340+08:00  INFO 567 --- [control-app] [           main] [                                                 ] c.o.p.c.a.a.DeterministicSupervisor      : {"event":"r7_primary_started","ts":"2026-09-12T05:27:37.340449565Z","task_id":"503f53ed-ef33-4ac5-a839-47a82c54add8","role":"primary@1","run_id":"945eaf63-f37f-4c8c-bac9-3168d938850a"}
2026-09-12T13:27:37.341+08:00  INFO 567 --- [control-app] [           main] [                                                 ] c.o.p.c.a.a.DeterministicSupervisor      : {"event":"r7_delegation_adjudicated","ts":"2026-09-12T05:27:37.341023936Z","requests":1,"approved":1,"task_id":"503f53ed-ef33-4ac5-a839-47a82c54add8","run_id":"945eaf63-f37f-4c8c-bac9-3168d938850a","batch_accepted":true}
2026-09-12T13:27:37.341+08:00  INFO 567 --- [control-app] [           main] [                                                 ] c.o.p.c.a.a.DeterministicSupervisor      : {"event":"r7_delegation_adjudicated","ts":"2026-09-12T05:27:37.341418349Z","requests":1,"approved":1,"task_id":"503f53ed-ef33-4ac5-a839-47a82c54add8","run_id":"945eaf63-f37f-4c8c-bac9-3168d938850a","batch_accepted":true}
2026-09-12T13:27:37.343+08:00  INFO 567 --- [control-app] [           main] [                                                 ] c.o.p.c.a.a.DeterministicSupervisor      : {"event":"r7_primary_started","ts":"2026-09-12T05:27:37.343156452Z","task_id":"db108a86-57f1-4dfb-ad29-fbf65bcf22fc","role":"primary@1","run_id":"3ebf3861-a3a7-4493-a4fd-04f6183fca50"}
2026-09-12T13:27:37.343+08:00  INFO 567 --- [control-app] [           main] [                                                 ] c.o.p.c.a.a.DeterministicSupervisor      : {"event":"r7_delegation_adjudicated","ts":"2026-09-12T05:27:37.343550805Z","requests":1,"approved":0,"task_id":"db108a86-57f1-4dfb-ad29-fbf65bcf22fc","run_id":"3ebf3861-a3a7-4493-a4fd-04f6183fca50","batch_accepted":false}
2026-09-12T13:27:37.345+08:00  INFO 567 --- [control-app] [           main] [                                                 ] c.o.p.c.a.a.DeterministicSupervisor      : {"event":"r7_primary_started","ts":"2026-09-12T05:27:37.345138726Z","task_id":"7fbe291d-aded-4407-85c3-2a9b36af7995","role":"primary@1","run_id":"01797eff-d677-4cc9-948d-c6d03df4a5a0"}
2026-09-12T13:27:37.345+08:00  INFO 567 --- [control-app] [           main] [                                                 ] c.o.p.c.a.a.DeterministicSupervisor      : {"event":"r7_delegation_adjudicated","ts":"2026-09-12T05:27:37.345818215Z","requests":2,"approved":1,"task_id":"7fbe291d-aded-4407-85c3-2a9b36af7995","run_id":"01797eff-d677-4cc9-948d-c6d03df4a5a0","batch_accepted":true}
2026-09-12T13:27:37.348+08:00  INFO 567 --- [control-app] [           main] [                                                 ] c.o.p.c.a.a.DeterministicSupervisor      : {"event":"r7_primary_started","ts":"2026-09-12T05:27:37.348515384Z","task_id":"70c6abe0-1a15-4bba-a1a5-d65f42135ac6","role":"primary@1","run_id":"1370ce80-5c6a-431f-9cea-ed90292b2fab"}
2026-09-12T13:27:37.349+08:00  INFO 567 --- [control-app] [           main] [                                                 ] c.o.p.c.a.a.DeterministicSupervisor      : {"event":"r7_delegation_adjudicated","ts":"2026-09-12T05:27:37.349342933Z","requests":2,"approved":2,"task_id":"70c6abe0-1a15-4bba-a1a5-d65f42135ac6","run_id":"1370ce80-5c6a-431f-9cea-ed90292b2fab","batch_accepted":true}
2026-09-12T13:27:37.365+08:00  INFO 567 --- [control-app] [           main] [                                                 ] c.o.p.c.a.a.DeterministicSupervisor      : {"event":"r7_delegation_adjudicated","ts":"2026-09-12T05:27:37.365100648Z","requests":2,"approved":2,"task_id":"70c6abe0-1a15-4bba-a1a5-d65f42135ac6","run_id":"1370ce80-5c6a-431f-9cea-ed90292b2fab","batch_accepted":true}
2026-09-12T13:27:37.365+08:00  INFO 567 --- [control-app] [           main] [                                                 ] c.o.p.c.a.a.DeterministicSupervisor      : {"event":"r7_delegation_adjudicated","ts":"2026-09-12T05:27:37.365834570Z","requests":1,"approved":0,"task_id":"70c6abe0-1a15-4bba-a1a5-d65f42135ac6","run_id":"1370ce80-5c6a-431f-9cea-ed90292b2fab","batch_accepted":false}
2026-09-12T13:27:37.373+08:00  INFO 567 --- [control-app] [           main] [                                                 ] c.o.p.c.a.a.DeterministicSupervisor      : {"event":"r7_primary_started","ts":"2026-09-12T05:27:37.373645750Z","task_id":"a0ac635b-3e1b-4af0-bb5f-c551f1833e58","role":"primary@1","run_id":"2eaff892-0ffa-4ea9-af31-7abc9bde9a3e"}
2026-09-12T13:27:37.374+08:00  INFO 567 --- [control-app] [           main] [                                                 ] c.o.p.c.a.a.DeterministicSupervisor      : {"event":"r7_delegation_adjudicated","ts":"2026-09-12T05:27:37.374448672Z","requests":1,"approved":1,"task_id":"a0ac635b-3e1b-4af0-bb5f-c551f1833e58","run_id":"2eaff892-0ffa-4ea9-af31-7abc9bde9a3e","batch_accepted":true}
2026-09-12T13:27:37.387+08:00  INFO 567 --- [control-app] [           main] [                                                 ] c.o.p.c.a.a.DeterministicSupervisor      : {"event":"r7_primary_started","ts":"2026-09-12T05:27:37.387198142Z","task_id":"2f200ea7-16f1-4c30-86cd-09b67f70bfe2","role":"primary@1","run_id":"c71c4e35-c946-4987-856a-526875f39e13"}
2026-09-12T13:27:37.392+08:00  INFO 567 --- [control-app] [           main] [                                                 ] c.o.p.c.a.a.DeterministicSupervisor      : {"event":"r7_primary_started","ts":"2026-09-12T05:27:37.392340646Z","task_id":"311a0bd5-2420-4cb3-8aa9-76188cf36c6a","role":"primary@1","run_id":"4aeaa20a-278f-49b3-8b31-ef2b23e87e12"}
2026-09-12T13:27:37.393+08:00  INFO 567 --- [control-app] [           main] [                                                 ] c.o.p.c.a.a.DeterministicSupervisor      : {"event":"r7_delegation_adjudicated","ts":"2026-09-12T05:27:37.393336772Z","requests":3,"approved":0,"task_id":"311a0bd5-2420-4cb3-8aa9-76188cf36c6a","run_id":"4aeaa20a-278f-49b3-8b31-ef2b23e87e12","batch_accepted":false}
2026-09-12T13:27:37.398+08:00  INFO 567 --- [control-app] [           main] [                                                 ] c.o.p.c.a.a.DeterministicSupervisor      : {"event":"am4_plan_rejected","ts":"2026-09-12T05:27:37.398573584Z","run_id":"2525c0b9-edc0-4dba-b59c-d277964c3d5d","reason":"主模式编译只接受 PRIMARY 阶段 Profile，实际: metrics-expert phase=INVESTIGATE"}
2026-09-12T13:27:37.399+08:00  WARN 567 --- [control-app] [           main] [                                                 ] c.o.p.c.a.a.DeterministicSupervisor      : run 2525c0b9-edc0-4dba-b59c-d277964c3d5d 提案被确定性拒绝 → FAILED（主模式编译只接受 PRIMARY 阶段 Profile，实际: metrics-expert phase=INVESTIGATE）
[INFO] Tests run: 18, Failures: 0, Errors: 0, Skipped: 0, Time elapsed: 0.094 s -- in com.objwww.pr.control.alert.application.R7PrimaryStateTest
[INFO] Running com.objwww.pr.control.alert.application.ControlAlertRouterTest
2026-09-12T13:27:37.406+08:00  INFO 567 --- [control-app] [           main] [                                                 ] c.o.p.c.a.a.ControlAlertRouter           : {"event":"CONTROL_ALERT_REJECTED","ts":"2026-09-12T05:27:37.406661495Z","receiver":"rca-oncall","gate":"identity"}
2026-09-12T13:27:37.410+08:00  INFO 567 --- [control-app] [           main] [                                                 ] c.o.p.c.a.a.ControlAlertRouter           : {"event":"CONTROL_ALERT_ONCALL","ts":"2026-09-12T05:27:37.410738332Z","inbox_id":"ed0d4e53-0759-4396-8796-58747d78dabb","receiver":"rca-oncall","group_key":"g:RCA_SYSTEM_CollectorDown","alertnames":"RCA_SYSTEM_CollectorDown","scopes":"rca_system","alert_count":1}
2026-09-12T13:27:37.412+08:00  INFO 567 --- [control-app] [           main] [                                                 ] c.o.p.c.a.a.ControlAlertRouter           : {"event":"CONTROL_ALERT_REJECTED","ts":"2026-09-12T05:27:37.412169718Z","receiver":"rca-oncall","gate":"identity"}
2026-09-12T13:27:37.415+08:00  INFO 567 --- [control-app] [           main] [                                                 ] c.o.p.c.a.a.ControlAlertRouter           : {"event":"CONTROL_ALERT_REJECTED","ts":"2026-09-12T05:27:37.415569510Z","receiver":"zhongtai","gate":"route_not_allowlisted"}
2026-09-12T13:27:37.417+08:00  INFO 567 --- [control-app] [           main] [                                                 ] c.o.p.c.a.a.ControlAlertRouter           : {"event":"CONTROL_ALERT_ONCALL","ts":"2026-09-12T05:27:37.417178180Z","inbox_id":"ace3171f-9e39-4a7f-b605-6070b35ee97a","receiver":"rca-oncall","group_key":"g:Gatus_CanaryProbe","alertnames":"Gatus_CanaryProbe","scopes":"rca_system","alert_count":1}
2026-09-12T13:27:37.418+08:00  INFO 567 --- [control-app] [           main] [                                                 ] c.o.p.c.a.a.ControlAlertRouter           : {"event":"CONTROL_ALERT_REJECTED","ts":"2026-09-12T05:27:37.418611710Z","receiver":"rca-oncall","gate":"scope_not_allowlisted"}
2026-09-12T13:27:37.419+08:00  INFO 567 --- [control-app] [           main] [                                                 ] c.o.p.c.a.a.ControlAlertRouter           : {"event":"CONTROL_ALERT_REJECTED","ts":"2026-09-12T05:27:37.419813543Z","receiver":"rca-oncall","gate":"scope_not_allowlisted"}
2026-09-12T13:27:37.422+08:00  INFO 567 --- [control-app] [           main] [                                                 ] c.o.p.c.a.a.ControlAlertRouter           : {"event":"CONTROL_ALERT_ONCALL","ts":"2026-09-12T05:27:37.422556859Z","inbox_id":"088b25a5-35f3-4ebd-93f5-2e4abed14ef4","receiver":"rca-oncall","group_key":"g:RCA_SYSTEM_X","alertnames":"RCA_SYSTEM_X","scopes":"rca_system","alert_count":1}
[INFO] Tests run: 10, Failures: 0, Errors: 0, Skipped: 0, Time elapsed: 0.021 s -- in com.objwww.pr.control.alert.application.ControlAlertRouterTest
[INFO] Running com.objwww.pr.control.alert.application.Am4ShadowFullChainG2Test
2026-09-12T13:27:37.442+08:00  INFO 567 --- [control-app] [           main] [                                                 ] c.o.p.c.a.a.DeterministicSupervisor      : {"event":"am4_run_reporting","ts":"2026-09-12T05:27:37.442349303Z","run_id":"0ad9eda9-7e7d-45df-a385-bf3fdcff1a7d"}
2026-09-12T13:27:37.442+08:00  INFO 567 --- [control-app] [           main] [                                                 ] c.o.p.c.a.a.DeterministicSupervisor      : run 0ad9eda9-7e7d-45df-a385-bf3fdcff1a7d 全任务终态 → REPORTING（报告链组装）
[INFO] Tests run: 3, Failures: 0, Errors: 0, Skipped: 0, Time elapsed: 0.027 s -- in com.objwww.pr.control.alert.application.Am4ShadowFullChainG2Test
[INFO] Running com.objwww.pr.control.alert.application.CommandServiceTest
[INFO] Tests run: 10, Failures: 0, Errors: 0, Skipped: 0, Time elapsed: 0.014 s -- in com.objwww.pr.control.alert.application.CommandServiceTest
[INFO] Running com.objwww.pr.control.alert.application.RunBudgetGateTest
[INFO] Tests run: 10, Failures: 0, Errors: 0, Skipped: 0, Time elapsed: 0.021 s -- in com.objwww.pr.control.alert.application.RunBudgetGateTest
[INFO] Running com.objwww.pr.control.alert.application.tool.ToolGatewayWireMockTest
[INFO] Tests run: 3, Failures: 0, Errors: 0, Skipped: 0, Time elapsed: 0.884 s -- in com.objwww.pr.control.alert.application.tool.ToolGatewayWireMockTest
[INFO] Running com.objwww.pr.control.alert.application.tool.ReplayToolGatewayTest
[INFO] Tests run: 8, Failures: 0, Errors: 0, Skipped: 0, Time elapsed: 0.018 s -- in com.objwww.pr.control.alert.application.tool.ReplayToolGatewayTest
[INFO] Running com.objwww.pr.control.alert.application.tool.ToolRegistryTest
[INFO] Tests run: 4, Failures: 0, Errors: 0, Skipped: 0, Time elapsed: 0.006 s -- in com.objwww.pr.control.alert.application.tool.ToolRegistryTest
[INFO] Running com.objwww.pr.control.alert.application.tool.ToolGatewayTest
[INFO] Tests run: 11, Failures: 0, Errors: 0, Skipped: 0, Time elapsed: 0.236 s -- in com.objwww.pr.control.alert.application.tool.ToolGatewayTest
[INFO] Running com.objwww.pr.control.alert.application.DagExecutionServiceTest
[INFO] Tests run: 10, Failures: 0, Errors: 0, Skipped: 0, Time elapsed: 0.008 s -- in com.objwww.pr.control.alert.application.DagExecutionServiceTest
[INFO] Running com.objwww.pr.control.alert.application.Am4ShadowTriggerTest
AM4_SHADOW_TASK=investigate-metrics=EVIDENCE_PRODUCED
AM4_SHADOW_TASK=investigate-logs=EVIDENCE_PRODUCED
AM4_SHADOW_TASK=investigate-change=EVIDENCE_PRODUCED
AM4_SHADOW_TASK=snapshot=f93a344a6b48b4fe5fd8e2734d5a146f46bd68cf8d77536ed0e2d8e2c03edd51
2026-09-12T13:27:38.684+08:00  INFO 567 --- [control-app] [           main] [                                                 ] c.o.p.c.a.a.DeterministicSupervisor      : {"event":"am4_run_reporting","ts":"2026-09-12T05:27:38.684638179Z","run_id":"077c0a4e-b00e-4618-bf5c-497d79a93904"}
2026-09-12T13:27:38.684+08:00  INFO 567 --- [control-app] [           main] [                                                 ] c.o.p.c.a.a.DeterministicSupervisor      : run 077c0a4e-b00e-4618-bf5c-497d79a93904 全任务终态 → REPORTING（报告链组装）
AM4_SHADOW_RUN_ID=077c0a4e-b00e-4618-bf5c-497d79a93904
[INFO] Tests run: 5, Failures: 0, Errors: 0, Skipped: 0, Time elapsed: 0.040 s -- in com.objwww.pr.control.alert.application.Am4ShadowTriggerTest
[INFO] Running com.objwww.pr.control.alert.application.ExA4bIncidentProjectorTest
2026-09-12T13:27:38.737+08:00  INFO 567 --- [control-app] [           main] [                                                 ] c.o.p.c.a.application.IncidentProjector  : incident eac57d37-8b6f-4672-8532-7f2c686a2762 路由决策 BUCKETED_HOLMES 为 HOLMES 意愿：第二引擎已退场，决策照记不铸 run
2026-09-12T13:27:38.739+08:00  INFO 567 --- [control-app] [           main] [                                                 ] c.o.p.c.a.a.IncidentWaitingRedrive       : incident eac57d37-8b6f-4672-8532-7f2c686a2762 等待重驱完成：原因=WAITING_CAPABILITY 路由决策=BUCKETED_NATIVE run=e4e4d042-1d4a-4350-9c47-7e317f5a66cb
2026-09-12T13:27:38.742+08:00  INFO 567 --- [control-app] [           main] [                                                 ] c.o.p.c.a.application.IncidentProjector  : incident f20ea960-6bc9-4702-b08a-fdec8855c30e 路由决策 BUCKETED_HOLMES 为 HOLMES 意愿：第二引擎已退场，决策照记不铸 run
[INFO] Tests run: 7, Failures: 0, Errors: 0, Skipped: 0, Time elapsed: 0.040 s -- in com.objwww.pr.control.alert.application.ExA4bIncidentProjectorTest
[INFO] Running com.objwww.pr.control.alert.application.RunQueryServiceTest
[INFO] Tests run: 6, Failures: 0, Errors: 0, Skipped: 0, Time elapsed: 0.013 s -- in com.objwww.pr.control.alert.application.RunQueryServiceTest
[INFO] Running com.objwww.pr.control.alert.application.RcaStateBackfillJobTest
2026-09-12T13:27:38.763+08:00  INFO 567 --- [control-app] [           main] [                                                 ] c.o.p.c.a.a.RcaStateBackfillJob          : {"event":"rca_state_backfill_progress","ts":"2026-09-12T05:27:38.763380817Z","batches":1,"violations":0,"table":"rca_task","rows":2}
2026-09-12T13:27:38.766+08:00  INFO 567 --- [control-app] [           main] [                                                 ] c.o.p.c.a.a.RcaStateBackfillJob          : {"event":"rca_state_backfill_progress","ts":"2026-09-12T05:27:38.765983778Z","batches":2,"violations":0,"table":"rca_task","rows":4}
2026-09-12T13:27:38.766+08:00  INFO 567 --- [control-app] [           main] [                                                 ] c.o.p.c.a.a.RcaStateBackfillJob          : {"event":"rca_state_backfill_progress","ts":"2026-09-12T05:27:38.766338336Z","batches":3,"violations":0,"table":"rca_task","rows":5}
2026-09-12T13:27:38.766+08:00  INFO 567 --- [control-app] [           main] [                                                 ] c.o.p.c.a.a.RcaStateBackfillJob          : {"event":"rca_state_backfill_progress","ts":"2026-09-12T05:27:38.766730535Z","batches":1,"violations":0,"table":"rca_run","rows":2}
2026-09-12T13:27:38.767+08:00  INFO 567 --- [control-app] [           main] [                                                 ] c.o.p.c.a.a.RcaStateBackfillJob          : {"event":"rca_state_backfill_progress","ts":"2026-09-12T05:27:38.766961851Z","batches":2,"violations":0,"table":"rca_run","rows":3}
2026-09-12T13:27:38.767+08:00  INFO 567 --- [control-app] [           main] [                                                 ] c.o.p.c.a.a.RcaStateBackfillJob          : {"event":"rca_state_backfill_reconciled","ts":"2026-09-12T05:27:38.767383435Z","digest":"4ca1357fd4b199d31c370842c907357ab131a659696953f6c76f10069f374c5d","batches":5,"run_rows":3,"violations":0,"task_rows":5}
2026-09-12T13:27:38.768+08:00  INFO 567 --- [control-app] [           main] [                                                 ] c.o.p.c.a.a.RcaStateBackfillJob          : {"event":"rca_state_backfill_progress","ts":"2026-09-12T05:27:38.768123778Z","batches":1,"violations":0,"table":"rca_task","rows":2}
2026-09-12T13:27:38.768+08:00  INFO 567 --- [control-app] [           main] [                                                 ] c.o.p.c.a.a.RcaStateBackfillJob          : {"event":"rca_state_backfill_progress","ts":"2026-09-12T05:27:38.768346658Z","batches":2,"violations":0,"table":"rca_task","rows":4}
2026-09-12T13:27:38.768+08:00  INFO 567 --- [control-app] [           main] [                                                 ] c.o.p.c.a.a.RcaStateBackfillJob          : {"event":"rca_state_backfill_progress","ts":"2026-09-12T05:27:38.768477865Z","batches":3,"violations":0,"table":"rca_task","rows":5}
2026-09-12T13:27:38.768+08:00  INFO 567 --- [control-app] [           main] [                                                 ] c.o.p.c.a.a.RcaStateBackfillJob          : {"event":"rca_state_backfill_progress","ts":"2026-09-12T05:27:38.768629701Z","batches":1,"violations":0,"table":"rca_run","rows":2}
2026-09-12T13:27:38.768+08:00  INFO 567 --- [control-app] [           main] [                                                 ] c.o.p.c.a.a.RcaStateBackfillJob          : {"event":"rca_state_backfill_progress","ts":"2026-09-12T05:27:38.768860917Z","batches":2,"violations":0,"table":"rca_run","rows":3}
2026-09-12T13:27:38.769+08:00  INFO 567 --- [control-app] [           main] [                                                 ] c.o.p.c.a.a.RcaStateBackfillJob          : {"event":"rca_state_backfill_reconciled","ts":"2026-09-12T05:27:38.769081822Z","digest":"4ca1357fd4b199d31c370842c907357ab131a659696953f6c76f10069f374c5d","batches":5,"run_rows":3,"violations":0,"task_rows":5}
2026-09-12T13:27:38.770+08:00  INFO 567 --- [control-app] [           main] [                                                 ] c.o.p.c.a.a.RcaStateBackfillJob          : {"event":"rca_state_backfill_progress","ts":"2026-09-12T05:27:38.770267105Z","batches":1,"violations":0,"table":"rca_task","rows":1}
2026-09-12T13:27:38.771+08:00  INFO 567 --- [control-app] [           main] [                                                 ] c.o.p.c.a.a.RcaStateBackfillJob          : {"event":"rca_state_backfill_progress","ts":"2026-09-12T05:27:38.771364641Z","batches":1,"violations":0,"table":"rca_task","rows":1}
2026-09-12T13:27:38.771+08:00  INFO 567 --- [control-app] [           main] [                                                 ] c.o.p.c.a.a.RcaStateBackfillJob          : {"event":"rca_state_backfill_progress","ts":"2026-09-12T05:27:38.771555471Z","batches":2,"violations":0,"table":"rca_task","rows":2}
2026-09-12T13:27:38.771+08:00  INFO 567 --- [control-app] [           main] [                                                 ] c.o.p.c.a.a.RcaStateBackfillJob          : {"event":"rca_state_backfill_progress","ts":"2026-09-12T05:27:38.771710583Z","batches":3,"violations":0,"table":"rca_task","rows":3}
2026-09-12T13:27:38.771+08:00  INFO 567 --- [control-app] [           main] [                                                 ] c.o.p.c.a.a.RcaStateBackfillJob          : {"event":"rca_state_backfill_progress","ts":"2026-09-12T05:27:38.771833435Z","batches":4,"violations":0,"table":"rca_task","rows":4}
2026-09-12T13:27:38.772+08:00  INFO 567 --- [control-app] [           main] [                                                 ] c.o.p.c.a.a.RcaStateBackfillJob          : {"event":"rca_state_backfill_progress","ts":"2026-09-12T05:27:38.771965954Z","batches":5,"violations":0,"table":"rca_task","rows":5}
2026-09-12T13:27:38.772+08:00  INFO 567 --- [control-app] [           main] [                                                 ] c.o.p.c.a.a.RcaStateBackfillJob          : {"event":"rca_state_backfill_progress","ts":"2026-09-12T05:27:38.772103603Z","batches":6,"violations":0,"table":"rca_task","rows":6}
2026-09-12T13:27:38.772+08:00  INFO 567 --- [control-app] [           main] [                                                 ] c.o.p.c.a.a.RcaStateBackfillJob          : {"event":"rca_state_backfill_progress","ts":"2026-09-12T05:27:38.772321524Z","batches":7,"violations":0,"table":"rca_task","rows":7}
2026-09-12T13:27:38.772+08:00  INFO 567 --- [control-app] [           main] [                                                 ] c.o.p.c.a.a.RcaStateBackfillJob          : {"event":"rca_state_backfill_progress","ts":"2026-09-12T05:27:38.772529145Z","batches":8,"violations":0,"table":"rca_task","rows":7}
2026-09-12T13:27:38.772+08:00  INFO 567 --- [control-app] [           main] [                                                 ] c.o.p.c.a.a.RcaStateBackfillJob          : {"event":"rca_state_backfill_progress","ts":"2026-09-12T05:27:38.772707961Z","batches":1,"violations":0,"table":"rca_run","rows":1}
2026-09-12T13:27:38.772+08:00  INFO 567 --- [control-app] [           main] [                                                 ] c.o.p.c.a.a.RcaStateBackfillJob          : {"event":"rca_state_backfill_progress","ts":"2026-09-12T05:27:38.772858215Z","batches":2,"violations":0,"table":"rca_run","rows":1}
2026-09-12T13:27:38.773+08:00  INFO 567 --- [control-app] [           main] [                                                 ] c.o.p.c.a.a.RcaStateBackfillJob          : {"event":"rca_state_backfill_reconciled","ts":"2026-09-12T05:27:38.772998018Z","digest":"2fdb1966afacb8c902f0e49771770522ad967f6eda2dcf5d56fb99480f565edb","batches":10,"run_rows":1,"violations":0,"task_rows":7}
2026-09-12T13:27:38.773+08:00  INFO 567 --- [control-app] [           main] [                                                 ] c.o.p.c.a.a.RcaStateBackfillJob          : {"event":"rca_state_backfill_progress","ts":"2026-09-12T05:27:38.773173739Z","batches":1,"violations":0,"table":"rca_task","rows":7}
2026-09-12T13:27:38.773+08:00  INFO 567 --- [control-app] [           main] [                                                 ] c.o.p.c.a.a.RcaStateBackfillJob          : {"event":"rca_state_backfill_progress","ts":"2026-09-12T05:27:38.773279618Z","batches":1,"violations":0,"table":"rca_run","rows":1}
2026-09-12T13:27:38.773+08:00  INFO 567 --- [control-app] [           main] [                                                 ] c.o.p.c.a.a.RcaStateBackfillJob          : {"event":"rca_state_backfill_reconciled","ts":"2026-09-12T05:27:38.773440551Z","digest":"2fdb1966afacb8c902f0e49771770522ad967f6eda2dcf5d56fb99480f565edb","batches":2,"run_rows":1,"violations":0,"task_rows":7}
2026-09-12T13:27:38.774+08:00  INFO 567 --- [control-app] [           main] [                                                 ] c.o.p.c.a.a.RcaStateBackfillJob          : {"event":"rca_state_backfill_progress","ts":"2026-09-12T05:27:38.774370372Z","batches":1,"violations":1,"table":"rca_task","rows":2}
2026-09-12T13:27:38.774+08:00  INFO 567 --- [control-app] [           main] [                                                 ] c.o.p.c.a.a.RcaStateBackfillJob          : {"event":"rca_state_backfill_progress","ts":"2026-09-12T05:27:38.774578714Z","batches":1,"violations":0,"table":"rca_run","rows":1}
2026-09-12T13:27:38.774+08:00  INFO 567 --- [control-app] [           main] [                                                 ] c.o.p.c.a.a.RcaStateBackfillJob          : {"event":"rca_state_backfill_reconciled","ts":"2026-09-12T05:27:38.774712837Z","digest":"266d86814df7b18c146e096c5e63a7a2140e4c5217df8b306b76267cff8357de","batches":2,"run_rows":1,"violations":1,"task_rows":2}
[INFO] Tests run: 5, Failures: 0, Errors: 0, Skipped: 0, Time elapsed: 0.017 s -- in com.objwww.pr.control.alert.application.RcaStateBackfillJobTest
[INFO] Running com.objwww.pr.control.alert.application.CategoryOverrideServiceTest
[INFO] Tests run: 9, Failures: 0, Errors: 0, Skipped: 0, Time elapsed: 0.006 s -- in com.objwww.pr.control.alert.application.CategoryOverrideServiceTest
[INFO] Running com.objwww.pr.control.alert.application.NativeEngineWiringTest
2026-09-12T13:27:38.795+08:00  INFO 567 --- [control-app] [           main] [                                                 ] c.o.p.c.a.application.IncidentProjector  : incident 80779e70-7156-456d-a8b3-85b806b03578 路由决策 BUCKETED_HOLMES 为 HOLMES 意愿：第二引擎已退场，决策照记不铸 run
2026-09-12T13:27:38.798+08:00  INFO 567 --- [control-app] [           main] [                                                 ] c.o.p.c.a.a.RcaRunOrchestrator           : {"event":"rca_task_decision","ts":"2026-09-12T05:27:38.798670224Z","attempt_id":"66b728a7-2865-4552-a35c-7f23be4d9461","task_id":"116d10cd-8608-4a67-96b4-11411fc02d98","run_id":"5500b422-8bcc-4ce9-8a32-43eb76f55786","decision":"COMPLETED","latency_ms":0}
2026-09-12T13:27:38.807+08:00  INFO 567 --- [control-app] [           main] [                                                 ] c.o.p.c.a.a.RcaRunOrchestrator           : {"event":"rca_task_decision","ts":"2026-09-12T05:27:38.801794137Z","attempt_id":"5e62abcc-2bc5-4811-bd58-0d7b365a85cf","task_id":"2ab1d3d6-f838-480e-8e47-1c02c1eb5d82","run_id":"44a99995-9052-4468-bf75-8c768f6f7837","decision":"COMPLETED","latency_ms":0}
2026-09-12T13:27:38.807+08:00  INFO 567 --- [control-app] [           main] [                                                 ] c.o.p.c.a.a.RcaRunOrchestrator           : incident 9eca5406-2b6c-48d0-a3e8-9de05d98ffdc 材料变化，铸 RERUN run
2026-09-12T13:27:38.812+08:00  INFO 567 --- [control-app] [           main] [                                                 ] c.o.p.c.a.a.RcaRunOrchestrator           : {"event":"rca_task_decision","ts":"2026-09-12T05:27:38.812253033Z","attempt_id":"a1795ba9-8b41-4622-b906-4941233acd05","task_id":"4debecf9-2f35-46bb-9fb7-21dbe1838627","run_id":"c0d7900e-e352-44a3-8938-b0b594c49f22","decision":"DEAD","latency_ms":0}
2026-09-12T13:27:38.814+08:00  INFO 567 --- [control-app] [           main] [                                                 ] c.o.p.c.a.a.RcaRunOrchestrator           : {"event":"rca_task_decision","ts":"2026-09-12T05:27:38.814905427Z","attempt_id":"5caad2fa-be87-4304-94e9-3906c3c65b89","task_id":"b519c1ab-3f66-49a4-ad35-fb7d910590e2","run_id":"15f2b7e2-4379-4552-b564-ddd1e5f3d330","decision":"COMPLETED","latency_ms":0}
2026-09-12T13:27:38.819+08:00  INFO 567 --- [control-app] [           main] [                                                 ] c.o.p.c.a.a.RcaRunOrchestrator           : {"event":"rca_task_decision","ts":"2026-09-12T05:27:38.819060833Z","attempt_id":"e5da615c-7d93-4e28-ac75-93c44641c13e","task_id":"3aaaf001-8667-442b-b6b2-219c9822c545","run_id":"e3332f2b-ace5-4ea1-9205-522a70ed9e4f","decision":"DEAD","latency_ms":0}
2026-09-12T13:27:38.822+08:00  INFO 567 --- [control-app] [           main] [                                                 ] c.o.p.c.a.a.RcaRunOrchestrator           : {"event":"rca_task_decision","ts":"2026-09-12T05:27:38.822128901Z","attempt_id":"6bcf503a-ffb9-4a25-8b51-9eba7019121e","task_id":"8e7d1625-3d2e-4628-b115-a8751f1ef8ca","run_id":"0b959269-90a0-4e24-88fa-fa1036141dfb","decision":"DEAD","latency_ms":0}
[INFO] Tests run: 9, Failures: 0, Errors: 0, Skipped: 0, Time elapsed: 0.032 s -- in com.objwww.pr.control.alert.application.NativeEngineWiringTest
[INFO] Running com.objwww.pr.control.alert.application.FallbackServiceTest
2026-09-12T13:27:38.828+08:00  INFO 567 --- [control-app] [           main] [                                                 ] c.o.p.c.a.application.FallbackService    : {"event":"rca_fallback_decision","ts":"2026-09-12T05:27:38.828122949Z","incident_id":"29b012cc-f4f4-4210-b318-f0a0d0560162","source_run_id":"0ac3eb18-51a3-47cc-971c-e0ae78a249a1","outcome":"DISABLED","error_class":"TIMEOUT"}
2026-09-12T13:27:38.830+08:00  WARN 567 --- [control-app] [           main] [                                                 ] c.o.p.c.a.application.FallbackService    : NATIVE run f809d60c-4808-4c1d-b6a7-8dc2720d124a 失败（PROPOSAL_MISSING）→ 恰一次铸 HOLMES fallback run 33918b3e-fab6-4fd7-a6a0-e0f5aa48fa87
2026-09-12T13:27:38.830+08:00  INFO 567 --- [control-app] [           main] [                                                 ] c.o.p.c.a.application.FallbackService    : {"event":"rca_fallback_decision","ts":"2026-09-12T05:27:38.830820118Z","incident_id":"ceccb758-c3c4-486d-902d-6699ecab3a67","source_run_id":"f809d60c-4808-4c1d-b6a7-8dc2720d124a","outcome":"CAST","error_class":"PROPOSAL_MISSING"}
2026-09-12T13:27:38.832+08:00  INFO 567 --- [control-app] [           main] [                                                 ] c.o.p.c.a.application.FallbackService    : {"event":"rca_fallback_decision","ts":"2026-09-12T05:27:38.832396497Z","incident_id":"d04bccef-1f7b-4034-8b57-3a9673048f24","source_run_id":"83173b91-468d-414b-a5ad-ab4a47f43af9","outcome":"INELIGIBLE_ERROR_CLASS","error_class":"ADAPTER_PACKAGE_REJECTED"}
2026-09-12T13:27:38.832+08:00  INFO 567 --- [control-app] [           main] [                                                 ] c.o.p.c.a.application.FallbackService    : {"event":"rca_fallback_decision","ts":"2026-09-12T05:27:38.832691402Z","incident_id":"9b5cff6b-d812-4c55-b645-1d964fc87819","source_run_id":"31ccfbdc-7e32-44ee-93f9-f563c27b624c","outcome":"INELIGIBLE_ERROR_CLASS","error_class":"PLAN_REJECTED"}
2026-09-12T13:27:38.832+08:00  INFO 567 --- [control-app] [           main] [                                                 ] c.o.p.c.a.application.FallbackService    : {"event":"rca_fallback_decision","ts":"2026-09-12T05:27:38.832882672Z","incident_id":"5044da8d-0e6e-445d-9bad-700e76acc5f8","source_run_id":"8a18e321-39ff-4066-8900-0b1ed9873725","outcome":"INELIGIBLE_ERROR_CLASS","error_class":"SOME_FUTURE_CLASS"}
2026-09-12T13:27:38.833+08:00  WARN 567 --- [control-app] [           main] [                                                 ] c.o.p.c.a.application.FallbackService    : NATIVE run 56da94f0-a237-4c71-af38-9497f6d124ee 失败（TIMEOUT）→ 恰一次铸 HOLMES fallback run 21ab76b9-8df4-45dc-92f6-96047d3d3fac
2026-09-12T13:27:38.837+08:00  INFO 567 --- [control-app] [           main] [                                                 ] c.o.p.c.a.application.FallbackService    : {"event":"rca_fallback_decision","ts":"2026-09-12T05:27:38.837505599Z","incident_id":"ec5a2aa9-13b9-462d-a067-06a3e42936d0","source_run_id":"56da94f0-a237-4c71-af38-9497f6d124ee","outcome":"CAST","error_class":"TIMEOUT"}
2026-09-12T13:27:38.837+08:00  INFO 567 --- [control-app] [           main] [                                                 ] c.o.p.c.a.application.FallbackService    : {"event":"rca_fallback_decision","ts":"2026-09-12T05:27:38.837911172Z","incident_id":"987c002f-5685-4957-bd29-17425b189729","source_run_id":"6944afad-7455-407b-af7c-9f5eca81578e","outcome":"BUDGET_EXHAUSTED","error_class":"TIMEOUT"}
2026-09-12T13:27:38.838+08:00  WARN 567 --- [control-app] [           main] [                                                 ] c.o.p.c.a.application.FallbackService    : NATIVE run 40730d6a-9b68-453c-b0c9-ad0914dadc8f 失败（TIMEOUT）→ 恰一次铸 HOLMES fallback run 2459456e-3932-4ac7-94f3-59ffd48c947c
2026-09-12T13:27:38.838+08:00  INFO 567 --- [control-app] [           main] [                                                 ] c.o.p.c.a.application.FallbackService    : {"event":"rca_fallback_decision","ts":"2026-09-12T05:27:38.838328578Z","incident_id":"33688f96-ab65-4724-8aa3-23c8ba1ca592","source_run_id":"40730d6a-9b68-453c-b0c9-ad0914dadc8f","outcome":"CAST","error_class":"TIMEOUT"}
2026-09-12T13:27:38.842+08:00  WARN 567 --- [control-app] [           main] [                                                 ] c.o.p.c.a.application.FallbackService    : NATIVE run 0ec25e26-96b7-42d7-bc22-0320cfa3eeb4 失败（EXECUTOR_ERROR）→ 恰一次铸 HOLMES fallback run c3160754-b17c-4e9c-836f-ed81bad119b5
2026-09-12T13:27:38.843+08:00  INFO 567 --- [control-app] [           main] [                                                 ] c.o.p.c.a.application.FallbackService    : {"event":"rca_fallback_decision","ts":"2026-09-12T05:27:38.843260787Z","incident_id":"a33f2ae1-097d-4fb1-8c9f-c668762208c2","source_run_id":"0ec25e26-96b7-42d7-bc22-0320cfa3eeb4","outcome":"CAST","error_class":"EXECUTOR_ERROR"}
2026-09-12T13:27:38.844+08:00  INFO 567 --- [control-app] [           main] [                                                 ] c.o.p.c.a.application.FallbackService    : {"event":"rca_fallback_decision","ts":"2026-09-12T05:27:38.844001652Z","incident_id":"a33f2ae1-097d-4fb1-8c9f-c668762208c2","source_run_id":"c3160754-b17c-4e9c-836f-ed81bad119b5","outcome":"INELIGIBLE_ENGINE","error_class":"EXECUTOR_ERROR"}
2026-09-12T13:27:38.845+08:00  WARN 567 --- [control-app] [           main] [                                                 ] c.o.p.c.a.application.FallbackService    : NATIVE run 92e624d2-0aa2-4828-87b9-4f0684cbcddc 失败（TIMEOUT）→ 恰一次铸 HOLMES fallback run e764a035-f2c3-4345-b5c4-995d1d1f63a2
2026-09-12T13:27:38.845+08:00  INFO 567 --- [control-app] [           main] [                                                 ] c.o.p.c.a.application.FallbackService    : {"event":"rca_fallback_decision","ts":"2026-09-12T05:27:38.845386569Z","incident_id":"0f7dd052-77d7-4846-a75c-d4c73639f2f4","source_run_id":"92e624d2-0aa2-4828-87b9-4f0684cbcddc","outcome":"CAST","error_class":"TIMEOUT"}
2026-09-12T13:27:38.845+08:00  INFO 567 --- [control-app] [           main] [                                                 ] c.o.p.c.a.application.FallbackService    : {"event":"rca_fallback_decision","ts":"2026-09-12T05:27:38.845534858Z","incident_id":"0f7dd052-77d7-4846-a75c-d4c73639f2f4","source_run_id":"92e624d2-0aa2-4828-87b9-4f0684cbcddc","outcome":"ALREADY_CAST","error_class":"TIMEOUT"}
2026-09-12T13:27:38.846+08:00  INFO 567 --- [control-app] [           main] [                                                 ] c.o.p.c.a.application.FallbackService    : {"event":"rca_fallback_decision","ts":"2026-09-12T05:27:38.846238394Z","incident_id":"84e6c2d4-f3a4-4d0b-a799-a6051977a0dc","source_run_id":"3abc3ea6-d23d-4095-a104-e2b0ce00c12a","outcome":"INCIDENT_BUSY","error_class":"TIMEOUT"}
[INFO] Tests run: 7, Failures: 0, Errors: 0, Skipped: 0, Time elapsed: 0.021 s -- in com.objwww.pr.control.alert.application.FallbackServiceTest
[INFO] Running com.objwww.pr.control.alert.application.PublicationWinnerGateTest
2026-09-12T13:27:38.850+08:00  INFO 567 --- [control-app] [           main] [                                                 ] c.o.p.c.a.a.RcaRunOrchestrator           : {"event":"rca_task_decision","ts":"2026-09-12T05:27:38.850564080Z","attempt_id":"782d2552-c1c9-4344-b32c-f7985831e9b3","task_id":"8be9ca9c-8f9e-4a41-8301-7aa53ad2856f","run_id":"a37f4f37-d5bc-497d-b564-25b769facdf1","decision":"COMPLETED","latency_ms":0}
2026-09-12T13:27:38.851+08:00  INFO 567 --- [control-app] [           main] [                                                 ] c.o.p.c.a.a.RcaRunOrchestrator           : {"event":"report_publication_loser","ts":"2026-09-12T05:27:38.851680893Z","incident_id":"48796b1b-1ae7-48eb-8bd3-9facf3b42f05","run_id":"7c959bb1-8d79-4136-b3d4-83a4172c3373","report_id":"8bd07575-59ec-4fb0-b369-e0656d93ff4e","generation":0}
2026-09-12T13:27:38.851+08:00  INFO 567 --- [control-app] [           main] [                                                 ] c.o.p.c.a.a.RcaRunOrchestrator           : report 8bd07575-59ec-4fb0-b369-e0656d93ff4e 输给 generation 发布赢家（incident=48796b1b-1ae7-48eb-8bd3-9facf3b42f05, gen=0），落档不发布
2026-09-12T13:27:38.851+08:00  INFO 567 --- [control-app] [           main] [                                                 ] c.o.p.c.a.a.RcaRunOrchestrator           : {"event":"rca_task_decision","ts":"2026-09-12T05:27:38.851925884Z","attempt_id":"615d0367-5acd-490a-90f4-aeefab6b4783","task_id":"b6a7c82f-3d26-49fe-8c87-727370d53517","run_id":"7c959bb1-8d79-4136-b3d4-83a4172c3373","decision":"COMPLETED","latency_ms":0}
[INFO] Tests run: 1, Failures: 0, Errors: 0, Skipped: 0, Time elapsed: 0.005 s -- in com.objwww.pr.control.alert.application.PublicationWinnerGateTest
[INFO] Running com.objwww.pr.control.alert.application.mcp.McpToolInvokerTest
[INFO] Tests run: 6, Failures: 0, Errors: 0, Skipped: 0, Time elapsed: 0.108 s -- in com.objwww.pr.control.alert.application.mcp.McpToolInvokerTest
[INFO] Running com.objwww.pr.control.alert.application.mcp.McpMountManagerTest
[INFO] Tests run: 10, Failures: 0, Errors: 0, Skipped: 0, Time elapsed: 0.319 s -- in com.objwww.pr.control.alert.application.mcp.McpMountManagerTest
[INFO] Running com.objwww.pr.control.alert.application.AlertInboxProcessorTest
2026-09-12T13:27:39.298+08:00  WARN 567 --- [control-app] [           main] [                                                 ] c.o.p.c.a.a.AlertInboxProcessor          : alert_inbox 18d68157-670b-4a78-bf13-6afd11da6432 死信: payload_raw JSON 解析失败: Unexpected character ('n' (code 110)): was expecting double-quote to start field name
 at [Source: REDACTED (`StreamReadFeature.INCLUDE_SOURCE_IN_LOCATION` disabled); line: 1, column: 2]
2026-09-12T13:27:39.348+08:00  WARN 567 --- [control-app] [           main] [                                                 ] c.o.p.c.a.a.AlertInboxProcessor          : alert_inbox a5e5cd4f-2564-4d81-93db-b91a40147489 死信: 缺少 alertname 标签，无法铸造 incidentKey
[INFO] Tests run: 16, Failures: 0, Errors: 0, Skipped: 0, Time elapsed: 0.112 s -- in com.objwww.pr.control.alert.application.AlertInboxProcessorTest
[INFO] Running com.objwww.pr.control.alert.application.RunConfigSwitchServiceTest
[INFO] Tests run: 18, Failures: 0, Errors: 0, Skipped: 0, Time elapsed: 0.069 s -- in com.objwww.pr.control.alert.application.RunConfigSwitchServiceTest
[INFO] Running com.objwww.pr.control.alert.application.reconcile.ReconcileBudgetGateTest
[INFO] Tests run: 9, Failures: 0, Errors: 0, Skipped: 0, Time elapsed: 0.010 s -- in com.objwww.pr.control.alert.application.reconcile.ReconcileBudgetGateTest
[INFO] Running com.objwww.pr.control.alert.application.reconcile.IncidentSourceReconcilerTest
[INFO] Tests run: 6, Failures: 0, Errors: 0, Skipped: 0, Time elapsed: 0.006 s -- in com.objwww.pr.control.alert.application.reconcile.IncidentSourceReconcilerTest
[INFO] Running com.objwww.pr.control.alert.application.DeterministicSupervisorTest
2026-09-12T13:27:39.497+08:00  INFO 567 --- [control-app] [           main] [                                                 ] c.o.p.c.a.a.DeterministicSupervisor      : {"event":"am4_run_reporting","ts":"2026-09-12T05:27:39.496853230Z","run_id":"1b812b23-d094-400a-8fc7-c46384ffeff7"}
2026-09-12T13:27:39.497+08:00  INFO 567 --- [control-app] [           main] [                                                 ] c.o.p.c.a.a.DeterministicSupervisor      : run 1b812b23-d094-400a-8fc7-c46384ffeff7 全任务终态 → REPORTING（报告链组装）
2026-09-12T13:27:39.515+08:00  INFO 567 --- [control-app] [           main] [                                                 ] c.o.p.c.a.a.DeterministicSupervisor      : {"event":"am4_run_reporting","ts":"2026-09-12T05:27:39.515345946Z","run_id":"41e6e684-25c0-4553-a636-cd54de8e9ed4"}
2026-09-12T13:27:39.515+08:00  INFO 567 --- [control-app] [           main] [                                                 ] c.o.p.c.a.a.DeterministicSupervisor      : run 41e6e684-25c0-4553-a636-cd54de8e9ed4 全任务终态 → REPORTING（报告链组装）
2026-09-12T13:27:39.516+08:00  INFO 567 --- [control-app] [           main] [                                                 ] c.o.p.c.a.a.DeterministicSupervisor      : {"event":"am4_plan_rejected","ts":"2026-09-12T05:27:39.516504989Z","run_id":"465c54a7-f939-4bb6-8820-ec1f2b5052db","reason":"提案成环: a -> b -> a"}
2026-09-12T13:27:39.516+08:00  WARN 567 --- [control-app] [           main] [                                                 ] c.o.p.c.a.a.DeterministicSupervisor      : run 465c54a7-f939-4bb6-8820-ec1f2b5052db 提案被确定性拒绝 → FAILED（提案成环: a -> b -> a）
2026-09-12T13:27:39.523+08:00  INFO 567 --- [control-app] [           main] [                                                 ] c.o.p.c.a.a.DeterministicSupervisor      : {"event":"am4_run_reporting","ts":"2026-09-12T05:27:39.523610008Z","run_id":"b62112d4-6d9c-4282-b6a0-cb247f54cfee"}
2026-09-12T13:27:39.523+08:00  INFO 567 --- [control-app] [           main] [                                                 ] c.o.p.c.a.a.DeterministicSupervisor      : run b62112d4-6d9c-4282-b6a0-cb247f54cfee 全任务终态 → REPORTING（报告链组装）
[INFO] Tests run: 11, Failures: 0, Errors: 0, Skipped: 0, Time elapsed: 0.031 s -- in com.objwww.pr.control.alert.application.DeterministicSupervisorTest
[INFO] Running com.objwww.pr.control.alert.application.replay.SnapshotShadowRouterTest
[INFO] Tests run: 3, Failures: 0, Errors: 0, Skipped: 0, Time elapsed: 0.012 s -- in com.objwww.pr.control.alert.application.replay.SnapshotShadowRouterTest
[INFO] Running com.objwww.pr.control.alert.application.replay.InputReplayVerifierTest
[INFO] Tests run: 8, Failures: 0, Errors: 0, Skipped: 0, Time elapsed: 0.011 s -- in com.objwww.pr.control.alert.application.replay.InputReplayVerifierTest
[INFO] Running com.objwww.pr.control.alert.application.replay.AgentReplayRunnerTest
[INFO] Tests run: 4, Failures: 0, Errors: 0, Skipped: 0, Time elapsed: 0.028 s -- in com.objwww.pr.control.alert.application.replay.AgentReplayRunnerTest
[INFO] Running com.objwww.pr.control.alert.application.replay.ReadOnlyToolFaceTest
[INFO] Tests run: 3, Failures: 0, Errors: 0, Skipped: 0, Time elapsed: 0.021 s -- in com.objwww.pr.control.alert.application.replay.ReadOnlyToolFaceTest
[INFO] Running com.objwww.pr.control.alert.application.NativeReportAdapterTest
[INFO] Tests run: 3, Failures: 0, Errors: 0, Skipped: 0, Time elapsed: 0.008 s -- in com.objwww.pr.control.alert.application.NativeReportAdapterTest
[INFO] Running com.objwww.pr.control.alert.application.ReportCompletedNotifierTest
[INFO] Tests run: 6, Failures: 0, Errors: 0, Skipped: 0, Time elapsed: 0.010 s -- in com.objwww.pr.control.alert.application.ReportCompletedNotifierTest
[INFO] Running com.objwww.pr.control.alert.interfaces.McpMountControllerTest
[INFO] Tests run: 2, Failures: 0, Errors: 0, Skipped: 0, Time elapsed: 0.006 s -- in com.objwww.pr.control.alert.interfaces.McpMountControllerTest
[INFO] Running com.objwww.pr.control.alert.interfaces.RunCommandControllerTest
2026-09-12T13:27:39.664+08:00  INFO 567 --- [control-app] [           main] [                                                 ] o.s.mock.web.MockServletContext          : Initializing Spring TestDispatcherServlet ''
2026-09-12T13:27:39.664+08:00  INFO 567 --- [control-app] [           main] [                                                 ] o.s.t.web.servlet.TestDispatcherServlet  : Initializing Servlet ''
2026-09-12T13:27:39.665+08:00  INFO 567 --- [control-app] [           main] [                                                 ] o.s.t.web.servlet.TestDispatcherServlet  : Completed initialization in 1 ms
2026-09-12T13:27:39.697+08:00  INFO 567 --- [control-app] [           main] [                                                 ] o.s.mock.web.MockServletContext          : Initializing Spring TestDispatcherServlet ''
2026-09-12T13:27:39.697+08:00  INFO 567 --- [control-app] [           main] [                                                 ] o.s.t.web.servlet.TestDispatcherServlet  : Initializing Servlet ''
2026-09-12T13:27:39.698+08:00  INFO 567 --- [control-app] [           main] [                                                 ] o.s.t.web.servlet.TestDispatcherServlet  : Completed initialization in 0 ms
2026-09-12T13:27:39.736+08:00  INFO 567 --- [control-app] [           main] [                                                 ] o.s.mock.web.MockServletContext          : Initializing Spring TestDispatcherServlet ''
2026-09-12T13:27:39.737+08:00  INFO 567 --- [control-app] [           main] [                                                 ] o.s.t.web.servlet.TestDispatcherServlet  : Initializing Servlet ''
2026-09-12T13:27:39.737+08:00  INFO 567 --- [control-app] [           main] [                                                 ] o.s.t.web.servlet.TestDispatcherServlet  : Completed initialization in 0 ms
[INFO] Tests run: 3, Failures: 0, Errors: 0, Skipped: 0, Time elapsed: 0.124 s -- in com.objwww.pr.control.alert.interfaces.RunCommandControllerTest
[INFO] Running com.objwww.pr.control.alert.interfaces.AlertWebhookControllerTest
2026-09-12T13:27:39.769+08:00  INFO 567 --- [control-app] [           main] [                                                 ] o.s.mock.web.MockServletContext          : Initializing Spring TestDispatcherServlet ''
2026-09-12T13:27:39.775+08:00  INFO 567 --- [control-app] [           main] [                                                 ] o.s.t.web.servlet.TestDispatcherServlet  : Initializing Servlet ''
2026-09-12T13:27:39.776+08:00  INFO 567 --- [control-app] [           main] [                                                 ] o.s.t.web.servlet.TestDispatcherServlet  : Completed initialization in 0 ms
2026-09-12T13:27:39.796+08:00  INFO 567 --- [control-app] [           main] [                                                 ] o.s.mock.web.MockServletContext          : Initializing Spring TestDispatcherServlet ''
2026-09-12T13:27:39.796+08:00  INFO 567 --- [control-app] [           main] [                                                 ] o.s.t.web.servlet.TestDispatcherServlet  : Initializing Servlet ''
2026-09-12T13:27:39.796+08:00  INFO 567 --- [control-app] [           main] [                                                 ] o.s.t.web.servlet.TestDispatcherServlet  : Completed initialization in 0 ms
2026-09-12T13:27:39.812+08:00  INFO 567 --- [control-app] [           main] [                                                 ] o.s.mock.web.MockServletContext          : Initializing Spring TestDispatcherServlet ''
2026-09-12T13:27:39.812+08:00  INFO 567 --- [control-app] [           main] [                                                 ] o.s.t.web.servlet.TestDispatcherServlet  : Initializing Servlet ''
2026-09-12T13:27:39.815+08:00  INFO 567 --- [control-app] [           main] [                                                 ] o.s.t.web.servlet.TestDispatcherServlet  : Completed initialization in 3 ms
2026-09-12T13:27:39.850+08:00  INFO 567 --- [control-app] [           main] [                                                 ] o.s.mock.web.MockServletContext          : Initializing Spring TestDispatcherServlet ''
2026-09-12T13:27:39.850+08:00  INFO 567 --- [control-app] [           main] [                                                 ] o.s.t.web.servlet.TestDispatcherServlet  : Initializing Servlet ''
2026-09-12T13:27:39.851+08:00  INFO 567 --- [control-app] [           main] [                                                 ] o.s.t.web.servlet.TestDispatcherServlet  : Completed initialization in 1 ms
2026-09-12T13:27:39.854+08:00  INFO 567 --- [control-app] [           main] [                                                 ] o.s.mock.web.MockServletContext          : Initializing Spring TestDispatcherServlet ''
2026-09-12T13:27:39.854+08:00  INFO 567 --- [control-app] [           main] [                                                 ] o.s.t.web.servlet.TestDispatcherServlet  : Initializing Servlet ''
2026-09-12T13:27:39.854+08:00  INFO 567 --- [control-app] [           main] [                                                 ] o.s.t.web.servlet.TestDispatcherServlet  : Completed initialization in 0 ms
2026-09-12T13:27:39.862+08:00  INFO 567 --- [control-app] [           main] [                                                 ] o.s.mock.web.MockServletContext          : Initializing Spring TestDispatcherServlet ''
2026-09-12T13:27:39.862+08:00  INFO 567 --- [control-app] [           main] [                                                 ] o.s.t.web.servlet.TestDispatcherServlet  : Initializing Servlet ''
2026-09-12T13:27:39.862+08:00  INFO 567 --- [control-app] [           main] [                                                 ] o.s.t.web.servlet.TestDispatcherServlet  : Completed initialization in 0 ms
2026-09-12T13:27:39.872+08:00  INFO 567 --- [control-app] [           main] [                                                 ] o.s.mock.web.MockServletContext          : Initializing Spring TestDispatcherServlet ''
2026-09-12T13:27:39.872+08:00  INFO 567 --- [control-app] [           main] [                                                 ] o.s.t.web.servlet.TestDispatcherServlet  : Initializing Servlet ''
2026-09-12T13:27:39.873+08:00  INFO 567 --- [control-app] [           main] [                                                 ] o.s.t.web.servlet.TestDispatcherServlet  : Completed initialization in 1 ms
2026-09-12T13:27:39.886+08:00  INFO 567 --- [control-app] [           main] [                                                 ] o.s.mock.web.MockServletContext          : Initializing Spring TestDispatcherServlet ''
2026-09-12T13:27:39.886+08:00  INFO 567 --- [control-app] [           main] [                                                 ] o.s.t.web.servlet.TestDispatcherServlet  : Initializing Servlet ''
2026-09-12T13:27:39.886+08:00  INFO 567 --- [control-app] [           main] [                                                 ] o.s.t.web.servlet.TestDispatcherServlet  : Completed initialization in 0 ms
2026-09-12T13:27:39.893+08:00  INFO 567 --- [control-app] [           main] [                                                 ] o.s.mock.web.MockServletContext          : Initializing Spring TestDispatcherServlet ''
2026-09-12T13:27:39.893+08:00  INFO 567 --- [control-app] [           main] [                                                 ] o.s.t.web.servlet.TestDispatcherServlet  : Initializing Servlet ''
2026-09-12T13:27:39.894+08:00  INFO 567 --- [control-app] [           main] [                                                 ] o.s.t.web.servlet.TestDispatcherServlet  : Completed initialization in 1 ms
2026-09-12T13:27:39.901+08:00  INFO 567 --- [control-app] [           main] [                                                 ] o.s.mock.web.MockServletContext          : Initializing Spring TestDispatcherServlet ''
2026-09-12T13:27:39.901+08:00  INFO 567 --- [control-app] [           main] [                                                 ] o.s.t.web.servlet.TestDispatcherServlet  : Initializing Servlet ''
2026-09-12T13:27:39.901+08:00  INFO 567 --- [control-app] [           main] [                                                 ] o.s.t.web.servlet.TestDispatcherServlet  : Completed initialization in 0 ms
2026-09-12T13:27:39.915+08:00  INFO 567 --- [control-app] [           main] [                                                 ] o.s.mock.web.MockServletContext          : Initializing Spring TestDispatcherServlet ''
2026-09-12T13:27:39.915+08:00  INFO 567 --- [control-app] [           main] [                                                 ] o.s.t.web.servlet.TestDispatcherServlet  : Initializing Servlet ''
2026-09-12T13:27:39.915+08:00  INFO 567 --- [control-app] [           main] [                                                 ] o.s.t.web.servlet.TestDispatcherServlet  : Completed initialization in 0 ms
2026-09-12T13:27:39.920+08:00  INFO 567 --- [control-app] [           main] [                                                 ] c.o.p.c.a.a.ControlAlertRouter           : {"event":"CONTROL_ALERT_REJECTED","ts":"2026-09-12T05:27:39.920790910Z","receiver":"control-app","gate":"identity"}
2026-09-12T13:27:39.931+08:00  INFO 567 --- [control-app] [           main] [                                                 ] o.s.mock.web.MockServletContext          : Initializing Spring TestDispatcherServlet ''
2026-09-12T13:27:39.931+08:00  INFO 567 --- [control-app] [           main] [                                                 ] o.s.t.web.servlet.TestDispatcherServlet  : Initializing Servlet ''
2026-09-12T13:27:39.931+08:00  INFO 567 --- [control-app] [           main] [                                                 ] o.s.t.web.servlet.TestDispatcherServlet  : Completed initialization in 0 ms
2026-09-12T13:27:39.945+08:00  INFO 567 --- [control-app] [           main] [                                                 ] o.s.mock.web.MockServletContext          : Initializing Spring TestDispatcherServlet ''
2026-09-12T13:27:39.945+08:00  INFO 567 --- [control-app] [           main] [                                                 ] o.s.t.web.servlet.TestDispatcherServlet  : Initializing Servlet ''
2026-09-12T13:27:39.946+08:00  INFO 567 --- [control-app] [           main] [                                                 ] o.s.t.web.servlet.TestDispatcherServlet  : Completed initialization in 1 ms
2026-09-12T13:27:39.951+08:00  INFO 567 --- [control-app] [           main] [                                                 ] o.s.mock.web.MockServletContext          : Initializing Spring TestDispatcherServlet ''
2026-09-12T13:27:39.951+08:00  INFO 567 --- [control-app] [           main] [                                                 ] o.s.t.web.servlet.TestDispatcherServlet  : Initializing Servlet ''
2026-09-12T13:27:39.952+08:00  INFO 567 --- [control-app] [           main] [                                                 ] o.s.t.web.servlet.TestDispatcherServlet  : Completed initialization in 0 ms
2026-09-12T13:27:39.956+08:00  INFO 567 --- [control-app] [           main] [                                                 ] c.o.p.c.a.a.ControlAlertRouter           : {"event":"CONTROL_ALERT_ONCALL","ts":"2026-09-12T05:27:39.953774634Z","inbox_id":"522d6720-6ffa-4e66-9082-07c807573c4b","receiver":"rca-oncall","group_key":"g:RCA_SYSTEM:collector","alertnames":"RCA_SYSTEM_CollectorDown","scopes":"rca_system","alert_count":1}
2026-09-12T13:27:39.964+08:00  INFO 567 --- [control-app] [           main] [                                                 ] o.s.mock.web.MockServletContext          : Initializing Spring TestDispatcherServlet ''
2026-09-12T13:27:39.964+08:00  INFO 567 --- [control-app] [           main] [                                                 ] o.s.t.web.servlet.TestDispatcherServlet  : Initializing Servlet ''
2026-09-12T13:27:39.964+08:00  INFO 567 --- [control-app] [           main] [                                                 ] o.s.t.web.servlet.TestDispatcherServlet  : Completed initialization in 0 ms
2026-09-12T13:27:39.984+08:00  INFO 567 --- [control-app] [           main] [                                                 ] o.s.mock.web.MockServletContext          : Initializing Spring TestDispatcherServlet ''
2026-09-12T13:27:39.984+08:00  INFO 567 --- [control-app] [           main] [                                                 ] o.s.t.web.servlet.TestDispatcherServlet  : Initializing Servlet ''
2026-09-12T13:27:39.984+08:00  INFO 567 --- [control-app] [           main] [                                                 ] o.s.t.web.servlet.TestDispatcherServlet  : Completed initialization in 0 ms
2026-09-12T13:27:39.992+08:00  INFO 567 --- [control-app] [           main] [                                                 ] o.s.mock.web.MockServletContext          : Initializing Spring TestDispatcherServlet ''
2026-09-12T13:27:39.993+08:00  INFO 567 --- [control-app] [           main] [                                                 ] o.s.t.web.servlet.TestDispatcherServlet  : Initializing Servlet ''
2026-09-12T13:27:39.993+08:00  INFO 567 --- [control-app] [           main] [                                                 ] o.s.t.web.servlet.TestDispatcherServlet  : Completed initialization in 0 ms
2026-09-12T13:27:39.995+08:00  WARN 567 --- [control-app] [           main] [                                                 ] c.o.p.c.a.i.AlertWebhookController       : 整组无法持久化，返回 503: db down
[INFO] Tests run: 12, Failures: 0, Errors: 0, Skipped: 0, Time elapsed: 0.242 s -- in com.objwww.pr.control.alert.interfaces.AlertWebhookControllerTest
[INFO] Running com.objwww.pr.control.alert.interfaces.EventQueryControllerTest
2026-09-12T13:27:40.004+08:00  INFO 567 --- [control-app] [           main] [                                                 ] o.s.mock.web.MockServletContext          : Initializing Spring TestDispatcherServlet ''
2026-09-12T13:27:40.005+08:00  INFO 567 --- [control-app] [           main] [                                                 ] o.s.t.web.servlet.TestDispatcherServlet  : Initializing Servlet ''
2026-09-12T13:27:40.005+08:00  INFO 567 --- [control-app] [           main] [                                                 ] o.s.t.web.servlet.TestDispatcherServlet  : Completed initialization in 0 ms
2026-09-12T13:27:40.024+08:00  INFO 567 --- [control-app] [           main] [                                                 ] o.s.mock.web.MockServletContext          : Initializing Spring TestDispatcherServlet ''
2026-09-12T13:27:40.025+08:00  INFO 567 --- [control-app] [           main] [                                                 ] o.s.t.web.servlet.TestDispatcherServlet  : Initializing Servlet ''
2026-09-12T13:27:40.025+08:00  INFO 567 --- [control-app] [           main] [                                                 ] o.s.t.web.servlet.TestDispatcherServlet  : Completed initialization in 0 ms
2026-09-12T13:27:40.041+08:00  INFO 567 --- [control-app] [           main] [                                                 ] o.s.mock.web.MockServletContext          : Initializing Spring TestDispatcherServlet ''
2026-09-12T13:27:40.041+08:00  INFO 567 --- [control-app] [           main] [                                                 ] o.s.t.web.servlet.TestDispatcherServlet  : Initializing Servlet ''
2026-09-12T13:27:40.041+08:00  INFO 567 --- [control-app] [           main] [                                                 ] o.s.t.web.servlet.TestDispatcherServlet  : Completed initialization in 0 ms
2026-09-12T13:27:40.068+08:00  INFO 567 --- [control-app] [           main] [                                                 ] o.s.mock.web.MockServletContext          : Initializing Spring TestDispatcherServlet ''
2026-09-12T13:27:40.069+08:00  INFO 567 --- [control-app] [           main] [                                                 ] o.s.t.web.servlet.TestDispatcherServlet  : Initializing Servlet ''
2026-09-12T13:27:40.069+08:00  INFO 567 --- [control-app] [           main] [                                                 ] o.s.t.web.servlet.TestDispatcherServlet  : Completed initialization in 0 ms
2026-09-12T13:27:40.101+08:00  INFO 567 --- [control-app] [           main] [                                                 ] o.s.mock.web.MockServletContext          : Initializing Spring TestDispatcherServlet ''
2026-09-12T13:27:40.101+08:00  INFO 567 --- [control-app] [           main] [                                                 ] o.s.t.web.servlet.TestDispatcherServlet  : Initializing Servlet ''
2026-09-12T13:27:40.101+08:00  INFO 567 --- [control-app] [           main] [                                                 ] o.s.t.web.servlet.TestDispatcherServlet  : Completed initialization in 0 ms
[INFO] Tests run: 5, Failures: 0, Errors: 0, Skipped: 0, Time elapsed: 0.106 s -- in com.objwww.pr.control.alert.interfaces.EventQueryControllerTest
[INFO] Running com.objwww.pr.control.alert.interfaces.RunConfigEpochControllerTest
[INFO] Tests run: 3, Failures: 0, Errors: 0, Skipped: 0, Time elapsed: 0.145 s -- in com.objwww.pr.control.alert.interfaces.RunConfigEpochControllerTest
[INFO] Running com.objwww.pr.control.alert.support.AlertInMemoryStoresTest
[INFO] Tests run: 6, Failures: 0, Errors: 0, Skipped: 0, Time elapsed: 0.004 s -- in com.objwww.pr.control.alert.support.AlertInMemoryStoresTest
[INFO] Running com.objwww.pr.control.application.ModelGatewayTest
2026-09-12T13:27:40.257+08:00  WARN 567 --- [control-app] [           main] [                                                 ] c.o.pr.control.application.ModelGateway  : 账本 STARTED 写失败，零触网（D5）: RuntimeException
2026-09-12T13:27:40.266+08:00  WARN 567 --- [control-app] [           main] [                                                 ] c.o.pr.control.application.ModelGateway  : 账本终态写失败（SUCCEEDED），转 UNKNOWN 语义: RuntimeException
[INFO] Tests run: 10, Failures: 0, Errors: 0, Skipped: 0, Time elapsed: 0.015 s -- in com.objwww.pr.control.application.ModelGatewayTest
[INFO] Running com.objwww.pr.control.ControlContextSmokeTest
2026-09-12T13:27:40.274+08:00  INFO 567 --- [control-app] [           main] [                                                 ] t.c.s.AnnotationConfigContextLoaderUtils : Could not detect default configuration classes for test class [com.objwww.pr.control.ControlContextSmokeTest]: ControlContextSmokeTest does not declare any static, non-private, non-final, nested classes annotated with @Configuration.
2026-09-12T13:27:40.353+08:00  INFO 567 --- [control-app] [           main] [                                                 ] .b.t.c.SpringBootTestContextBootstrapper : Found @SpringBootConfiguration com.objwww.pr.control.ControlApplication for test class com.objwww.pr.control.ControlContextSmokeTest

  .   ____          _            __ _ _
 /\\ / ___'_ __ _ _(_)_ __  __ _ \ \ \ \
( ( )\___ | '_ | '_| | '_ \/ _` | \ \ \ \
 \\/  ___)| |_)| | | | | || (_| |  ) ) ) )
  '  |____| .__|_| |_|_| |_\__, | / / / /
 =========|_|==============|___/=/_/_/_/

 :: Spring Boot ::                (v3.4.5)

2026-09-12T13:27:40.416+08:00  INFO 567 --- [control-app] [           main] [                                                 ] c.o.pr.control.ControlContextSmokeTest   : Starting ControlContextSmokeTest using Java 21.0.12.1 with PID 567 (started by root in /opt/build/pr/control-app)
2026-09-12T13:27:40.417+08:00  INFO 567 --- [control-app] [           main] [                                                 ] c.o.pr.control.ControlContextSmokeTest   : No active profile set, falling back to 1 default profile: "default"
2026-09-12T13:27:41.341+08:00  INFO 567 --- [control-app] [           main] [                                                 ] r$InitializeUserDetailsManagerConfigurer : Global AuthenticationManager configured with UserDetailsService bean with name authUserDetailsService
2026-09-12T13:27:41.598+08:00  INFO 567 --- [control-app] [           main] [                                                 ] o.s.b.a.e.web.EndpointLinksResolver      : Exposing 3 endpoints beneath base path '/actuator'
2026-09-12T13:27:41.822+08:00  INFO 567 --- [control-app] [           main] [                                                 ] c.o.pr.control.ControlContextSmokeTest   : Started ControlContextSmokeTest in 1.465 seconds (process running for 25.886)
[INFO] Tests run: 1, Failures: 0, Errors: 0, Skipped: 0, Time elapsed: 1.568 s -- in com.objwww.pr.control.ControlContextSmokeTest
[INFO] Running com.objwww.pr.control.ops.domain.statemachine.OperatorCaseStateMachineTest
[INFO] Tests run: 4, Failures: 0, Errors: 0, Skipped: 0, Time elapsed: 0.005 s -- in com.objwww.pr.control.ops.domain.statemachine.OperatorCaseStateMachineTest
[INFO] Running com.objwww.pr.control.ops.domain.model.RetentionPolicyTest
[INFO] Tests run: 5, Failures: 0, Errors: 0, Skipped: 0, Time elapsed: 0.003 s -- in com.objwww.pr.control.ops.domain.model.RetentionPolicyTest
[INFO] Running com.objwww.pr.control.ops.application.ArchiveServiceTest
2026-09-12T13:27:41.861+08:00  INFO 567 --- [control-app] [           main] [                                                 ] c.o.p.c.ops.application.ArchiveService   : CONTROL_ARCHIVE_REJECTED table=rca_event partition=rca_event_2026_07 gate=verify_failed
2026-09-12T13:27:41.863+08:00  INFO 567 --- [control-app] [           main] [                                                 ] c.o.p.c.ops.application.ArchiveService   : CONTROL_ARCHIVE_REJECTED table=rca_event partition=rca_event_2026_07 gate=legal_hold
2026-09-12T13:27:41.863+08:00  INFO 567 --- [control-app] [           main] [                                                 ] c.o.p.c.ops.application.ArchiveService   : CONTROL_ARCHIVE_REJECTED table=rca_event partition=rca_event_2026_07 gate=export_failed
[INFO] Tests run: 7, Failures: 0, Errors: 0, Skipped: 0, Time elapsed: 0.008 s -- in com.objwww.pr.control.ops.application.ArchiveServiceTest
[INFO] Running com.objwww.pr.control.ops.application.RetentionServiceTest
[INFO] Tests run: 8, Failures: 0, Errors: 0, Skipped: 0, Time elapsed: 0.005 s -- in com.objwww.pr.control.ops.application.RetentionServiceTest
[INFO] Running com.objwww.pr.control.ops.application.AgentOpsSummaryServiceTest
[INFO] Tests run: 2, Failures: 0, Errors: 0, Skipped: 0, Time elapsed: 0.004 s -- in com.objwww.pr.control.ops.application.AgentOpsSummaryServiceTest
[INFO] Running com.objwww.pr.control.ops.application.OperatorCaseServiceTest
2026-09-12T13:27:41.879+08:00  INFO 567 --- [control-app] [           main] [                                                 ] c.o.p.c.o.a.OperatorCaseService          : {"event":"operator_case_transition","ts":"2026-09-12T05:27:41.878769541Z","revision":1,"to":"OPEN","rule":"T00_CREATE","caseId":"7a2cfe54-c559-449c-b192-439d1701535f"}
2026-09-12T13:27:41.881+08:00  INFO 567 --- [control-app] [           main] [                                                 ] c.o.p.c.o.a.OperatorCaseService          : {"event":"operator_case_transition","ts":"2026-09-12T05:27:41.881189869Z","revision":2,"to":"ACKED","rule":"T10_CLAIM","caseId":"7a2cfe54-c559-449c-b192-439d1701535f"}
2026-09-12T13:27:41.882+08:00  INFO 567 --- [control-app] [           main] [                                                 ] c.o.p.c.o.a.OperatorCaseService          : {"event":"operator_case_transition","ts":"2026-09-12T05:27:41.882306642Z","revision":3,"to":"RESOLVED","rule":"T31_RESOLVE","caseId":"7a2cfe54-c559-449c-b192-439d1701535f"}
2026-09-12T13:27:41.883+08:00  INFO 567 --- [control-app] [           main] [                                                 ] c.o.p.c.o.a.OperatorCaseService          : {"event":"operator_case_transition","ts":"2026-09-12T05:27:41.883411073Z","revision":1,"to":"OPEN","rule":"T00_CREATE","caseId":"f9d2eed6-cafe-45ca-9c0e-a13c11b12336"}
2026-09-12T13:27:41.883+08:00  INFO 567 --- [control-app] [           main] [                                                 ] c.o.p.c.o.a.OperatorCaseService          : {"event":"operator_case_transition","ts":"2026-09-12T05:27:41.883724863Z","revision":2,"to":"OPEN","rule":"T50_MERGE","caseId":"f9d2eed6-cafe-45ca-9c0e-a13c11b12336"}
2026-09-12T13:27:41.884+08:00  INFO 567 --- [control-app] [           main] [                                                 ] c.o.p.c.o.a.OperatorCaseService          : {"event":"operator_case_transition","ts":"2026-09-12T05:27:41.884345813Z","revision":1,"to":"OPEN","rule":"T00_CREATE","caseId":"cb592326-e100-413b-be72-f17e20865d5e"}
2026-09-12T13:27:41.885+08:00  INFO 567 --- [control-app] [           main] [                                                 ] c.o.p.c.o.a.OperatorCaseService          : {"event":"operator_case_transition","ts":"2026-09-12T05:27:41.885035351Z","revision":2,"to":"OPEN","rule":"T40_ASSIGN","caseId":"cb592326-e100-413b-be72-f17e20865d5e"}
2026-09-12T13:27:41.885+08:00  INFO 567 --- [control-app] [           main] [                                                 ] c.o.p.c.o.a.OperatorCaseService          : {"event":"operator_case_transition","ts":"2026-09-12T05:27:41.885681949Z","revision":1,"to":"OPEN","rule":"T00_CREATE","caseId":"88196d80-5d77-4b0a-8731-0f659db78818"}
2026-09-12T13:27:41.885+08:00  INFO 567 --- [control-app] [           main] [                                                 ] c.o.p.c.o.a.OperatorCaseService          : {"event":"operator_case_transition","ts":"2026-09-12T05:27:41.885813697Z","revision":2,"to":"ACKED","rule":"T10_CLAIM","caseId":"88196d80-5d77-4b0a-8731-0f659db78818"}
2026-09-12T13:27:41.886+08:00  INFO 567 --- [control-app] [           main] [                                                 ] c.o.p.c.o.a.OperatorCaseService          : {"event":"operator_case_transition","ts":"2026-09-12T05:27:41.886312686Z","revision":1,"to":"OPEN","rule":"T00_CREATE","caseId":"a0a79459-c774-45c6-8574-080435957224"}
2026-09-12T13:27:41.886+08:00  INFO 567 --- [control-app] [           main] [                                                 ] c.o.p.c.o.a.OperatorCaseService          : {"event":"operator_case_transition","ts":"2026-09-12T05:27:41.886485862Z","revision":2,"to":"RESOLVED","rule":"T30_RESOLVE","caseId":"a0a79459-c774-45c6-8574-080435957224"}
2026-09-12T13:27:41.887+08:00  INFO 567 --- [control-app] [           main] [                                                 ] c.o.p.c.o.a.OperatorCaseService          : {"event":"operator_case_transition","ts":"2026-09-12T05:27:41.887713255Z","revision":1,"to":"OPEN","rule":"T00_CREATE","caseId":"e5198ae2-54de-4c4f-bf64-a9e2bad81f1c"}
2026-09-12T13:27:41.888+08:00  INFO 567 --- [control-app] [           main] [                                                 ] c.o.p.c.o.a.OperatorCaseService          : {"event":"operator_case_transition","ts":"2026-09-12T05:27:41.887959528Z","revision":2,"to":"OPEN","rule":"T60_ESCALATE","caseId":"e5198ae2-54de-4c4f-bf64-a9e2bad81f1c"}
2026-09-12T13:27:41.888+08:00  INFO 567 --- [control-app] [           main] [                                                 ] c.o.p.c.o.a.OperatorCaseService          : {"event":"operator_case_transition","ts":"2026-09-12T05:27:41.888616896Z","revision":1,"to":"OPEN","rule":"T00_CREATE","caseId":"53041f50-37ad-4ca0-a127-7bc1212f97cd"}
2026-09-12T13:27:41.888+08:00  INFO 567 --- [control-app] [           main] [                                                 ] c.o.p.c.o.a.OperatorCaseService          : {"event":"operator_case_transition","ts":"2026-09-12T05:27:41.888794330Z","revision":2,"to":"ACKED","rule":"T10_CLAIM","caseId":"53041f50-37ad-4ca0-a127-7bc1212f97cd"}
2026-09-12T13:27:41.889+08:00  INFO 567 --- [control-app] [           main] [                                                 ] c.o.p.c.o.a.OperatorCaseService          : {"event":"operator_case_transition","ts":"2026-09-12T05:27:41.888989778Z","revision":3,"to":"RESOLVED","rule":"T31_RESOLVE","caseId":"53041f50-37ad-4ca0-a127-7bc1212f97cd"}
2026-09-12T13:27:41.889+08:00  INFO 567 --- [control-app] [           main] [                                                 ] c.o.p.c.o.a.OperatorCaseService          : {"event":"operator_case_transition","ts":"2026-09-12T05:27:41.889221314Z","revision":4,"to":"RESOLVED","rule":"T52_MERGE","caseId":"53041f50-37ad-4ca0-a127-7bc1212f97cd"}
2026-09-12T13:27:41.889+08:00  INFO 567 --- [control-app] [           main] [                                                 ] c.o.p.c.o.a.OperatorCaseService          : {"event":"operator_case_transition","ts":"2026-09-12T05:27:41.889712499Z","revision":1,"to":"OPEN","rule":"T00_CREATE","caseId":"cea0e105-b26a-45b2-9496-d22cb580c6b5"}
2026-09-12T13:27:41.890+08:00  INFO 567 --- [control-app] [           main] [                                                 ] c.o.p.c.o.a.OperatorCaseService          : {"event":"operator_case_transition","ts":"2026-09-12T05:27:41.890173067Z","revision":1,"to":"OPEN","rule":"T00_CREATE","caseId":"af5d960b-7d68-409b-8f6b-bf5275b585c6"}
2026-09-12T13:27:41.890+08:00  INFO 567 --- [control-app] [           main] [                                                 ] c.o.p.c.o.a.OperatorCaseService          : {"event":"operator_case_transition","ts":"2026-09-12T05:27:41.890315835Z","revision":2,"to":"ACKED","rule":"T10_CLAIM","caseId":"af5d960b-7d68-409b-8f6b-bf5275b585c6"}
2026-09-12T13:27:41.891+08:00  INFO 567 --- [control-app] [           main] [                                                 ] c.o.p.c.o.a.OperatorCaseService          : {"event":"operator_case_transition","ts":"2026-09-12T05:27:41.891094792Z","revision":1,"to":"OPEN","rule":"T00_CREATE","caseId":"3a5d68a1-4eae-4bc2-97d1-3e863cfe775f"}
2026-09-12T13:27:41.891+08:00  INFO 567 --- [control-app] [           main] [                                                 ] c.o.p.c.o.a.OperatorCaseService          : {"event":"operator_case_transition","ts":"2026-09-12T05:27:41.891255325Z","revision":2,"to":"ACKED","rule":"T10_CLAIM","caseId":"3a5d68a1-4eae-4bc2-97d1-3e863cfe775f"}
2026-09-12T13:27:41.891+08:00  INFO 567 --- [control-app] [           main] [                                                 ] c.o.p.c.o.a.OperatorCaseService          : {"event":"operator_case_transition","ts":"2026-09-12T05:27:41.891683210Z","revision":1,"to":"OPEN","rule":"T00_CREATE","caseId":"7ef78a0f-8b09-45e7-9577-e765a9cd61b6"}
2026-09-12T13:27:41.891+08:00  INFO 567 --- [control-app] [           main] [                                                 ] c.o.p.c.o.a.OperatorCaseService          : {"event":"operator_case_transition","ts":"2026-09-12T05:27:41.891925186Z","revision":2,"to":"OPEN","rule":"T50_MERGE","caseId":"7ef78a0f-8b09-45e7-9577-e765a9cd61b6"}
2026-09-12T13:27:41.892+08:00  INFO 567 --- [control-app] [           main] [                                                 ] c.o.p.c.o.a.OperatorCaseService          : {"event":"operator_case_transition","ts":"2026-09-12T05:27:41.892091589Z","revision":3,"to":"OPEN","rule":"T50_MERGE","caseId":"7ef78a0f-8b09-45e7-9577-e765a9cd61b6"}
2026-09-12T13:27:41.892+08:00  INFO 567 --- [control-app] [           main] [                                                 ] c.o.p.c.o.a.OperatorCaseService          : {"event":"operator_case_transition","ts":"2026-09-12T05:27:41.892631586Z","revision":1,"to":"OPEN","rule":"T00_CREATE","caseId":"2bb6d8d6-0f0b-4239-bdc1-a2bd98a2ce84"}
2026-09-12T13:27:41.892+08:00  INFO 567 --- [control-app] [           main] [                                                 ] c.o.p.c.o.a.OperatorCaseService          : {"event":"operator_case_transition","ts":"2026-09-12T05:27:41.892745040Z","revision":2,"to":"OPEN","rule":"T60_ESCALATE","caseId":"2bb6d8d6-0f0b-4239-bdc1-a2bd98a2ce84"}
2026-09-12T13:27:41.893+08:00  INFO 567 --- [control-app] [           main] [                                                 ] c.o.p.c.o.a.OperatorCaseService          : {"event":"operator_case_transition","ts":"2026-09-12T05:27:41.893426213Z","revision":1,"to":"OPEN","rule":"T00_CREATE","caseId":"a1d7ec86-2fda-4816-a34a-4a78ec32b77b"}
2026-09-12T13:27:41.893+08:00  INFO 567 --- [control-app] [           main] [                                                 ] c.o.p.c.o.a.OperatorCaseService          : {"event":"operator_case_transition","ts":"2026-09-12T05:27:41.893593227Z","revision":2,"to":"ACKED","rule":"T10_CLAIM","caseId":"a1d7ec86-2fda-4816-a34a-4a78ec32b77b"}
2026-09-12T13:27:41.894+08:00  INFO 567 --- [control-app] [           main] [                                                 ] c.o.p.c.o.a.OperatorCaseService          : {"event":"operator_case_transition","ts":"2026-09-12T05:27:41.894148242Z","revision":3,"to":"RESOLVED","rule":"T31_RESOLVE","caseId":"a1d7ec86-2fda-4816-a34a-4a78ec32b77b"}
2026-09-12T13:27:41.894+08:00  INFO 567 --- [control-app] [           main] [                                                 ] c.o.p.c.o.a.OperatorCaseService          : {"event":"operator_case_transition","ts":"2026-09-12T05:27:41.894740899Z","revision":1,"to":"OPEN","rule":"T00_CREATE","caseId":"025d6e0c-9310-4f27-8d03-07636bbbf30a"}
2026-09-12T13:27:41.894+08:00  INFO 567 --- [control-app] [           main] [                                                 ] c.o.p.c.o.a.OperatorCaseService          : {"event":"operator_case_transition","ts":"2026-09-12T05:27:41.894888256Z","revision":2,"to":"OPEN","rule":"T40_ASSIGN","caseId":"025d6e0c-9310-4f27-8d03-07636bbbf30a"}
2026-09-12T13:27:41.896+08:00  INFO 567 --- [control-app] [           main] [                                                 ] c.o.p.c.o.a.OperatorCaseService          : {"event":"operator_case_transition","ts":"2026-09-12T05:27:41.896041128Z","revision":1,"to":"OPEN","rule":"T00_CREATE","caseId":"92af9d4b-979d-4730-8106-88db68c9685f"}
2026-09-12T13:27:41.896+08:00  INFO 567 --- [control-app] [           main] [                                                 ] c.o.p.c.o.a.OperatorCaseService          : {"event":"operator_case_transition","ts":"2026-09-12T05:27:41.896180069Z","revision":2,"to":"ACKED","rule":"T10_CLAIM","caseId":"92af9d4b-979d-4730-8106-88db68c9685f"}
[INFO] Tests run: 16, Failures: 0, Errors: 0, Skipped: 0, Time elapsed: 0.021 s -- in com.objwww.pr.control.ops.application.OperatorCaseServiceTest
[INFO] Running com.objwww.pr.control.ops.dutybot.domain.BotIntentRecognizerTest
[INFO] Tests run: 10, Failures: 0, Errors: 0, Skipped: 0, Time elapsed: 0.006 s -- in com.objwww.pr.control.ops.dutybot.domain.BotIntentRecognizerTest
[INFO] Running com.objwww.pr.control.ops.dutybot.application.DutyBotServiceTest
[INFO] Tests run: 15, Failures: 0, Errors: 0, Skipped: 0, Time elapsed: 0.026 s -- in com.objwww.pr.control.ops.dutybot.application.DutyBotServiceTest
[INFO] Running com.objwww.pr.control.ops.interfaces.OperatorApiControllerTest
2026-09-12T13:27:41.940+08:00  INFO 567 --- [control-app] [           main] [                                                 ] o.s.mock.web.MockServletContext          : Initializing Spring TestDispatcherServlet ''
2026-09-12T13:27:41.940+08:00  INFO 567 --- [control-app] [           main] [                                                 ] o.s.t.web.servlet.TestDispatcherServlet  : Initializing Servlet ''
2026-09-12T13:27:41.940+08:00  INFO 567 --- [control-app] [           main] [                                                 ] o.s.t.web.servlet.TestDispatcherServlet  : Completed initialization in 0 ms
2026-09-12T13:27:41.948+08:00  INFO 567 --- [control-app] [           main] [                                                 ] o.s.mock.web.MockServletContext          : Initializing Spring TestDispatcherServlet ''
2026-09-12T13:27:41.949+08:00  INFO 567 --- [control-app] [           main] [                                                 ] o.s.t.web.servlet.TestDispatcherServlet  : Initializing Servlet ''
2026-09-12T13:27:41.949+08:00  INFO 567 --- [control-app] [           main] [                                                 ] o.s.t.web.servlet.TestDispatcherServlet  : Completed initialization in 0 ms
2026-09-12T13:27:41.949+08:00  INFO 567 --- [control-app] [           main] [                                                 ] c.o.p.c.o.a.OperatorCaseService          : {"event":"operator_case_transition","ts":"2026-09-12T05:27:41.949656336Z","revision":1,"to":"OPEN","rule":"T00_CREATE","caseId":"84df408d-c7a8-47b0-bc99-080a413780e6"}
2026-09-12T13:27:41.950+08:00  INFO 567 --- [control-app] [           main] [                                                 ] c.o.p.c.o.a.OperatorCaseService          : {"event":"operator_case_transition","ts":"2026-09-12T05:27:41.950021272Z","revision":1,"to":"OPEN","rule":"T00_CREATE","caseId":"a47b4b35-4017-4d6c-8c0c-8e9da8f8b27b"}
2026-09-12T13:27:41.950+08:00  INFO 567 --- [control-app] [           main] [                                                 ] c.o.p.c.o.a.OperatorCaseService          : {"event":"operator_case_transition","ts":"2026-09-12T05:27:41.950221800Z","revision":2,"to":"ACKED","rule":"T10_CLAIM","caseId":"a47b4b35-4017-4d6c-8c0c-8e9da8f8b27b"}
2026-09-12T13:27:41.950+08:00  INFO 567 --- [control-app] [           main] [                                                 ] c.o.p.c.o.a.OperatorCaseService          : {"event":"operator_case_transition","ts":"2026-09-12T05:27:41.950361543Z","revision":1,"to":"OPEN","rule":"T00_CREATE","caseId":"ac1d5339-ca4c-4458-b4a6-7323e22b5f49"}
2026-09-12T13:27:41.950+08:00  INFO 567 --- [control-app] [           main] [                                                 ] c.o.p.c.o.a.OperatorCaseService          : {"event":"operator_case_transition","ts":"2026-09-12T05:27:41.950515393Z","revision":1,"to":"OPEN","rule":"T00_CREATE","caseId":"f996d682-17a0-4bd7-ad34-a169dc96ad6c"}
2026-09-12T13:27:41.950+08:00  INFO 567 --- [control-app] [           main] [                                                 ] c.o.p.c.o.a.OperatorCaseService          : {"event":"operator_case_transition","ts":"2026-09-12T05:27:41.950608599Z","revision":2,"to":"ACKED","rule":"T10_CLAIM","caseId":"f996d682-17a0-4bd7-ad34-a169dc96ad6c"}
2026-09-12T13:27:41.950+08:00  INFO 567 --- [control-app] [           main] [                                                 ] c.o.p.c.o.a.OperatorCaseService          : {"event":"operator_case_transition","ts":"2026-09-12T05:27:41.950762539Z","revision":1,"to":"OPEN","rule":"T00_CREATE","caseId":"75a374e6-b3f8-454d-8486-1c123b8d627b"}
2026-09-12T13:27:41.950+08:00  INFO 567 --- [control-app] [           main] [                                                 ] c.o.p.c.o.a.OperatorCaseService          : {"event":"operator_case_transition","ts":"2026-09-12T05:27:41.950937247Z","revision":2,"to":"RESOLVED","rule":"T30_RESOLVE","caseId":"75a374e6-b3f8-454d-8486-1c123b8d627b"}
2026-09-12T13:27:41.958+08:00  INFO 567 --- [control-app] [           main] [                                                 ] o.s.mock.web.MockServletContext          : Initializing Spring TestDispatcherServlet ''
2026-09-12T13:27:41.958+08:00  INFO 567 --- [control-app] [           main] [                                                 ] o.s.t.web.servlet.TestDispatcherServlet  : Initializing Servlet ''
2026-09-12T13:27:41.959+08:00  INFO 567 --- [control-app] [           main] [                                                 ] o.s.t.web.servlet.TestDispatcherServlet  : Completed initialization in 0 ms
2026-09-12T13:27:41.959+08:00  INFO 567 --- [control-app] [           main] [                                                 ] c.o.p.c.o.a.OperatorCaseService          : {"event":"operator_case_transition","ts":"2026-09-12T05:27:41.959429369Z","revision":1,"to":"OPEN","rule":"T00_CREATE","caseId":"b3dfd49f-35c5-42a6-b124-d6ca92385695"}
2026-09-12T13:27:41.959+08:00  INFO 567 --- [control-app] [           main] [                                                 ] c.o.p.c.o.a.OperatorCaseService          : {"event":"operator_case_transition","ts":"2026-09-12T05:27:41.959680322Z","revision":2,"to":"ACKED","rule":"T10_CLAIM","caseId":"b3dfd49f-35c5-42a6-b124-d6ca92385695"}
2026-09-12T13:27:41.963+08:00  INFO 567 --- [control-app] [           main] [                                                 ] c.o.p.c.o.i.OperatorApiController        : operator-case resolve: case=b3dfd49f-35c5-42a6-b124-d6ca92385695 idem-key=ui-5 operator=operator-a
2026-09-12T13:27:41.964+08:00  INFO 567 --- [control-app] [           main] [                                                 ] c.o.p.c.o.a.OperatorCaseService          : {"event":"operator_case_transition","ts":"2026-09-12T05:27:41.964040293Z","revision":3,"to":"RESOLVED","rule":"T31_RESOLVE","caseId":"b3dfd49f-35c5-42a6-b124-d6ca92385695"}
2026-09-12T13:27:41.972+08:00  INFO 567 --- [control-app] [           main] [                                                 ] o.s.mock.web.MockServletContext          : Initializing Spring TestDispatcherServlet ''
2026-09-12T13:27:41.972+08:00  INFO 567 --- [control-app] [           main] [                                                 ] o.s.t.web.servlet.TestDispatcherServlet  : Initializing Servlet ''
2026-09-12T13:27:41.973+08:00  INFO 567 --- [control-app] [           main] [                                                 ] o.s.t.web.servlet.TestDispatcherServlet  : Completed initialization in 1 ms
2026-09-12T13:27:41.973+08:00  INFO 567 --- [control-app] [           main] [                                                 ] c.o.p.c.o.a.OperatorCaseService          : {"event":"operator_case_transition","ts":"2026-09-12T05:27:41.973447509Z","revision":1,"to":"OPEN","rule":"T00_CREATE","caseId":"05a8a6a1-b32b-4642-a830-009c8f832152"}
2026-09-12T13:27:41.975+08:00  INFO 567 --- [control-app] [           main] [                                                 ] c.o.p.c.o.i.OperatorApiController        : operator-case assign: case=05a8a6a1-b32b-4642-a830-009c8f832152 idem-key=ui-6 operator=dispatcher
2026-09-12T13:27:41.975+08:00  INFO 567 --- [control-app] [           main] [                                                 ] c.o.p.c.o.a.OperatorCaseService          : {"event":"operator_case_transition","ts":"2026-09-12T05:27:41.975816670Z","revision":2,"to":"OPEN","rule":"T40_ASSIGN","caseId":"05a8a6a1-b32b-4642-a830-009c8f832152"}
2026-09-12T13:27:41.977+08:00  INFO 567 --- [control-app] [           main] [                                                 ] c.o.p.c.o.i.OperatorApiController        : operator-case assign: case=05a8a6a1-b32b-4642-a830-009c8f832152 idem-key=ui-7 operator=dispatcher
2026-09-12T13:27:41.978+08:00  INFO 567 --- [control-app] [           main] [                                                 ] c.o.p.c.o.a.OperatorCaseService          : {"event":"operator_case_transition","ts":"2026-09-12T05:27:41.978057480Z","revision":3,"to":"OPEN","rule":"T40_ASSIGN","caseId":"05a8a6a1-b32b-4642-a830-009c8f832152"}
2026-09-12T13:27:41.982+08:00  INFO 567 --- [control-app] [           main] [                                                 ] o.s.mock.web.MockServletContext          : Initializing Spring TestDispatcherServlet ''
2026-09-12T13:27:41.982+08:00  INFO 567 --- [control-app] [           main] [                                                 ] o.s.t.web.servlet.TestDispatcherServlet  : Initializing Servlet ''
2026-09-12T13:27:41.982+08:00  INFO 567 --- [control-app] [           main] [                                                 ] o.s.t.web.servlet.TestDispatcherServlet  : Completed initialization in 0 ms
2026-09-12T13:27:41.983+08:00  INFO 567 --- [control-app] [           main] [                                                 ] c.o.p.c.o.a.OperatorCaseService          : {"event":"operator_case_transition","ts":"2026-09-12T05:27:41.983102Z","revision":1,"to":"OPEN","rule":"T00_CREATE","caseId":"fd547bda-8c2d-4f2b-8f3b-78f4e9a10cd5"}
2026-09-12T13:27:41.983+08:00  INFO 567 --- [control-app] [           main] [                                                 ] c.o.p.c.o.a.OperatorCaseService          : {"event":"operator_case_transition","ts":"2026-09-12T05:27:41.983298841Z","revision":2,"to":"ACKED","rule":"T10_CLAIM","caseId":"fd547bda-8c2d-4f2b-8f3b-78f4e9a10cd5"}
2026-09-12T13:27:41.996+08:00  INFO 567 --- [control-app] [           main] [                                                 ] o.s.mock.web.MockServletContext          : Initializing Spring TestDispatcherServlet ''
2026-09-12T13:27:41.996+08:00  INFO 567 --- [control-app] [           main] [                                                 ] o.s.t.web.servlet.TestDispatcherServlet  : Initializing Servlet ''
2026-09-12T13:27:41.996+08:00  INFO 567 --- [control-app] [           main] [                                                 ] o.s.t.web.servlet.TestDispatcherServlet  : Completed initialization in 0 ms
2026-09-12T13:27:41.997+08:00  INFO 567 --- [control-app] [           main] [                                                 ] c.o.p.c.o.a.OperatorCaseService          : {"event":"operator_case_transition","ts":"2026-09-12T05:27:41.997071828Z","revision":1,"to":"OPEN","rule":"T00_CREATE","caseId":"830b472f-c860-4252-95ea-095b1b1ddbfd"}
2026-09-12T13:27:41.997+08:00  INFO 567 --- [control-app] [           main] [                                                 ] c.o.p.c.o.a.OperatorCaseService          : {"event":"operator_case_transition","ts":"2026-09-12T05:27:41.997331446Z","revision":2,"to":"RESOLVED","rule":"T30_RESOLVE","caseId":"830b472f-c860-4252-95ea-095b1b1ddbfd"}
2026-09-12T13:27:42.000+08:00  INFO 567 --- [control-app] [           main] [                                                 ] c.o.p.c.o.i.OperatorApiController        : operator-case claim: case=830b472f-c860-4252-95ea-095b1b1ddbfd idem-key=ui-8 operator=sre-b
2026-09-12T13:27:42.002+08:00  INFO 567 --- [control-app] [           main] [                                                 ] c.o.p.c.o.i.OperatorApiController        : operator-case claim: case=bc9418f1-7254-4788-9626-305212cf36e9 idem-key=ui-9 operator=sre-b
2026-09-12T13:27:42.008+08:00  INFO 567 --- [control-app] [           main] [                                                 ] o.s.mock.web.MockServletContext          : Initializing Spring TestDispatcherServlet ''
2026-09-12T13:27:42.008+08:00  INFO 567 --- [control-app] [           main] [                                                 ] o.s.t.web.servlet.TestDispatcherServlet  : Initializing Servlet ''
2026-09-12T13:27:42.008+08:00  INFO 567 --- [control-app] [           main] [                                                 ] o.s.t.web.servlet.TestDispatcherServlet  : Completed initialization in 0 ms
2026-09-12T13:27:42.008+08:00  INFO 567 --- [control-app] [           main] [                                                 ] c.o.p.c.o.a.OperatorCaseService          : {"event":"operator_case_transition","ts":"2026-09-12T05:27:42.008701699Z","revision":1,"to":"OPEN","rule":"T00_CREATE","caseId":"02fe5ca6-31f4-4633-b6e5-a43eb67c1b56"}
2026-09-12T13:27:42.010+08:00  INFO 567 --- [control-app] [           main] [                                                 ] c.o.p.c.o.i.OperatorApiController        : operator-case claim: case=02fe5ca6-31f4-4633-b6e5-a43eb67c1b56 idem-key=ui-1 operator=sre-li
2026-09-12T13:27:42.010+08:00  INFO 567 --- [control-app] [           main] [                                                 ] c.o.p.c.o.a.OperatorCaseService          : {"event":"operator_case_transition","ts":"2026-09-12T05:27:42.010763311Z","revision":2,"to":"ACKED","rule":"T10_CLAIM","caseId":"02fe5ca6-31f4-4633-b6e5-a43eb67c1b56"}
2026-09-12T13:27:42.018+08:00  INFO 567 --- [control-app] [           main] [                                                 ] o.s.mock.web.MockServletContext          : Initializing Spring TestDispatcherServlet ''
2026-09-12T13:27:42.018+08:00  INFO 567 --- [control-app] [           main] [                                                 ] o.s.t.web.servlet.TestDispatcherServlet  : Initializing Servlet ''
2026-09-12T13:27:42.018+08:00  INFO 567 --- [control-app] [           main] [                                                 ] o.s.t.web.servlet.TestDispatcherServlet  : Completed initialization in 0 ms
2026-09-12T13:27:42.019+08:00  INFO 567 --- [control-app] [           main] [                                                 ] c.o.p.c.o.a.OperatorCaseService          : {"event":"operator_case_transition","ts":"2026-09-12T05:27:42.019115080Z","revision":1,"to":"OPEN","rule":"T00_CREATE","caseId":"0225a9e6-907a-4d97-ba17-129df4421df4"}
2026-09-12T13:27:42.019+08:00  INFO 567 --- [control-app] [           main] [                                                 ] c.o.p.c.o.a.OperatorCaseService          : {"event":"operator_case_transition","ts":"2026-09-12T05:27:42.019312502Z","revision":1,"to":"OPEN","rule":"T00_CREATE","caseId":"6b6f80f2-3b9b-43b4-b140-e5ddafffab6c"}
2026-09-12T13:27:42.019+08:00  INFO 567 --- [control-app] [           main] [                                                 ] c.o.p.c.o.a.OperatorCaseService          : {"event":"operator_case_transition","ts":"2026-09-12T05:27:42.019455711Z","revision":1,"to":"OPEN","rule":"T00_CREATE","caseId":"d01f1007-8fad-4f44-800b-90601fd9f421"}
2026-09-12T13:27:42.030+08:00  INFO 567 --- [control-app] [           main] [                                                 ] o.s.mock.web.MockServletContext          : Initializing Spring TestDispatcherServlet ''
2026-09-12T13:27:42.030+08:00  INFO 567 --- [control-app] [           main] [                                                 ] o.s.t.web.servlet.TestDispatcherServlet  : Initializing Servlet ''
2026-09-12T13:27:42.030+08:00  INFO 567 --- [control-app] [           main] [                                                 ] o.s.t.web.servlet.TestDispatcherServlet  : Completed initialization in 0 ms
2026-09-12T13:27:42.031+08:00  INFO 567 --- [control-app] [           main] [                                                 ] c.o.p.c.o.a.OperatorCaseService          : {"event":"operator_case_transition","ts":"2026-09-12T05:27:42.031098307Z","revision":1,"to":"OPEN","rule":"T00_CREATE","caseId":"4f831e72-a8a8-452b-a214-46a9e376c5ce"}
2026-09-12T13:27:42.031+08:00  INFO 567 --- [control-app] [           main] [                                                 ] c.o.p.c.o.a.OperatorCaseService          : {"event":"operator_case_transition","ts":"2026-09-12T05:27:42.031244993Z","revision":2,"to":"ACKED","rule":"T10_CLAIM","caseId":"4f831e72-a8a8-452b-a214-46a9e376c5ce"}
2026-09-12T13:27:42.034+08:00  INFO 567 --- [control-app] [           main] [                                                 ] c.o.p.c.o.i.OperatorApiController        : operator-case resolve: case=4f831e72-a8a8-452b-a214-46a9e376c5ce idem-key=ui-4 operator=operator-a
2026-09-12T13:27:42.034+08:00  INFO 567 --- [control-app] [           main] [                                                 ] c.o.p.c.o.a.OperatorCaseService          : {"event":"operator_case_transition","ts":"2026-09-12T05:27:42.034804516Z","revision":3,"to":"RESOLVED","rule":"T31_RESOLVE","caseId":"4f831e72-a8a8-452b-a214-46a9e376c5ce"}
2026-09-12T13:27:42.039+08:00  INFO 567 --- [control-app] [           main] [                                                 ] o.s.mock.web.MockServletContext          : Initializing Spring TestDispatcherServlet ''
2026-09-12T13:27:42.039+08:00  INFO 567 --- [control-app] [           main] [                                                 ] o.s.t.web.servlet.TestDispatcherServlet  : Initializing Servlet ''
2026-09-12T13:27:42.039+08:00  INFO 567 --- [control-app] [           main] [                                                 ] o.s.t.web.servlet.TestDispatcherServlet  : Completed initialization in 0 ms
2026-09-12T13:27:42.040+08:00  INFO 567 --- [control-app] [           main] [                                                 ] c.o.p.c.o.a.OperatorCaseService          : {"event":"operator_case_transition","ts":"2026-09-12T05:27:42.040181432Z","revision":1,"to":"OPEN","rule":"T00_CREATE","caseId":"988900ff-9757-49ff-b8dd-cb17eaa3e134"}
2026-09-12T13:27:42.040+08:00  INFO 567 --- [control-app] [           main] [                                                 ] c.o.p.c.o.a.OperatorCaseService          : {"event":"operator_case_transition","ts":"2026-09-12T05:27:42.040377411Z","revision":2,"to":"OPEN","rule":"T40_ASSIGN","caseId":"988900ff-9757-49ff-b8dd-cb17eaa3e134"}
2026-09-12T13:27:42.042+08:00  INFO 567 --- [control-app] [           main] [                                                 ] c.o.p.c.o.i.OperatorApiController        : operator-case claim: case=988900ff-9757-49ff-b8dd-cb17eaa3e134 idem-key=ui-2 operator=sre-b
2026-09-12T13:27:42.047+08:00  INFO 567 --- [control-app] [           main] [                                                 ] o.s.mock.web.MockServletContext          : Initializing Spring TestDispatcherServlet ''
2026-09-12T13:27:42.047+08:00  INFO 567 --- [control-app] [           main] [                                                 ] o.s.t.web.servlet.TestDispatcherServlet  : Initializing Servlet ''
2026-09-12T13:27:42.047+08:00  INFO 567 --- [control-app] [           main] [                                                 ] o.s.t.web.servlet.TestDispatcherServlet  : Completed initialization in 0 ms
2026-09-12T13:27:42.048+08:00  INFO 567 --- [control-app] [           main] [                                                 ] c.o.p.c.o.a.OperatorCaseService          : {"event":"operator_case_transition","ts":"2026-09-12T05:27:42.047934713Z","revision":1,"to":"OPEN","rule":"T00_CREATE","caseId":"72d30e56-1dbe-42b7-b23d-65820649bf03"}
2026-09-12T13:27:42.048+08:00  INFO 567 --- [control-app] [           main] [                                                 ] c.o.p.c.o.a.OperatorCaseService          : {"event":"operator_case_transition","ts":"2026-09-12T05:27:42.048104452Z","revision":2,"to":"ACKED","rule":"T10_CLAIM","caseId":"72d30e56-1dbe-42b7-b23d-65820649bf03"}
2026-09-12T13:27:42.048+08:00  INFO 567 --- [control-app] [           main] [                                                 ] c.o.p.c.o.a.OperatorCaseService          : {"event":"operator_case_transition","ts":"2026-09-12T05:27:42.048228406Z","revision":1,"to":"OPEN","rule":"T00_CREATE","caseId":"52d0b14d-37c6-41b2-b864-c419845a6fe8"}
[INFO] Tests run: 11, Failures: 0, Errors: 0, Skipped: 0, Time elapsed: 0.122 s -- in com.objwww.pr.control.ops.interfaces.OperatorApiControllerTest
[INFO] Running com.objwww.pr.control.ops.duty.domain.DutyResolverTest
[INFO] Tests run: 7, Failures: 0, Errors: 0, Skipped: 0, Time elapsed: 0.003 s -- in com.objwww.pr.control.ops.duty.domain.DutyResolverTest
[INFO] Running com.objwww.pr.control.ops.duty.domain.RotationMathTest
[INFO] Tests run: 7, Failures: 0, Errors: 0, Skipped: 0, Time elapsed: 0.003 s -- in com.objwww.pr.control.ops.duty.domain.RotationMathTest
[INFO] Running com.objwww.pr.control.ops.duty.application.DutyDispatchServiceTest
2026-09-12T13:27:42.067+08:00  INFO 567 --- [control-app] [           main] [                                                 ] c.o.p.c.o.d.a.DutyDispatchService        : {"event":"DUTY_DISPATCH_NO_CHANNEL","ts":"2026-09-12T05:27:42.067480161Z","notification_id":"22edc1d9-780b-43a3-95eb-c7506c98cb6d","source":"RCA_SYSTEM","episode_id":"c1a9585c51d49e59048e71f327d1adcb237326bd0cdf3e6e3705ce2c99d93910","reason":"no_channel_configured"}
2026-09-12T13:27:42.068+08:00  INFO 567 --- [control-app] [           main] [                                                 ] c.o.p.c.o.d.a.DutyDispatchService        : {"event":"DUTY_DISPATCH_NO_CHANNEL","ts":"2026-09-12T05:27:42.068599178Z","notification_id":"c82561ec-215a-3e31-807c-eedf3b3bd25e","source":"MANUAL","episode_id":"7278190a-8c9c-457a-a798-a458f1e50b93","reason":"no_channel_configured"}
2026-09-12T13:27:42.068+08:00  INFO 567 --- [control-app] [           main] [                                                 ] c.o.p.c.o.d.a.DutyDispatchService        : {"event":"DUTY_DISPATCH_NO_CHANNEL","ts":"2026-09-12T05:27:42.068852546Z","notification_id":"a6bbc91a-e73d-321c-8533-f735470a9cd0","source":"MANUAL","episode_id":"47533b86-7438-4f23-9f8c-e7acc05f2d8c","reason":"no_channel_configured"}
2026-09-12T13:27:42.070+08:00  INFO 567 --- [control-app] [           main] [                                                 ] c.o.p.c.o.d.a.DutyDispatchService        : {"event":"DUTY_DISPATCH_NO_CHANNEL","ts":"2026-09-12T05:27:42.070868963Z","notification_id":"c82561ec-215a-3e31-807c-eedf3b3bd25e","source":"RCA_SYSTEM","episode_id":"a4f724be1a3a5392512887fb10b511f976f4f4fe101b7a85636e4bef50950796","reason":"no_channel_configured"}
[INFO] Tests run: 5, Failures: 0, Errors: 0, Skipped: 0, Time elapsed: 0.009 s -- in com.objwww.pr.control.ops.duty.application.DutyDispatchServiceTest
[INFO] Running com.objwww.pr.control.ops.duty.application.DutyFallbackWatcherTest
2026-09-12T13:27:42.074+08:00  INFO 567 --- [control-app] [           main] [                                                 ] c.o.p.c.o.d.a.DutyFallbackWatcher        : {"event":"DUTY_DEGRADE_DEADLINE","ts":"2026-09-12T05:27:42.074620949Z","notification_id":"dd8c866f-f9f2-4c5e-af8f-f4773a30fd26","dead_priority":1,"reason":"age_beyond_max"}
2026-09-12T13:27:42.075+08:00  INFO 567 --- [control-app] [           main] [                                                 ] c.o.p.c.o.d.a.DutyFallbackWatcher        : {"event":"DUTY_CHAIN_EXHAUSTED","ts":"2026-09-12T05:27:42.075184059Z","notification_id":"440256ce-b097-40f2-8264-3755cdbc007c","dead_priority":1,"reason":"no_next_channel"}
[INFO] Tests run: 5, Failures: 0, Errors: 0, Skipped: 0, Time elapsed: 0.005 s -- in com.objwww.pr.control.ops.duty.application.DutyFallbackWatcherTest
[INFO] Running com.objwww.pr.control.ops.duty.interfaces.DutyAdminControllerTest
2026-09-12T13:27:42.197+08:00  INFO 567 --- [control-app] [           main] [                                                 ] o.s.mock.web.MockServletContext          : Initializing Spring TestDispatcherServlet ''
2026-09-12T13:27:42.197+08:00  INFO 567 --- [control-app] [           main] [                                                 ] o.s.t.web.servlet.TestDispatcherServlet  : Initializing Servlet ''
2026-09-12T13:27:42.197+08:00  INFO 567 --- [control-app] [           main] [                                                 ] o.s.t.web.servlet.TestDispatcherServlet  : Completed initialization in 0 ms
2026-09-12T13:27:42.214+08:00  INFO 567 --- [control-app] [           main] [                                                 ] o.s.mock.web.MockServletContext          : Initializing Spring TestDispatcherServlet ''
2026-09-12T13:27:42.214+08:00  INFO 567 --- [control-app] [           main] [                                                 ] o.s.t.web.servlet.TestDispatcherServlet  : Initializing Servlet ''
2026-09-12T13:27:42.215+08:00  INFO 567 --- [control-app] [           main] [                                                 ] o.s.t.web.servlet.TestDispatcherServlet  : Completed initialization in 0 ms
2026-09-12T13:27:42.229+08:00  INFO 567 --- [control-app] [           main] [                                                 ] o.s.mock.web.MockServletContext          : Initializing Spring TestDispatcherServlet ''
2026-09-12T13:27:42.229+08:00  INFO 567 --- [control-app] [           main] [                                                 ] o.s.t.web.servlet.TestDispatcherServlet  : Initializing Servlet ''
2026-09-12T13:27:42.229+08:00  INFO 567 --- [control-app] [           main] [                                                 ] o.s.t.web.servlet.TestDispatcherServlet  : Completed initialization in 0 ms
2026-09-12T13:27:42.246+08:00  INFO 567 --- [control-app] [           main] [                                                 ] o.s.mock.web.MockServletContext          : Initializing Spring TestDispatcherServlet ''
2026-09-12T13:27:42.246+08:00  INFO 567 --- [control-app] [           main] [                                                 ] o.s.t.web.servlet.TestDispatcherServlet  : Initializing Servlet ''
2026-09-12T13:27:42.247+08:00  INFO 567 --- [control-app] [           main] [                                                 ] o.s.t.web.servlet.TestDispatcherServlet  : Completed initialization in 1 ms
[INFO] Tests run: 4, Failures: 0, Errors: 0, Skipped: 0, Time elapsed: 0.185 s -- in com.objwww.pr.control.ops.duty.interfaces.DutyAdminControllerTest
[INFO] Running com.objwww.pr.control.ops.duty.interfaces.DutyQueryControllerTest
2026-09-12T13:27:42.273+08:00  INFO 567 --- [control-app] [           main] [                                                 ] o.s.mock.web.MockServletContext          : Initializing Spring TestDispatcherServlet ''
2026-09-12T13:27:42.273+08:00  INFO 567 --- [control-app] [           main] [                                                 ] o.s.t.web.servlet.TestDispatcherServlet  : Initializing Servlet ''
2026-09-12T13:27:42.273+08:00  INFO 567 --- [control-app] [           main] [                                                 ] o.s.t.web.servlet.TestDispatcherServlet  : Completed initialization in 0 ms
2026-09-12T13:27:42.286+08:00  INFO 567 --- [control-app] [           main] [                                                 ] o.s.mock.web.MockServletContext          : Initializing Spring TestDispatcherServlet ''
2026-09-12T13:27:42.286+08:00  INFO 567 --- [control-app] [           main] [                                                 ] o.s.t.web.servlet.TestDispatcherServlet  : Initializing Servlet ''
2026-09-12T13:27:42.286+08:00  INFO 567 --- [control-app] [           main] [                                                 ] o.s.t.web.servlet.TestDispatcherServlet  : Completed initialization in 0 ms
2026-09-12T13:27:42.298+08:00  INFO 567 --- [control-app] [           main] [                                                 ] o.s.mock.web.MockServletContext          : Initializing Spring TestDispatcherServlet ''
2026-09-12T13:27:42.298+08:00  INFO 567 --- [control-app] [           main] [                                                 ] o.s.t.web.servlet.TestDispatcherServlet  : Initializing Servlet ''
2026-09-12T13:27:42.299+08:00  INFO 567 --- [control-app] [           main] [                                                 ] o.s.t.web.servlet.TestDispatcherServlet  : Completed initialization in 1 ms
2026-09-12T13:27:42.312+08:00  INFO 567 --- [control-app] [           main] [                                                 ] o.s.mock.web.MockServletContext          : Initializing Spring TestDispatcherServlet ''
2026-09-12T13:27:42.312+08:00  INFO 567 --- [control-app] [           main] [                                                 ] o.s.t.web.servlet.TestDispatcherServlet  : Initializing Servlet ''
2026-09-12T13:27:42.313+08:00  INFO 567 --- [control-app] [           main] [                                                 ] o.s.t.web.servlet.TestDispatcherServlet  : Completed initialization in 1 ms
2026-09-12T13:27:42.322+08:00  INFO 567 --- [control-app] [           main] [                                                 ] o.s.mock.web.MockServletContext          : Initializing Spring TestDispatcherServlet ''
2026-09-12T13:27:42.322+08:00  INFO 567 --- [control-app] [           main] [                                                 ] o.s.t.web.servlet.TestDispatcherServlet  : Initializing Servlet ''
2026-09-12T13:27:42.322+08:00  INFO 567 --- [control-app] [           main] [                                                 ] o.s.t.web.servlet.TestDispatcherServlet  : Completed initialization in 0 ms
2026-09-12T13:27:42.324+08:00  INFO 567 --- [control-app] [           main] [                                                 ] c.o.p.c.o.d.a.DutyDispatchService        : {"event":"DUTY_DISPATCH_NO_CHANNEL","ts":"2026-09-12T05:27:42.324875637Z","notification_id":"9987b6e7-ba2d-4b84-998c-30bec6030162","source":"MANUAL","episode_id":"3bacb423-8bf5-42ce-9bbc-e87b4f6aaea9","reason":"no_channel_configured"}
2026-09-12T13:27:42.335+08:00  INFO 567 --- [control-app] [           main] [                                                 ] o.s.mock.web.MockServletContext          : Initializing Spring TestDispatcherServlet ''
2026-09-12T13:27:42.335+08:00  INFO 567 --- [control-app] [           main] [                                                 ] o.s.t.web.servlet.TestDispatcherServlet  : Initializing Servlet ''
2026-09-12T13:27:42.335+08:00  INFO 567 --- [control-app] [           main] [                                                 ] o.s.t.web.servlet.TestDispatcherServlet  : Completed initialization in 0 ms
[INFO] Tests run: 6, Failures: 0, Errors: 0, Skipped: 0, Time elapsed: 0.078 s -- in com.objwww.pr.control.ops.duty.interfaces.DutyQueryControllerTest
[INFO] Running com.objwww.pr.control.auth.interfaces.AuthUserAdminControllerTest
2026-09-12T13:27:42.452+08:00  INFO 567 --- [control-app] [           main] [                                                 ] o.s.mock.web.MockServletContext          : Initializing Spring TestDispatcherServlet ''
2026-09-12T13:27:42.452+08:00  INFO 567 --- [control-app] [           main] [                                                 ] o.s.t.web.servlet.TestDispatcherServlet  : Initializing Servlet ''
2026-09-12T13:27:42.452+08:00  INFO 567 --- [control-app] [           main] [                                                 ] o.s.t.web.servlet.TestDispatcherServlet  : Completed initialization in 0 ms
2026-09-12T13:27:42.815+08:00  INFO 567 --- [control-app] [           main] [                                                 ] o.s.mock.web.MockServletContext          : Initializing Spring TestDispatcherServlet ''
2026-09-12T13:27:42.815+08:00  INFO 567 --- [control-app] [           main] [                                                 ] o.s.t.web.servlet.TestDispatcherServlet  : Initializing Servlet ''
2026-09-12T13:27:42.815+08:00  INFO 567 --- [control-app] [           main] [                                                 ] o.s.t.web.servlet.TestDispatcherServlet  : Completed initialization in 0 ms
2026-09-12T13:27:42.905+08:00  INFO 567 --- [control-app] [           main] [                                                 ] o.s.mock.web.MockServletContext          : Initializing Spring TestDispatcherServlet ''
2026-09-12T13:27:42.905+08:00  INFO 567 --- [control-app] [           main] [                                                 ] o.s.t.web.servlet.TestDispatcherServlet  : Initializing Servlet ''
2026-09-12T13:27:42.905+08:00  INFO 567 --- [control-app] [           main] [                                                 ] o.s.t.web.servlet.TestDispatcherServlet  : Completed initialization in 0 ms
2026-09-12T13:27:42.920+08:00  INFO 567 --- [control-app] [           main] [                                                 ] o.s.mock.web.MockServletContext          : Initializing Spring TestDispatcherServlet ''
2026-09-12T13:27:42.920+08:00  INFO 567 --- [control-app] [           main] [                                                 ] o.s.t.web.servlet.TestDispatcherServlet  : Initializing Servlet ''
2026-09-12T13:27:42.920+08:00  INFO 567 --- [control-app] [           main] [                                                 ] o.s.t.web.servlet.TestDispatcherServlet  : Completed initialization in 0 ms
2026-09-12T13:27:42.928+08:00  INFO 567 --- [control-app] [           main] [                                                 ] o.s.mock.web.MockServletContext          : Initializing Spring TestDispatcherServlet ''
2026-09-12T13:27:42.928+08:00  INFO 567 --- [control-app] [           main] [                                                 ] o.s.t.web.servlet.TestDispatcherServlet  : Initializing Servlet ''
2026-09-12T13:27:42.928+08:00  INFO 567 --- [control-app] [           main] [                                                 ] o.s.t.web.servlet.TestDispatcherServlet  : Completed initialization in 0 ms
[INFO] Tests run: 5, Failures: 0, Errors: 0, Skipped: 0, Time elapsed: 0.667 s -- in com.objwww.pr.control.auth.interfaces.AuthUserAdminControllerTest
2026-09-12T13:27:43.016+08:00  INFO 567 --- [control-app] [           main] [                                                 ] org.testcontainers.DockerClientFactory   : Testcontainers version: 1.20.4
2026-09-12T13:27:43.158+08:00  INFO 567 --- [control-app] [           main] [                                                 ] o.t.d.DockerClientProviderStrategy       : Loaded org.testcontainers.dockerclient.UnixSocketClientProviderStrategy from ~/.testcontainers.properties, will try it first
2026-09-12T13:27:43.467+08:00  INFO 567 --- [control-app] [           main] [                                                 ] o.t.d.DockerClientProviderStrategy       : Found Docker environment with local Unix socket (unix:///var/run/docker.sock)
2026-09-12T13:27:43.469+08:00  INFO 567 --- [control-app] [           main] [                                                 ] org.testcontainers.DockerClientFactory   : Docker host IP address is localhost
2026-09-12T13:27:43.484+08:00  INFO 567 --- [control-app] [           main] [                                                 ] org.testcontainers.DockerClientFactory   : Connected to docker: 
  Server Version: 26.1.4
  API Version: 1.45
  Operating System: CentOS Linux 7 (Core)
  Total Memory: 7725 MB
2026-09-12T13:27:43.495+08:00  INFO 567 --- [control-app] [           main] [                                                 ] org.testcontainers.images.PullPolicy     : Image pull policy will be performed by: DefaultPullPolicy()
2026-09-12T13:27:43.496+08:00  INFO 567 --- [control-app] [           main] [                                                 ] o.t.utility.ImageNameSubstitutor         : Image name substitution will be performed by: DefaultImageNameSubstitutor (composite of 'ConfigurationFileImageNameSubstitutor' and 'PrefixingImageNameSubstitutor')
2026-09-12T13:27:43.563+08:00  INFO 567 --- [control-app] [           main] [                                                 ] tc.testcontainers/ryuk:0.11.0            : Creating container for image: testcontainers/ryuk:0.11.0
2026-09-12T13:27:43.568+08:00  INFO 567 --- [control-app] [           main] [                                                 ] o.t.utility.RegistryAuthLocator          : Failure when attempting to lookup auth config. Please ignore if you don't have images in an authenticated registry. Details: (dockerImageName: testcontainers/ryuk:0.11.0, configFile: /root/.docker/config.json, configEnv: DOCKER_AUTH_CONFIG). Falling back to docker-java default behaviour. Exception message: Status 404: No config supplied. Checked in order: /root/.docker/config.json (file not found), DOCKER_AUTH_CONFIG (not set)
2026-09-12T13:27:43.697+08:00  INFO 567 --- [control-app] [           main] [                                                 ] tc.testcontainers/ryuk:0.11.0            : Container testcontainers/ryuk:0.11.0 is starting: ba1d1ad62b7cc4c73c58dfc8f963fd0677cbc3e5e9208ade41d1f8e065e02f8a
2026-09-12T13:27:44.084+08:00  INFO 567 --- [control-app] [           main] [                                                 ] tc.testcontainers/ryuk:0.11.0            : Container testcontainers/ryuk:0.11.0 started in PT0.521083523S
2026-09-12T13:27:44.088+08:00  INFO 567 --- [control-app] [           main] [                                                 ] o.t.utility.RyukResourceReaper           : Ryuk started - will monitor and terminate Testcontainers containers on JVM exit
2026-09-12T13:27:44.088+08:00  INFO 567 --- [control-app] [           main] [                                                 ] org.testcontainers.DockerClientFactory   : Checking the system...
2026-09-12T13:27:44.089+08:00  INFO 567 --- [control-app] [           main] [                                                 ] org.testcontainers.DockerClientFactory   : ✔︎ Docker server version should be at least 1.6.0
[INFO] Running com.objwww.pr.control.it.PostgresDatasetPartitionAccessTest
2026-09-12T13:27:44.097+08:00  INFO 567 --- [control-app] [           main] [                                                 ] tc.postgres:16-alpine                    : Creating container for image: postgres:16-alpine
2026-09-12T13:27:44.158+08:00  INFO 567 --- [control-app] [           main] [                                                 ] tc.postgres:16-alpine                    : Container postgres:16-alpine is starting: 758decaa1b8856f6beea2182e5bb722e8b87d47368c0c3ac0f80aca8a01c8928
2026-09-12T13:27:45.411+08:00  INFO 567 --- [control-app] [           main] [                                                 ] tc.postgres:16-alpine                    : Container postgres:16-alpine started in PT1.314113367S
2026-09-12T13:27:45.412+08:00  INFO 567 --- [control-app] [           main] [                                                 ] tc.postgres:16-alpine                    : Container is started (JDBC URL: jdbc:postgresql://localhost:33630/test?loggerLevel=OFF)
2026-09-12T13:27:45.417+08:00  INFO 567 --- [control-app] [           main] [                                                 ] com.zaxxer.hikari.HikariDataSource       : HikariPool-1 - Starting...
2026-09-12T13:27:45.546+08:00  INFO 567 --- [control-app] [           main] [                                                 ] com.zaxxer.hikari.pool.HikariPool        : HikariPool-1 - Added connection org.postgresql.jdbc.PgConnection@3015f2ec
2026-09-12T13:27:45.548+08:00  INFO 567 --- [control-app] [           main] [                                                 ] com.zaxxer.hikari.HikariDataSource       : HikariPool-1 - Start completed.
2026-09-12T13:27:45.734+08:00  INFO 567 --- [control-app] [           main] [                                                 ] org.flywaydb.core.FlywayExecutor         : Database: jdbc:postgresql://localhost:33630/test?loggerLevel=OFF (PostgreSQL 16.15)
2026-09-12T13:27:45.786+08:00  INFO 567 --- [control-app] [           main] [                                                 ] o.f.c.i.s.JdbcTableSchemaHistory         : Schema history table "public"."flyway_schema_history" does not exist yet
2026-09-12T13:27:45.790+08:00  INFO 567 --- [control-app] [           main] [                                                 ] o.f.core.internal.command.DbValidate     : Successfully validated 66 migrations (execution time 00:00.035s)
2026-09-12T13:27:45.802+08:00  INFO 567 --- [control-app] [           main] [                                                 ] o.f.c.i.s.JdbcTableSchemaHistory         : Creating Schema History table "public"."flyway_schema_history" ...
2026-09-12T13:27:45.832+08:00  INFO 567 --- [control-app] [           main] [                                                 ] o.f.core.internal.command.DbMigrate      : Current version of schema "public": << Empty Schema >>
2026-09-12T13:27:45.866+08:00  INFO 567 --- [control-app] [           main] [                                                 ] o.f.core.internal.command.DbMigrate      : Migrating schema "public" to version "1 - m0 schema"
2026-09-12T13:27:45.972+08:00  INFO 567 --- [control-app] [           main] [                                                 ] o.f.core.internal.command.DbMigrate      : Migrating schema "public" to version "2 - grants"
2026-09-12T13:27:46.013+08:00  INFO 567 --- [control-app] [           main] [                                                 ] o.f.core.internal.command.DbMigrate      : Migrating schema "public" to version "3 - m1 inbox reconcile"
2026-09-12T13:27:46.054+08:00  INFO 567 --- [control-app] [           main] [                                                 ] o.f.core.internal.command.DbMigrate      : Migrating schema "public" to version "4 - m2 checkpoint repair"
2026-09-12T13:27:46.083+08:00  INFO 567 --- [control-app] [           main] [                                                 ] o.f.core.internal.command.DbMigrate      : Migrating schema "public" to version "5 - m3 model governance"
2026-09-12T13:27:46.118+08:00  INFO 567 --- [control-app] [           main] [                                                 ] o.f.core.internal.command.DbMigrate      : Migrating schema "public" to version "6 - m4 sandbox"
2026-09-12T13:27:46.188+08:00  INFO 567 --- [control-app] [           main] [                                                 ] o.f.core.internal.command.DbMigrate      : Migrating schema "public" to version "7 - am1 alert domain"
2026-09-12T13:27:46.253+08:00  INFO 567 --- [control-app] [           main] [                                                 ] o.f.core.internal.command.DbMigrate      : Migrating schema "public" to version "8 - am1 dag reserve"
2026-09-12T13:27:46.276+08:00  INFO 567 --- [control-app] [           main] [                                                 ] o.f.core.internal.command.DbMigrate      : Migrating schema "public" to version "9 - am3 eval notify"
2026-09-12T13:27:46.328+08:00  INFO 567 --- [control-app] [           main] [                                                 ] o.f.core.internal.command.DbMigrate      : Migrating schema "public" to version "10 - am3 eval run"
2026-09-12T13:27:46.349+08:00  INFO 567 --- [control-app] [           main] [                                                 ] o.f.core.internal.command.DbMigrate      : Migrating schema "public" to version "11 - am3 eval readonly"
2026-09-12T13:27:46.356+08:00  INFO 567 --- [control-app] [           main] [                                                 ] o.f.core.internal.command.DbMigrate      : Migrating schema "public" to version "12 - am4 state expansion"
2026-09-12T13:27:46.369+08:00  INFO 567 --- [control-app] [           main] [                                                 ] o.f.core.internal.command.DbMigrate      : Migrating schema "public" to version "13 - am4 budget ledger"
2026-09-12T13:27:46.387+08:00  INFO 567 --- [control-app] [           main] [                                                 ] o.f.core.internal.command.DbMigrate      : Migrating schema "public" to version "14 - am4 rca event"
2026-09-12T13:27:46.403+08:00  INFO 567 --- [control-app] [           main] [                                                 ] o.f.core.internal.command.DbMigrate      : Migrating schema "public" to version "15 - am4 tool invocation ledger"
2026-09-12T13:27:46.417+08:00  INFO 567 --- [control-app] [           main] [                                                 ] o.f.core.internal.command.DbMigrate      : Migrating schema "public" to version "16 - am4 evidence snapshot"
2026-09-12T13:27:46.450+08:00  INFO 567 --- [control-app] [           main] [                                                 ] o.f.core.internal.command.DbMigrate      : Migrating schema "public" to version "17 - am4 claim"
2026-09-12T13:27:46.468+08:00  INFO 567 --- [control-app] [           main] [                                                 ] o.f.core.internal.command.DbMigrate      : Migrating schema "public" to version "18 - am4 task edge run scope"
2026-09-12T13:27:46.489+08:00  INFO 567 --- [control-app] [           main] [                                                 ] o.f.core.internal.command.DbMigrate      : Migrating schema "public" to version "19 - am4 tool replay"
2026-09-12T13:27:46.515+08:00  INFO 567 --- [control-app] [           main] [                                                 ] o.f.core.internal.command.DbMigrate      : Migrating schema "public" to version "20 - am5 dataset version"
2026-09-12T13:27:46.541+08:00  INFO 567 --- [control-app] [           main] [                                                 ] o.f.core.internal.command.DbMigrate      : Migrating schema "public" to version "21 - am5 dataset partition"
2026-09-12T13:27:46.572+08:00  INFO 567 --- [control-app] [           main] [                                                 ] o.f.core.internal.command.DbMigrate      : Migrating schema "public" to version "22 - am5 golden candidate"
2026-09-12T13:27:46.614+08:00  INFO 567 --- [control-app] [           main] [                                                 ] o.f.core.internal.command.DbMigrate      : Migrating schema "public" to version "23 - am5 sampling fingerprint"
2026-09-12T13:27:46.653+08:00  INFO 567 --- [control-app] [           main] [                                                 ] o.f.core.internal.command.DbMigrate      : Migrating schema "public" to version "24 - am5 config bundle"
2026-09-12T13:27:46.688+08:00  INFO 567 --- [control-app] [           main] [                                                 ] o.f.core.internal.command.DbMigrate      : Migrating schema "public" to version "25 - am5 canary route"
2026-09-12T13:27:46.718+08:00  INFO 567 --- [control-app] [           main] [                                                 ] o.f.core.internal.command.DbMigrate      : Migrating schema "public" to version "26 - am5 operator case"
2026-09-12T13:27:46.738+08:00  INFO 567 --- [control-app] [           main] [                                                 ] o.f.core.internal.command.DbMigrate      : Migrating schema "public" to version "27 - am5 operator command"
2026-09-12T13:27:46.773+08:00  INFO 567 --- [control-app] [           main] [                                                 ] o.f.core.internal.command.DbMigrate      : Migrating schema "public" to version "28 - am5 monthly partition"
2026-09-12T13:27:46.822+08:00  INFO 567 --- [control-app] [           main] [                                                 ] o.f.core.internal.command.DbMigrate      : Migrating schema "public" to version "29 - am5 retention archive"
2026-09-12T13:27:46.848+08:00  INFO 567 --- [control-app] [           main] [                                                 ] o.f.core.internal.command.DbMigrate      : Migrating schema "public" to version "30 - am6 canary window verdict"
2026-09-12T13:27:46.869+08:00  INFO 567 --- [control-app] [           main] [                                                 ] o.f.core.internal.command.DbMigrate      : Migrating schema "public" to version "31 - ba52 canary decision fk deferred"
2026-09-12T13:27:46.878+08:00  INFO 567 --- [control-app] [           main] [                                                 ] o.f.core.internal.command.DbMigrate      : Migrating schema "public" to version "32 - am6 engine comparison"
2026-09-12T13:27:46.892+08:00  INFO 567 --- [control-app] [           main] [                                                 ] o.f.core.internal.command.DbMigrate      : Migrating schema "public" to version "33 - am6 run fallback"
2026-09-12T13:27:46.910+08:00  INFO 567 --- [control-app] [           main] [                                                 ] o.f.core.internal.command.DbMigrate      : Migrating schema "public" to version "34 - am6 engine shadow work"
2026-09-12T13:27:46.923+08:00  INFO 567 --- [control-app] [           main] [                                                 ] o.f.core.internal.command.DbMigrate      : Migrating schema "public" to version "35 - m607 holmes wish decision run id nullable"
2026-09-12T13:27:46.931+08:00  INFO 567 --- [control-app] [           main] [                                                 ] o.f.core.internal.command.DbMigrate      : Migrating schema "public" to version "36 - exa0 investigation identity"
2026-09-12T13:27:46.939+08:00  INFO 567 --- [control-app] [           main] [                                                 ] o.f.core.internal.command.DbMigrate      : Migrating schema "public" to version "37 - exa4a claim kind"
2026-09-12T13:27:46.945+08:00  INFO 567 --- [control-app] [           main] [                                                 ] o.f.core.internal.command.DbMigrate      : Migrating schema "public" to version "38 - exa3 tool invocation result ref"
2026-09-12T13:27:46.953+08:00  INFO 567 --- [control-app] [           main] [                                                 ] o.f.core.internal.command.DbMigrate      : Migrating schema "public" to version "39 - b21 operator command state widen"
2026-09-12T13:27:46.962+08:00  INFO 567 --- [control-app] [           main] [                                                 ] o.f.core.internal.command.DbMigrate      : Migrating schema "public" to version "40 - exb1 change event"
2026-09-12T13:27:46.974+08:00  INFO 567 --- [control-app] [           main] [                                                 ] o.f.core.internal.command.DbMigrate      : Migrating schema "public" to version "41 - exa4b incident waiting reason"
2026-09-12T13:27:46.980+08:00  INFO 567 --- [control-app] [           main] [                                                 ] o.f.core.internal.command.DbMigrate      : Migrating schema "public" to version "42 - exc3a auth event"
2026-09-12T13:27:46.997+08:00  INFO 567 --- [control-app] [           main] [                                                 ] o.f.core.internal.command.DbMigrate      : Migrating schema "public" to version "43 - am7 duty"
2026-09-12T13:27:47.037+08:00  INFO 567 --- [control-app] [           main] [                                                 ] o.f.core.internal.command.DbMigrate      : Migrating schema "public" to version "44 - auth1 platform user"
2026-09-12T13:27:47.046+08:00  INFO 567 --- [control-app] [           main] [                                                 ] o.f.core.internal.command.DbMigrate      : Migrating schema "public" to version "45 - ui5 eval readonly grants"
2026-09-12T13:27:47.054+08:00  INFO 567 --- [control-app] [           main] [                                                 ] o.f.core.internal.command.DbMigrate      : Migrating schema "public" to version "46 - r7x1 task execution binding"
2026-09-12T13:27:47.073+08:00  INFO 567 --- [control-app] [           main] [                                                 ] o.f.core.internal.command.DbMigrate      : Migrating schema "public" to version "47 - r7x4 primary state"
2026-09-12T13:27:47.096+08:00  INFO 567 --- [control-app] [           main] [                                                 ] o.f.core.internal.command.DbMigrate      : Migrating schema "public" to version "48 - r7a1 rca model call"
2026-09-12T13:27:47.112+08:00  INFO 567 --- [control-app] [           main] [                                                 ] o.f.core.internal.command.DbMigrate      : Migrating schema "public" to version "60 - en01 release asset"
2026-09-12T13:27:47.124+08:00  INFO 567 --- [control-app] [           main] [                                                 ] o.f.core.internal.command.DbMigrate      : Migrating schema "public" to version "61 - en02 release qualification"
2026-09-12T13:27:47.139+08:00  INFO 567 --- [control-app] [           main] [                                                 ] o.f.core.internal.command.DbMigrate      : Migrating schema "public" to version "62 - en09 eval grader version"
2026-09-12T13:27:47.150+08:00  INFO 567 --- [control-app] [           main] [                                                 ] o.f.core.internal.command.DbMigrate      : Migrating schema "public" to version "63 - en04 run config epoch"
2026-09-12T13:27:47.166+08:00  INFO 567 --- [control-app] [           main] [                                                 ] o.f.core.internal.command.DbMigrate      : Migrating schema "public" to version "64 - en06 mcp server registry"
2026-09-12T13:27:47.177+08:00  INFO 567 --- [control-app] [           main] [                                                 ] o.f.core.internal.command.DbMigrate      : Migrating schema "public" to version "80 - ev03 eval projection contract"
2026-09-12T13:27:47.192+08:00  INFO 567 --- [control-app] [           main] [                                                 ] o.f.core.internal.command.DbMigrate      : Migrating schema "public" to version "81 - ev04 eval lifecycle"
2026-09-12T13:27:47.210+08:00  INFO 567 --- [control-app] [           main] [                                                 ] o.f.core.internal.command.DbMigrate      : Migrating schema "public" to version "82 - ux01 incident classification"
2026-09-12T13:27:47.238+08:00  INFO 567 --- [control-app] [           main] [                                                 ] o.f.core.internal.command.DbMigrate      : Migrating schema "public" to version "83 - ux02 duty bot"
2026-09-12T13:27:47.262+08:00  INFO 567 --- [control-app] [           main] [                                                 ] o.f.core.internal.command.DbMigrate      : Migrating schema "public" to version "85 - ev07 eval comparison"
2026-09-12T13:27:47.281+08:00  INFO 567 --- [control-app] [           main] [                                                 ] o.f.core.internal.command.DbMigrate      : Migrating schema "public" to version "86 - dr02 drill job"
2026-09-12T13:27:47.306+08:00  INFO 567 --- [control-app] [           main] [                                                 ] o.f.core.internal.command.DbMigrate      : Migrating schema "public" to version "87 - ev08 eval review"
2026-09-12T13:27:47.334+08:00  INFO 567 --- [control-app] [           main] [                                                 ] o.f.core.internal.command.DbMigrate      : Migrating schema "public" to version "88 - r7 checkpoint last error"
2026-09-12T13:27:47.344+08:00  INFO 567 --- [control-app] [           main] [                                                 ] o.f.core.internal.command.DbMigrate      : Migrating schema "public" to version "89 - en07 release asset kinds"
2026-09-12T13:27:47.364+08:00  INFO 567 --- [control-app] [           main] [                                                 ] o.f.core.internal.command.DbMigrate      : Migrating schema "public" to version "90 - r2 input capture"
2026-09-12T13:27:47.385+08:00  INFO 567 --- [control-app] [           main] [                                                 ] o.f.core.internal.command.DbMigrate      : Migrating schema "public" to version "91 - r10 working memory"
2026-09-12T13:27:47.401+08:00  INFO 567 --- [control-app] [           main] [                                                 ] o.f.core.internal.command.DbMigrate      : Migrating schema "public" to version "92 - r11 context summary"
2026-09-12T13:27:47.414+08:00  INFO 567 --- [control-app] [           main] [                                                 ] o.f.core.internal.command.DbMigrate      : Migrating schema "public" to version "93 - r6 eval app model call grant"
2026-09-12T13:27:47.422+08:00  INFO 567 --- [control-app] [           main] [                                                 ] o.f.core.internal.command.DbMigrate      : Successfully applied 66 migrations to schema "public", now at version v93 (execution time 00:00.893s)
2026-09-12T13:27:47.428+08:00  INFO 567 --- [control-app] [           main] [                                                 ] com.zaxxer.hikari.HikariDataSource       : HikariPool-2 - Starting...
2026-09-12T13:27:47.452+08:00  INFO 567 --- [control-app] [           main] [                                                 ] com.zaxxer.hikari.pool.HikariPool        : HikariPool-2 - Added connection org.postgresql.jdbc.PgConnection@1d1dcd87
2026-09-12T13:27:47.453+08:00  INFO 567 --- [control-app] [           main] [                                                 ] com.zaxxer.hikari.HikariDataSource       : HikariPool-2 - Start completed.
2026-09-12T13:27:47.453+08:00  INFO 567 --- [control-app] [           main] [                                                 ] com.zaxxer.hikari.HikariDataSource       : HikariPool-3 - Starting...
2026-09-12T13:27:47.487+08:00  INFO 567 --- [control-app] [           main] [                                                 ] com.zaxxer.hikari.pool.HikariPool        : HikariPool-3 - Added connection org.postgresql.jdbc.PgConnection@522e74b1
2026-09-12T13:27:47.488+08:00  INFO 567 --- [control-app] [           main] [                                                 ] com.zaxxer.hikari.HikariDataSource       : HikariPool-3 - Start completed.
2026-09-12T13:27:47.488+08:00  INFO 567 --- [control-app] [           main] [                                                 ] com.zaxxer.hikari.HikariDataSource       : HikariPool-4 - Starting...
2026-09-12T13:27:47.506+08:00  INFO 567 --- [control-app] [           main] [                                                 ] com.zaxxer.hikari.pool.HikariPool        : HikariPool-4 - Added connection org.postgresql.jdbc.PgConnection@5f954cc6
2026-09-12T13:27:47.506+08:00  INFO 567 --- [control-app] [           main] [                                                 ] com.zaxxer.hikari.HikariDataSource       : HikariPool-4 - Start completed.
2026-09-12T13:27:47.506+08:00  INFO 567 --- [control-app] [           main] [                                                 ] com.zaxxer.hikari.HikariDataSource       : HikariPool-5 - Starting...
2026-09-12T13:27:47.524+08:00  INFO 567 --- [control-app] [           main] [                                                 ] com.zaxxer.hikari.pool.HikariPool        : HikariPool-5 - Added connection org.postgresql.jdbc.PgConnection@32809395
2026-09-12T13:27:47.525+08:00  INFO 567 --- [control-app] [           main] [                                                 ] com.zaxxer.hikari.HikariDataSource       : HikariPool-5 - Start completed.
2026-09-12T13:27:47.734+08:00  INFO 567 --- [control-app] [           main] [                                                 ] com.zaxxer.hikari.HikariDataSource       : HikariPool-6 - Starting...
2026-09-12T13:27:47.769+08:00  INFO 567 --- [control-app] [           main] [                                                 ] com.zaxxer.hikari.pool.HikariPool        : HikariPool-6 - Added connection org.postgresql.jdbc.PgConnection@535693ae
2026-09-12T13:27:47.770+08:00  INFO 567 --- [control-app] [           main] [                                                 ] com.zaxxer.hikari.HikariDataSource       : HikariPool-6 - Start completed.
2026-09-12T13:27:47.992+08:00  INFO 567 --- [control-app] [           main] [                                                 ] com.zaxxer.hikari.HikariDataSource       : HikariPool-7 - Starting...
2026-09-12T13:27:48.010+08:00  INFO 567 --- [control-app] [           main] [                                                 ] com.zaxxer.hikari.pool.HikariPool        : HikariPool-7 - Added connection org.postgresql.jdbc.PgConnection@de2a59a
2026-09-12T13:27:48.011+08:00  INFO 567 --- [control-app] [           main] [                                                 ] com.zaxxer.hikari.HikariDataSource       : HikariPool-7 - Start completed.
2026-09-12T13:27:48.177+08:00  INFO 567 --- [control-app] [           main] [                                                 ] com.zaxxer.hikari.HikariDataSource       : HikariPool-8 - Starting...
2026-09-12T13:27:48.192+08:00  INFO 567 --- [control-app] [           main] [                                                 ] com.zaxxer.hikari.pool.HikariPool        : HikariPool-8 - Added connection org.postgresql.jdbc.PgConnection@7314703a
2026-09-12T13:27:48.192+08:00  INFO 567 --- [control-app] [           main] [                                                 ] com.zaxxer.hikari.HikariDataSource       : HikariPool-8 - Start completed.
2026-09-12T13:27:48.332+08:00  INFO 567 --- [control-app] [           main] [                                                 ] com.zaxxer.hikari.HikariDataSource       : HikariPool-9 - Starting...
2026-09-12T13:27:48.348+08:00  INFO 567 --- [control-app] [           main] [                                                 ] com.zaxxer.hikari.pool.HikariPool        : HikariPool-9 - Added connection org.postgresql.jdbc.PgConnection@6c5923f0
2026-09-12T13:27:48.349+08:00  INFO 567 --- [control-app] [           main] [                                                 ] com.zaxxer.hikari.HikariDataSource       : HikariPool-9 - Start completed.
2026-09-12T13:27:48.494+08:00  INFO 567 --- [control-app] [           main] [                                                 ] com.zaxxer.hikari.HikariDataSource       : HikariPool-10 - Starting...
2026-09-12T13:27:48.508+08:00  INFO 567 --- [control-app] [           main] [                                                 ] com.zaxxer.hikari.pool.HikariPool        : HikariPool-10 - Added connection org.postgresql.jdbc.PgConnection@759660a3
2026-09-12T13:27:48.508+08:00  INFO 567 --- [control-app] [           main] [                                                 ] com.zaxxer.hikari.HikariDataSource       : HikariPool-10 - Start completed.
[INFO] Tests run: 5, Failures: 0, Errors: 0, Skipped: 0, Time elapsed: 4.424 s -- in com.objwww.pr.control.it.PostgresDatasetPartitionAccessTest
[INFO] Running com.objwww.pr.control.it.PostgresConfigBundleRepositoryTest
2026-09-12T13:27:48.672+08:00  INFO 567 --- [control-app] [           main] [                                                 ] c.o.p.c.r.a.ConfigBundleService          : bundle 发布: 30ad808ed98886e339611e59f7bac711638e216776d0231c3aad2a5fe468382c revision=1 by=op-1 policy=policy-2026-09
2026-09-12T13:27:48.679+08:00  INFO 567 --- [control-app] [           main] [                                                 ] c.o.p.c.r.a.ConfigBundleService          : 资格授予: candidate=30ad808ed98886e339611e59f7bac711638e216776d0231c3aad2a5fe468382c verdict=PASS usage=MATCHED by=it-grader
2026-09-12T13:27:48.692+08:00  INFO 567 --- [control-app] [           main] [                                                 ] c.o.p.c.r.a.ConfigBundleService          : ACTIVATE 落位: 30ad808ed98886e339611e59f7bac711638e216776d0231c3aad2a5fe468382c revision=1 by=op-1
2026-09-12T13:27:48.854+08:00  INFO 567 --- [control-app] [           main] [                                                 ] c.o.p.c.r.a.ConfigBundleService          : bundle 发布: 30ad808ed98886e339611e59f7bac711638e216776d0231c3aad2a5fe468382c revision=1 by=op-1 policy=policy-2026-09
2026-09-12T13:27:48.861+08:00  INFO 567 --- [control-app] [           main] [                                                 ] c.o.p.c.r.a.ConfigBundleService          : 资格授予: candidate=30ad808ed98886e339611e59f7bac711638e216776d0231c3aad2a5fe468382c verdict=PASS usage=MATCHED by=it-grader
2026-09-12T13:27:49.003+08:00  INFO 567 --- [control-app] [           main] [                                                 ] c.o.p.c.r.a.ConfigBundleService          : bundle 发布: 30ad808ed98886e339611e59f7bac711638e216776d0231c3aad2a5fe468382c revision=1 by=op-1 policy=policy-2026-09
2026-09-12T13:27:49.007+08:00  INFO 567 --- [control-app] [           main] [                                                 ] c.o.p.c.r.a.ConfigBundleService          : bundle 发布: be840a4ff5d98fc58380e1ed2d6501f2a7edb25711430dc0e9023b687140db80 revision=2 by=op-1 policy=policy-2026-09
2026-09-12T13:27:49.012+08:00  INFO 567 --- [control-app] [           main] [                                                 ] c.o.p.c.r.a.ConfigBundleService          : 资格授予: candidate=30ad808ed98886e339611e59f7bac711638e216776d0231c3aad2a5fe468382c verdict=PASS usage=MATCHED by=it-grader
2026-09-12T13:27:49.018+08:00  INFO 567 --- [control-app] [           main] [                                                 ] c.o.p.c.r.a.ConfigBundleService          : 资格授予: candidate=be840a4ff5d98fc58380e1ed2d6501f2a7edb25711430dc0e9023b687140db80 verdict=PASS usage=MATCHED by=it-grader
2026-09-12T13:27:49.035+08:00  INFO 567 --- [control-app] [           main] [                                                 ] c.o.p.c.r.a.ConfigBundleService          : ACTIVATE 落位: 30ad808ed98886e339611e59f7bac711638e216776d0231c3aad2a5fe468382c revision=1 by=op-1
2026-09-12T13:27:49.040+08:00  INFO 567 --- [control-app] [           main] [                                                 ] c.o.p.c.r.a.ConfigBundleService          : ACTIVATE 落位: be840a4ff5d98fc58380e1ed2d6501f2a7edb25711430dc0e9023b687140db80 revision=2 by=op-1
2026-09-12T13:27:49.047+08:00  INFO 567 --- [control-app] [           main] [                                                 ] c.o.p.c.r.a.ConfigBundleService          : ROLLBACK 落位: 30ad808ed98886e339611e59f7bac711638e216776d0231c3aad2a5fe468382c revision=1 by=op-2
2026-09-12T13:27:49.190+08:00  INFO 567 --- [control-app] [           main] [                                                 ] c.o.p.c.r.a.ConfigBundleService          : bundle 发布: 30ad808ed98886e339611e59f7bac711638e216776d0231c3aad2a5fe468382c revision=1 by=op-1 policy=policy-2026-09
2026-09-12T13:27:49.192+08:00  INFO 567 --- [control-app] [           main] [                                                 ] c.o.p.c.r.a.ConfigBundleService          : bundle 幂等重放: 30ad808ed98886e339611e59f7bac711638e216776d0231c3aad2a5fe468382c revision=1 by=op-2
[INFO] Tests run: 4, Failures: 0, Errors: 0, Skipped: 0, Time elapsed: 0.678 s -- in com.objwww.pr.control.it.PostgresConfigBundleRepositoryTest
[INFO] Running com.objwww.pr.control.it.PostgresModelCallLedgerRepositoryTest
[INFO] Tests run: 2, Failures: 0, Errors: 0, Skipped: 0, Time elapsed: 0.279 s -- in com.objwww.pr.control.it.PostgresModelCallLedgerRepositoryTest
[INFO] Running com.objwww.pr.control.it.PostgresGoldenCandidateRepositoryTest
2026-09-12T13:27:49.631+08:00  INFO 567 --- [control-app] [           main] [                                                 ] com.zaxxer.hikari.HikariDataSource       : HikariPool-11 - Starting...
2026-09-12T13:27:49.640+08:00  INFO 567 --- [control-app] [           main] [                                                 ] com.zaxxer.hikari.pool.HikariPool        : HikariPool-11 - Added connection org.postgresql.jdbc.PgConnection@6ef79ba6
2026-09-12T13:27:49.640+08:00  INFO 567 --- [control-app] [           main] [                                                 ] com.zaxxer.hikari.HikariDataSource       : HikariPool-11 - Start completed.
2026-09-12T13:27:49.657+08:00  INFO 567 --- [control-app] [           main] [                                                 ] com.zaxxer.hikari.HikariDataSource       : HikariPool-11 - Shutdown initiated...
2026-09-12T13:27:49.660+08:00  INFO 567 --- [control-app] [           main] [                                                 ] com.zaxxer.hikari.HikariDataSource       : HikariPool-11 - Shutdown completed.
2026-09-12T13:27:49.787+08:00  INFO 567 --- [control-app] [           main] [                                                 ] com.zaxxer.hikari.HikariDataSource       : HikariPool-12 - Starting...
2026-09-12T13:27:49.796+08:00  INFO 567 --- [control-app] [           main] [                                                 ] com.zaxxer.hikari.pool.HikariPool        : HikariPool-12 - Added connection org.postgresql.jdbc.PgConnection@14c7dbe9
2026-09-12T13:27:49.796+08:00  INFO 567 --- [control-app] [           main] [                                                 ] com.zaxxer.hikari.HikariDataSource       : HikariPool-12 - Start completed.
2026-09-12T13:27:49.800+08:00  INFO 567 --- [control-app] [           main] [                                                 ] com.zaxxer.hikari.HikariDataSource       : HikariPool-12 - Shutdown initiated...
2026-09-12T13:27:49.801+08:00  INFO 567 --- [control-app] [           main] [                                                 ] com.zaxxer.hikari.HikariDataSource       : HikariPool-12 - Shutdown completed.
2026-09-12T13:27:49.914+08:00  INFO 567 --- [control-app] [           main] [                                                 ] com.zaxxer.hikari.HikariDataSource       : HikariPool-13 - Starting...
2026-09-12T13:27:49.924+08:00  INFO 567 --- [control-app] [           main] [                                                 ] com.zaxxer.hikari.pool.HikariPool        : HikariPool-13 - Added connection org.postgresql.jdbc.PgConnection@579c2f0b
2026-09-12T13:27:49.925+08:00  INFO 567 --- [control-app] [           main] [                                                 ] com.zaxxer.hikari.HikariDataSource       : HikariPool-13 - Start completed.
2026-09-12T13:27:49.937+08:00  INFO 567 --- [control-app] [           main] [                                                 ] com.zaxxer.hikari.HikariDataSource       : HikariPool-13 - Shutdown initiated...
2026-09-12T13:27:49.938+08:00  INFO 567 --- [control-app] [           main] [                                                 ] com.zaxxer.hikari.HikariDataSource       : HikariPool-13 - Shutdown completed.
2026-09-12T13:27:50.067+08:00  INFO 567 --- [control-app] [           main] [                                                 ] com.zaxxer.hikari.HikariDataSource       : HikariPool-14 - Starting...
2026-09-12T13:27:50.077+08:00  INFO 567 --- [control-app] [           main] [                                                 ] com.zaxxer.hikari.pool.HikariPool        : HikariPool-14 - Added connection org.postgresql.jdbc.PgConnection@58331c1b
2026-09-12T13:27:50.077+08:00  INFO 567 --- [control-app] [           main] [                                                 ] com.zaxxer.hikari.HikariDataSource       : HikariPool-14 - Start completed.
2026-09-12T13:27:50.093+08:00  INFO 567 --- [control-app] [           main] [                                                 ] com.zaxxer.hikari.HikariDataSource       : HikariPool-14 - Shutdown initiated...
2026-09-12T13:27:50.093+08:00  INFO 567 --- [control-app] [           main] [                                                 ] com.zaxxer.hikari.HikariDataSource       : HikariPool-14 - Shutdown completed.
2026-09-12T13:27:50.228+08:00  INFO 567 --- [control-app] [           main] [                                                 ] com.zaxxer.hikari.HikariDataSource       : HikariPool-15 - Starting...
2026-09-12T13:27:50.236+08:00  INFO 567 --- [control-app] [           main] [                                                 ] com.zaxxer.hikari.pool.HikariPool        : HikariPool-15 - Added connection org.postgresql.jdbc.PgConnection@243658fe
2026-09-12T13:27:50.236+08:00  INFO 567 --- [control-app] [           main] [                                                 ] com.zaxxer.hikari.HikariDataSource       : HikariPool-15 - Start completed.
2026-09-12T13:27:50.251+08:00  INFO 567 --- [control-app] [           main] [                                                 ] com.zaxxer.hikari.HikariDataSource       : HikariPool-15 - Shutdown initiated...
2026-09-12T13:27:50.252+08:00  INFO 567 --- [control-app] [           main] [                                                 ] com.zaxxer.hikari.HikariDataSource       : HikariPool-15 - Shutdown completed.
[INFO] Tests run: 5, Failures: 0, Errors: 0, Skipped: 0, Time elapsed: 0.777 s -- in com.objwww.pr.control.it.PostgresGoldenCandidateRepositoryTest
[INFO] Running com.objwww.pr.control.it.PostgresDatasetVersionRepositoryTest
[INFO] Tests run: 5, Failures: 0, Errors: 0, Skipped: 0, Time elapsed: 0.681 s -- in com.objwww.pr.control.it.PostgresDatasetVersionRepositoryTest
[INFO] Running com.objwww.pr.control.it.PostgresReleaseAssetRepositoryTest
2026-09-12T13:27:51.106+08:00  INFO 567 --- [control-app] [           main] [                                                 ] c.o.p.c.r.a.ConfigBundleService          : 资产注册: PROMPT 1c2cb70b06ff9fb87bacf727276b6730bb7451dd0953cd87c9e97b91c2190cb5 by=op-1
2026-09-12T13:27:51.108+08:00  INFO 567 --- [control-app] [           main] [                                                 ] c.o.p.c.r.a.ConfigBundleService          : 资产注册: SKILL c620038518f08e426605f81f47c121ecb851dc46885c954dc9528092fa5911d3 by=op-1
2026-09-12T13:27:51.108+08:00  INFO 567 --- [control-app] [           main] [                                                 ] c.o.p.c.r.a.ConfigBundleService          : 资产注册: TOOL_SCHEMA c3dcd8c37f33f564cd506ece7666493ae7938c2804117db2f4fa7468c92be37f by=op-1
2026-09-12T13:27:51.114+08:00  INFO 567 --- [control-app] [           main] [                                                 ] c.o.p.c.r.a.ConfigBundleService          : release_manifest 依赖闭包通过: roles=[primary] skills=1 toolSchemas=1
2026-09-12T13:27:51.116+08:00  INFO 567 --- [control-app] [           main] [                                                 ] c.o.p.c.r.a.ConfigBundleService          : bundle 发布: d75424d2b53b9451d2862936b9ff40200860203e72d671422029f7928ea16fc6 revision=1 by=op-1 policy=policy-2026-09
2026-09-12T13:27:51.118+08:00  INFO 567 --- [control-app] [           main] [                                                 ] c.o.p.c.r.a.ConfigBundleService          : 资格授予: candidate=d75424d2b53b9451d2862936b9ff40200860203e72d671422029f7928ea16fc6 verdict=PASS usage=UNKNOWN by=op-1
2026-09-12T13:27:51.123+08:00  INFO 567 --- [control-app] [           main] [                                                 ] c.o.p.c.r.a.ConfigBundleService          : ACTIVATE 落位: d75424d2b53b9451d2862936b9ff40200860203e72d671422029f7928ea16fc6 revision=1 by=op-1
[INFO] Tests run: 4, Failures: 0, Errors: 0, Skipped: 0, Time elapsed: 0.560 s -- in com.objwww.pr.control.it.PostgresReleaseAssetRepositoryTest
[INFO] Running com.objwww.pr.control.drill.domain.statemachine.DrillLifecycleTest
[INFO] Tests run: 5, Failures: 0, Errors: 0, Skipped: 0, Time elapsed: 0.003 s -- in com.objwww.pr.control.drill.domain.statemachine.DrillLifecycleTest
[INFO] Running com.objwww.pr.control.drill.domain.model.DrillJobTest
[INFO] Tests run: 4, Failures: 0, Errors: 0, Skipped: 0, Time elapsed: 0.003 s -- in com.objwww.pr.control.drill.domain.model.DrillJobTest
[INFO] Running com.objwww.pr.control.drill.application.DrillTimelineTest
[INFO] Tests run: 6, Failures: 0, Errors: 0, Skipped: 0, Time elapsed: 0.006 s -- in com.objwww.pr.control.drill.application.DrillTimelineTest
[INFO] Running com.objwww.pr.control.drill.application.DrillWorkerTest
2026-09-12T13:27:51.515+08:00  WARN 567 --- [control-app] [           main] [                                                 ] c.o.p.c.drill.application.DrillWorker    : drill worker drill-worker-1 领取作业：drill=bee44940-bfee-4d67-b953-f2f8da151ef1 scenario=T1 env=arena-195
2026-09-12T13:27:51.517+08:00  WARN 567 --- [control-app] [           main] [                                                 ] c.o.p.c.drill.application.DrillWorker    : drill bee44940-bfee-4d67-b953-f2f8da151ef1 已进入 OBSERVING——症状等待/恢复/核验推进随 DR-03/04 接线交付，本拍到此为止（作业保持活动占位）
2026-09-12T13:27:51.520+08:00  WARN 567 --- [control-app] [           main] [                                                 ] c.o.p.c.drill.application.DrillWorker    : drill worker drill-worker-1 领取作业：drill=37ecbea4-261c-4533-af44-2319cf485568 scenario=T1 env=arena-195
2026-09-12T13:27:51.527+08:00  WARN 567 --- [control-app] [           main] [                                                 ] c.o.p.c.drill.application.DrillWorker    : drill worker drill-worker-1 领取作业：drill=e365f0d6-0aa4-4917-8a67-fe388413f5f0 scenario=T1 env=arena-195
2026-09-12T13:27:51.530+08:00  WARN 567 --- [control-app] [           main] [                                                 ] c.o.p.c.drill.application.DrillWorker    : drill worker drill-worker-1 领取作业：drill=e284200a-a59c-4f9f-a054-3402f7693522 scenario=T1 env=arena-195
2026-09-12T13:27:51.538+08:00  WARN 567 --- [control-app] [           main] [                                                 ] c.o.p.c.drill.application.DrillWorker    : 孤儿 drill b337ca92-3bc4-43ae-b583-9dff64579829 → RECOVERY_FAILED（worker_lost，保留占位）
2026-09-12T13:27:51.540+08:00  WARN 567 --- [control-app] [           main] [                                                 ] c.o.p.c.drill.application.DrillWorker    : 孤儿 drill 1a4b771d-f060-421e-8d4c-b62f60350b4f 重排队（state=PRECHECK）
2026-09-12T13:27:51.542+08:00  WARN 567 --- [control-app] [           main] [                                                 ] c.o.p.c.drill.application.DrillWorker    : drill worker drill-worker-1 领取作业：drill=3d15665f-bdd5-4239-b76d-813ae33d7f02 scenario=T1 env=arena-195
2026-09-12T13:27:51.544+08:00  WARN 567 --- [control-app] [           main] [                                                 ] c.o.p.c.drill.application.DrillWorker    : 孤儿 drill 580cceba-5334-4cd8-a6b2-b4e1e3c4a277 → RECOVERY_FAILED（worker_lost，保留占位）
[INFO] Tests run: 8, Failures: 0, Errors: 0, Skipped: 0, Time elapsed: 0.034 s -- in com.objwww.pr.control.drill.application.DrillWorkerTest
[INFO] Running com.objwww.pr.control.drill.application.DrillJobServiceTest
[INFO] Tests run: 12, Failures: 0, Errors: 0, Skipped: 0, Time elapsed: 0.035 s -- in com.objwww.pr.control.drill.application.DrillJobServiceTest
[INFO] Running com.objwww.pr.control.drill.application.DrillTemplateCatalogTest
[INFO] Tests run: 5, Failures: 0, Errors: 0, Skipped: 0, Time elapsed: 0.014 s -- in com.objwww.pr.control.drill.application.DrillTemplateCatalogTest
[INFO] Running com.objwww.pr.control.drill.application.DrillPrecheckTest
[INFO] Tests run: 5, Failures: 0, Errors: 0, Skipped: 0, Time elapsed: 0.004 s -- in com.objwww.pr.control.drill.application.DrillPrecheckTest
[INFO] 
[INFO] Results:
[INFO] 
[INFO] Tests run: 1596, Failures: 0, Errors: 0, Skipped: 0
[INFO] 
[INFO] 
[INFO] --- jar:3.4.2:jar (default-jar) @ control-app ---
[INFO] 
[INFO] --- spring-boot:3.4.5:repackage (repackage) @ control-app ---
[INFO] Attaching repackaged archive /opt/build/pr/control-app/target/control-app-0.0.1-SNAPSHOT-exec.jar with classifier exec
[INFO] 
[INFO] --- failsafe:3.5.3:integration-test (default) @ control-app ---
[INFO] Using auto detected provider org.apache.maven.surefire.junitplatform.JUnitPlatformProvider
[INFO] 
[INFO] -------------------------------------------------------
[INFO]  T E S T S
[INFO] -------------------------------------------------------
13:27:54.280 [main] INFO org.testcontainers.DockerClientFactory -- Testcontainers version: 1.20.4
13:27:54.463 [main] INFO org.testcontainers.dockerclient.DockerClientProviderStrategy -- Loaded org.testcontainers.dockerclient.UnixSocketClientProviderStrategy from ~/.testcontainers.properties, will try it first
13:27:54.818 [main] INFO org.testcontainers.dockerclient.DockerClientProviderStrategy -- Found Docker environment with local Unix socket (unix:///var/run/docker.sock)
13:27:54.820 [main] INFO org.testcontainers.DockerClientFactory -- Docker host IP address is localhost
13:27:54.879 [main] INFO org.testcontainers.DockerClientFactory -- Connected to docker: 
  Server Version: 26.1.4
  API Version: 1.45
  Operating System: CentOS Linux 7 (Core)
  Total Memory: 7725 MB
13:27:54.892 [main] INFO org.testcontainers.images.PullPolicy -- Image pull policy will be performed by: DefaultPullPolicy()
13:27:54.905 [main] INFO org.testcontainers.utility.ImageNameSubstitutor -- Image name substitution will be performed by: DefaultImageNameSubstitutor (composite of 'ConfigurationFileImageNameSubstitutor' and 'PrefixingImageNameSubstitutor')
13:27:54.973 [main] INFO tc.testcontainers/ryuk:0.11.0 -- Creating container for image: testcontainers/ryuk:0.11.0
13:27:54.980 [main] INFO org.testcontainers.utility.RegistryAuthLocator -- Failure when attempting to lookup auth config. Please ignore if you don't have images in an authenticated registry. Details: (dockerImageName: testcontainers/ryuk:0.11.0, configFile: /root/.docker/config.json, configEnv: DOCKER_AUTH_CONFIG). Falling back to docker-java default behaviour. Exception message: Status 404: No config supplied. Checked in order: /root/.docker/config.json (file not found), DOCKER_AUTH_CONFIG (not set)
13:27:55.185 [main] INFO tc.testcontainers/ryuk:0.11.0 -- Container testcontainers/ryuk:0.11.0 is starting: 97c5a134a3f8179119eac4f0b1a2eca23f6f7a3d8cd8b30d42c3df6326ac9b87
13:27:55.515 [main] INFO tc.testcontainers/ryuk:0.11.0 -- Container testcontainers/ryuk:0.11.0 started in PT0.541457111S
13:27:55.520 [main] INFO org.testcontainers.utility.RyukResourceReaper -- Ryuk started - will monitor and terminate Testcontainers containers on JVM exit
13:27:55.521 [main] INFO org.testcontainers.DockerClientFactory -- Checking the system...
13:27:55.521 [main] INFO org.testcontainers.DockerClientFactory -- ✔︎ Docker server version should be at least 1.6.0
[INFO] Running com.objwww.pr.control.it.En06McpRegistryIT
13:27:55.573 [main] INFO tc.postgres:16-alpine -- Creating container for image: postgres:16-alpine
13:27:55.635 [main] INFO tc.postgres:16-alpine -- Container postgres:16-alpine is starting: 4908a2c2005c2617b332dea97f702509e8c08a278256eee521745a965d3f9f9e
13:27:56.917 [main] INFO tc.postgres:16-alpine -- Container postgres:16-alpine started in PT1.344367281S
13:27:56.918 [main] INFO tc.postgres:16-alpine -- Container is started (JDBC URL: jdbc:postgresql://localhost:33632/test?loggerLevel=OFF)
13:27:56.928 [main] INFO com.zaxxer.hikari.HikariDataSource -- HikariPool-1 - Starting...
13:27:57.145 [main] INFO com.zaxxer.hikari.pool.HikariPool -- HikariPool-1 - Added connection org.postgresql.jdbc.PgConnection@6009bea
13:27:57.147 [main] INFO com.zaxxer.hikari.HikariDataSource -- HikariPool-1 - Start completed.
13:27:57.505 [main] INFO org.flywaydb.core.FlywayExecutor -- Database: jdbc:postgresql://localhost:33632/test?loggerLevel=OFF (PostgreSQL 16.15)
13:27:57.632 [main] INFO org.flywaydb.core.internal.schemahistory.JdbcTableSchemaHistory -- Schema history table "public"."flyway_schema_history" does not exist yet
13:27:57.638 [main] INFO org.flywaydb.core.internal.command.DbValidate -- Successfully validated 66 migrations (execution time 00:00.084s)
13:27:57.667 [main] INFO org.flywaydb.core.internal.schemahistory.JdbcTableSchemaHistory -- Creating Schema History table "public"."flyway_schema_history" ...
13:27:57.717 [main] INFO org.flywaydb.core.internal.command.DbMigrate -- Current version of schema "public": << Empty Schema >>
13:27:57.771 [main] INFO org.flywaydb.core.internal.command.DbMigrate -- Migrating schema "public" to version "1 - m0 schema"
13:27:57.864 [main] INFO org.flywaydb.core.internal.command.DbMigrate -- Migrating schema "public" to version "2 - grants"
13:27:57.910 [main] INFO org.flywaydb.core.internal.command.DbMigrate -- Migrating schema "public" to version "3 - m1 inbox reconcile"
13:27:57.965 [main] INFO org.flywaydb.core.internal.command.DbMigrate -- Migrating schema "public" to version "4 - m2 checkpoint repair"
13:27:57.999 [main] INFO org.flywaydb.core.internal.command.DbMigrate -- Migrating schema "public" to version "5 - m3 model governance"
13:27:58.033 [main] INFO org.flywaydb.core.internal.command.DbMigrate -- Migrating schema "public" to version "6 - m4 sandbox"
13:27:58.103 [main] INFO org.flywaydb.core.internal.command.DbMigrate -- Migrating schema "public" to version "7 - am1 alert domain"
13:27:58.176 [main] INFO org.flywaydb.core.internal.command.DbMigrate -- Migrating schema "public" to version "8 - am1 dag reserve"
13:27:58.209 [main] INFO org.flywaydb.core.internal.command.DbMigrate -- Migrating schema "public" to version "9 - am3 eval notify"
13:27:58.260 [main] INFO org.flywaydb.core.internal.command.DbMigrate -- Migrating schema "public" to version "10 - am3 eval run"
13:27:58.286 [main] INFO org.flywaydb.core.internal.command.DbMigrate -- Migrating schema "public" to version "11 - am3 eval readonly"
13:27:58.293 [main] INFO org.flywaydb.core.internal.command.DbMigrate -- Migrating schema "public" to version "12 - am4 state expansion"
13:27:58.306 [main] INFO org.flywaydb.core.internal.command.DbMigrate -- Migrating schema "public" to version "13 - am4 budget ledger"
13:27:58.322 [main] INFO org.flywaydb.core.internal.command.DbMigrate -- Migrating schema "public" to version "14 - am4 rca event"
13:27:58.338 [main] INFO org.flywaydb.core.internal.command.DbMigrate -- Migrating schema "public" to version "15 - am4 tool invocation ledger"
13:27:58.352 [main] INFO org.flywaydb.core.internal.command.DbMigrate -- Migrating schema "public" to version "16 - am4 evidence snapshot"
13:27:58.375 [main] INFO org.flywaydb.core.internal.command.DbMigrate -- Migrating schema "public" to version "17 - am4 claim"
13:27:58.407 [main] INFO org.flywaydb.core.internal.command.DbMigrate -- Migrating schema "public" to version "18 - am4 task edge run scope"
13:27:58.450 [main] INFO org.flywaydb.core.internal.command.DbMigrate -- Migrating schema "public" to version "19 - am4 tool replay"
13:27:58.464 [main] INFO org.flywaydb.core.internal.command.DbMigrate -- Migrating schema "public" to version "20 - am5 dataset version"
13:27:58.482 [main] INFO org.flywaydb.core.internal.command.DbMigrate -- Migrating schema "public" to version "21 - am5 dataset partition"
13:27:58.501 [main] INFO org.flywaydb.core.internal.command.DbMigrate -- Migrating schema "public" to version "22 - am5 golden candidate"
13:27:58.522 [main] INFO org.flywaydb.core.internal.command.DbMigrate -- Migrating schema "public" to version "23 - am5 sampling fingerprint"
13:27:58.531 [main] INFO org.flywaydb.core.internal.command.DbMigrate -- Migrating schema "public" to version "24 - am5 config bundle"
13:27:58.550 [main] INFO org.flywaydb.core.internal.command.DbMigrate -- Migrating schema "public" to version "25 - am5 canary route"
13:27:58.577 [main] INFO org.flywaydb.core.internal.command.DbMigrate -- Migrating schema "public" to version "26 - am5 operator case"
13:27:58.596 [main] INFO org.flywaydb.core.internal.command.DbMigrate -- Migrating schema "public" to version "27 - am5 operator command"
13:27:58.613 [main] INFO org.flywaydb.core.internal.command.DbMigrate -- Migrating schema "public" to version "28 - am5 monthly partition"
13:27:58.661 [main] INFO org.flywaydb.core.internal.command.DbMigrate -- Migrating schema "public" to version "29 - am5 retention archive"
13:27:58.686 [main] INFO org.flywaydb.core.internal.command.DbMigrate -- Migrating schema "public" to version "30 - am6 canary window verdict"
13:27:58.707 [main] INFO org.flywaydb.core.internal.command.DbMigrate -- Migrating schema "public" to version "31 - ba52 canary decision fk deferred"
13:27:58.714 [main] INFO org.flywaydb.core.internal.command.DbMigrate -- Migrating schema "public" to version "32 - am6 engine comparison"
13:27:58.735 [main] INFO org.flywaydb.core.internal.command.DbMigrate -- Migrating schema "public" to version "33 - am6 run fallback"
13:27:58.760 [main] INFO org.flywaydb.core.internal.command.DbMigrate -- Migrating schema "public" to version "34 - am6 engine shadow work"
13:27:58.771 [main] INFO org.flywaydb.core.internal.command.DbMigrate -- Migrating schema "public" to version "35 - m607 holmes wish decision run id nullable"
13:27:58.780 [main] INFO org.flywaydb.core.internal.command.DbMigrate -- Migrating schema "public" to version "36 - exa0 investigation identity"
13:27:58.792 [main] INFO org.flywaydb.core.internal.command.DbMigrate -- Migrating schema "public" to version "37 - exa4a claim kind"
13:27:58.798 [main] INFO org.flywaydb.core.internal.command.DbMigrate -- Migrating schema "public" to version "38 - exa3 tool invocation result ref"
13:27:58.806 [main] INFO org.flywaydb.core.internal.command.DbMigrate -- Migrating schema "public" to version "39 - b21 operator command state widen"
13:27:58.816 [main] INFO org.flywaydb.core.internal.command.DbMigrate -- Migrating schema "public" to version "40 - exb1 change event"
13:27:58.828 [main] INFO org.flywaydb.core.internal.command.DbMigrate -- Migrating schema "public" to version "41 - exa4b incident waiting reason"
13:27:58.835 [main] INFO org.flywaydb.core.internal.command.DbMigrate -- Migrating schema "public" to version "42 - exc3a auth event"
13:27:58.853 [main] INFO org.flywaydb.core.internal.command.DbMigrate -- Migrating schema "public" to version "43 - am7 duty"
13:27:58.899 [main] INFO org.flywaydb.core.internal.command.DbMigrate -- Migrating schema "public" to version "44 - auth1 platform user"
13:27:58.908 [main] INFO org.flywaydb.core.internal.command.DbMigrate -- Migrating schema "public" to version "45 - ui5 eval readonly grants"
13:27:58.914 [main] INFO org.flywaydb.core.internal.command.DbMigrate -- Migrating schema "public" to version "46 - r7x1 task execution binding"
13:27:58.927 [main] INFO org.flywaydb.core.internal.command.DbMigrate -- Migrating schema "public" to version "47 - r7x4 primary state"
13:27:58.943 [main] INFO org.flywaydb.core.internal.command.DbMigrate -- Migrating schema "public" to version "48 - r7a1 rca model call"
13:27:58.955 [main] INFO org.flywaydb.core.internal.command.DbMigrate -- Migrating schema "public" to version "60 - en01 release asset"
13:27:58.965 [main] INFO org.flywaydb.core.internal.command.DbMigrate -- Migrating schema "public" to version "61 - en02 release qualification"
13:27:58.977 [main] INFO org.flywaydb.core.internal.command.DbMigrate -- Migrating schema "public" to version "62 - en09 eval grader version"
13:27:58.984 [main] INFO org.flywaydb.core.internal.command.DbMigrate -- Migrating schema "public" to version "63 - en04 run config epoch"
13:27:59.001 [main] INFO org.flywaydb.core.internal.command.DbMigrate -- Migrating schema "public" to version "64 - en06 mcp server registry"
13:27:59.011 [main] INFO org.flywaydb.core.internal.command.DbMigrate -- Migrating schema "public" to version "80 - ev03 eval projection contract"
13:27:59.024 [main] INFO org.flywaydb.core.internal.command.DbMigrate -- Migrating schema "public" to version "81 - ev04 eval lifecycle"
13:27:59.040 [main] INFO org.flywaydb.core.internal.command.DbMigrate -- Migrating schema "public" to version "82 - ux01 incident classification"
13:27:59.057 [main] INFO org.flywaydb.core.internal.command.DbMigrate -- Migrating schema "public" to version "83 - ux02 duty bot"
13:27:59.074 [main] INFO org.flywaydb.core.internal.command.DbMigrate -- Migrating schema "public" to version "85 - ev07 eval comparison"
13:27:59.093 [main] INFO org.flywaydb.core.internal.command.DbMigrate -- Migrating schema "public" to version "86 - dr02 drill job"
13:27:59.118 [main] INFO org.flywaydb.core.internal.command.DbMigrate -- Migrating schema "public" to version "87 - ev08 eval review"
13:27:59.138 [main] INFO org.flywaydb.core.internal.command.DbMigrate -- Migrating schema "public" to version "88 - r7 checkpoint last error"
13:27:59.144 [main] INFO org.flywaydb.core.internal.command.DbMigrate -- Migrating schema "public" to version "89 - en07 release asset kinds"
13:27:59.151 [main] INFO org.flywaydb.core.internal.command.DbMigrate -- Migrating schema "public" to version "90 - r2 input capture"
13:27:59.163 [main] INFO org.flywaydb.core.internal.command.DbMigrate -- Migrating schema "public" to version "91 - r10 working memory"
13:27:59.175 [main] INFO org.flywaydb.core.internal.command.DbMigrate -- Migrating schema "public" to version "92 - r11 context summary"
13:27:59.184 [main] INFO org.flywaydb.core.internal.command.DbMigrate -- Migrating schema "public" to version "93 - r6 eval app model call grant"
13:27:59.193 [main] INFO org.flywaydb.core.internal.command.DbMigrate -- Successfully applied 66 migrations to schema "public", now at version v93 (execution time 00:00.912s)
13:27:59.201 [main] INFO com.zaxxer.hikari.HikariDataSource -- HikariPool-2 - Starting...
13:27:59.227 [main] INFO com.zaxxer.hikari.pool.HikariPool -- HikariPool-2 - Added connection org.postgresql.jdbc.PgConnection@7c0777b5
13:27:59.228 [main] INFO com.zaxxer.hikari.HikariDataSource -- HikariPool-2 - Start completed.
13:27:59.228 [main] INFO com.zaxxer.hikari.HikariDataSource -- HikariPool-3 - Starting...
13:27:59.240 [main] INFO com.zaxxer.hikari.pool.HikariPool -- HikariPool-3 - Added connection org.postgresql.jdbc.PgConnection@1eff3cfb
13:27:59.240 [main] INFO com.zaxxer.hikari.HikariDataSource -- HikariPool-3 - Start completed.
13:27:59.241 [main] INFO com.zaxxer.hikari.HikariDataSource -- HikariPool-4 - Starting...
13:27:59.279 [main] INFO com.zaxxer.hikari.pool.HikariPool -- HikariPool-4 - Added connection org.postgresql.jdbc.PgConnection@4833eff3
13:27:59.280 [main] INFO com.zaxxer.hikari.HikariDataSource -- HikariPool-4 - Start completed.
13:27:59.280 [main] INFO com.zaxxer.hikari.HikariDataSource -- HikariPool-5 - Starting...
13:27:59.296 [main] INFO com.zaxxer.hikari.pool.HikariPool -- HikariPool-5 - Added connection org.postgresql.jdbc.PgConnection@338766de
13:27:59.296 [main] INFO com.zaxxer.hikari.HikariDataSource -- HikariPool-5 - Start completed.
[INFO] Tests run: 3, Failures: 0, Errors: 0, Skipped: 0, Time elapsed: 4.371 s -- in com.objwww.pr.control.it.En06McpRegistryIT
[INFO] Running com.objwww.pr.control.it.ExA0InvestigationIdentityIT
[INFO] Tests run: 5, Failures: 0, Errors: 0, Skipped: 0, Time elapsed: 0.762 s -- in com.objwww.pr.control.it.ExA0InvestigationIdentityIT
[INFO] Running com.objwww.pr.control.it.En07RagSourcesIT
[INFO] Tests run: 2, Failures: 0, Errors: 0, Skipped: 0, Time elapsed: 0.292 s -- in com.objwww.pr.control.it.En07RagSourcesIT
[INFO] Running com.objwww.pr.control.it.PostgresDutyStoreIT
[INFO] Tests run: 5, Failures: 0, Errors: 0, Skipped: 0, Time elapsed: 0.675 s -- in com.objwww.pr.control.it.PostgresDutyStoreIT
[INFO] Running com.objwww.pr.control.it.PostgresOperatorCaseIT
13:28:01.768 [main] INFO com.objwww.pr.control.ops.application.OperatorCaseService -- {"event":"operator_case_transition","ts":"2026-09-12T05:28:01.767181563Z","caseId":"df58d34f-7a75-4407-8b6d-f3dcf8115e56","rule":"T00_CREATE","to":"OPEN","revision":1}
13:28:01.774 [main] INFO com.objwww.pr.control.ops.application.OperatorCaseService -- {"event":"operator_case_transition","ts":"2026-09-12T05:28:01.774793678Z","caseId":"df58d34f-7a75-4407-8b6d-f3dcf8115e56","rule":"T60_ESCALATE","to":"OPEN","revision":2}
13:28:01.785 [main] INFO com.objwww.pr.control.ops.application.OperatorCaseService -- {"event":"operator_case_transition","ts":"2026-09-12T05:28:01.784922252Z","caseId":"df58d34f-7a75-4407-8b6d-f3dcf8115e56","rule":"T30_RESOLVE","to":"RESOLVED","revision":3}
13:28:01.915 [main] INFO com.objwww.pr.control.ops.application.OperatorCaseService -- {"event":"operator_case_transition","ts":"2026-09-12T05:28:01.915474688Z","caseId":"21571f89-07f2-4cc5-9833-0dc223bf9ec9","rule":"T00_CREATE","to":"OPEN","revision":1}
13:28:01.918 [pool-2-thread-1] INFO com.objwww.pr.control.ops.application.OperatorCaseService -- {"event":"operator_case_transition","ts":"2026-09-12T05:28:01.918810771Z","caseId":"21571f89-07f2-4cc5-9833-0dc223bf9ec9","rule":"T10_CLAIM","to":"ACKED","revision":2}
13:28:02.056 [main] INFO com.objwww.pr.control.ops.application.OperatorCaseService -- {"event":"operator_case_transition","ts":"2026-09-12T05:28:02.056769735Z","caseId":"2563cf3c-d96d-49e0-b13e-c82d263f11e1","rule":"T00_CREATE","to":"OPEN","revision":1}
13:28:02.059 [main] INFO com.objwww.pr.control.ops.application.OperatorCaseService -- {"event":"operator_case_transition","ts":"2026-09-12T05:28:02.059272438Z","caseId":"2563cf3c-d96d-49e0-b13e-c82d263f11e1","rule":"T50_MERGE","to":"OPEN","revision":2}
13:28:02.061 [main] INFO com.objwww.pr.control.ops.application.OperatorCaseService -- {"event":"operator_case_transition","ts":"2026-09-12T05:28:02.061647440Z","caseId":"2563cf3c-d96d-49e0-b13e-c82d263f11e1","rule":"T50_MERGE","to":"OPEN","revision":3}
[INFO] Tests run: 3, Failures: 0, Errors: 0, Skipped: 0, Time elapsed: 0.430 s -- in com.objwww.pr.control.it.PostgresOperatorCaseIT
[INFO] Running com.objwww.pr.control.it.PostgresEvalQueryReaderIT
[INFO] Tests run: 7, Failures: 0, Errors: 0, Skipped: 0, Time elapsed: 1.164 s -- in com.objwww.pr.control.it.PostgresEvalQueryReaderIT
[INFO] Running com.objwww.pr.control.it.PostgresAuthEventRepositoryIT
[INFO] Tests run: 3, Failures: 0, Errors: 0, Skipped: 0, Time elapsed: 0.414 s -- in com.objwww.pr.control.it.PostgresAuthEventRepositoryIT
[INFO] Running com.objwww.pr.control.it.PostgresReleaseActivationIT
13:28:03.781 [main] INFO com.objwww.pr.control.release.application.ConfigBundleService -- bundle 发布: 30ad808ed98886e339611e59f7bac711638e216776d0231c3aad2a5fe468382c revision=1 by=it-op policy=policy-2026-09
13:28:03.785 [main] INFO com.objwww.pr.control.release.application.ConfigBundleService -- 资格授予: candidate=30ad808ed98886e339611e59f7bac711638e216776d0231c3aad2a5fe468382c verdict=FAIL usage=MATCHED by=it-grader
13:28:03.915 [main] INFO com.objwww.pr.control.release.application.ConfigBundleService -- bundle 发布: 30ad808ed98886e339611e59f7bac711638e216776d0231c3aad2a5fe468382c revision=1 by=it-op policy=policy-2026-09
13:28:03.916 [main] INFO com.objwww.pr.control.release.application.ConfigBundleService -- bundle 发布: be840a4ff5d98fc58380e1ed2d6501f2a7edb25711430dc0e9023b687140db80 revision=2 by=it-op policy=policy-2026-09
13:28:03.918 [main] INFO com.objwww.pr.control.release.application.ConfigBundleService -- 资格授予: candidate=30ad808ed98886e339611e59f7bac711638e216776d0231c3aad2a5fe468382c verdict=PASS usage=MATCHED by=it-grader
13:28:03.918 [main] INFO com.objwww.pr.control.release.application.ConfigBundleService -- 资格授予: candidate=be840a4ff5d98fc58380e1ed2d6501f2a7edb25711430dc0e9023b687140db80 verdict=PASS usage=MATCHED by=it-grader
13:28:03.920 [main] WARN com.objwww.pr.control.release.application.ConfigBundleService -- 资格撤销: id=3f7e19b0-bbdd-46bc-92d2-9c3ca5b53cd1 by=safety-officer reason=基线漂移
13:28:04.043 [main] INFO com.objwww.pr.control.release.application.ConfigBundleService -- bundle 发布: 30ad808ed98886e339611e59f7bac711638e216776d0231c3aad2a5fe468382c revision=1 by=it-op policy=policy-2026-09
13:28:04.044 [main] INFO com.objwww.pr.control.release.application.ConfigBundleService -- 资格授予: candidate=30ad808ed98886e339611e59f7bac711638e216776d0231c3aad2a5fe468382c verdict=PASS usage=UNKNOWN by=it-grader
13:28:04.478 [main] INFO com.objwww.pr.control.release.application.ConfigBundleService -- bundle 发布: 30ad808ed98886e339611e59f7bac711638e216776d0231c3aad2a5fe468382c revision=1 by=it-op policy=policy-2026-09
13:28:04.482 [main] INFO com.objwww.pr.control.release.application.ConfigBundleService -- 资格授予: candidate=30ad808ed98886e339611e59f7bac711638e216776d0231c3aad2a5fe468382c verdict=PASS usage=UNKNOWN by=it-grader
13:28:04.608 [main] INFO com.objwww.pr.control.release.application.ConfigBundleService -- bundle 发布: 30ad808ed98886e339611e59f7bac711638e216776d0231c3aad2a5fe468382c revision=1 by=it-op policy=policy-2026-09
13:28:04.612 [main] INFO com.objwww.pr.control.release.application.ConfigBundleService -- bundle 发布: be840a4ff5d98fc58380e1ed2d6501f2a7edb25711430dc0e9023b687140db80 revision=2 by=it-op policy=policy-2026-09
13:28:04.613 [main] INFO com.objwww.pr.control.release.application.ConfigBundleService -- 资格授予: candidate=be840a4ff5d98fc58380e1ed2d6501f2a7edb25711430dc0e9023b687140db80 verdict=PASS usage=UNKNOWN by=it-grader
[INFO] Tests run: 5, Failures: 0, Errors: 0, Skipped: 0, Time elapsed: 0.966 s -- in com.objwww.pr.control.it.PostgresReleaseActivationIT
[INFO] Running com.objwww.pr.control.it.PostgresWorkingMemoryIT
[INFO] Tests run: 5, Failures: 0, Errors: 0, Skipped: 0, Time elapsed: 0.621 s -- in com.objwww.pr.control.it.PostgresWorkingMemoryIT
[INFO] Running com.objwww.pr.control.it.AlertEvidenceIT
[INFO] Tests run: 4, Failures: 0, Errors: 0, Skipped: 0, Time elapsed: 0.375 s -- in com.objwww.pr.control.it.AlertEvidenceIT
[INFO] Running com.objwww.pr.control.it.PostgresRcaModelInputIT
[INFO] Tests run: 4, Failures: 0, Errors: 0, Skipped: 0, Time elapsed: 0.505 s -- in com.objwww.pr.control.it.PostgresRcaModelInputIT
[INFO] Running com.objwww.pr.control.it.PostgresRcaTaskRepositoryIT
[INFO] Tests run: 4, Failures: 0, Errors: 0, Skipped: 0, Time elapsed: 0.524 s -- in com.objwww.pr.control.it.PostgresRcaTaskRepositoryIT
[INFO] Running com.objwww.pr.control.it.ExA4aNativeCorrectnessIT
[INFO] Tests run: 5, Failures: 0, Errors: 0, Skipped: 0, Time elapsed: 0.712 s -- in com.objwww.pr.control.it.ExA4aNativeCorrectnessIT
[INFO] Running com.objwww.pr.control.it.ExA1BudgetAdmissionIT
[INFO] Tests run: 5, Failures: 0, Errors: 0, Skipped: 0, Time elapsed: 0.653 s -- in com.objwww.pr.control.it.ExA1BudgetAdmissionIT
[INFO] Running com.objwww.pr.control.it.PostgresIncidentClassificationIT
[INFO] Tests run: 6, Failures: 0, Errors: 0, Skipped: 0, Time elapsed: 0.749 s -- in com.objwww.pr.control.it.PostgresIncidentClassificationIT
[INFO] Running com.objwww.pr.control.it.AlertV10EvalRunIT
[ERROR] Tests run: 6, Failures: 1, Errors: 0, Skipped: 0, Time elapsed: 0.790 s <<< FAILURE! -- in com.objwww.pr.control.it.AlertV10EvalRunIT
[ERROR] com.objwww.pr.control.it.AlertV10EvalRunIT.grantsFollowLeastPrivilegeOnRealRoles -- Time elapsed: 0.149 s <<< FAILURE!
org.opentest4j.AssertionFailedError: 

Expecting value to be true but was false
	at com.objwww.pr.control.it.AlertV10EvalRunIT.grantsFollowLeastPrivilegeOnRealRoles(AlertV10EvalRunIT.java:317)
	at java.base/java.lang.reflect.Method.invoke(Method.java:580)
	at java.base/java.util.ArrayList.forEach(ArrayList.java:1596)
	at java.base/java.util.ArrayList.forEach(ArrayList.java:1596)

[INFO] Running com.objwww.pr.control.it.AlertToolInvocationLedgerIT
[INFO] Tests run: 5, Failures: 0, Errors: 0, Skipped: 0, Time elapsed: 0.602 s -- in com.objwww.pr.control.it.AlertToolInvocationLedgerIT
[INFO] Running com.objwww.pr.control.it.AlertV18TaskEdgeRunScopeIT
[INFO] Tests run: 4, Failures: 0, Errors: 0, Skipped: 0, Time elapsed: 0.506 s -- in com.objwww.pr.control.it.AlertV18TaskEdgeRunScopeIT
[INFO] Running com.objwww.pr.control.it.PostgresDutyBotIT
[INFO] Tests run: 5, Failures: 0, Errors: 0, Skipped: 0, Time elapsed: 0.861 s -- in com.objwww.pr.control.it.PostgresDutyBotIT
[INFO] Running com.objwww.pr.control.it.PostgresHolmesShadowIT
13:28:11.811 [main] INFO com.objwww.pr.control.alert.application.HolmesShadowWorker -- {"event":"rca_holmes_shadow_work","ts":"2026-09-12T05:28:11.811538046Z","shadow_key":"holmes-shadow:c18fdfab-4248-497f-b54f-3658af2c1c4b","shadow_run_id":"27c60af7-5849-4f91-91b6-841ebbe8b705","outcome":"COMPARISON_LANDED"}
[INFO] Tests run: 6, Failures: 0, Errors: 0, Skipped: 0, Time elapsed: 0.880 s -- in com.objwww.pr.control.it.PostgresHolmesShadowIT
[INFO] Running com.objwww.pr.control.it.AlertV12StateExpansionIT
[INFO] Tests run: 4, Failures: 0, Errors: 0, Skipped: 0, Time elapsed: 0.450 s -- in com.objwww.pr.control.it.AlertV12StateExpansionIT
[INFO] Running com.objwww.pr.control.it.AlertDagCycleGuardIT
[INFO] Tests run: 1, Failures: 0, Errors: 0, Skipped: 0, Time elapsed: 0.125 s -- in com.objwww.pr.control.it.AlertDagCycleGuardIT
[INFO] Running com.objwww.pr.control.it.AlertIncidentBudgetIT
[INFO] Tests run: 5, Failures: 0, Errors: 0, Skipped: 0, Time elapsed: 0.466 s -- in com.objwww.pr.control.it.AlertIncidentBudgetIT
[INFO] Running com.objwww.pr.control.it.ExA4bIncidentConcurrencyIT
[INFO] Tests run: 3, Failures: 0, Errors: 0, Skipped: 0, Time elapsed: 0.355 s -- in com.objwww.pr.control.it.ExA4bIncidentConcurrencyIT
[INFO] Running com.objwww.pr.control.it.AlertToolReplayStoreIT
[INFO] Tests run: 4, Failures: 0, Errors: 0, Skipped: 0, Time elapsed: 0.365 s -- in com.objwww.pr.control.it.AlertToolReplayStoreIT
[INFO] Running com.objwww.pr.control.it.Am4E2E06FaultDrillIT
13:28:14.343 [main] INFO com.objwww.pr.control.alert.application.RcaRunOrchestrator -- {"event":"rca_task_decision","ts":"2026-09-12T05:28:14.343529821Z","latency_ms":2,"decision":"COMPLETED","run_id":"46709fe2-8c82-4bf3-a7c7-138b77dd9827","task_id":"e7a67f3f-d78d-46d7-ad9b-26d8dedb7df8","attempt_id":"d0a5d33d-e952-4adf-ad73-13dd9bf80a77"}
13:28:14.348 [main] WARN com.objwww.pr.control.alert.application.RcaRunOrchestrator -- task e7a67f3f-d78d-46d7-ad9b-26d8dedb7df8 旧租约提交被拒 owner=e06-worker epoch=1
13:28:14.659 [main] INFO com.objwww.pr.control.alert.application.RcaRunOrchestrator -- {"event":"rca_task_decision","ts":"2026-09-12T05:28:14.658859370Z","latency_ms":4,"decision":"COMPLETED","run_id":"ef3ae379-a628-4ae9-af4b-8980cdbbd636","task_id":"db07ea2a-75d7-413b-83c8-ede1dedc3d58","attempt_id":"e281cd12-aeca-4cd6-aeb1-afde26908888"}
13:28:14.947 [main] INFO com.objwww.pr.control.alert.application.DeterministicSupervisor -- {"event":"am4_run_reporting","ts":"2026-09-12T05:28:14.947856489Z","run_id":"2bcf5859-e457-4486-ab92-85306bb11222"}
13:28:14.948 [main] INFO com.objwww.pr.control.alert.application.DeterministicSupervisor -- run 2bcf5859-e457-4486-ab92-85306bb11222 全任务终态 → REPORTING（报告链组装）
13:28:15.086 [main] INFO com.objwww.pr.control.alert.application.DeterministicSupervisor -- {"event":"am4_run_reporting","ts":"2026-09-12T05:28:15.086588519Z","run_id":"61fec991-8356-4b5b-8c08-795fcd6671bc"}
13:28:15.086 [main] INFO com.objwww.pr.control.alert.application.DeterministicSupervisor -- run 61fec991-8356-4b5b-8c08-795fcd6671bc 全任务终态 → REPORTING（报告链组装）
13:28:15.106 [main] INFO com.objwww.pr.control.alert.application.DeterministicSupervisor -- {"event":"am4_run_reporting","ts":"2026-09-12T05:28:15.105973635Z","run_id":"2956441c-38c8-462e-a426-ebf665ba8858"}
13:28:15.106 [main] INFO com.objwww.pr.control.alert.application.DeterministicSupervisor -- run 2956441c-38c8-462e-a426-ebf665ba8858 全任务终态 → REPORTING（报告链组装）
[INFO] Tests run: 6, Failures: 0, Errors: 0, Skipped: 0, Time elapsed: 0.937 s -- in com.objwww.pr.control.it.Am4E2E06FaultDrillIT
[INFO] Running com.objwww.pr.control.it.PostgresDrillIT
[INFO] Tests run: 9, Failures: 0, Errors: 0, Skipped: 0, Time elapsed: 1.146 s -- in com.objwww.pr.control.it.PostgresDrillIT
[INFO] Running com.objwww.pr.control.it.Am4E2E08ReplayIT
[INFO] Tests run: 2, Failures: 0, Errors: 0, Skipped: 0, Time elapsed: 0.241 s -- in com.objwww.pr.control.it.Am4E2E08ReplayIT
[INFO] Running com.objwww.pr.control.it.PostgresEvalCompareIT
[INFO] Tests run: 5, Failures: 0, Errors: 0, Skipped: 0, Time elapsed: 0.690 s -- in com.objwww.pr.control.it.PostgresEvalCompareIT
[INFO] Running com.objwww.pr.control.it.PostgresArchiveIT
13:28:17.295 [main] INFO com.objwww.pr.control.ops.application.ArchiveService -- CONTROL_ARCHIVE_REJECTED table=rca_event partition=rca_event_2026_10 gate=legal_hold
13:28:17.301 [main] INFO com.objwww.pr.control.ops.application.ArchiveService -- CONTROL_ARCHIVE_REJECTED table=rca_event partition=rca_event_2026_10 gate=legal_hold
13:28:17.548 [main] INFO com.objwww.pr.control.ops.application.ArchiveService -- CONTROL_ARCHIVE_REJECTED table=rca_event partition=rca_event_2026_10 gate=export_failed
13:28:17.700 [main] INFO com.objwww.pr.control.ops.application.ArchiveService -- CONTROL_ARCHIVE_REJECTED table=rca_event partition=rca_event_2026_10 gate=verify_failed
[INFO] Tests run: 5, Failures: 0, Errors: 0, Skipped: 0, Time elapsed: 0.629 s -- in com.objwww.pr.control.it.PostgresArchiveIT
[INFO] Running com.objwww.pr.control.it.ExA2LeaseCancelFenceIT
13:28:18.387 [finisher] INFO com.objwww.pr.control.alert.application.RcaRunOrchestrator -- {"event":"rca_task_decision","ts":"2026-09-12T05:28:18.387395417Z","decision":"STALE_GENERATION","run_id":"30eaa05b-2941-46e6-be37-b476f2130be4","task_id":"27f29b82-c447-4444-b745-b8c87d7b1877","attempt_id":"cae60c40-95fa-48a5-a010-608bbf54820c","run_state":"CANCELLED"}
13:28:18.388 [finisher] WARN com.objwww.pr.control.alert.application.RcaRunOrchestrator -- task 27f29b82-c447-4444-b745-b8c87d7b1877 旧代结果作废（run 30eaa05b-2941-46e6-be37-b476f2130be4 state=CANCELLED），task→STALE 零落档
13:28:18.535 [main] WARN com.objwww.pr.control.alert.application.RcaRunOrchestrator -- task 305a9cac-ff1d-4b7e-8466-4062c8517011 旧租约提交被拒 owner=worker-a epoch=2
[INFO] Tests run: 5, Failures: 0, Errors: 0, Skipped: 0, Time elapsed: 0.709 s -- in com.objwww.pr.control.it.ExA2LeaseCancelFenceIT
[INFO] Running com.objwww.pr.control.it.En10VersionCenterIT
[ERROR] Tests run: 2, Failures: 1, Errors: 0, Skipped: 0, Time elapsed: 0.248 s <<< FAILURE! -- in com.objwww.pr.control.it.En10VersionCenterIT
[ERROR] com.objwww.pr.control.it.En10VersionCenterIT.bundleListingMarksCurrentPointer -- Time elapsed: 0.123 s <<< FAILURE!
org.opentest4j.AssertionFailedError: 

Expecting actual:
  [2L, 2L, 1L, 1L]
to contain exactly (and in same order):
  [2L, 1L]
but some elements were not expected:
  [2L, 1L]

	at com.objwww.pr.control.it.En10VersionCenterIT.bundleListingMarksCurrentPointer(En10VersionCenterIT.java:85)
	at java.base/java.lang.reflect.Method.invoke(Method.java:580)
	at java.base/java.util.ArrayList.forEach(ArrayList.java:1596)
	at java.base/java.util.ArrayList.forEach(ArrayList.java:1596)

[INFO] Running com.objwww.pr.control.it.AlertV7MigrationContractIT
[INFO] Tests run: 5, Failures: 0, Errors: 0, Skipped: 0, Time elapsed: 0.434 s -- in com.objwww.pr.control.it.AlertV7MigrationContractIT
[INFO] Running com.objwww.pr.control.it.AlertM3RepositoryIT
[INFO] Tests run: 9, Failures: 0, Errors: 0, Skipped: 0, Time elapsed: 1.145 s -- in com.objwww.pr.control.it.AlertM3RepositoryIT
[INFO] Running com.objwww.pr.control.it.PostgresIncidentQueryReaderIT
[INFO] Tests run: 2, Failures: 0, Errors: 0, Skipped: 0, Time elapsed: 0.267 s -- in com.objwww.pr.control.it.PostgresIncidentQueryReaderIT
[INFO] Running com.objwww.pr.control.it.AlertV9MigrationContractIT
[INFO] Tests run: 9, Failures: 0, Errors: 0, Skipped: 0, Time elapsed: 1.188 s -- in com.objwww.pr.control.it.AlertV9MigrationContractIT
[INFO] Running com.objwww.pr.control.it.AlertRunBudgetLedgerIT
[INFO] Tests run: 9, Failures: 0, Errors: 0, Skipped: 0, Time elapsed: 1.008 s -- in com.objwww.pr.control.it.AlertRunBudgetLedgerIT
[INFO] Running com.objwww.pr.control.it.PostgresEvalCaseEvidenceIT
[INFO] Tests run: 7, Failures: 0, Errors: 0, Skipped: 0, Time elapsed: 0.884 s -- in com.objwww.pr.control.it.PostgresEvalCaseEvidenceIT
[INFO] Running com.objwww.pr.control.it.Am6NativeFullChainIT
13:28:23.896 [main] WARN com.objwww.pr.control.infrastructure.nativeexec.NativeInvestigationExecutor -- run f51abe19-cde3-4c4e-9736-7f388fd7cb78 无冻结时间窗（存量行兼容面），回退执行时窗口——F14 冻结语义缺失
13:28:23.940 [main] INFO com.objwww.pr.control.alert.application.DeterministicSupervisor -- {"event":"am4_run_reporting","ts":"2026-09-12T05:28:23.940446049Z","run_id":"f51abe19-cde3-4c4e-9736-7f388fd7cb78"}
13:28:23.940 [main] INFO com.objwww.pr.control.alert.application.DeterministicSupervisor -- run f51abe19-cde3-4c4e-9736-7f388fd7cb78 全任务终态 → REPORTING（报告链组装）
13:28:23.970 [main] INFO com.objwww.pr.control.infrastructure.nativeexec.NativeInvestigationExecutor -- native 全链完成 run=f51abe19-cde3-4c4e-9736-7f388fd7cb78 reportOutcome=CONFIRMED claims=1 validation=STRUCTURE_VALIDATED 快照=7f4fe07992caef0eb7c9c2612a69a720bc307e34a2f7e5b71f1ea08b9b2f3045 主模式=false
13:28:23.990 [main] INFO com.objwww.pr.control.alert.application.RcaRunOrchestrator -- {"event":"rca_task_decision","ts":"2026-09-12T05:28:23.990374554Z","latency_ms":112,"decision":"COMPLETED","run_id":"f51abe19-cde3-4c4e-9736-7f388fd7cb78","task_id":"19b4a3f3-3bd3-4714-a64d-2edb40660b55","attempt_id":"d5f15c06-1391-4a5e-8dde-ed7ef47ed47a"}
[INFO] Tests run: 2, Failures: 0, Errors: 0, Skipped: 0, Time elapsed: 0.416 s -- in com.objwww.pr.control.it.Am6NativeFullChainIT
[INFO] Running com.objwww.pr.control.it.En04ConfigEpochIT
[INFO] Tests run: 4, Failures: 0, Errors: 0, Skipped: 0, Time elapsed: 0.630 s -- in com.objwww.pr.control.it.En04ConfigEpochIT
[INFO] Running com.objwww.pr.control.it.AlertDagPromotionIT
[INFO] Tests run: 3, Failures: 0, Errors: 0, Skipped: 0, Time elapsed: 0.472 s -- in com.objwww.pr.control.it.AlertDagPromotionIT
[INFO] Running com.objwww.pr.control.it.PostgresCanaryRoutingIT
[INFO] Tests run: 6, Failures: 0, Errors: 0, Skipped: 0, Time elapsed: 0.770 s -- in com.objwww.pr.control.it.PostgresCanaryRoutingIT
[INFO] Running com.objwww.pr.control.it.ExB2LogQueryIT
13:28:26.152 [main] INFO tc.grafana/loki:3.4.2 -- Creating container for image: grafana/loki:3.4.2
13:28:26.327 [main] INFO tc.grafana/loki:3.4.2 -- Container grafana/loki:3.4.2 is starting: 5c6080d9a25dadd4ff6c0126a02be199936780d56e84bef625153b2381caa66d
13:28:26.564 [main] INFO org.testcontainers.containers.wait.strategy.HttpWaitStrategy -- /tender_swirles: Waiting for 60 seconds for URL: http://localhost:33633/ready (where port 33633 maps to container port 3100)
13:28:42.607 [main] INFO tc.grafana/loki:3.4.2 -- Container grafana/loki:3.4.2 started in PT16.45526244S
[INFO] Tests run: 4, Failures: 0, Errors: 0, Skipped: 0, Time elapsed: 16.91 s -- in com.objwww.pr.control.it.ExB2LogQueryIT
[INFO] Running com.objwww.pr.control.it.AlertClaimIT
[INFO] Tests run: 8, Failures: 0, Errors: 0, Skipped: 0, Time elapsed: 0.839 s -- in com.objwww.pr.control.it.AlertClaimIT
[INFO] Running com.objwww.pr.control.it.ExB1ChangeEventIT
13:28:43.881 [main] INFO com.objwww.pr.control.release.application.ConfigBundleService -- bundle 发布: 30ad808ed98886e339611e59f7bac711638e216776d0231c3aad2a5fe468382c revision=1 by=it-op policy=policy-2026-09
13:28:43.882 [main] INFO com.objwww.pr.control.release.application.ConfigBundleService -- bundle 发布: be840a4ff5d98fc58380e1ed2d6501f2a7edb25711430dc0e9023b687140db80 revision=2 by=it-op policy=policy-2026-09
13:28:43.884 [main] INFO com.objwww.pr.control.release.application.ConfigBundleService -- 资格授予: candidate=30ad808ed98886e339611e59f7bac711638e216776d0231c3aad2a5fe468382c verdict=PASS usage=MATCHED by=it-grader
13:28:43.885 [main] INFO com.objwww.pr.control.release.application.ConfigBundleService -- 资格授予: candidate=be840a4ff5d98fc58380e1ed2d6501f2a7edb25711430dc0e9023b687140db80 verdict=PASS usage=MATCHED by=it-grader
13:28:43.889 [main] INFO com.objwww.pr.control.release.application.ConfigBundleService -- ACTIVATE 落位: 30ad808ed98886e339611e59f7bac711638e216776d0231c3aad2a5fe468382c revision=1 by=it-op
13:28:43.893 [main] INFO com.objwww.pr.control.release.application.ConfigBundleService -- ACTIVATE 落位: be840a4ff5d98fc58380e1ed2d6501f2a7edb25711430dc0e9023b687140db80 revision=2 by=it-op
13:28:43.895 [main] INFO com.objwww.pr.control.release.application.ConfigBundleService -- ROLLBACK 落位: 30ad808ed98886e339611e59f7bac711638e216776d0231c3aad2a5fe468382c revision=1 by=it-op
[INFO] Tests run: 4, Failures: 0, Errors: 0, Skipped: 0, Time elapsed: 0.744 s -- in com.objwww.pr.control.it.ExB1ChangeEventIT
[INFO] Running com.objwww.pr.control.it.PostgresRetentionIT
[INFO] Tests run: 4, Failures: 0, Errors: 0, Skipped: 0, Time elapsed: 0.474 s -- in com.objwww.pr.control.it.PostgresRetentionIT
[INFO] Running com.objwww.pr.control.it.CanaryWindowPromotionIT
[INFO] Tests run: 2, Failures: 0, Errors: 0, Skipped: 0, Time elapsed: 0.301 s -- in com.objwww.pr.control.it.CanaryWindowPromotionIT
[INFO] Running com.objwww.pr.control.it.PostgresEvalLifecycleIT
[INFO] Tests run: 5, Failures: 0, Errors: 0, Skipped: 0, Time elapsed: 0.685 s -- in com.objwww.pr.control.it.PostgresEvalLifecycleIT
[INFO] Running com.objwww.pr.control.it.AlertRcaEventIT
[INFO] Tests run: 7, Failures: 0, Errors: 0, Skipped: 0, Time elapsed: 0.771 s -- in com.objwww.pr.control.it.AlertRcaEventIT
[INFO] Running com.objwww.pr.control.it.PostgresEngineComparisonIT
[INFO] Tests run: 2, Failures: 0, Errors: 0, Skipped: 0, Time elapsed: 0.243 s -- in com.objwww.pr.control.it.PostgresEngineComparisonIT
[INFO] Running com.objwww.pr.control.it.PostgresEvalReviewIT
[INFO] Tests run: 5, Failures: 0, Errors: 0, Skipped: 0, Time elapsed: 0.681 s -- in com.objwww.pr.control.it.PostgresEvalReviewIT
[INFO] Running com.objwww.pr.control.it.En05ToolSourcesIT
[INFO] Tests run: 4, Failures: 0, Errors: 0, Skipped: 0, Time elapsed: 0.537 s -- in com.objwww.pr.control.it.En05ToolSourcesIT
[INFO] Running com.objwww.pr.control.it.PostgresContextSummaryIT
[INFO] Tests run: 4, Failures: 0, Errors: 0, Skipped: 0, Time elapsed: 0.510 s -- in com.objwww.pr.control.it.PostgresContextSummaryIT
[INFO] Running com.objwww.pr.control.it.PostgresRunFallbackIT
13:28:48.865 [pool-16-thread-2] WARN com.objwww.pr.control.alert.application.FallbackService -- NATIVE run 26e70dea-0bab-437d-b533-d6c20f56dd71 失败（TIMEOUT）→ 恰一次铸 HOLMES fallback run e635e99d-d29d-486f-a031-deb0055833a3
13:28:48.865 [pool-16-thread-2] INFO com.objwww.pr.control.alert.application.FallbackService -- {"event":"rca_fallback_decision","ts":"2026-09-12T05:28:48.865831927Z","incident_id":"b06a5c9e-fb10-447c-a97d-adf59f1da1f7","error_class":"TIMEOUT","outcome":"CAST","source_run_id":"26e70dea-0bab-437d-b533-d6c20f56dd71"}
13:28:48.867 [pool-16-thread-1] INFO com.objwww.pr.control.alert.application.FallbackService -- {"event":"rca_fallback_decision","ts":"2026-09-12T05:28:48.867012471Z","incident_id":"b06a5c9e-fb10-447c-a97d-adf59f1da1f7","error_class":"TIMEOUT","outcome":"ALREADY_CAST","source_run_id":"26e70dea-0bab-437d-b533-d6c20f56dd71"}
13:28:48.868 [pool-16-thread-3] INFO com.objwww.pr.control.alert.application.FallbackService -- {"event":"rca_fallback_decision","ts":"2026-09-12T05:28:48.868288423Z","incident_id":"b06a5c9e-fb10-447c-a97d-adf59f1da1f7","error_class":"TIMEOUT","outcome":"ALREADY_CAST","source_run_id":"26e70dea-0bab-437d-b533-d6c20f56dd71"}
13:28:48.870 [pool-16-thread-6] INFO com.objwww.pr.control.alert.application.FallbackService -- {"event":"rca_fallback_decision","ts":"2026-09-12T05:28:48.870044320Z","incident_id":"b06a5c9e-fb10-447c-a97d-adf59f1da1f7","error_class":"TIMEOUT","outcome":"ALREADY_CAST","source_run_id":"26e70dea-0bab-437d-b533-d6c20f56dd71"}
13:28:48.871 [pool-16-thread-5] INFO com.objwww.pr.control.alert.application.FallbackService -- {"event":"rca_fallback_decision","ts":"2026-09-12T05:28:48.871464715Z","incident_id":"b06a5c9e-fb10-447c-a97d-adf59f1da1f7","error_class":"TIMEOUT","outcome":"ALREADY_CAST","source_run_id":"26e70dea-0bab-437d-b533-d6c20f56dd71"}
13:28:48.872 [pool-16-thread-9] INFO com.objwww.pr.control.alert.application.FallbackService -- {"event":"rca_fallback_decision","ts":"2026-09-12T05:28:48.872787666Z","incident_id":"b06a5c9e-fb10-447c-a97d-adf59f1da1f7","error_class":"TIMEOUT","outcome":"ALREADY_CAST","source_run_id":"26e70dea-0bab-437d-b533-d6c20f56dd71"}
13:28:48.874 [pool-16-thread-7] INFO com.objwww.pr.control.alert.application.FallbackService -- {"event":"rca_fallback_decision","ts":"2026-09-12T05:28:48.874229642Z","incident_id":"b06a5c9e-fb10-447c-a97d-adf59f1da1f7","error_class":"TIMEOUT","outcome":"ALREADY_CAST","source_run_id":"26e70dea-0bab-437d-b533-d6c20f56dd71"}
13:28:48.875 [pool-16-thread-10] INFO com.objwww.pr.control.alert.application.FallbackService -- {"event":"rca_fallback_decision","ts":"2026-09-12T05:28:48.875689542Z","incident_id":"b06a5c9e-fb10-447c-a97d-adf59f1da1f7","error_class":"TIMEOUT","outcome":"ALREADY_CAST","source_run_id":"26e70dea-0bab-437d-b533-d6c20f56dd71"}
13:28:48.876 [pool-16-thread-4] INFO com.objwww.pr.control.alert.application.FallbackService -- {"event":"rca_fallback_decision","ts":"2026-09-12T05:28:48.876887547Z","incident_id":"b06a5c9e-fb10-447c-a97d-adf59f1da1f7","error_class":"TIMEOUT","outcome":"ALREADY_CAST","source_run_id":"26e70dea-0bab-437d-b533-d6c20f56dd71"}
13:28:48.878 [pool-16-thread-8] INFO com.objwww.pr.control.alert.application.FallbackService -- {"event":"rca_fallback_decision","ts":"2026-09-12T05:28:48.878052751Z","incident_id":"b06a5c9e-fb10-447c-a97d-adf59f1da1f7","error_class":"TIMEOUT","outcome":"ALREADY_CAST","source_run_id":"26e70dea-0bab-437d-b533-d6c20f56dd71"}
13:28:48.878 [pool-16-thread-11] INFO com.objwww.pr.control.alert.application.FallbackService -- {"event":"rca_fallback_decision","ts":"2026-09-12T05:28:48.878775121Z","incident_id":"b06a5c9e-fb10-447c-a97d-adf59f1da1f7","error_class":"TIMEOUT","outcome":"ALREADY_CAST","source_run_id":"26e70dea-0bab-437d-b533-d6c20f56dd71"}
13:28:48.879 [pool-16-thread-12] INFO com.objwww.pr.control.alert.application.FallbackService -- {"event":"rca_fallback_decision","ts":"2026-09-12T05:28:48.879613471Z","incident_id":"b06a5c9e-fb10-447c-a97d-adf59f1da1f7","error_class":"TIMEOUT","outcome":"ALREADY_CAST","source_run_id":"26e70dea-0bab-437d-b533-d6c20f56dd71"}
13:28:48.880 [pool-16-thread-13] INFO com.objwww.pr.control.alert.application.FallbackService -- {"event":"rca_fallback_decision","ts":"2026-09-12T05:28:48.880470915Z","incident_id":"b06a5c9e-fb10-447c-a97d-adf59f1da1f7","error_class":"TIMEOUT","outcome":"ALREADY_CAST","source_run_id":"26e70dea-0bab-437d-b533-d6c20f56dd71"}
13:28:48.883 [pool-16-thread-14] INFO com.objwww.pr.control.alert.application.FallbackService -- {"event":"rca_fallback_decision","ts":"2026-09-12T05:28:48.883604626Z","incident_id":"b06a5c9e-fb10-447c-a97d-adf59f1da1f7","error_class":"TIMEOUT","outcome":"ALREADY_CAST","source_run_id":"26e70dea-0bab-437d-b533-d6c20f56dd71"}
13:28:48.885 [pool-16-thread-15] INFO com.objwww.pr.control.alert.application.FallbackService -- {"event":"rca_fallback_decision","ts":"2026-09-12T05:28:48.885078432Z","incident_id":"b06a5c9e-fb10-447c-a97d-adf59f1da1f7","error_class":"TIMEOUT","outcome":"ALREADY_CAST","source_run_id":"26e70dea-0bab-437d-b533-d6c20f56dd71"}
13:28:48.886 [pool-16-thread-17] INFO com.objwww.pr.control.alert.application.FallbackService -- {"event":"rca_fallback_decision","ts":"2026-09-12T05:28:48.886824600Z","incident_id":"b06a5c9e-fb10-447c-a97d-adf59f1da1f7","error_class":"TIMEOUT","outcome":"ALREADY_CAST","source_run_id":"26e70dea-0bab-437d-b533-d6c20f56dd71"}
13:28:48.887 [pool-16-thread-16] INFO com.objwww.pr.control.alert.application.FallbackService -- {"event":"rca_fallback_decision","ts":"2026-09-12T05:28:48.887598929Z","incident_id":"b06a5c9e-fb10-447c-a97d-adf59f1da1f7","error_class":"TIMEOUT","outcome":"ALREADY_CAST","source_run_id":"26e70dea-0bab-437d-b533-d6c20f56dd71"}
13:28:48.888 [pool-16-thread-18] INFO com.objwww.pr.control.alert.application.FallbackService -- {"event":"rca_fallback_decision","ts":"2026-09-12T05:28:48.888298796Z","incident_id":"b06a5c9e-fb10-447c-a97d-adf59f1da1f7","error_class":"TIMEOUT","outcome":"ALREADY_CAST","source_run_id":"26e70dea-0bab-437d-b533-d6c20f56dd71"}
13:28:48.889 [pool-16-thread-19] INFO com.objwww.pr.control.alert.application.FallbackService -- {"event":"rca_fallback_decision","ts":"2026-09-12T05:28:48.888998044Z","incident_id":"b06a5c9e-fb10-447c-a97d-adf59f1da1f7","error_class":"TIMEOUT","outcome":"ALREADY_CAST","source_run_id":"26e70dea-0bab-437d-b533-d6c20f56dd71"}
13:28:48.890 [pool-16-thread-20] INFO com.objwww.pr.control.alert.application.FallbackService -- {"event":"rca_fallback_decision","ts":"2026-09-12T05:28:48.890631069Z","incident_id":"b06a5c9e-fb10-447c-a97d-adf59f1da1f7","error_class":"TIMEOUT","outcome":"ALREADY_CAST","source_run_id":"26e70dea-0bab-437d-b533-d6c20f56dd71"}
13:28:48.897 [main] INFO com.objwww.pr.control.alert.application.FallbackService -- {"event":"rca_fallback_decision","ts":"2026-09-12T05:28:48.897629579Z","incident_id":"b06a5c9e-fb10-447c-a97d-adf59f1da1f7","error_class":"TIMEOUT","outcome":"ALREADY_CAST","source_run_id":"26e70dea-0bab-437d-b533-d6c20f56dd71"}
13:28:49.027 [main] WARN com.objwww.pr.control.alert.application.FallbackService -- NATIVE run 9fc54105-5fa4-46ed-82c3-64f8c0408440 失败（TIMEOUT）→ 恰一次铸 HOLMES fallback run d815a7ce-fcd3-453d-a4b5-0a8b9906611c
13:28:49.027 [main] INFO com.objwww.pr.control.alert.application.FallbackService -- {"event":"rca_fallback_decision","ts":"2026-09-12T05:28:49.027411223Z","incident_id":"ea45210a-1545-4378-bae9-06b6ea4c740a","error_class":"TIMEOUT","outcome":"CAST","source_run_id":"9fc54105-5fa4-46ed-82c3-64f8c0408440"}
13:28:49.312 [main] WARN com.objwww.pr.control.alert.application.FallbackService -- NATIVE run 3236cdb5-0b5f-4d9c-b13b-3e12dd297086 失败（EXECUTOR_ERROR）→ 恰一次铸 HOLMES fallback run 6d11a197-a3c6-4867-ae21-e6aadb100b6a
13:28:49.312 [main] INFO com.objwww.pr.control.alert.application.FallbackService -- {"event":"rca_fallback_decision","ts":"2026-09-12T05:28:49.312424741Z","incident_id":"1cf009b9-0b13-4d0a-a65e-2f5c958d9941","error_class":"EXECUTOR_ERROR","outcome":"CAST","source_run_id":"3236cdb5-0b5f-4d9c-b13b-3e12dd297086"}
13:28:49.314 [main] INFO com.objwww.pr.control.alert.application.FallbackService -- {"event":"rca_fallback_decision","ts":"2026-09-12T05:28:49.313945154Z","incident_id":"1cf009b9-0b13-4d0a-a65e-2f5c958d9941","error_class":"EXECUTOR_ERROR","outcome":"INELIGIBLE_ENGINE","source_run_id":"6d11a197-a3c6-4867-ae21-e6aadb100b6a"}
13:28:49.316 [main] INFO com.objwww.pr.control.alert.application.FallbackService -- {"event":"rca_fallback_decision","ts":"2026-09-12T05:28:49.316534361Z","incident_id":"e84ffab2-1f75-4c44-a9e9-2355ddb0ecb5","error_class":"ADAPTER_PACKAGE_REJECTED","outcome":"INELIGIBLE_ERROR_CLASS","source_run_id":"c80a2931-9735-41f8-98a7-be0291f010e3"}
[INFO] Tests run: 4, Failures: 0, Errors: 0, Skipped: 0, Time elapsed: 0.601 s -- in com.objwww.pr.control.it.PostgresRunFallbackIT
[INFO] Running com.objwww.pr.control.it.AlertGenerationFenceIT
13:28:49.576 [main] INFO com.objwww.pr.control.alert.application.RcaRunOrchestrator -- {"event":"rca_task_decision","ts":"2026-09-12T05:28:49.576587553Z","decision":"STALE_GENERATION","run_id":"50204dbe-3cdd-4279-ba5b-63481df6be2d","task_id":"101fd1f7-c637-4927-8c80-004aa7e9addb","attempt_id":"420e2554-5423-40db-a8ee-a7e173c9d406","run_state":"SUPERSEDED"}
13:28:49.577 [main] WARN com.objwww.pr.control.alert.application.RcaRunOrchestrator -- task 101fd1f7-c637-4927-8c80-004aa7e9addb 旧代结果作废（run 50204dbe-3cdd-4279-ba5b-63481df6be2d state=SUPERSEDED），task→STALE 零落档
[INFO] Tests run: 2, Failures: 0, Errors: 0, Skipped: 0, Time elapsed: 0.261 s -- in com.objwww.pr.control.it.AlertGenerationFenceIT
[INFO] Running com.objwww.pr.control.it.AlertEvidenceSnapshotIT
[INFO] Tests run: 3, Failures: 0, Errors: 0, Skipped: 0, Time elapsed: 0.285 s -- in com.objwww.pr.control.it.AlertEvidenceSnapshotIT
[INFO] Running com.objwww.pr.control.it.ExA3DriverRecoveryIT
13:28:50.150 [main] WARN com.objwww.pr.control.infrastructure.nativeexec.NativeInvestigationExecutor -- run bbae8484-bc91-4c75-84be-37a137127b65 无冻结时间窗（存量行兼容面），回退执行时窗口——F14 冻结语义缺失
13:28:50.173 [main] INFO com.objwww.pr.control.alert.application.DeterministicSupervisor -- {"event":"am4_run_reporting","ts":"2026-09-12T05:28:50.172979418Z","run_id":"bbae8484-bc91-4c75-84be-37a137127b65"}
13:28:50.173 [main] INFO com.objwww.pr.control.alert.application.DeterministicSupervisor -- run bbae8484-bc91-4c75-84be-37a137127b65 全任务终态 → REPORTING（报告链组装）
13:28:50.182 [main] INFO com.objwww.pr.control.infrastructure.nativeexec.NativeInvestigationExecutor -- native 全链完成 run=bbae8484-bc91-4c75-84be-37a137127b65 reportOutcome=CONFIRMED claims=1 validation=STRUCTURE_VALIDATED 快照=0e1e5b2b0973cbb5b790446f79f0b2c3c8dbd22578d821cc843b315535000763 主模式=false
13:28:50.194 [main] WARN com.objwww.pr.control.infrastructure.nativeexec.NativeInvestigationExecutor -- run bbae8484-bc91-4c75-84be-37a137127b65 无冻结时间窗（存量行兼容面），回退执行时窗口——F14 冻结语义缺失
13:28:50.198 [main] WARN com.objwww.pr.control.infrastructure.nativeexec.NativeInvestigationExecutor -- 阶段②恢复：悬挂 PENDING → UNKNOWN（发送后结果未知，预算占用保留）op=70a4d117-9ee6-4333-a3ea-ce57d8f0f106
13:28:50.217 [main] INFO com.objwww.pr.control.infrastructure.nativeexec.NativeInvestigationExecutor -- native 全链完成 run=bbae8484-bc91-4c75-84be-37a137127b65 reportOutcome=CONFIRMED claims=1 validation=STRUCTURE_VALIDATED 快照=92ceb985bda0c48195d5bd71e466b9bd3f1058d88a72dfe01c6be7e0996d04ca 主模式=false
13:28:50.634 [main] WARN com.objwww.pr.control.infrastructure.nativeexec.NativeInvestigationExecutor -- run 3062a4a9-03e9-4699-8883-c9aed68c4a66 无冻结时间窗（存量行兼容面），回退执行时窗口——F14 冻结语义缺失
13:28:50.657 [main] INFO com.objwww.pr.control.alert.application.DeterministicSupervisor -- {"event":"am4_run_reporting","ts":"2026-09-12T05:28:50.657540724Z","run_id":"3062a4a9-03e9-4699-8883-c9aed68c4a66"}
13:28:50.657 [main] INFO com.objwww.pr.control.alert.application.DeterministicSupervisor -- run 3062a4a9-03e9-4699-8883-c9aed68c4a66 全任务终态 → REPORTING（报告链组装）
13:28:50.666 [main] INFO com.objwww.pr.control.infrastructure.nativeexec.NativeInvestigationExecutor -- native 全链完成 run=3062a4a9-03e9-4699-8883-c9aed68c4a66 reportOutcome=CONFIRMED claims=1 validation=STRUCTURE_VALIDATED 快照=0e1e5b2b0973cbb5b790446f79f0b2c3c8dbd22578d821cc843b315535000763 主模式=false
13:28:50.674 [main] WARN com.objwww.pr.control.infrastructure.nativeexec.NativeInvestigationExecutor -- run 3062a4a9-03e9-4699-8883-c9aed68c4a66 无冻结时间窗（存量行兼容面），回退执行时窗口——F14 冻结语义缺失
13:28:50.677 [main] INFO com.objwww.pr.control.infrastructure.nativeexec.NativeInvestigationExecutor -- DAG 任务 4dde61f6-4541-4be2-b43a-27c591dfc742 阶段③恢复：result_ref 幂等收尾（零触网）key=investigate-metrics
13:28:50.686 [main] INFO com.objwww.pr.control.infrastructure.nativeexec.NativeInvestigationExecutor -- native 全链完成 run=3062a4a9-03e9-4699-8883-c9aed68c4a66 reportOutcome=CONFIRMED claims=1 validation=STRUCTURE_VALIDATED 快照=0e1e5b2b0973cbb5b790446f79f0b2c3c8dbd22578d821cc843b315535000763 主模式=false
[INFO] Tests run: 5, Failures: 0, Errors: 0, Skipped: 0, Time elapsed: 0.824 s -- in com.objwww.pr.control.it.ExA3DriverRecoveryIT
[INFO] Running com.objwww.pr.control.it.PostgresRcaModelCallUsageReaderIT
[INFO] Tests run: 3, Failures: 0, Errors: 0, Skipped: 0, Time elapsed: 0.397 s -- in com.objwww.pr.control.it.PostgresRcaModelCallUsageReaderIT
[INFO] 
[INFO] Results:
[INFO] 
[ERROR] Failures: 
[ERROR]   AlertV10EvalRunIT.grantsFollowLeastPrivilegeOnRealRoles:317 
Expecting value to be true but was false
[ERROR]   En10VersionCenterIT.bundleListingMarksCurrentPointer:85 
Expecting actual:
  [2L, 2L, 1L, 1L]
to contain exactly (and in same order):
  [2L, 1L]
but some elements were not expected:
  [2L, 1L]

[INFO] 
[ERROR] Tests run: 265, Failures: 2, Errors: 0, Skipped: 0
[INFO] 
[INFO] 
[INFO] --- failsafe:3.5.3:verify (default) @ control-app ---
[INFO] ------------------------------------------------------------------------
[INFO] Reactor Summary for pr-agent 0.0.1-SNAPSHOT:
[INFO] 
[INFO] pr-agent ........................................... SUCCESS [  0.375 s]
[INFO] shared-kernel ...................................... SUCCESS [  3.416 s]
[INFO] control-app ........................................ FAILURE [01:36 min]
[INFO] order-arena ........................................ SKIPPED
[INFO] arena-chaos-admin .................................. SKIPPED
[INFO] notify-app ......................................... SKIPPED
[INFO] duty-adapter ....................................... SKIPPED
[INFO] ------------------------------------------------------------------------
[INFO] BUILD FAILURE
[INFO] ------------------------------------------------------------------------
[INFO] Total time:  01:40 min
[INFO] Finished at: 2026-09-12T13:28:51+08:00
[INFO] ------------------------------------------------------------------------
[ERROR] Failed to execute goal org.apache.maven.plugins:maven-failsafe-plugin:3.5.3:verify (default) on project control-app: There are test failures.
[ERROR] 
[ERROR] See /opt/build/pr/control-app/target/failsafe-reports for the individual test results.
[ERROR] See dump files (if any exist) [date].dump, [date]-jvmRun[N].dump and [date].dumpstream.
[ERROR] -> [Help 1]
[ERROR] 
[ERROR] To see the full stack trace of the errors, re-run Maven with the -e switch.
[ERROR] Re-run Maven using the -X switch to enable full debug logging.
[ERROR] 
[ERROR] For more information about the errors and possible solutions, please read the following articles:
[ERROR] [Help 1] http://cwiki.apache.org/confluence/display/MAVEN/MojoFailureException
[ERROR] 
[ERROR] After correcting the problems, you can resume the build with the command
[ERROR]   mvn <args> -rf :control-app
