[INFO] Scanning for projects...
[INFO] 
[INFO] ---------------------< com.objwww.pr:control-app >----------------------
[INFO] Building control-app 0.0.1-SNAPSHOT
[INFO]   from pom.xml
[INFO] --------------------------------[ jar ]---------------------------------
[INFO] 
[INFO] --- resources:3.3.1:resources (default-resources) @ control-app ---
[INFO] Copying 3 resources from src/main/resources to target/classes
[INFO] Copying 70 resources from src/main/resources to target/classes
[INFO] 
[INFO] --- compiler:3.13.0:compile (default-compile) @ control-app ---
[INFO] Nothing to compile - all classes are up to date.
[INFO] 
[INFO] --- resources:3.3.1:testResources (default-testResources) @ control-app ---
[INFO] Copying 7 resources from src/test/resources to target/test-classes
[INFO] 
[INFO] --- compiler:3.13.0:testCompile (default-testCompile) @ control-app ---
[INFO] Nothing to compile - all classes are up to date.
[INFO] 
[INFO] --- surefire:3.5.3:test (default-test) @ control-app ---
[INFO] Using auto detected provider org.apache.maven.surefire.junitplatform.JUnitPlatformProvider
[INFO] 
[INFO] -------------------------------------------------------
[INFO]  T E S T S
[INFO] -------------------------------------------------------
[INFO] Running com.objwww.pr.control.domain.ai.CircuitBreakerTest
[INFO] Tests run: 10, Failures: 0, Errors: 0, Skipped: 0, Time elapsed: 0.205 s -- in com.objwww.pr.control.domain.ai.CircuitBreakerTest
[INFO] Running com.objwww.pr.control.domain.ai.ModelRouterTest
[INFO] Tests run: 33, Failures: 0, Errors: 0, Skipped: 0, Time elapsed: 0.124 s -- in com.objwww.pr.control.domain.ai.ModelRouterTest
[INFO] Running com.objwww.pr.control.domain.ai.PricingServiceTest
[INFO] Tests run: 8, Failures: 0, Errors: 0, Skipped: 0, Time elapsed: 0.017 s -- in com.objwww.pr.control.domain.ai.PricingServiceTest
[INFO] Running com.objwww.pr.control.domain.ai.ModelStepBudgetGuardTest
[INFO] Tests run: 7, Failures: 0, Errors: 0, Skipped: 0, Time elapsed: 0.023 s -- in com.objwww.pr.control.domain.ai.ModelStepBudgetGuardTest
[INFO] Running com.objwww.pr.control.release.domain.model.ReleaseManifestTest
[INFO] Tests run: 8, Failures: 0, Errors: 0, Skipped: 0, Time elapsed: 0.050 s -- in com.objwww.pr.control.release.domain.model.ReleaseManifestTest
[INFO] Running com.objwww.pr.control.release.domain.model.ConfigBundleTest
[INFO] Tests run: 9, Failures: 0, Errors: 0, Skipped: 0, Time elapsed: 0.082 s -- in com.objwww.pr.control.release.domain.model.ConfigBundleTest
[INFO] Running com.objwww.pr.control.release.domain.model.ReleaseAssetTest
[INFO] Tests run: 10, Failures: 0, Errors: 0, Skipped: 0, Time elapsed: 0.033 s -- in com.objwww.pr.control.release.domain.model.ReleaseAssetTest
[INFO] Running com.objwww.pr.control.release.domain.model.ReleaseQualificationTest
[INFO] Tests run: 6, Failures: 0, Errors: 0, Skipped: 0, Time elapsed: 0.023 s -- in com.objwww.pr.control.release.domain.model.ReleaseQualificationTest
[INFO] Running com.objwww.pr.control.release.domain.service.CanaryBucketerTest
[INFO] Tests run: 7, Failures: 0, Errors: 0, Skipped: 0, Time elapsed: 0.063 s -- in com.objwww.pr.control.release.domain.service.CanaryBucketerTest
[INFO] Running com.objwww.pr.control.release.domain.service.SkillMatcherTest
[INFO] Tests run: 3, Failures: 0, Errors: 0, Skipped: 0, Time elapsed: 0.021 s -- in com.objwww.pr.control.release.domain.service.SkillMatcherTest
[INFO] Running com.objwww.pr.control.release.domain.service.CanaryWindowEvaluatorTest
[INFO] Tests run: 9, Failures: 0, Errors: 0, Skipped: 0, Time elapsed: 0.032 s -- in com.objwww.pr.control.release.domain.service.CanaryWindowEvaluatorTest
[INFO] Running com.objwww.pr.control.release.application.SkillCuratorServiceTest
18:35:36.595 [main] INFO com.objwww.pr.control.release.application.SkillCuratorService -- Skill 源头提炼：run=e1263e3b-5a6d-4859-81e5-d9700178e456 name=heap-runbook → REJECTED（verified=false）
18:35:36.608 [main] INFO com.objwww.pr.control.release.application.SkillCandidateService -- Skill 候选 DRAFT 落档（S01）：name=heap-runbook asset=c074ea59，无任何 ACTIVE 面
18:35:36.608 [main] INFO com.objwww.pr.control.release.application.SkillCuratorService -- Skill 源头提炼：run=9484df41-0cac-4b73-a243-0eb9712c56e2 name=heap-runbook → DRAFT（verified=true）
18:35:36.612 [main] INFO com.objwww.pr.control.release.application.SkillCandidateService -- Skill 候选 DRAFT 落档（S01）：name=heap-runbook asset=055fc4e9，无任何 ACTIVE 面
18:35:36.612 [main] INFO com.objwww.pr.control.release.application.SkillCuratorService -- Skill 源头提炼：run=1a4581db-f08d-4d9e-bcb6-3ac8c1cc861d name=heap-runbook → DRAFT（verified=true）
18:35:36.612 [main] INFO com.objwww.pr.control.release.application.SkillCandidateService -- Skill 候选幂等重放（S14）：name=heap-runbook source=be1ef93a
18:35:36.614 [main] INFO com.objwww.pr.control.release.application.SkillCuratorService -- Skill 源头提炼：run=1a4581db-f08d-4d9e-bcb6-3ac8c1cc861d name=heap-runbook → DRAFT（verified=true）
[INFO] Tests run: 4, Failures: 0, Errors: 0, Skipped: 0, Time elapsed: 0.041 s -- in com.objwww.pr.control.release.application.SkillCuratorServiceTest
[INFO] Running com.objwww.pr.control.release.application.SkillCandidateServiceTest
18:35:36.627 [main] INFO com.objwww.pr.control.release.application.SkillCandidateService -- Skill 候选 DRAFT 落档（S01）：name=ok-skill asset=44942902，无任何 ACTIVE 面
18:35:36.631 [main] INFO com.objwww.pr.control.release.application.SkillCandidateService -- Skill 候选 DRAFT 落档（S01）：name=bad-skill asset=81aa7d8b，无任何 ACTIVE 面
18:35:36.631 [main] INFO com.objwww.pr.control.release.application.SkillCandidateService -- Skill 候选校验拒绝（远端零调用）：bad-skill —— S05：Skill 声明工具不在授权交集内（不能扩权/触发副作用）: prometheus.instant
18:35:36.648 [main] INFO com.objwww.pr.control.release.application.SkillCandidateService -- Skill 候选 DRAFT 落档（S01）：name=svc-a-runbook asset=a0f5b644，无任何 ACTIVE 面
18:35:36.652 [main] INFO com.objwww.pr.control.release.application.SkillCandidateService -- Skill 候选 DRAFT 落档（S01）：name=normal-exit asset=f19c05d5，无任何 ACTIVE 面
18:35:36.653 [main] INFO com.objwww.pr.control.release.application.SkillCandidateService -- Skill 候选人工授权激活：name=normal-exit by=operator-bob asset=f19c05d5
18:35:36.654 [main] INFO com.objwww.pr.control.release.application.SkillCandidateService -- Skill 候选 DRAFT 落档（S01）：name=emergency-exit asset=bd350961，无任何 ACTIVE 面
18:35:36.655 [main] INFO com.objwww.pr.control.release.application.SkillCandidateService -- Skill 候选人工授权激活：name=emergency-exit by=operator-carol asset=bd350961
18:35:36.658 [main] INFO com.objwww.pr.control.release.application.SkillCandidateService -- Skill 候选 DRAFT 落档（S01）：name=dup-skill asset=9f5e0874，无任何 ACTIVE 面
18:35:36.658 [main] INFO com.objwww.pr.control.release.application.SkillCandidateService -- Skill 候选幂等重放（S14）：name=dup-skill source=aaaaaaaa
18:35:36.659 [main] INFO com.objwww.pr.control.release.application.SkillCandidateService -- Skill 候选 DRAFT 落档（S01）：name=gate-skill asset=2bb73901，无任何 ACTIVE 面
18:35:36.660 [main] INFO com.objwww.pr.control.release.application.SkillCandidateService -- Skill 候选 DRAFT 落档（S01）：name=inconclusive-skill asset=bf3be682，无任何 ACTIVE 面
18:35:36.661 [main] INFO com.objwww.pr.control.release.application.SkillCandidateService -- Skill 候选 DRAFT 落档（S01）：name=pass-skill asset=9fdc18fc，无任何 ACTIVE 面
18:35:36.667 [main] INFO com.objwww.pr.control.release.application.SkillCandidateService -- Skill 候选 DRAFT 落档（S01）：name=tamper-skill asset=53f59233，无任何 ACTIVE 面
[INFO] Tests run: 10, Failures: 0, Errors: 0, Skipped: 0, Time elapsed: 0.048 s -- in com.objwww.pr.control.release.application.SkillCandidateServiceTest
[INFO] Running com.objwww.pr.control.release.application.ConfigBundleServiceTest
18:35:36.671 [main] INFO com.objwww.pr.control.release.application.ConfigBundleService -- bundle 发布: 30ad808ed98886e339611e59f7bac711638e216776d0231c3aad2a5fe468382c revision=1 by=op policy=policy-2026-09
18:35:36.671 [main] INFO com.objwww.pr.control.release.application.ConfigBundleService -- 资格授予: candidate=30ad808ed98886e339611e59f7bac711638e216776d0231c3aad2a5fe468382c verdict=PASS usage=MATCHED by=grader-1
18:35:36.671 [main] INFO com.objwww.pr.control.release.application.ConfigBundleService -- bundle 发布: be840a4ff5d98fc58380e1ed2d6501f2a7edb25711430dc0e9023b687140db80 revision=2 by=op policy=policy-2026-09
18:35:36.671 [main] INFO com.objwww.pr.control.release.application.ConfigBundleService -- 资格授予: candidate=be840a4ff5d98fc58380e1ed2d6501f2a7edb25711430dc0e9023b687140db80 verdict=PASS usage=MATCHED by=grader-1
18:35:36.688 [main] INFO com.objwww.pr.control.release.application.ConfigBundleService -- ACTIVATE 落位: 30ad808ed98886e339611e59f7bac711638e216776d0231c3aad2a5fe468382c revision=1 by=op
18:35:36.691 [main] INFO com.objwww.pr.control.release.application.ConfigBundleService -- 资产注册: PROMPT 2f36beb53b822b9d312b2353e257c8de8b87386bdf4484e342dd2f0d6ef60ea7 by=op
18:35:36.691 [main] INFO com.objwww.pr.control.release.application.ConfigBundleService -- 资产注册幂等重放: PROMPT 2f36beb53b822b9d312b2353e257c8de8b87386bdf4484e342dd2f0d6ef60ea7 by=op
18:35:36.692 [main] INFO com.objwww.pr.control.release.application.ConfigBundleService -- 资产注册: PROMPT 601e38f862b9f79a54706b3d6728a99e8ba86ea17cda34cd51b3a747c1a13b31 by=op
18:35:36.693 [main] INFO com.objwww.pr.control.release.application.ConfigBundleService -- bundle 发布: 30ad808ed98886e339611e59f7bac711638e216776d0231c3aad2a5fe468382c revision=1 by=op policy=policy-2026-09
18:35:36.693 [main] INFO com.objwww.pr.control.release.application.ConfigBundleService -- 资格授予: candidate=30ad808ed98886e339611e59f7bac711638e216776d0231c3aad2a5fe468382c verdict=PASS usage=MATCHED by=grader-1
18:35:36.693 [main] INFO com.objwww.pr.control.release.application.ConfigBundleService -- bundle 发布: be840a4ff5d98fc58380e1ed2d6501f2a7edb25711430dc0e9023b687140db80 revision=2 by=op policy=policy-2026-09
18:35:36.693 [main] INFO com.objwww.pr.control.release.application.ConfigBundleService -- 资格授予: candidate=be840a4ff5d98fc58380e1ed2d6501f2a7edb25711430dc0e9023b687140db80 verdict=PASS usage=MATCHED by=grader-1
18:35:36.694 [main] INFO com.objwww.pr.control.release.application.ConfigBundleService -- ACTIVATE 落位: 30ad808ed98886e339611e59f7bac711638e216776d0231c3aad2a5fe468382c revision=1 by=op
18:35:36.694 [main] WARN com.objwww.pr.control.release.application.ConfigBundleService -- ACTIVATE CAS 竞争失败: target=be840a4ff5d98fc58380e1ed2d6501f2a7edb25711430dc0e9023b687140db80 expected=0 by=op-2
18:35:36.694 [main] INFO com.objwww.pr.control.release.application.ConfigBundleService -- ACTIVATE 落位: be840a4ff5d98fc58380e1ed2d6501f2a7edb25711430dc0e9023b687140db80 revision=2 by=op-2
18:35:36.698 [main] INFO com.objwww.pr.control.release.application.ConfigBundleService -- 资产注册: PROMPT 2f36beb53b822b9d312b2353e257c8de8b87386bdf4484e342dd2f0d6ef60ea7 by=op
18:35:36.698 [main] INFO com.objwww.pr.control.release.application.ConfigBundleService -- 资产注册: SKILL 64b41e2057c0e0e6c3f077b72c0951ce8e27fc157de2fdd60ddc22f5024bdaf7 by=op
18:35:36.698 [main] INFO com.objwww.pr.control.release.application.ConfigBundleService -- 资产注册: TOOL_SCHEMA c3dcd8c37f33f564cd506ece7666493ae7938c2804117db2f4fa7468c92be37f by=op
18:35:36.700 [main] INFO com.objwww.pr.control.release.application.ConfigBundleService -- release_manifest 依赖闭包通过: roles=[primary] skills=1 toolSchemas=1
18:35:36.700 [main] INFO com.objwww.pr.control.release.application.ConfigBundleService -- bundle 发布: 3c79c27ea1867f2e5e1caf088a8581c5fd2382c6c5e199dfbb8f05028977b9bc revision=1 by=op policy=policy-2026-09
18:35:36.701 [main] INFO com.objwww.pr.control.release.application.ConfigBundleService -- bundle 幂等重放: 3c79c27ea1867f2e5e1caf088a8581c5fd2382c6c5e199dfbb8f05028977b9bc revision=1 by=op
18:35:36.702 [main] INFO com.objwww.pr.control.release.application.ConfigBundleService -- bundle 发布: 30ad808ed98886e339611e59f7bac711638e216776d0231c3aad2a5fe468382c revision=1 by=op policy=policy-2026-09
18:35:36.702 [main] INFO com.objwww.pr.control.release.application.ConfigBundleService -- 资格授予: candidate=30ad808ed98886e339611e59f7bac711638e216776d0231c3aad2a5fe468382c verdict=PASS usage=MATCHED by=grader-1
18:35:36.702 [main] INFO com.objwww.pr.control.release.application.ConfigBundleService -- ACTIVATE 落位: 30ad808ed98886e339611e59f7bac711638e216776d0231c3aad2a5fe468382c revision=1 by=op
18:35:36.703 [main] INFO com.objwww.pr.control.release.application.ConfigBundleService -- bundle 发布: 30ad808ed98886e339611e59f7bac711638e216776d0231c3aad2a5fe468382c revision=1 by=op policy=policy-2026-09
18:35:36.704 [main] INFO com.objwww.pr.control.release.application.ConfigBundleService -- bundle 发布: 30ad808ed98886e339611e59f7bac711638e216776d0231c3aad2a5fe468382c revision=1 by=op policy=policy-2026-09
18:35:36.704 [main] INFO com.objwww.pr.control.release.application.ConfigBundleService -- 资格授予: candidate=30ad808ed98886e339611e59f7bac711638e216776d0231c3aad2a5fe468382c verdict=PASS usage=MATCHED by=grader-1
18:35:36.705 [main] INFO com.objwww.pr.control.release.application.ConfigBundleService -- ACTIVATE 落位: 30ad808ed98886e339611e59f7bac711638e216776d0231c3aad2a5fe468382c revision=1 by=op
18:35:36.706 [main] INFO com.objwww.pr.control.release.application.ConfigBundleService -- bundle 发布: 30ad808ed98886e339611e59f7bac711638e216776d0231c3aad2a5fe468382c revision=1 by=op policy=policy-2026-09
18:35:36.706 [main] INFO com.objwww.pr.control.release.application.ConfigBundleService -- 资格授予: candidate=30ad808ed98886e339611e59f7bac711638e216776d0231c3aad2a5fe468382c verdict=PASS usage=MATCHED by=grader-1
18:35:36.706 [main] INFO com.objwww.pr.control.release.application.ConfigBundleService -- bundle 发布: be840a4ff5d98fc58380e1ed2d6501f2a7edb25711430dc0e9023b687140db80 revision=2 by=op policy=policy-2026-09
18:35:36.706 [main] INFO com.objwww.pr.control.release.application.ConfigBundleService -- 资格授予: candidate=be840a4ff5d98fc58380e1ed2d6501f2a7edb25711430dc0e9023b687140db80 verdict=PASS usage=MATCHED by=grader-1
18:35:36.706 [main] INFO com.objwww.pr.control.release.application.ConfigBundleService -- ACTIVATE 落位: 30ad808ed98886e339611e59f7bac711638e216776d0231c3aad2a5fe468382c revision=1 by=op
18:35:36.706 [main] INFO com.objwww.pr.control.release.application.ConfigBundleService -- ACTIVATE 落位: be840a4ff5d98fc58380e1ed2d6501f2a7edb25711430dc0e9023b687140db80 revision=2 by=op
18:35:36.707 [main] INFO com.objwww.pr.control.release.application.ConfigBundleService -- ROLLBACK 落位: 30ad808ed98886e339611e59f7bac711638e216776d0231c3aad2a5fe468382c revision=1 by=release-operator
18:35:36.708 [main] INFO com.objwww.pr.control.release.application.ConfigBundleService -- bundle 发布: 30ad808ed98886e339611e59f7bac711638e216776d0231c3aad2a5fe468382c revision=1 by=op policy=policy-2026-09
18:35:36.708 [main] INFO com.objwww.pr.control.release.application.ConfigBundleService -- 资格授予: candidate=30ad808ed98886e339611e59f7bac711638e216776d0231c3aad2a5fe468382c verdict=PASS usage=MATCHED by=grader-1
18:35:36.708 [main] INFO com.objwww.pr.control.release.application.ConfigBundleService -- bundle 发布: be840a4ff5d98fc58380e1ed2d6501f2a7edb25711430dc0e9023b687140db80 revision=2 by=op policy=policy-2026-09
18:35:36.708 [main] INFO com.objwww.pr.control.release.application.ConfigBundleService -- 资格授予: candidate=be840a4ff5d98fc58380e1ed2d6501f2a7edb25711430dc0e9023b687140db80 verdict=PASS usage=MATCHED by=grader-1
18:35:36.708 [main] INFO com.objwww.pr.control.release.application.ConfigBundleService -- ACTIVATE 落位: 30ad808ed98886e339611e59f7bac711638e216776d0231c3aad2a5fe468382c revision=1 by=op
18:35:36.708 [main] INFO com.objwww.pr.control.release.application.ConfigBundleService -- ACTIVATE 落位: be840a4ff5d98fc58380e1ed2d6501f2a7edb25711430dc0e9023b687140db80 revision=2 by=op
18:35:36.708 [main] INFO com.objwww.pr.control.release.application.ConfigBundleService -- ROLLBACK 落位: 30ad808ed98886e339611e59f7bac711638e216776d0231c3aad2a5fe468382c revision=1 by=op
18:35:36.709 [main] INFO com.objwww.pr.control.release.application.ConfigBundleService -- bundle 发布: 30ad808ed98886e339611e59f7bac711638e216776d0231c3aad2a5fe468382c revision=1 by=release-operator policy=policy-2026-09
18:35:36.709 [main] INFO com.objwww.pr.control.release.application.ConfigBundleService -- bundle 幂等重放: 30ad808ed98886e339611e59f7bac711638e216776d0231c3aad2a5fe468382c revision=1 by=release-operator
18:35:36.709 [main] INFO com.objwww.pr.control.release.application.ConfigBundleService -- bundle 发布: be840a4ff5d98fc58380e1ed2d6501f2a7edb25711430dc0e9023b687140db80 revision=2 by=release-operator policy=policy-2026-09
18:35:36.710 [main] INFO com.objwww.pr.control.release.application.ConfigBundleService -- bundle 发布: 30ad808ed98886e339611e59f7bac711638e216776d0231c3aad2a5fe468382c revision=1 by=op policy=policy-2026-09
18:35:36.710 [main] INFO com.objwww.pr.control.release.application.ConfigBundleService -- 资格授予: candidate=30ad808ed98886e339611e59f7bac711638e216776d0231c3aad2a5fe468382c verdict=PASS usage=MATCHED by=grader-1
18:35:36.714 [main] INFO com.objwww.pr.control.release.application.ConfigBundleService -- bundle 发布: be840a4ff5d98fc58380e1ed2d6501f2a7edb25711430dc0e9023b687140db80 revision=2 by=op policy=policy-2026-09
18:35:36.714 [main] INFO com.objwww.pr.control.release.application.ConfigBundleService -- 资格授予: candidate=be840a4ff5d98fc58380e1ed2d6501f2a7edb25711430dc0e9023b687140db80 verdict=PASS usage=MATCHED by=grader-1
18:35:36.714 [main] INFO com.objwww.pr.control.release.application.ConfigBundleService -- ACTIVATE 落位: 30ad808ed98886e339611e59f7bac711638e216776d0231c3aad2a5fe468382c revision=1 by=op
18:35:36.714 [main] INFO com.objwww.pr.control.release.application.ConfigBundleService -- ACTIVATE 落位: be840a4ff5d98fc58380e1ed2d6501f2a7edb25711430dc0e9023b687140db80 revision=2 by=op
18:35:36.714 [main] INFO com.objwww.pr.control.release.application.ConfigBundleService -- bundle 发布: 40823ce96c5c1702de39e6181ae2e62f27ca5beef2e0bf4317c054515b83c86c revision=3 by=op policy=policy-2026-09
18:35:36.715 [main] INFO com.objwww.pr.control.release.application.ConfigBundleService -- ROLLBACK 落位: 30ad808ed98886e339611e59f7bac711638e216776d0231c3aad2a5fe468382c revision=1 by=op
18:35:36.716 [main] INFO com.objwww.pr.control.release.application.ConfigBundleService -- bundle 发布: 30ad808ed98886e339611e59f7bac711638e216776d0231c3aad2a5fe468382c revision=1 by=op policy=policy-2026-09
18:35:36.716 [main] INFO com.objwww.pr.control.release.application.ConfigBundleService -- 资格授予: candidate=30ad808ed98886e339611e59f7bac711638e216776d0231c3aad2a5fe468382c verdict=PASS usage=MATCHED by=grader-1
18:35:36.717 [main] INFO com.objwww.pr.control.release.application.ConfigBundleService -- bundle 发布: be840a4ff5d98fc58380e1ed2d6501f2a7edb25711430dc0e9023b687140db80 revision=2 by=op policy=policy-2026-09
18:35:36.717 [main] INFO com.objwww.pr.control.release.application.ConfigBundleService -- 资格授予: candidate=be840a4ff5d98fc58380e1ed2d6501f2a7edb25711430dc0e9023b687140db80 verdict=PASS usage=MATCHED by=grader-1
18:35:36.717 [main] INFO com.objwww.pr.control.release.application.ConfigBundleService -- ACTIVATE 落位: 30ad808ed98886e339611e59f7bac711638e216776d0231c3aad2a5fe468382c revision=1 by=release-operator
18:35:36.717 [main] INFO com.objwww.pr.control.release.application.ConfigBundleService -- ACTIVATE 落位: be840a4ff5d98fc58380e1ed2d6501f2a7edb25711430dc0e9023b687140db80 revision=2 by=release-operator
18:35:36.718 [main] INFO com.objwww.pr.control.release.application.ConfigBundleService -- 资产注册: PROMPT 2f36beb53b822b9d312b2353e257c8de8b87386bdf4484e342dd2f0d6ef60ea7 by=op
18:35:36.720 [main] INFO com.objwww.pr.control.release.application.ConfigBundleService -- bundle 发布: 30ad808ed98886e339611e59f7bac711638e216776d0231c3aad2a5fe468382c revision=1 by=op policy=policy-2026-09
18:35:36.721 [main] INFO com.objwww.pr.control.release.application.ConfigBundleService -- bundle 发布: be840a4ff5d98fc58380e1ed2d6501f2a7edb25711430dc0e9023b687140db80 revision=2 by=op policy=policy-2026-09
18:35:36.721 [main] INFO com.objwww.pr.control.release.application.ConfigBundleService -- 资格授予: candidate=be840a4ff5d98fc58380e1ed2d6501f2a7edb25711430dc0e9023b687140db80 verdict=FAIL usage=MATCHED by=grader-1
18:35:36.721 [main] INFO com.objwww.pr.control.release.application.ConfigBundleService -- bundle 发布: 97ec86dedfff69924f440c7dc4b94e5f83087c6c483f5b0e12e74bf22521b23c revision=3 by=op policy=policy-2026-09
18:35:36.722 [main] INFO com.objwww.pr.control.release.application.ConfigBundleService -- 资格授予: candidate=97ec86dedfff69924f440c7dc4b94e5f83087c6c483f5b0e12e74bf22521b23c verdict=INCONCLUSIVE usage=UNKNOWN by=grader-1
18:35:36.723 [main] INFO com.objwww.pr.control.release.application.ConfigBundleService -- bundle 发布: 30ad808ed98886e339611e59f7bac711638e216776d0231c3aad2a5fe468382c revision=1 by=op policy=policy-2026-09
18:35:36.723 [main] INFO com.objwww.pr.control.release.application.ConfigBundleService -- 资格授予: candidate=30ad808ed98886e339611e59f7bac711638e216776d0231c3aad2a5fe468382c verdict=PASS usage=MATCHED by=grader-1
18:35:36.723 [main] INFO com.objwww.pr.control.release.application.ConfigBundleService -- ACTIVATE 落位: 30ad808ed98886e339611e59f7bac711638e216776d0231c3aad2a5fe468382c revision=1 by=op
18:35:36.723 [main] WARN com.objwww.pr.control.release.application.ConfigBundleService -- 资格撤销: id=39526475-acb5-4b61-afbd-ffd3f0d36352 by=safety-officer reason=基线漂移
18:35:36.723 [main] INFO com.objwww.pr.control.release.application.ConfigBundleService -- bundle 发布: be840a4ff5d98fc58380e1ed2d6501f2a7edb25711430dc0e9023b687140db80 revision=2 by=op policy=policy-2026-09
18:35:36.723 [main] INFO com.objwww.pr.control.release.application.ConfigBundleService -- 资格授予: candidate=be840a4ff5d98fc58380e1ed2d6501f2a7edb25711430dc0e9023b687140db80 verdict=PASS usage=MATCHED by=grader-1
18:35:36.723 [main] WARN com.objwww.pr.control.release.application.ConfigBundleService -- 资格撤销: id=640a121d-d308-4aa0-a1ce-00deeb558363 by=safety-officer reason=紧急撤回
[INFO] Tests run: 17, Failures: 0, Errors: 0, Skipped: 0, Time elapsed: 0.056 s -- in com.objwww.pr.control.release.application.ConfigBundleServiceTest
[INFO] Running com.objwww.pr.control.release.application.EngineComparisonRecorderTest
[INFO] Tests run: 6, Failures: 0, Errors: 0, Skipped: 0, Time elapsed: 0.207 s -- in com.objwww.pr.control.release.application.EngineComparisonRecorderTest
[INFO] Running com.objwww.pr.control.release.application.CanaryRouterTest
18:35:36.943 [main] WARN com.objwww.pr.control.release.application.CanaryRouter -- canary 爆炸半径达上限，自动停放量: nativeRuns=1 cap=1 bundle=be2802f5ee3f3cd8b48e8bc1048f8896d2f57a771f977c998321f60f5eca0d3d
18:35:36.943 [main] WARN com.objwww.pr.control.release.application.CanaryRouter -- canary 爆炸半径达上限，自动停放量: nativeRuns=1 cap=1 bundle=be2802f5ee3f3cd8b48e8bc1048f8896d2f57a771f977c998321f60f5eca0d3d
[INFO] Tests run: 11, Failures: 0, Errors: 0, Skipped: 0, Time elapsed: 0.015 s -- in com.objwww.pr.control.release.application.CanaryRouterTest
[INFO] Running com.objwww.pr.control.release.interfaces.ConfigBundleControllerTest
18:35:37.439 [main] INFO org.springframework.mock.web.MockServletContext -- Initializing Spring TestDispatcherServlet ''
18:35:37.439 [main] INFO org.springframework.test.web.servlet.TestDispatcherServlet -- Initializing Servlet ''
18:35:37.441 [main] INFO org.springframework.test.web.servlet.TestDispatcherServlet -- Completed initialization in 2 ms
18:35:37.602 [main] INFO org.springframework.mock.web.MockServletContext -- Initializing Spring TestDispatcherServlet ''
18:35:37.602 [main] INFO org.springframework.test.web.servlet.TestDispatcherServlet -- Initializing Servlet ''
18:35:37.603 [main] INFO org.springframework.test.web.servlet.TestDispatcherServlet -- Completed initialization in 1 ms
18:35:37.607 [main] INFO com.objwww.pr.control.release.application.ConfigBundleService -- bundle 发布: 30ad808ed98886e339611e59f7bac711638e216776d0231c3aad2a5fe468382c revision=1 by=release-operator policy=policy-2026-09
18:35:37.650 [main] INFO com.objwww.pr.control.release.application.ConfigBundleService -- bundle 发布: be840a4ff5d98fc58380e1ed2d6501f2a7edb25711430dc0e9023b687140db80 revision=2 by=release-operator policy=policy-2026-09
18:35:37.651 [main] INFO com.objwww.pr.control.release.application.ConfigBundleService -- 资格授予: candidate=30ad808ed98886e339611e59f7bac711638e216776d0231c3aad2a5fe468382c verdict=PASS usage=MATCHED by=grader-1
18:35:37.651 [main] INFO com.objwww.pr.control.release.application.ConfigBundleService -- 资格授予: candidate=be840a4ff5d98fc58380e1ed2d6501f2a7edb25711430dc0e9023b687140db80 verdict=PASS usage=MATCHED by=grader-1
18:35:37.655 [main] INFO com.objwww.pr.control.release.interfaces.ConfigBundleController -- config-bundle activate: digest=30ad808ed98886e339611e59f7bac711638e216776d0231c3aad2a5fe468382c body-keys=[expectedActiveRevision]
18:35:37.655 [main] INFO com.objwww.pr.control.release.application.ConfigBundleService -- ACTIVATE 落位: 30ad808ed98886e339611e59f7bac711638e216776d0231c3aad2a5fe468382c revision=1 by=release-operator
18:35:37.657 [main] INFO com.objwww.pr.control.release.interfaces.ConfigBundleController -- config-bundle activate: digest=be840a4ff5d98fc58380e1ed2d6501f2a7edb25711430dc0e9023b687140db80 body-keys=[expectedActiveRevision]
18:35:37.657 [main] INFO com.objwww.pr.control.release.application.ConfigBundleService -- ACTIVATE 落位: be840a4ff5d98fc58380e1ed2d6501f2a7edb25711430dc0e9023b687140db80 revision=2 by=release-operator
18:35:37.659 [main] INFO com.objwww.pr.control.release.interfaces.ConfigBundleController -- config-bundle rollback: digest=30ad808ed98886e339611e59f7bac711638e216776d0231c3aad2a5fe468382c body-keys=[toDigest, expectedActiveRevision]
18:35:37.660 [main] INFO com.objwww.pr.control.release.application.ConfigBundleService -- ROLLBACK 落位: 30ad808ed98886e339611e59f7bac711638e216776d0231c3aad2a5fe468382c revision=1 by=release-operator
18:35:37.663 [main] INFO com.objwww.pr.control.release.interfaces.ConfigBundleController -- config-bundle rollback: digest=null body-keys=[]
18:35:37.673 [main] INFO org.springframework.mock.web.MockServletContext -- Initializing Spring TestDispatcherServlet ''
18:35:37.673 [main] INFO org.springframework.test.web.servlet.TestDispatcherServlet -- Initializing Servlet ''
18:35:37.673 [main] INFO org.springframework.test.web.servlet.TestDispatcherServlet -- Completed initialization in 0 ms
18:35:37.680 [main] INFO com.objwww.pr.control.release.application.ConfigBundleService -- bundle 发布: 30ad808ed98886e339611e59f7bac711638e216776d0231c3aad2a5fe468382c revision=1 by=release-operator policy=policy-2026-09
18:35:37.682 [main] INFO com.objwww.pr.control.release.application.ConfigBundleService -- 资格授予: candidate=30ad808ed98886e339611e59f7bac711638e216776d0231c3aad2a5fe468382c verdict=PASS usage=MATCHED by=grader-1
18:35:37.684 [main] INFO com.objwww.pr.control.release.interfaces.ConfigBundleController -- config-bundle activate: digest=30ad808ed98886e339611e59f7bac711638e216776d0231c3aad2a5fe468382c body-keys=[expectedActiveRevision]
18:35:37.684 [main] INFO com.objwww.pr.control.release.application.ConfigBundleService -- ACTIVATE 落位: 30ad808ed98886e339611e59f7bac711638e216776d0231c3aad2a5fe468382c revision=1 by=release-operator
18:35:37.696 [main] INFO org.springframework.mock.web.MockServletContext -- Initializing Spring TestDispatcherServlet ''
18:35:37.696 [main] INFO org.springframework.test.web.servlet.TestDispatcherServlet -- Initializing Servlet ''
18:35:37.696 [main] INFO org.springframework.test.web.servlet.TestDispatcherServlet -- Completed initialization in 0 ms
18:35:37.699 [main] INFO com.objwww.pr.control.release.application.ConfigBundleService -- bundle 发布: 30ad808ed98886e339611e59f7bac711638e216776d0231c3aad2a5fe468382c revision=1 by=release-operator policy=policy-2026-09
18:35:37.704 [main] INFO com.objwww.pr.control.release.interfaces.ConfigBundleController -- config-bundle activate: digest=30ad808ed98886e339611e59f7bac711638e216776d0231c3aad2a5fe468382c body-keys=[]
18:35:37.707 [main] INFO com.objwww.pr.control.release.interfaces.ConfigBundleController -- config-bundle activate: digest=30ad808ed98886e339611e59f7bac711638e216776d0231c3aad2a5fe468382c body-keys=[expectedActiveRevision]
18:35:37.726 [main] INFO org.springframework.mock.web.MockServletContext -- Initializing Spring TestDispatcherServlet ''
18:35:37.727 [main] INFO org.springframework.test.web.servlet.TestDispatcherServlet -- Initializing Servlet ''
18:35:37.727 [main] INFO org.springframework.test.web.servlet.TestDispatcherServlet -- Completed initialization in 0 ms
18:35:37.729 [main] INFO com.objwww.pr.control.release.application.ConfigBundleService -- bundle 发布: 30ad808ed98886e339611e59f7bac711638e216776d0231c3aad2a5fe468382c revision=1 by=release-operator policy=policy-2026-09
18:35:37.732 [main] INFO com.objwww.pr.control.release.application.ConfigBundleService -- bundle 幂等重放: 30ad808ed98886e339611e59f7bac711638e216776d0231c3aad2a5fe468382c revision=1 by=release-operator
18:35:37.744 [main] INFO org.springframework.mock.web.MockServletContext -- Initializing Spring TestDispatcherServlet ''
18:35:37.744 [main] INFO org.springframework.test.web.servlet.TestDispatcherServlet -- Initializing Servlet ''
18:35:37.744 [main] INFO org.springframework.test.web.servlet.TestDispatcherServlet -- Completed initialization in 0 ms
18:35:37.747 [main] INFO com.objwww.pr.control.release.application.ConfigBundleService -- bundle 发布: 30ad808ed98886e339611e59f7bac711638e216776d0231c3aad2a5fe468382c revision=1 by=release-operator policy=policy-2026-09
18:35:37.750 [main] INFO com.objwww.pr.control.release.application.ConfigBundleService -- bundle 发布: be840a4ff5d98fc58380e1ed2d6501f2a7edb25711430dc0e9023b687140db80 revision=2 by=release-operator policy=policy-2026-09
18:35:37.751 [main] INFO com.objwww.pr.control.release.application.ConfigBundleService -- 资格授予: candidate=30ad808ed98886e339611e59f7bac711638e216776d0231c3aad2a5fe468382c verdict=PASS usage=MATCHED by=grader-1
18:35:37.751 [main] INFO com.objwww.pr.control.release.application.ConfigBundleService -- 资格授予: candidate=be840a4ff5d98fc58380e1ed2d6501f2a7edb25711430dc0e9023b687140db80 verdict=PASS usage=MATCHED by=grader-1
18:35:37.753 [main] INFO com.objwww.pr.control.release.interfaces.ConfigBundleController -- config-bundle activate: digest=30ad808ed98886e339611e59f7bac711638e216776d0231c3aad2a5fe468382c body-keys=[expectedActiveRevision]
18:35:37.753 [main] INFO com.objwww.pr.control.release.application.ConfigBundleService -- ACTIVATE 落位: 30ad808ed98886e339611e59f7bac711638e216776d0231c3aad2a5fe468382c revision=1 by=release-operator
18:35:37.755 [main] INFO com.objwww.pr.control.release.interfaces.ConfigBundleController -- config-bundle activate: digest=be840a4ff5d98fc58380e1ed2d6501f2a7edb25711430dc0e9023b687140db80 body-keys=[expectedActiveRevision]
18:35:37.755 [main] WARN com.objwww.pr.control.release.application.ConfigBundleService -- ACTIVATE CAS 竞争失败: target=be840a4ff5d98fc58380e1ed2d6501f2a7edb25711430dc0e9023b687140db80 expected=1 by=release-operator
18:35:37.763 [main] INFO org.springframework.mock.web.MockServletContext -- Initializing Spring TestDispatcherServlet ''
18:35:37.763 [main] INFO org.springframework.test.web.servlet.TestDispatcherServlet -- Initializing Servlet ''
18:35:37.763 [main] INFO org.springframework.test.web.servlet.TestDispatcherServlet -- Completed initialization in 0 ms
18:35:37.766 [main] INFO com.objwww.pr.control.release.application.ConfigBundleService -- bundle 发布: 30ad808ed98886e339611e59f7bac711638e216776d0231c3aad2a5fe468382c revision=1 by=release-operator policy=policy-2026-09
18:35:37.771 [main] INFO com.objwww.pr.control.release.application.ConfigBundleService -- 资格授予: candidate=30ad808ed98886e339611e59f7bac711638e216776d0231c3aad2a5fe468382c verdict=PASS usage=MATCHED by=grader-1
18:35:37.772 [main] INFO com.objwww.pr.control.release.interfaces.ConfigBundleController -- config-bundle activate: digest=30ad808ed98886e339611e59f7bac711638e216776d0231c3aad2a5fe468382c body-keys=[expectedActiveRevision]
18:35:37.773 [main] INFO com.objwww.pr.control.release.application.ConfigBundleService -- ACTIVATE 落位: 30ad808ed98886e339611e59f7bac711638e216776d0231c3aad2a5fe468382c revision=1 by=release-operator
18:35:37.775 [main] INFO com.objwww.pr.control.release.interfaces.ConfigBundleController -- config-bundle activate: digest=30ad808ed98886e339611e59f7bac711638e216776d0231c3aad2a5fe468382c body-keys=[expectedActiveRevision]
18:35:37.777 [main] INFO com.objwww.pr.control.release.interfaces.ConfigBundleController -- config-bundle activate: digest=ead6ef03d61ee60c533d6d450c50a1e559a8a37f6b796a4094cd0dac6b744428 body-keys=[expectedActiveRevision]
[INFO] Tests run: 7, Failures: 0, Errors: 0, Skipped: 0, Time elapsed: 0.829 s -- in com.objwww.pr.control.release.interfaces.ConfigBundleControllerTest
[INFO] Running com.objwww.pr.control.release.interfaces.CanaryStatusControllerTest
18:35:37.806 [main] INFO org.springframework.mock.web.MockServletContext -- Initializing Spring TestDispatcherServlet ''
18:35:37.807 [main] INFO org.springframework.test.web.servlet.TestDispatcherServlet -- Initializing Servlet ''
18:35:37.807 [main] INFO org.springframework.test.web.servlet.TestDispatcherServlet -- Completed initialization in 0 ms
18:35:37.818 [main] INFO org.springframework.mock.web.MockServletContext -- Initializing Spring TestDispatcherServlet ''
18:35:37.818 [main] INFO org.springframework.test.web.servlet.TestDispatcherServlet -- Initializing Servlet ''
18:35:37.818 [main] INFO org.springframework.test.web.servlet.TestDispatcherServlet -- Completed initialization in 0 ms
18:35:37.831 [main] INFO org.springframework.mock.web.MockServletContext -- Initializing Spring TestDispatcherServlet ''
18:35:37.831 [main] INFO org.springframework.test.web.servlet.TestDispatcherServlet -- Initializing Servlet ''
18:35:37.831 [main] INFO org.springframework.test.web.servlet.TestDispatcherServlet -- Completed initialization in 0 ms
18:35:37.853 [main] INFO org.springframework.mock.web.MockServletContext -- Initializing Spring TestDispatcherServlet ''
18:35:37.853 [main] INFO org.springframework.test.web.servlet.TestDispatcherServlet -- Initializing Servlet ''
18:35:37.853 [main] INFO org.springframework.test.web.servlet.TestDispatcherServlet -- Completed initialization in 0 ms
[INFO] Tests run: 4, Failures: 0, Errors: 0, Skipped: 0, Time elapsed: 0.077 s -- in com.objwww.pr.control.release.interfaces.CanaryStatusControllerTest
[INFO] Running com.objwww.pr.control.release.interfaces.ReleaseAssetQueryControllerTest
[INFO] Tests run: 6, Failures: 0, Errors: 0, Skipped: 0, Time elapsed: 0.021 s -- in com.objwww.pr.control.release.interfaces.ReleaseAssetQueryControllerTest
[INFO] Running com.objwww.pr.control.eval.domain.statemachine.EvalRunLifecycleTest
[INFO] Tests run: 4, Failures: 0, Errors: 0, Skipped: 0, Time elapsed: 0.011 s -- in com.objwww.pr.control.eval.domain.statemachine.EvalRunLifecycleTest
[INFO] Running com.objwww.pr.control.eval.domain.statemachine.GoldenCandidateStateMachineTest
[INFO] Tests run: 2, Failures: 0, Errors: 0, Skipped: 0, Time elapsed: 0.006 s -- in com.objwww.pr.control.eval.domain.statemachine.GoldenCandidateStateMachineTest
[INFO] Running com.objwww.pr.control.eval.domain.ScenarioMetricsTest
[INFO] Tests run: 5, Failures: 0, Errors: 0, Skipped: 0, Time elapsed: 0.009 s -- in com.objwww.pr.control.eval.domain.ScenarioMetricsTest
[INFO] Running com.objwww.pr.control.eval.domain.SynonymLexiconTest
[INFO] Tests run: 5, Failures: 0, Errors: 0, Skipped: 0, Time elapsed: 0.102 s -- in com.objwww.pr.control.eval.domain.SynonymLexiconTest
[INFO] Running com.objwww.pr.control.eval.domain.litellm.UsageLedgerReconcilerTest
[INFO] Tests run: 12, Failures: 0, Errors: 0, Skipped: 0, Time elapsed: 0.056 s -- in com.objwww.pr.control.eval.domain.litellm.UsageLedgerReconcilerTest
[INFO] Running com.objwww.pr.control.eval.domain.GoldenScenarioRegistryTest
[INFO] Tests run: 4, Failures: 0, Errors: 0, Skipped: 0, Time elapsed: 0.031 s -- in com.objwww.pr.control.eval.domain.GoldenScenarioRegistryTest
[INFO] Running com.objwww.pr.control.eval.domain.port.DatasetAdapterTest
[INFO] Tests run: 5, Failures: 0, Errors: 0, Skipped: 0, Time elapsed: 0.008 s -- in com.objwww.pr.control.eval.domain.port.DatasetAdapterTest
[INFO] Running com.objwww.pr.control.eval.domain.model.SamplingFingerprintTest
[INFO] Tests run: 6, Failures: 0, Errors: 0, Skipped: 0, Time elapsed: 0.013 s -- in com.objwww.pr.control.eval.domain.model.SamplingFingerprintTest
[INFO] Running com.objwww.pr.control.eval.domain.model.EvalCaseV1Test
[INFO] Tests run: 3, Failures: 0, Errors: 0, Skipped: 0, Time elapsed: 0.002 s -- in com.objwww.pr.control.eval.domain.model.EvalCaseV1Test
[INFO] Running com.objwww.pr.control.eval.domain.model.EvalLaunchPlanTest
[INFO] Tests run: 3, Failures: 0, Errors: 0, Skipped: 0, Time elapsed: 0.007 s -- in com.objwww.pr.control.eval.domain.model.EvalLaunchPlanTest
[INFO] Running com.objwww.pr.control.eval.domain.model.DatasetVersionTest
[INFO] Tests run: 3, Failures: 0, Errors: 0, Skipped: 0, Time elapsed: 0.004 s -- in com.objwww.pr.control.eval.domain.model.DatasetVersionTest
[INFO] Running com.objwww.pr.control.eval.domain.model.CaseVersionTest
[INFO] Tests run: 4, Failures: 0, Errors: 0, Skipped: 0, Time elapsed: 0.004 s -- in com.objwww.pr.control.eval.domain.model.CaseVersionTest
[INFO] Running com.objwww.pr.control.eval.domain.EvalRunMetadataTest
[INFO] Tests run: 5, Failures: 0, Errors: 0, Skipped: 0, Time elapsed: 0.008 s -- in com.objwww.pr.control.eval.domain.EvalRunMetadataTest
[INFO] Running com.objwww.pr.control.eval.domain.EvalCaseResultTest
[INFO] Tests run: 3, Failures: 0, Errors: 0, Skipped: 0, Time elapsed: 0.007 s -- in com.objwww.pr.control.eval.domain.EvalCaseResultTest
[INFO] Running com.objwww.pr.control.eval.domain.service.SafetyGateTest
[INFO] Tests run: 8, Failures: 0, Errors: 0, Skipped: 0, Time elapsed: 0.017 s -- in com.objwww.pr.control.eval.domain.service.SafetyGateTest
[INFO] Running com.objwww.pr.control.eval.domain.service.QualityGateTest
[INFO] Tests run: 13, Failures: 0, Errors: 0, Skipped: 0, Time elapsed: 0.012 s -- in com.objwww.pr.control.eval.domain.service.QualityGateTest
[INFO] Running com.objwww.pr.control.eval.domain.service.SixDimEvaluatorTest
[INFO] Tests run: 11, Failures: 0, Errors: 0, Skipped: 0, Time elapsed: 0.019 s -- in com.objwww.pr.control.eval.domain.service.SixDimEvaluatorTest
[INFO] Running com.objwww.pr.control.eval.domain.service.HypothesisSearchServiceTest
[INFO] Tests run: 5, Failures: 0, Errors: 0, Skipped: 0, Time elapsed: 0.013 s -- in com.objwww.pr.control.eval.domain.service.HypothesisSearchServiceTest
[INFO] Running com.objwww.pr.control.eval.domain.service.PairedTrialStatsTest
[INFO] Tests run: 8, Failures: 0, Errors: 0, Skipped: 0, Time elapsed: 0.029 s -- in com.objwww.pr.control.eval.domain.service.PairedTrialStatsTest
[INFO] Running com.objwww.pr.control.eval.infrastructure.adapter.OrderArenaAdapterTest
[INFO] Tests run: 2, Failures: 0, Errors: 0, Skipped: 0, Time elapsed: 0.003 s -- in com.objwww.pr.control.eval.infrastructure.adapter.OrderArenaAdapterTest
[INFO] Running com.objwww.pr.control.eval.infrastructure.adapter.RcaEvalAdapterTest
[INFO] Tests run: 1, Failures: 0, Errors: 0, Skipped: 0, Time elapsed: 0.001 s -- in com.objwww.pr.control.eval.infrastructure.adapter.RcaEvalAdapterTest
[INFO] Running com.objwww.pr.control.eval.infrastructure.adapter.Rca100AdapterTest
[INFO] Tests run: 3, Failures: 0, Errors: 0, Skipped: 0, Time elapsed: 0.004 s -- in com.objwww.pr.control.eval.infrastructure.adapter.Rca100AdapterTest
[INFO] Running com.objwww.pr.control.eval.infrastructure.identity.DatasetPartitionAccessTest
[INFO] Tests run: 4, Failures: 0, Errors: 0, Skipped: 0, Time elapsed: 0.009 s -- in com.objwww.pr.control.eval.infrastructure.identity.DatasetPartitionAccessTest
[INFO] Running com.objwww.pr.control.eval.application.EvalRubricRegistryTest
[INFO] Tests run: 3, Failures: 0, Errors: 0, Skipped: 0, Time elapsed: 0.023 s -- in com.objwww.pr.control.eval.application.EvalRubricRegistryTest
[INFO] Running com.objwww.pr.control.eval.application.UsageLedgerServiceTest
18:35:38.318 [main] WARN com.objwww.pr.control.eval.application.UsageLedgerService -- LiteLLM 未配置（app.alert.eval.litellm.base-url 为空），usage 对账按 chain③ 降级 UNMATCHED/BEST_EFFORT
18:35:38.323 [main] WARN com.objwww.pr.control.eval.application.UsageLedgerService -- SpendLogs 查询失败，usage 对账降级 UNMATCHED（run=461d0b07-0745-4cfb-8804-8d408f16ae64）: LiteLLM /spend/logs 调用失败: HTTP 500
18:35:38.324 [main] WARN com.objwww.pr.control.eval.application.UsageLedgerService -- LiteLLM 未配置（app.alert.eval.litellm.base-url 为空），usage 对账按 chain③ 降级 UNMATCHED/BEST_EFFORT
18:35:38.325 [main] WARN com.objwww.pr.control.eval.application.UsageLedgerService -- usage 对账: run=461d0b07-0745-4cfb-8804-8d408f16ae64 取得 proxy 行数=1
18:35:38.334 [main] WARN com.objwww.pr.control.eval.application.UsageLedgerService -- LiteLLM 未配置（app.alert.eval.litellm.base-url 为空），usage 对账按 chain③ 降级 UNMATCHED/BEST_EFFORT
18:35:38.335 [main] WARN com.objwww.pr.control.eval.application.UsageLedgerService -- LiteLLM 未配置（app.alert.eval.litellm.base-url 为空），usage 对账按 chain③ 降级 UNMATCHED/BEST_EFFORT
18:35:38.336 [main] WARN com.objwww.pr.control.eval.application.UsageLedgerService -- LiteLLM 未配置（app.alert.eval.litellm.base-url 为空），usage 对账按 chain③ 降级 UNMATCHED/BEST_EFFORT
18:35:38.336 [main] WARN com.objwww.pr.control.eval.application.UsageLedgerService -- LiteLLM 未配置（app.alert.eval.litellm.base-url 为空），usage 对账按 chain③ 降级 UNMATCHED/BEST_EFFORT
[INFO] Tests run: 8, Failures: 0, Errors: 0, Skipped: 0, Time elapsed: 0.024 s -- in com.objwww.pr.control.eval.application.UsageLedgerServiceTest
[INFO] Running com.objwww.pr.control.eval.application.BaselineReportGeneratorTest
[INFO] Tests run: 5, Failures: 0, Errors: 0, Skipped: 0, Time elapsed: 0.034 s -- in com.objwww.pr.control.eval.application.BaselineReportGeneratorTest
[INFO] Running com.objwww.pr.control.eval.application.EvalGateRunnerTest
[INFO] Tests run: 4, Failures: 0, Errors: 0, Skipped: 0, Time elapsed: 0.016 s -- in com.objwww.pr.control.eval.application.EvalGateRunnerTest
[INFO] Running com.objwww.pr.control.eval.application.EvalCompareServiceTest
[INFO] Tests run: 8, Failures: 0, Errors: 0, Skipped: 0, Time elapsed: 0.094 s -- in com.objwww.pr.control.eval.application.EvalCompareServiceTest
[INFO] Running com.objwww.pr.control.eval.application.SingleCaseScorerTest
[INFO] Tests run: 6, Failures: 0, Errors: 0, Skipped: 0, Time elapsed: 0.021 s -- in com.objwww.pr.control.eval.application.SingleCaseScorerTest
[INFO] Running com.objwww.pr.control.eval.application.EvalCompareTest
[INFO] Tests run: 8, Failures: 0, Errors: 0, Skipped: 0, Time elapsed: 0.008 s -- in com.objwww.pr.control.eval.application.EvalCompareTest
[INFO] Running com.objwww.pr.control.eval.application.FinalReportSelectorTest
[INFO] Tests run: 3, Failures: 0, Errors: 0, Skipped: 0, Time elapsed: 0.003 s -- in com.objwww.pr.control.eval.application.FinalReportSelectorTest
[INFO] Running com.objwww.pr.control.eval.application.EvalReviewServiceTest
[INFO] Tests run: 15, Failures: 0, Errors: 0, Skipped: 0, Time elapsed: 0.036 s -- in com.objwww.pr.control.eval.application.EvalReviewServiceTest
[INFO] Running com.objwww.pr.control.eval.application.EvalLogCompareTest
[INFO] Tests run: 7, Failures: 0, Errors: 0, Skipped: 0, Time elapsed: 0.017 s -- in com.objwww.pr.control.eval.application.EvalLogCompareTest
[INFO] Running com.objwww.pr.control.eval.application.ScenarioEvaluatorTest
[INFO] Tests run: 5, Failures: 0, Errors: 0, Skipped: 0, Time elapsed: 0.009 s -- in com.objwww.pr.control.eval.application.ScenarioEvaluatorTest
[INFO] Running com.objwww.pr.control.eval.application.EvalBatchRunnerTest
18:35:38.589 [main] WARN com.objwww.pr.control.eval.application.EvalBatchRunner -- 场景 S1 第 1 轮注入失败: flagd admin down
18:35:38.620 [main] WARN com.objwww.pr.control.eval.application.EvalBatchRunner -- 场景 S1 注入前 incident 未 resolved（alertname=checkout，预算 10s 耗尽）——本轮判 prev_round_not_resolved 并关门
[INFO] Tests run: 5, Failures: 0, Errors: 0, Skipped: 0, Time elapsed: 0.042 s -- in com.objwww.pr.control.eval.application.EvalBatchRunnerTest
[INFO] Running com.objwww.pr.control.eval.application.EvalBatchRunnerLifecycleTest
18:35:38.641 [main] WARN com.objwww.pr.control.eval.application.EvalBatchRunner -- 场景 S1 注入前 incident 未 resolved（alertname=checkout，预算 10s 耗尽）——本轮判 prev_round_not_resolved 并关门
18:35:38.642 [main] WARN com.objwww.pr.control.eval.application.EvalBatchRunner -- L 模式取消恢复核验：场景 S1 的 incident 未 RESOLVED（alertname=checkout，预算 10s 耗尽）
[INFO] Tests run: 5, Failures: 0, Errors: 0, Skipped: 0, Time elapsed: 0.026 s -- in com.objwww.pr.control.eval.application.EvalBatchRunnerLifecycleTest
[INFO] Running com.objwww.pr.control.eval.application.GoldenCandidateServiceTest
[INFO] Tests run: 8, Failures: 0, Errors: 0, Skipped: 0, Time elapsed: 0.013 s -- in com.objwww.pr.control.eval.application.GoldenCandidateServiceTest
[INFO] Running com.objwww.pr.control.eval.application.EvalRunnerProfileIsolationTest
18:35:39.172 [main] WARN org.springframework.context.annotation.AnnotationConfigApplicationContext -- Exception encountered during context initialization - cancelling refresh attempt: org.springframework.beans.factory.UnsatisfiedDependencyException: Error creating bean with name 'evalBatchRunner' defined in com.objwww.pr.control.eval.application.EvalRunnerConfig: Unsatisfied dependency expressed through method 'evalBatchRunner' parameter 10: Error creating bean with name 'evalRunMetadata' defined in com.objwww.pr.control.eval.application.EvalRunnerConfig: Failed to instantiate [com.objwww.pr.control.eval.domain.EvalRunMetadata]: Factory method 'evalRunMetadata' threw exception with message: app.alert.eval.grader-version 必填（EN-09：评分器版本入批次身份面）
[INFO] Tests run: 3, Failures: 0, Errors: 0, Skipped: 0, Time elapsed: 0.611 s -- in com.objwww.pr.control.eval.application.EvalRunnerProfileIsolationTest
[INFO] Running com.objwww.pr.control.eval.application.EvalQueryServiceTest
[INFO] Tests run: 35, Failures: 0, Errors: 0, Skipped: 0, Time elapsed: 0.081 s -- in com.objwww.pr.control.eval.application.EvalQueryServiceTest
[INFO] Running com.objwww.pr.control.eval.application.EvalRunWorkerTest
18:35:39.369 [main] WARN com.objwww.pr.control.eval.application.EvalRunWorker -- 孤儿 run ed378b26-a1d0-4f3a-8f1f-8dea7d971029 终态化 FAILED（worker_lost）
18:35:39.370 [main] WARN com.objwww.pr.control.eval.application.EvalRunWorker -- 孤儿命令 75a46930-2713-40c7-9adb-6a40c96630df 重排队（run 9312b91e-5713-4e2b-a6c3-c783e77ce559 从未落库）
18:35:39.372 [main] WARN com.objwww.pr.control.eval.application.EvalRunWorker -- 孤儿命令 1a8fee2a-0e7c-4209-b669-c8cfce74bd21 对齐 run 终态 SUCCEEDED
18:35:39.374 [main] WARN com.objwww.pr.control.eval.application.EvalRunWorker -- eval worker worker-ut 领取 LAUNCH：command=8916a085-be39-4e92-80d0-b631bf214c22 run=2678dda7-24db-4ec8-aa24-bb2c97a538da
18:35:39.374 [main] ERROR com.objwww.pr.control.eval.application.EvalRunWorker -- eval run 2678dda7-24db-4ec8-aa24-bb2c97a538da 跑批失败: arena map missing
java.lang.IllegalStateException: arena map missing
	at com.objwww.pr.control.eval.application.EvalRunWorkerTest.lambda$newFailingExecutor$1(EvalRunWorkerTest.java:240)
	at com.objwww.pr.control.eval.application.EvalRunWorker.tick(EvalRunWorker.java:92)
	at com.objwww.pr.control.eval.application.EvalRunWorkerTest.tickClaimsExecutesAndFinishes(EvalRunWorkerTest.java:231)
	at java.base/jdk.internal.reflect.DirectMethodHandleAccessor.invoke(DirectMethodHandleAccessor.java:103)
	at java.base/java.lang.reflect.Method.invoke(Method.java:580)
	at org.junit.platform.commons.util.ReflectionUtils.invokeMethod(ReflectionUtils.java:767)
	at org.junit.jupiter.engine.execution.MethodInvocation.proceed(MethodInvocation.java:60)
	at org.junit.jupiter.engine.execution.InvocationInterceptorChain$ValidatingInvocation.proceed(InvocationInterceptorChain.java:131)
	at org.junit.jupiter.engine.extension.TimeoutExtension.intercept(TimeoutExtension.java:156)
	at org.junit.jupiter.engine.extension.TimeoutExtension.interceptTestableMethod(TimeoutExtension.java:147)
	at org.junit.jupiter.engine.extension.TimeoutExtension.interceptTestMethod(TimeoutExtension.java:86)
	at org.junit.jupiter.engine.execution.InterceptingExecutableInvoker$ReflectiveInterceptorCall.lambda$ofVoidMethod$0(InterceptingExecutableInvoker.java:103)
	at org.junit.jupiter.engine.execution.InterceptingExecutableInvoker.lambda$invoke$0(InterceptingExecutableInvoker.java:93)
	at org.junit.jupiter.engine.execution.InvocationInterceptorChain$InterceptedInvocation.proceed(InvocationInterceptorChain.java:106)
	at org.junit.jupiter.engine.execution.InvocationInterceptorChain.proceed(InvocationInterceptorChain.java:64)
	at org.junit.jupiter.engine.execution.InvocationInterceptorChain.chainAndInvoke(InvocationInterceptorChain.java:45)
	at org.junit.jupiter.engine.execution.InvocationInterceptorChain.invoke(InvocationInterceptorChain.java:37)
	at org.junit.jupiter.engine.execution.InterceptingExecutableInvoker.invoke(InterceptingExecutableInvoker.java:92)
	at org.junit.jupiter.engine.execution.InterceptingExecutableInvoker.invoke(InterceptingExecutableInvoker.java:86)
	at org.junit.jupiter.engine.descriptor.TestMethodTestDescriptor.lambda$invokeTestMethod$8(TestMethodTestDescriptor.java:217)
	at org.junit.platform.engine.support.hierarchical.ThrowableCollector.execute(ThrowableCollector.java:73)
	at org.junit.jupiter.engine.descriptor.TestMethodTestDescriptor.invokeTestMethod(TestMethodTestDescriptor.java:213)
	at org.junit.jupiter.engine.descriptor.TestMethodTestDescriptor.execute(TestMethodTestDescriptor.java:138)
	at org.junit.jupiter.engine.descriptor.TestMethodTestDescriptor.execute(TestMethodTestDescriptor.java:68)
	at org.junit.platform.engine.support.hierarchical.NodeTestTask.lambda$executeRecursively$6(NodeTestTask.java:156)
	at org.junit.platform.engine.support.hierarchical.ThrowableCollector.execute(ThrowableCollector.java:73)
	at org.junit.platform.engine.support.hierarchical.NodeTestTask.lambda$executeRecursively$8(NodeTestTask.java:146)
	at org.junit.platform.engine.support.hierarchical.Node.around(Node.java:137)
	at org.junit.platform.engine.support.hierarchical.NodeTestTask.lambda$executeRecursively$9(NodeTestTask.java:144)
	at org.junit.platform.engine.support.hierarchical.ThrowableCollector.execute(ThrowableCollector.java:73)
	at org.junit.platform.engine.support.hierarchical.NodeTestTask.executeRecursively(NodeTestTask.java:143)
	at org.junit.platform.engine.support.hierarchical.NodeTestTask.execute(NodeTestTask.java:100)
	at java.base/java.util.ArrayList.forEach(ArrayList.java:1596)
	at org.junit.platform.engine.support.hierarchical.SameThreadHierarchicalTestExecutorService.invokeAll(SameThreadHierarchicalTestExecutorService.java:41)
	at org.junit.platform.engine.support.hierarchical.NodeTestTask.lambda$executeRecursively$6(NodeTestTask.java:160)
	at org.junit.platform.engine.support.hierarchical.ThrowableCollector.execute(ThrowableCollector.java:73)
	at org.junit.platform.engine.support.hierarchical.NodeTestTask.lambda$executeRecursively$8(NodeTestTask.java:146)
	at org.junit.platform.engine.support.hierarchical.Node.around(Node.java:137)
	at org.junit.platform.engine.support.hierarchical.NodeTestTask.lambda$executeRecursively$9(NodeTestTask.java:144)
	at org.junit.platform.engine.support.hierarchical.ThrowableCollector.execute(ThrowableCollector.java:73)
	at org.junit.platform.engine.support.hierarchical.NodeTestTask.executeRecursively(NodeTestTask.java:143)
	at org.junit.platform.engine.support.hierarchical.NodeTestTask.execute(NodeTestTask.java:100)
	at java.base/java.util.ArrayList.forEach(ArrayList.java:1596)
	at org.junit.platform.engine.support.hierarchical.SameThreadHierarchicalTestExecutorService.invokeAll(SameThreadHierarchicalTestExecutorService.java:41)
	at org.junit.platform.engine.support.hierarchical.NodeTestTask.lambda$executeRecursively$6(NodeTestTask.java:160)
	at org.junit.platform.engine.support.hierarchical.ThrowableCollector.execute(ThrowableCollector.java:73)
	at org.junit.platform.engine.support.hierarchical.NodeTestTask.lambda$executeRecursively$8(NodeTestTask.java:146)
	at org.junit.platform.engine.support.hierarchical.Node.around(Node.java:137)
	at org.junit.platform.engine.support.hierarchical.NodeTestTask.lambda$executeRecursively$9(NodeTestTask.java:144)
	at org.junit.platform.engine.support.hierarchical.ThrowableCollector.execute(ThrowableCollector.java:73)
	at org.junit.platform.engine.support.hierarchical.NodeTestTask.executeRecursively(NodeTestTask.java:143)
	at org.junit.platform.engine.support.hierarchical.NodeTestTask.execute(NodeTestTask.java:100)
	at org.junit.platform.engine.support.hierarchical.SameThreadHierarchicalTestExecutorService.submit(SameThreadHierarchicalTestExecutorService.java:35)
	at org.junit.platform.engine.support.hierarchical.HierarchicalTestExecutor.execute(HierarchicalTestExecutor.java:57)
	at org.junit.platform.engine.support.hierarchical.HierarchicalTestEngine.execute(HierarchicalTestEngine.java:54)
	at org.junit.platform.launcher.core.EngineExecutionOrchestrator.execute(EngineExecutionOrchestrator.java:198)
	at org.junit.platform.launcher.core.EngineExecutionOrchestrator.execute(EngineExecutionOrchestrator.java:169)
	at org.junit.platform.launcher.core.EngineExecutionOrchestrator.execute(EngineExecutionOrchestrator.java:93)
	at org.junit.platform.launcher.core.EngineExecutionOrchestrator.lambda$execute$0(EngineExecutionOrchestrator.java:58)
	at org.junit.platform.launcher.core.EngineExecutionOrchestrator.withInterceptedStreams(EngineExecutionOrchestrator.java:141)
	at org.junit.platform.launcher.core.EngineExecutionOrchestrator.execute(EngineExecutionOrchestrator.java:57)
	at org.junit.platform.launcher.core.DefaultLauncher.execute(DefaultLauncher.java:103)
	at org.junit.platform.launcher.core.DefaultLauncher.execute(DefaultLauncher.java:85)
	at org.junit.platform.launcher.core.DelegatingLauncher.execute(DelegatingLauncher.java:47)
	at org.apache.maven.surefire.junitplatform.LazyLauncher.execute(LazyLauncher.java:56)
	at org.apache.maven.surefire.junitplatform.JUnitPlatformProvider.execute(JUnitPlatformProvider.java:194)
	at org.apache.maven.surefire.junitplatform.JUnitPlatformProvider.invokeAllTests(JUnitPlatformProvider.java:150)
	at org.apache.maven.surefire.junitplatform.JUnitPlatformProvider.invoke(JUnitPlatformProvider.java:124)
	at org.apache.maven.surefire.booter.ForkedBooter.runSuitesInProcess(ForkedBooter.java:385)
	at org.apache.maven.surefire.booter.ForkedBooter.execute(ForkedBooter.java:162)
	at org.apache.maven.surefire.booter.ForkedBooter.run(ForkedBooter.java:507)
	at org.apache.maven.surefire.booter.ForkedBooter.main(ForkedBooter.java:495)
[INFO] Tests run: 5, Failures: 0, Errors: 0, Skipped: 0, Time elapsed: 0.012 s -- in com.objwww.pr.control.eval.application.EvalRunWorkerTest
[INFO] Running com.objwww.pr.control.eval.application.EvalCommandServiceTest
[INFO] Tests run: 9, Failures: 0, Errors: 0, Skipped: 0, Time elapsed: 0.023 s -- in com.objwww.pr.control.eval.application.EvalCommandServiceTest
[INFO] Running com.objwww.pr.control.infrastructure.config.AlertAm4ConfigTest
[INFO] Tests run: 3, Failures: 0, Errors: 0, Skipped: 0, Time elapsed: 0.056 s -- in com.objwww.pr.control.infrastructure.config.AlertAm4ConfigTest
[INFO] Running com.objwww.pr.control.infrastructure.config.EngineComparisonRecorderWiringTest
[INFO] Tests run: 2, Failures: 0, Errors: 0, Skipped: 0, Time elapsed: 0.012 s -- in com.objwww.pr.control.infrastructure.config.EngineComparisonRecorderWiringTest
[INFO] Running com.objwww.pr.control.infrastructure.config.AlertFlowConfigTest
[INFO] Tests run: 2, Failures: 0, Errors: 0, Skipped: 0, Time elapsed: 0.003 s -- in com.objwww.pr.control.infrastructure.config.AlertFlowConfigTest
[INFO] Running com.objwww.pr.control.infrastructure.config.ModelPriceBindingTest
[INFO] Tests run: 3, Failures: 0, Errors: 0, Skipped: 0, Time elapsed: 0.123 s -- in com.objwww.pr.control.infrastructure.config.ModelPriceBindingTest
[INFO] Running com.objwww.pr.control.infrastructure.config.NativeCapabilityProbeTest
[INFO] Tests run: 5, Failures: 0, Errors: 0, Skipped: 0, Time elapsed: 0.024 s -- in com.objwww.pr.control.infrastructure.config.NativeCapabilityProbeTest
[INFO] Running com.objwww.pr.control.infrastructure.config.SecurityConfigTest
18:35:39.927 [main] INFO org.springframework.boot.test.context.SpringBootTestContextBootstrapper -- Found @SpringBootConfiguration com.objwww.pr.control.ControlApplication for test class com.objwww.pr.control.infrastructure.config.SecurityConfigTest

  .   ____          _            __ _ _
 /\\ / ___'_ __ _ _(_)_ __  __ _ \ \ \ \
( ( )\___ | '_ | '_| | '_ \/ _` | \ \ \ \
 \\/  ___)| |_)| | | | | || (_| |  ) ) ) )
  '  |____| .__|_| |_|_| |_\__, | / / / /
 =========|_|==============|___/=/_/_/_/

 :: Spring Boot ::                (v3.4.5)

2026-09-12T18:35:40.243+08:00  INFO 27615 --- [control-app] [           main] [                                                 ] c.o.p.c.i.config.SecurityConfigTest      : Starting SecurityConfigTest using Java 21.0.12.1 with PID 27615 (started by root in /opt/build/pr/control-app)
2026-09-12T18:35:40.254+08:00  INFO 27615 --- [control-app] [           main] [                                                 ] c.o.p.c.i.config.SecurityConfigTest      : No active profile set, falling back to 1 default profile: "default"
2026-09-12T18:35:42.207+08:00  WARN 27615 --- [control-app] [           main] [                                                 ] r$InitializeUserDetailsManagerConfigurer : Found 2 UserDetailsService beans, with names [authUserDetailsService, platformUserDetailsService]. Global Authentication Manager will not use a UserDetailsService for username/password login. Consider publishing a single UserDetailsService bean.
2026-09-12T18:35:42.843+08:00  INFO 27615 --- [control-app] [           main] [                                                 ] o.s.b.a.e.web.EndpointLinksResolver      : Exposing 3 endpoints beneath base path '/actuator'
2026-09-12T18:35:43.562+08:00  INFO 27615 --- [control-app] [           main] [                                                 ] o.s.b.t.m.w.SpringBootMockServletContext : Initializing Spring TestDispatcherServlet ''
2026-09-12T18:35:43.562+08:00  INFO 27615 --- [control-app] [           main] [                                                 ] o.s.t.web.servlet.TestDispatcherServlet  : Initializing Servlet ''
2026-09-12T18:35:43.563+08:00  INFO 27615 --- [control-app] [           main] [                                                 ] o.s.t.web.servlet.TestDispatcherServlet  : Completed initialization in 1 ms
2026-09-12T18:35:43.633+08:00  INFO 27615 --- [control-app] [           main] [                                                 ] c.o.p.c.i.config.SecurityConfigTest      : Started SecurityConfigTest in 3.654 seconds (process running for 10.189)
Mockito is currently self-attaching to enable the inline-mock-maker. This will no longer work in future releases of the JDK. Please add Mockito as an agent to your build what is described in Mockito's documentation: https://javadoc.io/doc/org.mockito/mockito-core/latest/org/mockito/Mockito.html#0.3
OpenJDK 64-Bit Server VM warning: Sharing is only supported for boot loader classes because bootstrap classpath has been appended
WARNING: A Java agent has been loaded dynamically (/root/.m2/repository/net/bytebuddy/byte-buddy-agent/1.15.11/byte-buddy-agent-1.15.11.jar)
WARNING: If a serviceability tool is in use, please run with -XX:+EnableDynamicAgentLoading to hide this warning
WARNING: If a serviceability tool is not in use, please run with -Djdk.instrument.traceUsage for more information
WARNING: Dynamic loading of agents will be disallowed by default in a future release
[INFO] Tests run: 18, Failures: 0, Errors: 0, Skipped: 0, Time elapsed: 6.051 s -- in com.objwww.pr.control.infrastructure.config.SecurityConfigTest
[INFO] Running com.objwww.pr.control.infrastructure.litellm.HttpLiteLlmAdminClientTest
[INFO] Tests run: 4, Failures: 0, Errors: 0, Skipped: 0, Time elapsed: 0.169 s -- in com.objwww.pr.control.infrastructure.litellm.HttpLiteLlmAdminClientTest
[INFO] Running com.objwww.pr.control.infrastructure.rag.RunbookExecutorsTest
[INFO] Tests run: 15, Failures: 0, Errors: 0, Skipped: 0, Time elapsed: 0.039 s -- in com.objwww.pr.control.infrastructure.rag.RunbookExecutorsTest
[INFO] Running com.objwww.pr.control.infrastructure.nativeexec.R7PrimaryModeExecutorTest
2026-09-12T18:35:45.921+08:00  INFO 27615 --- [control-app] [           main] [                                                 ] c.o.p.c.a.a.DeterministicSupervisor      : {"event":"r7_primary_started","ts":"2026-09-12T10:35:45.920679587Z","role":"primary@1","run_id":"152a506f-36aa-4913-a3fc-f1bdb378fbf2","task_id":"5ca98f8d-bacb-4010-8a20-d2e884ff85e7"}
2026-09-12T18:35:45.921+08:00  WARN 27615 --- [control-app] [           main] [                                                 ] c.o.p.c.i.n.NativeInvestigationExecutor  : run 152a506f-36aa-4913-a3fc-f1bdb378fbf2 无冻结时间窗（存量行兼容面），回退执行时窗口——F14 冻结语义缺失
2026-09-12T18:35:45.937+08:00  INFO 27615 --- [control-app] [           main] [                                                 ] c.o.p.c.a.a.DeterministicSupervisor      : {"event":"r7_delegation_adjudicated","ts":"2026-09-12T10:35:45.937224405Z","task_id":"5ca98f8d-bacb-4010-8a20-d2e884ff85e7","run_id":"152a506f-36aa-4913-a3fc-f1bdb378fbf2","batch_accepted":true,"requests":1,"approved":1}
2026-09-12T18:35:45.938+08:00  INFO 27615 --- [control-app] [           main] [                                                 ] c.o.p.c.i.n.NativeInvestigationExecutor  : 主任务转委派等待（sweep 转驱子任务，结清后唤醒）task=5ca98f8d-bacb-4010-8a20-d2e884ff85e7 reason=null
2026-09-12T18:35:45.940+08:00  INFO 27615 --- [control-app] [           main] [                                                 ] c.o.p.c.i.n.NativeInvestigationExecutor  : 主任务转委派等待（sweep 转驱子任务，结清后唤醒）task=5ca98f8d-bacb-4010-8a20-d2e884ff85e7 reason=CHILDREN_UNSETTLED
2026-09-12T18:35:45.945+08:00  INFO 27615 --- [control-app] [           main] [                                                 ] c.o.p.c.a.a.agent.BoundedLlmRoleRunner   : 主 FINAL 提案落检查点 task=5ca98f8d-bacb-4010-8a20-d2e884ff85e7 claims=1 downgraded=0 stripped=0
2026-09-12T18:35:45.945+08:00  INFO 27615 --- [control-app] [           main] [                                                 ] c.o.p.c.i.n.NativeInvestigationExecutor  : 主任务 FINAL 提案就绪 → DONE task=5ca98f8d-bacb-4010-8a20-d2e884ff85e7 reason=null
2026-09-12T18:35:45.948+08:00  INFO 27615 --- [control-app] [           main] [                                                 ] c.o.p.c.a.a.DeterministicSupervisor      : {"event":"am4_run_reporting","ts":"2026-09-12T10:35:45.948193802Z","run_id":"152a506f-36aa-4913-a3fc-f1bdb378fbf2"}
2026-09-12T18:35:45.948+08:00  INFO 27615 --- [control-app] [           main] [                                                 ] c.o.p.c.a.a.DeterministicSupervisor      : run 152a506f-36aa-4913-a3fc-f1bdb378fbf2 全任务终态 → REPORTING（报告链组装）
2026-09-12T18:35:45.961+08:00  INFO 27615 --- [control-app] [           main] [                                                 ] c.o.p.c.i.n.NativeInvestigationExecutor  : native 全链完成 run=152a506f-36aa-4913-a3fc-f1bdb378fbf2 reportOutcome=UNRESOLVED claims=1 validation=STRUCTURE_VALIDATED 快照=13d46b4255646143f757380c7deeb29ba173c094037d39ba24c8b0ceab785526 主模式=true
2026-09-12T18:35:45.966+08:00  INFO 27615 --- [control-app] [           main] [                                                 ] c.o.p.c.a.a.DeterministicSupervisor      : {"event":"r7_primary_started","ts":"2026-09-12T10:35:45.966386443Z","role":"primary@1","run_id":"dd0d65a2-8d70-4e76-9594-ea9525b40b2e","task_id":"b214aa5e-e52d-4e37-a88a-9b672c682f33"}
2026-09-12T18:35:45.966+08:00  WARN 27615 --- [control-app] [           main] [                                                 ] c.o.p.c.i.n.NativeInvestigationExecutor  : run dd0d65a2-8d70-4e76-9594-ea9525b40b2e 无冻结时间窗（存量行兼容面），回退执行时窗口——F14 冻结语义缺失
2026-09-12T18:35:45.969+08:00  INFO 27615 --- [control-app] [           main] [                                                 ] c.o.p.c.a.a.agent.BoundedLlmRoleRunner   : 主 FINAL 提案落检查点 task=b214aa5e-e52d-4e37-a88a-9b672c682f33 claims=1 downgraded=0 stripped=0
2026-09-12T18:35:45.969+08:00  INFO 27615 --- [control-app] [           main] [                                                 ] c.o.p.c.i.n.NativeInvestigationExecutor  : 主任务 FINAL 提案就绪 → DONE task=b214aa5e-e52d-4e37-a88a-9b672c682f33 reason=null
2026-09-12T18:35:45.969+08:00  INFO 27615 --- [control-app] [           main] [                                                 ] c.o.p.c.a.a.DeterministicSupervisor      : {"event":"am4_run_reporting","ts":"2026-09-12T10:35:45.969643907Z","run_id":"dd0d65a2-8d70-4e76-9594-ea9525b40b2e"}
2026-09-12T18:35:45.969+08:00  INFO 27615 --- [control-app] [           main] [                                                 ] c.o.p.c.a.a.DeterministicSupervisor      : run dd0d65a2-8d70-4e76-9594-ea9525b40b2e 全任务终态 → REPORTING（报告链组装）
2026-09-12T18:35:45.972+08:00  INFO 27615 --- [control-app] [           main] [                                                 ] c.o.p.c.i.n.NativeInvestigationExecutor  : native 全链完成 run=dd0d65a2-8d70-4e76-9594-ea9525b40b2e reportOutcome=UNRESOLVED claims=1 validation=STRUCTURE_VALIDATED 快照=a3c71174484e428491c46e1df9c11732cf3541383816311de29c4f0c8e0848c7 主模式=true
2026-09-12T18:35:45.975+08:00  INFO 27615 --- [control-app] [           main] [                                                 ] c.o.p.c.a.a.DeterministicSupervisor      : {"event":"r7_primary_started","ts":"2026-09-12T10:35:45.974789578Z","role":"primary@1","run_id":"a307a1b1-98eb-4d37-8353-228d594fbecd","task_id":"888c48a2-2442-43e1-8f9d-618f248d586d"}
2026-09-12T18:35:45.975+08:00  WARN 27615 --- [control-app] [           main] [                                                 ] c.o.p.c.i.n.NativeInvestigationExecutor  : run a307a1b1-98eb-4d37-8353-228d594fbecd 无冻结时间窗（存量行兼容面），回退执行时窗口——F14 冻结语义缺失
2026-09-12T18:35:45.978+08:00  INFO 27615 --- [control-app] [           main] [                                                 ] c.o.p.c.a.a.agent.BoundedLlmRoleRunner   : 主 FINAL 提案落检查点 task=888c48a2-2442-43e1-8f9d-618f248d586d claims=0 downgraded=0 stripped=0
2026-09-12T18:35:45.978+08:00  INFO 27615 --- [control-app] [           main] [                                                 ] c.o.p.c.i.n.NativeInvestigationExecutor  : 主任务 FINAL 提案就绪 → DONE task=888c48a2-2442-43e1-8f9d-618f248d586d reason=null
2026-09-12T18:35:45.979+08:00  INFO 27615 --- [control-app] [           main] [                                                 ] c.o.p.c.a.a.DeterministicSupervisor      : {"event":"am4_run_reporting","ts":"2026-09-12T10:35:45.979098031Z","run_id":"a307a1b1-98eb-4d37-8353-228d594fbecd"}
2026-09-12T18:35:45.979+08:00  INFO 27615 --- [control-app] [           main] [                                                 ] c.o.p.c.a.a.DeterministicSupervisor      : run a307a1b1-98eb-4d37-8353-228d594fbecd 全任务终态 → REPORTING（报告链组装）
2026-09-12T18:35:45.979+08:00  INFO 27615 --- [control-app] [           main] [                                                 ] c.o.p.c.i.n.NativeInvestigationExecutor  : native 全链完成 run=a307a1b1-98eb-4d37-8353-228d594fbecd reportOutcome=UNRESOLVED claims=0 validation=STRUCTURE_VALIDATED 快照=dd510beb40809bcb1186f3329d07d712b8a5678029d2d73a876a7f9868a7199a 主模式=true
2026-09-12T18:35:45.982+08:00  INFO 27615 --- [control-app] [           main] [                                                 ] c.o.p.c.a.a.DeterministicSupervisor      : {"event":"r7_primary_started","ts":"2026-09-12T10:35:45.981959871Z","role":"primary@1","run_id":"96514e8a-25c1-4c00-9844-4a94b8d5fc0c","task_id":"dc0d4438-466c-449e-99b9-8cb40bb76168"}
2026-09-12T18:35:45.982+08:00  WARN 27615 --- [control-app] [           main] [                                                 ] c.o.p.c.i.n.NativeInvestigationExecutor  : run 96514e8a-25c1-4c00-9844-4a94b8d5fc0c 无冻结时间窗（存量行兼容面），回退执行时窗口——F14 冻结语义缺失
2026-09-12T18:35:45.984+08:00  INFO 27615 --- [control-app] [           main] [                                                 ] c.o.p.c.a.a.agent.BoundedLlmRoleRunner   : 主 FINAL 提案落检查点 task=dc0d4438-466c-449e-99b9-8cb40bb76168 claims=1 downgraded=0 stripped=0
2026-09-12T18:35:45.984+08:00  INFO 27615 --- [control-app] [           main] [                                                 ] c.o.p.c.i.n.NativeInvestigationExecutor  : 主任务 FINAL 提案就绪 → DONE task=dc0d4438-466c-449e-99b9-8cb40bb76168 reason=null
2026-09-12T18:35:45.985+08:00  INFO 27615 --- [control-app] [           main] [                                                 ] c.o.p.c.a.a.DeterministicSupervisor      : {"event":"am4_run_reporting","ts":"2026-09-12T10:35:45.985027548Z","run_id":"96514e8a-25c1-4c00-9844-4a94b8d5fc0c"}
2026-09-12T18:35:45.985+08:00  INFO 27615 --- [control-app] [           main] [                                                 ] c.o.p.c.a.a.DeterministicSupervisor      : run 96514e8a-25c1-4c00-9844-4a94b8d5fc0c 全任务终态 → REPORTING（报告链组装）
2026-09-12T18:35:45.986+08:00  INFO 27615 --- [control-app] [           main] [                                                 ] c.o.p.c.i.n.NativeInvestigationExecutor  : native 全链完成 run=96514e8a-25c1-4c00-9844-4a94b8d5fc0c reportOutcome=UNRESOLVED claims=1 validation=STRUCTURE_VALIDATED 快照=a3c71174484e428491c46e1df9c11732cf3541383816311de29c4f0c8e0848c7 主模式=true
2026-09-12T18:35:45.993+08:00  INFO 27615 --- [control-app] [           main] [                                                 ] c.o.p.c.a.a.RcaRunOrchestrator           : {"event":"rca_task_decision","ts":"2026-09-12T10:35:45.993419772Z","task_id":"649f037c-6838-4d37-9f26-90212d0838b8","run_id":"96514e8a-25c1-4c00-9844-4a94b8d5fc0c","decision":"COMPLETED","latency_ms":0,"attempt_id":"72ea3fc5-d111-4210-b64a-6b8e1dfc3a87"}
2026-09-12T18:35:45.995+08:00  WARN 27615 --- [control-app] [           main] [                                                 ] c.o.p.c.a.a.a.PrimaryFinalClaimProjector : 主 FINAL 提案零证据引用，不成断言（留检查点审计面）run=048a3329-3874-4078-a1c1-fdf24e4e5655 claim=c3
2026-09-12T18:35:45.997+08:00  INFO 27615 --- [control-app] [           main] [                                                 ] c.o.p.c.a.a.DeterministicSupervisor      : {"event":"r7_primary_started","ts":"2026-09-12T10:35:45.997877557Z","role":"primary@1","run_id":"2a7053ac-d1b6-4f85-abbc-450ad2024133","task_id":"a3b99d34-d850-494a-ad8e-cd6bb307e69e"}
2026-09-12T18:35:45.998+08:00  INFO 27615 --- [control-app] [           main] [                                                 ] c.o.p.c.a.a.DeterministicSupervisor      : {"event":"r7_delegation_adjudicated","ts":"2026-09-12T10:35:45.998316654Z","task_id":"a3b99d34-d850-494a-ad8e-cd6bb307e69e","run_id":"2a7053ac-d1b6-4f85-abbc-450ad2024133","batch_accepted":false,"requests":1,"approved":0}
2026-09-12T18:35:46.004+08:00  INFO 27615 --- [control-app] [           main] [                                                 ] c.o.p.c.a.a.DeterministicSupervisor      : {"event":"r7_primary_started","ts":"2026-09-12T10:35:46.004004566Z","role":"primary@1","run_id":"4c62c6f4-6473-483c-8254-a28aa6e66133","task_id":"b5f85a80-bc32-43c6-828f-e03b5930ad50"}
2026-09-12T18:35:46.005+08:00  INFO 27615 --- [control-app] [           main] [                                                 ] c.o.p.c.a.a.DeterministicSupervisor      : {"event":"r7_delegation_adjudicated","ts":"2026-09-12T10:35:46.005223672Z","task_id":"b5f85a80-bc32-43c6-828f-e03b5930ad50","run_id":"4c62c6f4-6473-483c-8254-a28aa6e66133","batch_accepted":true,"requests":1,"approved":1}
2026-09-12T18:35:46.006+08:00  WARN 27615 --- [control-app] [           main] [                                                 ] c.o.p.c.i.n.NativeInvestigationExecutor  : run 4c62c6f4-6473-483c-8254-a28aa6e66133 无冻结时间窗（存量行兼容面），回退执行时窗口——F14 冻结语义缺失
2026-09-12T18:35:46.007+08:00  INFO 27615 --- [control-app] [           main] [                                                 ] c.o.p.c.a.a.agent.BoundedLlmRoleRunner   : 主 FINAL 提案落检查点 task=b5f85a80-bc32-43c6-828f-e03b5930ad50 claims=1 downgraded=0 stripped=0
2026-09-12T18:35:46.007+08:00  INFO 27615 --- [control-app] [           main] [                                                 ] c.o.p.c.i.n.NativeInvestigationExecutor  : 主任务 FINAL 提案就绪 → DONE task=b5f85a80-bc32-43c6-828f-e03b5930ad50 reason=null
2026-09-12T18:35:46.008+08:00  INFO 27615 --- [control-app] [           main] [                                                 ] c.o.p.c.a.a.DeterministicSupervisor      : {"event":"am4_run_reporting","ts":"2026-09-12T10:35:46.008131487Z","run_id":"4c62c6f4-6473-483c-8254-a28aa6e66133"}
2026-09-12T18:35:46.008+08:00  INFO 27615 --- [control-app] [           main] [                                                 ] c.o.p.c.a.a.DeterministicSupervisor      : run 4c62c6f4-6473-483c-8254-a28aa6e66133 全任务终态 → REPORTING（报告链组装）
2026-09-12T18:35:46.009+08:00  INFO 27615 --- [control-app] [           main] [                                                 ] c.o.p.c.i.n.NativeInvestigationExecutor  : native 全链完成 run=4c62c6f4-6473-483c-8254-a28aa6e66133 reportOutcome=UNRESOLVED claims=1 validation=STRUCTURE_VALIDATED 快照=a3c71174484e428491c46e1df9c11732cf3541383816311de29c4f0c8e0848c7 主模式=true
[INFO] Tests run: 8, Failures: 0, Errors: 0, Skipped: 0, Time elapsed: 0.112 s -- in com.objwww.pr.control.infrastructure.nativeexec.R7PrimaryModeExecutorTest
[INFO] Running com.objwww.pr.control.infrastructure.nativeexec.NativeInvestigationExecutorTest
2026-09-12T18:35:46.019+08:00  WARN 27615 --- [control-app] [           main] [                                                 ] c.o.p.c.i.n.NativeInvestigationExecutor  : run c9fe758b-aba5-4e13-b3be-e328d84397ca 无冻结时间窗（存量行兼容面），回退执行时窗口——F14 冻结语义缺失
2026-09-12T18:35:46.029+08:00  INFO 27615 --- [control-app] [           main] [                                                 ] c.o.p.c.a.a.DeterministicSupervisor      : {"event":"am4_run_reporting","ts":"2026-09-12T10:35:46.028938731Z","run_id":"c9fe758b-aba5-4e13-b3be-e328d84397ca"}
2026-09-12T18:35:46.029+08:00  INFO 27615 --- [control-app] [           main] [                                                 ] c.o.p.c.a.a.DeterministicSupervisor      : run c9fe758b-aba5-4e13-b3be-e328d84397ca 全任务终态 → REPORTING（报告链组装）
2026-09-12T18:35:46.034+08:00  INFO 27615 --- [control-app] [           main] [                                                 ] c.o.p.c.i.n.NativeInvestigationExecutor  : native 全链完成 run=c9fe758b-aba5-4e13-b3be-e328d84397ca reportOutcome=CONFIRMED claims=1 validation=STRUCTURE_VALIDATED 快照=3c20d71cff03bf8624ce3974a19841a1e8e315f5f3246fe536c3c3fc4af6addd 主模式=false
2026-09-12T18:35:46.037+08:00  INFO 27615 --- [control-app] [           main] [                                                 ] c.o.p.c.a.a.RcaRunOrchestrator           : {"event":"rca_task_decision","ts":"2026-09-12T10:35:46.037385268Z","task_id":"efa9622a-5362-4c35-9ce7-b1911e21d01a","run_id":"c9fe758b-aba5-4e13-b3be-e328d84397ca","decision":"COMPLETED","latency_ms":0,"attempt_id":"2996d3d3-a6f8-40ad-a28f-1b23e2e36470"}
2026-09-12T18:35:46.060+08:00  INFO 27615 --- [control-app] [           main] [                                                 ] c.o.p.c.a.a.DeterministicSupervisor      : {"event":"am4_run_reporting","ts":"2026-09-12T10:35:46.060112459Z","run_id":"eac69dbf-e7bc-4a47-9406-46d8109f569d"}
2026-09-12T18:35:46.060+08:00  INFO 27615 --- [control-app] [           main] [                                                 ] c.o.p.c.a.a.DeterministicSupervisor      : run eac69dbf-e7bc-4a47-9406-46d8109f569d 全任务终态 → REPORTING（报告链组装）
2026-09-12T18:35:46.061+08:00  INFO 27615 --- [control-app] [           main] [                                                 ] c.o.p.c.i.n.NativeInvestigationExecutor  : native 全链完成 run=eac69dbf-e7bc-4a47-9406-46d8109f569d reportOutcome=UNRESOLVED claims=0 validation=STRUCTURE_VALIDATED 快照=de17ef9df88e57234ba379dd5d3b62d694360536e41fcb7ee62c63bf314843f4 主模式=false
2026-09-12T18:35:46.074+08:00  INFO 27615 --- [control-app] [           main] [                                                 ] c.o.p.c.a.a.DeterministicSupervisor      : {"event":"am4_plan_rejected","ts":"2026-09-12T10:35:46.073925471Z","reason":"schema_version 必须为 am4-plan.v1，实际: bogus","run_id":"7ced8db7-c572-4014-98aa-bf265969c1e9"}
2026-09-12T18:35:46.074+08:00  WARN 27615 --- [control-app] [           main] [                                                 ] c.o.p.c.a.a.DeterministicSupervisor      : run 7ced8db7-c572-4014-98aa-bf265969c1e9 提案被确定性拒绝 → FAILED（schema_version 必须为 am4-plan.v1，实际: bogus）
2026-09-12T18:35:46.077+08:00  WARN 27615 --- [control-app] [           main] [                                                 ] c.o.p.c.i.n.NativeInvestigationExecutor  : run 762450f6-4a49-41f7-9326-b64872e4cfc1 无冻结时间窗（存量行兼容面），回退执行时窗口——F14 冻结语义缺失
2026-09-12T18:35:46.097+08:00  INFO 27615 --- [control-app] [           main] [                                                 ] c.o.p.c.a.a.DeterministicSupervisor      : {"event":"am4_run_reporting","ts":"2026-09-12T10:35:46.097338192Z","run_id":"762450f6-4a49-41f7-9326-b64872e4cfc1"}
2026-09-12T18:35:46.097+08:00  INFO 27615 --- [control-app] [           main] [                                                 ] c.o.p.c.a.a.DeterministicSupervisor      : run 762450f6-4a49-41f7-9326-b64872e4cfc1 全任务终态 → REPORTING（报告链组装）
2026-09-12T18:35:46.098+08:00  INFO 27615 --- [control-app] [           main] [                                                 ] c.o.p.c.i.n.NativeInvestigationExecutor  : native 全链完成 run=762450f6-4a49-41f7-9326-b64872e4cfc1 reportOutcome=UNRESOLVED claims=0 validation=STRUCTURE_VALIDATED 快照=de17ef9df88e57234ba379dd5d3b62d694360536e41fcb7ee62c63bf314843f4 主模式=false
2026-09-12T18:35:46.099+08:00  WARN 27615 --- [control-app] [           main] [                                                 ] c.o.p.c.i.n.NativeInvestigationExecutor  : run 762450f6-4a49-41f7-9326-b64872e4cfc1 无冻结时间窗（存量行兼容面），回退执行时窗口——F14 冻结语义缺失
2026-09-12T18:35:46.099+08:00  WARN 27615 --- [control-app] [           main] [                                                 ] c.o.p.c.i.n.NativeInvestigationExecutor  : 阶段②恢复：悬挂 PENDING → UNKNOWN（发送后结果未知，预算占用保留）op=af055d5e-aced-4a97-953d-4f176962f51f
2026-09-12T18:35:46.101+08:00  INFO 27615 --- [control-app] [           main] [                                                 ] c.o.p.c.i.n.NativeInvestigationExecutor  : native 全链完成 run=762450f6-4a49-41f7-9326-b64872e4cfc1 reportOutcome=UNRESOLVED claims=0 validation=STRUCTURE_VALIDATED 快照=bca76dd8580d2ebf2325ef06dc5a1ec3333ff9292144b1a1347c0a1e3610a4b8 主模式=false
2026-09-12T18:35:46.108+08:00  WARN 27615 --- [control-app] [           main] [                                                 ] c.o.p.c.i.n.NativeInvestigationExecutor  : run 7eee35f4-d4ac-4ddf-b4e6-971e8c2c7433 无冻结时间窗（存量行兼容面），回退执行时窗口——F14 冻结语义缺失
2026-09-12T18:35:46.110+08:00  INFO 27615 --- [control-app] [           main] [                                                 ] c.o.p.c.a.a.DeterministicSupervisor      : {"event":"am4_run_reporting","ts":"2026-09-12T10:35:46.110333335Z","run_id":"7eee35f4-d4ac-4ddf-b4e6-971e8c2c7433"}
2026-09-12T18:35:46.110+08:00  INFO 27615 --- [control-app] [           main] [                                                 ] c.o.p.c.a.a.DeterministicSupervisor      : run 7eee35f4-d4ac-4ddf-b4e6-971e8c2c7433 全任务终态 → REPORTING（报告链组装）
2026-09-12T18:35:46.111+08:00  INFO 27615 --- [control-app] [           main] [                                                 ] c.o.p.c.i.n.NativeInvestigationExecutor  : native 全链完成 run=7eee35f4-d4ac-4ddf-b4e6-971e8c2c7433 reportOutcome=UNRESOLVED claims=0 validation=STRUCTURE_VALIDATED 快照=de17ef9df88e57234ba379dd5d3b62d694360536e41fcb7ee62c63bf314843f4 主模式=false
2026-09-12T18:35:46.111+08:00  WARN 27615 --- [control-app] [           main] [                                                 ] c.o.p.c.i.n.NativeInvestigationExecutor  : run 7eee35f4-d4ac-4ddf-b4e6-971e8c2c7433 无冻结时间窗（存量行兼容面），回退执行时窗口——F14 冻结语义缺失
2026-09-12T18:35:46.112+08:00  INFO 27615 --- [control-app] [           main] [                                                 ] c.o.p.c.i.n.NativeInvestigationExecutor  : native 全链完成 run=7eee35f4-d4ac-4ddf-b4e6-971e8c2c7433 reportOutcome=UNRESOLVED claims=0 validation=STRUCTURE_VALIDATED 快照=de17ef9df88e57234ba379dd5d3b62d694360536e41fcb7ee62c63bf314843f4 主模式=false
2026-09-12T18:35:46.115+08:00  WARN 27615 --- [control-app] [           main] [                                                 ] c.o.p.c.i.n.NativeInvestigationExecutor  : run ece083ef-d638-4fc7-9844-1a0cc386234b 无冻结时间窗（存量行兼容面），回退执行时窗口——F14 冻结语义缺失
2026-09-12T18:35:46.116+08:00  INFO 27615 --- [control-app] [           main] [                                                 ] c.o.p.c.a.a.DeterministicSupervisor      : {"event":"am4_run_reporting","ts":"2026-09-12T10:35:46.116664768Z","run_id":"ece083ef-d638-4fc7-9844-1a0cc386234b"}
2026-09-12T18:35:46.116+08:00  INFO 27615 --- [control-app] [           main] [                                                 ] c.o.p.c.a.a.DeterministicSupervisor      : run ece083ef-d638-4fc7-9844-1a0cc386234b 全任务终态 → REPORTING（报告链组装）
2026-09-12T18:35:46.117+08:00  INFO 27615 --- [control-app] [           main] [                                                 ] c.o.p.c.i.n.NativeInvestigationExecutor  : native 全链完成 run=ece083ef-d638-4fc7-9844-1a0cc386234b reportOutcome=UNRESOLVED claims=0 validation=STRUCTURE_VALIDATED 快照=de17ef9df88e57234ba379dd5d3b62d694360536e41fcb7ee62c63bf314843f4 主模式=false
2026-09-12T18:35:46.118+08:00  WARN 27615 --- [control-app] [           main] [                                                 ] c.o.p.c.i.n.NativeInvestigationExecutor  : run ece083ef-d638-4fc7-9844-1a0cc386234b 无冻结时间窗（存量行兼容面），回退执行时窗口——F14 冻结语义缺失
2026-09-12T18:35:46.118+08:00  INFO 27615 --- [control-app] [           main] [                                                 ] c.o.p.c.i.n.NativeInvestigationExecutor  : DAG 任务 bf8c6080-fff0-400a-b12e-cc4afb33a0b8 阶段③恢复：result_ref 幂等收尾（零触网）key=investigate-metrics
2026-09-12T18:35:46.119+08:00  INFO 27615 --- [control-app] [           main] [                                                 ] c.o.p.c.i.n.NativeInvestigationExecutor  : native 全链完成 run=ece083ef-d638-4fc7-9844-1a0cc386234b reportOutcome=UNRESOLVED claims=0 validation=STRUCTURE_VALIDATED 快照=de17ef9df88e57234ba379dd5d3b62d694360536e41fcb7ee62c63bf314843f4 主模式=false
2026-09-12T18:35:46.127+08:00  WARN 27615 --- [control-app] [           main] [                                                 ] c.o.p.c.i.n.NativeInvestigationExecutor  : run c3badadf-a22e-4d4f-a948-50eeb36b852e 无冻结时间窗（存量行兼容面），回退执行时窗口——F14 冻结语义缺失
2026-09-12T18:35:46.129+08:00  INFO 27615 --- [control-app] [           main] [                                                 ] c.o.p.c.a.a.DeterministicSupervisor      : {"event":"am4_run_reporting","ts":"2026-09-12T10:35:46.129737297Z","run_id":"c3badadf-a22e-4d4f-a948-50eeb36b852e"}
2026-09-12T18:35:46.130+08:00  INFO 27615 --- [control-app] [           main] [                                                 ] c.o.p.c.a.a.DeterministicSupervisor      : run c3badadf-a22e-4d4f-a948-50eeb36b852e 全任务终态 → REPORTING（报告链组装）
2026-09-12T18:35:46.130+08:00  INFO 27615 --- [control-app] [           main] [                                                 ] c.o.p.c.i.n.NativeInvestigationExecutor  : native 全链完成 run=c3badadf-a22e-4d4f-a948-50eeb36b852e reportOutcome=UNRESOLVED claims=0 validation=STRUCTURE_VALIDATED 快照=de17ef9df88e57234ba379dd5d3b62d694360536e41fcb7ee62c63bf314843f4 主模式=false
2026-09-12T18:35:46.134+08:00  WARN 27615 --- [control-app] [           main] [                                                 ] c.o.p.c.i.n.NativeInvestigationExecutor  : run 499ddc25-b78e-4539-b1b7-ad52396efe78 无冻结时间窗（存量行兼容面），回退执行时窗口——F14 冻结语义缺失
2026-09-12T18:35:46.143+08:00  INFO 27615 --- [control-app] [           main] [                                                 ] c.o.p.c.a.a.DeterministicSupervisor      : {"event":"am4_run_reporting","ts":"2026-09-12T10:35:46.143124668Z","run_id":"499ddc25-b78e-4539-b1b7-ad52396efe78"}
2026-09-12T18:35:46.143+08:00  INFO 27615 --- [control-app] [           main] [                                                 ] c.o.p.c.a.a.DeterministicSupervisor      : run 499ddc25-b78e-4539-b1b7-ad52396efe78 全任务终态 → REPORTING（报告链组装）
2026-09-12T18:35:46.144+08:00  INFO 27615 --- [control-app] [           main] [                                                 ] c.o.p.c.i.n.NativeInvestigationExecutor  : native 全链完成 run=499ddc25-b78e-4539-b1b7-ad52396efe78 reportOutcome=UNRESOLVED claims=0 validation=STRUCTURE_VALIDATED 快照=de17ef9df88e57234ba379dd5d3b62d694360536e41fcb7ee62c63bf314843f4 主模式=false
2026-09-12T18:35:46.145+08:00  WARN 27615 --- [control-app] [           main] [                                                 ] c.o.p.c.i.n.NativeInvestigationExecutor  : run 499ddc25-b78e-4539-b1b7-ad52396efe78 无冻结时间窗（存量行兼容面），回退执行时窗口——F14 冻结语义缺失
2026-09-12T18:35:46.148+08:00  INFO 27615 --- [control-app] [           main] [                                                 ] c.o.p.c.i.n.NativeInvestigationExecutor  : native 全链完成 run=499ddc25-b78e-4539-b1b7-ad52396efe78 reportOutcome=UNRESOLVED claims=0 validation=STRUCTURE_VALIDATED 快照=f0cc17646a02012863c0969e2820e7fda9d01e054a164afa574e9f22df606868 主模式=false
2026-09-12T18:35:46.149+08:00  WARN 27615 --- [control-app] [           main] [                                                 ] c.o.p.c.i.n.NativeInvestigationExecutor  : run 499ddc25-b78e-4539-b1b7-ad52396efe78 无冻结时间窗（存量行兼容面），回退执行时窗口——F14 冻结语义缺失
2026-09-12T18:35:46.150+08:00  WARN 27615 --- [control-app] [           main] [                                                 ] c.o.p.c.i.n.NativeInvestigationExecutor  : DAG 任务 11138b8b-773a-41b6-a6a7-0077dda74595 FAILED 回执孤儿 → DEAD（不重复调用）key=investigate-logs
2026-09-12T18:35:46.150+08:00  INFO 27615 --- [control-app] [           main] [                                                 ] c.o.p.c.i.n.NativeInvestigationExecutor  : native 全链完成 run=499ddc25-b78e-4539-b1b7-ad52396efe78 reportOutcome=UNRESOLVED claims=0 validation=STRUCTURE_VALIDATED 快照=f0cc17646a02012863c0969e2820e7fda9d01e054a164afa574e9f22df606868 主模式=false
[INFO] Tests run: 9, Failures: 0, Errors: 0, Skipped: 0, Time elapsed: 0.141 s -- in com.objwww.pr.control.infrastructure.nativeexec.NativeInvestigationExecutorTest
[INFO] Running com.objwww.pr.control.infrastructure.nativeexec.PrimaryFinalClaimProjectorConflictTest
2026-09-12T18:35:46.154+08:00  WARN 27615 --- [control-app] [           main] [                                                 ] c.o.p.c.a.a.a.PrimaryFinalClaimProjector : 主 FINAL 提案同 claimKey 状态冲突，强制 UNKNOWN+CONFLICT 并集呈堂 run=a3f2615b-c242-447a-aa89-db0db92c9c4c claim=c1 statuses=[TRUE, FALSE]
2026-09-12T18:35:46.169+08:00  WARN 27615 --- [control-app] [           main] [                                                 ] c.o.p.c.a.a.a.PrimaryFinalClaimProjector : 主 FINAL 提案零证据引用，不成断言（留检查点审计面）run=a3f2615b-c242-447a-aa89-db0db92c9c4c claim=c1
[INFO] Tests run: 4, Failures: 0, Errors: 0, Skipped: 0, Time elapsed: 0.018 s -- in com.objwww.pr.control.infrastructure.nativeexec.PrimaryFinalClaimProjectorConflictTest
[INFO] Running com.objwww.pr.control.infrastructure.persistence.Am5MigrationContractTest
[INFO] Tests run: 21, Failures: 0, Errors: 0, Skipped: 0, Time elapsed: 0.045 s -- in com.objwww.pr.control.infrastructure.persistence.Am5MigrationContractTest
[INFO] Running com.objwww.pr.control.infrastructure.persistence.EnMigrationContractTest
[INFO] Tests run: 9, Failures: 0, Errors: 0, Skipped: 0, Time elapsed: 0.008 s -- in com.objwww.pr.control.infrastructure.persistence.EnMigrationContractTest
[INFO] Running com.objwww.pr.control.infrastructure.persistence.Am6MigrationContractTest
[INFO] Tests run: 12, Failures: 0, Errors: 0, Skipped: 0, Time elapsed: 0.025 s -- in com.objwww.pr.control.infrastructure.persistence.Am6MigrationContractTest
[INFO] Running com.objwww.pr.control.infrastructure.persistence.PostgresClaimTaskKeyFilterContractTest
[INFO] Tests run: 2, Failures: 0, Errors: 0, Skipped: 0, Time elapsed: 0.004 s -- in com.objwww.pr.control.infrastructure.persistence.PostgresClaimTaskKeyFilterContractTest
[INFO] Running com.objwww.pr.control.infrastructure.persistence.M7MigrationContractTest
[INFO] Tests run: 7, Failures: 0, Errors: 0, Skipped: 0, Time elapsed: 0.009 s -- in com.objwww.pr.control.infrastructure.persistence.M7MigrationContractTest
[INFO] Running com.objwww.pr.control.infrastructure.persistence.PostgresArchiveManifestRepositoryFenceTest
[INFO] Tests run: 1, Failures: 0, Errors: 0, Skipped: 0, Time elapsed: 0.007 s -- in com.objwww.pr.control.infrastructure.persistence.PostgresArchiveManifestRepositoryFenceTest
[INFO] Running com.objwww.pr.control.infrastructure.persistence.Am7MigrationContractTest
[INFO] Tests run: 7, Failures: 0, Errors: 0, Skipped: 0, Time elapsed: 0.012 s -- in com.objwww.pr.control.infrastructure.persistence.Am7MigrationContractTest
[INFO] Running com.objwww.pr.control.infrastructure.selfcheck.ControlSelfCheckTest
2026-09-12T18:35:46.292+08:00  INFO 27615 --- [control-app] [           main] [                                                 ] c.o.p.c.i.s.StartupSelfCheckRunner       : [control] 启动自检通过（B25 运行时门）
[INFO] Tests run: 6, Failures: 0, Errors: 0, Skipped: 0, Time elapsed: 0.006 s -- in com.objwww.pr.control.infrastructure.selfcheck.ControlSelfCheckTest
[INFO] Running com.objwww.pr.control.infrastructure.tool.CodeSourceBindingTest
[INFO] Tests run: 3, Failures: 0, Errors: 0, Skipped: 0, Time elapsed: 0.026 s -- in com.objwww.pr.control.infrastructure.tool.CodeSourceBindingTest
[INFO] Running com.objwww.pr.control.infrastructure.tool.PrometheusApiExecutorTest
[INFO] Tests run: 9, Failures: 0, Errors: 0, Skipped: 0, Time elapsed: 0.863 s -- in com.objwww.pr.control.infrastructure.tool.PrometheusApiExecutorTest
[INFO] Running com.objwww.pr.control.infrastructure.tool.ChangeQueryExecutorTest
[INFO] Tests run: 6, Failures: 0, Errors: 0, Skipped: 0, Time elapsed: 0.007 s -- in com.objwww.pr.control.infrastructure.tool.ChangeQueryExecutorTest
[INFO] Running com.objwww.pr.control.infrastructure.tool.DockerInspectExecutorTest
[INFO] Tests run: 5, Failures: 0, Errors: 0, Skipped: 0, Time elapsed: 0.039 s -- in com.objwww.pr.control.infrastructure.tool.DockerInspectExecutorTest
[INFO] Running com.objwww.pr.control.infrastructure.tool.CodeReadExecutorTest
[INFO] Tests run: 3, Failures: 0, Errors: 0, Skipped: 0, Time elapsed: 0.016 s -- in com.objwww.pr.control.infrastructure.tool.CodeReadExecutorTest
[INFO] Running com.objwww.pr.control.infrastructure.tool.LogQueryExecutorTest
[INFO] Tests run: 8, Failures: 0, Errors: 0, Skipped: 0, Time elapsed: 0.074 s -- in com.objwww.pr.control.infrastructure.tool.LogQueryExecutorTest
[INFO] Running com.objwww.pr.control.infrastructure.tool.PrometheusMetricsWireMockTest
[INFO] Tests run: 5, Failures: 0, Errors: 0, Skipped: 0, Time elapsed: 0.072 s -- in com.objwww.pr.control.infrastructure.tool.PrometheusMetricsWireMockTest
[INFO] Running com.objwww.pr.control.infrastructure.tool.ChangeDiffExecutorTest
[INFO] Tests run: 5, Failures: 0, Errors: 0, Skipped: 0, Time elapsed: 0.006 s -- in com.objwww.pr.control.infrastructure.tool.ChangeDiffExecutorTest
[INFO] Running com.objwww.pr.control.infrastructure.tool.LokiAggregateExecutorTest
[INFO] Tests run: 4, Failures: 0, Errors: 0, Skipped: 0, Time elapsed: 0.233 s -- in com.objwww.pr.control.infrastructure.tool.LokiAggregateExecutorTest
[INFO] Running com.objwww.pr.control.infrastructure.tool.AlertHistoryExecutorTest
[INFO] Tests run: 3, Failures: 0, Errors: 0, Skipped: 0, Time elapsed: 0.004 s -- in com.objwww.pr.control.infrastructure.tool.AlertHistoryExecutorTest
[INFO] Running com.objwww.pr.control.infrastructure.tool.CodeSearchExecutorTest
[WARNING] Tests run: 5, Failures: 0, Errors: 0, Skipped: 1, Time elapsed: 0.037 s -- in com.objwww.pr.control.infrastructure.tool.CodeSearchExecutorTest
[INFO] Running com.objwww.pr.control.infrastructure.model.SpringAiRouteClientTest
2026-09-12T18:35:47.710+08:00  WARN 27615 --- [control-app] [           main] [                                                 ] c.o.p.c.i.model.SpringAiRouteClient      : route=route-test 空 content 带终止痕迹（finishReason=LENGTH, completionTokens=195）→ OUTPUT_BUDGET_EXHAUSTED
2026-09-12T18:35:47.724+08:00  WARN 27615 --- [control-app] [           main] [                                                 ] c.o.p.c.i.model.SpringAiRouteClient      : route=route-test 空 content 带终止痕迹（finishReason=STOP, completionTokens=300）→ OUTPUT_BUDGET_EXHAUSTED
2026-09-12T18:35:47.725+08:00  WARN 27615 --- [control-app] [           main] [                                                 ] c.o.p.c.i.model.SpringAiRouteClient      : route=route-test 返回空 content
[INFO] Tests run: 4, Failures: 0, Errors: 0, Skipped: 0, Time elapsed: 0.044 s -- in com.objwww.pr.control.infrastructure.model.SpringAiRouteClientTest
[INFO] Running com.objwww.pr.control.infrastructure.model.ProviderErrorClassifierTest
[INFO] Tests run: 17, Failures: 0, Errors: 0, Skipped: 0, Time elapsed: 0.007 s -- in com.objwww.pr.control.infrastructure.model.ProviderErrorClassifierTest
[INFO] Running com.objwww.pr.control.infrastructure.observability.GatusProbeConfigContractTest
[INFO] Tests run: 4, Failures: 0, Errors: 0, Skipped: 0, Time elapsed: 0.005 s -- in com.objwww.pr.control.infrastructure.observability.GatusProbeConfigContractTest
[INFO] Running com.objwww.pr.control.infrastructure.observability.StructuredLogTest
2026-09-12T18:35:47.741+08:00  INFO 27615 --- [control-app] [           main] [                                                 ] structured-log-test                      : {"event":"e","ts":"2026-09-12T10:35:47.741439410Z","error":null}
2026-09-12T18:35:47.742+08:00  INFO 27615 --- [control-app] [           main] [                                                 ] structured-log-test                      : {"event":"e","ts":"2026-09-12T10:35:47.742626787Z","secret_like":"quote\" and\nnewline\ttab"}
2026-09-12T18:35:47.744+08:00  INFO 27615 --- [control-app] [           main] [                                                 ] structured-log-test                      : {"event":"rca_task_decision","ts":"2026-09-12T10:35:47.744235917Z","run_id":"r-1","decision":"COMPLETED","latency_ms":42}
2026-09-12T18:35:47.749+08:00  WARN 27615 --- [control-app] [           main] [                                                 ] structured-log-test                      : structured log 序列化失败 event=e
[INFO] Tests run: 4, Failures: 0, Errors: 0, Skipped: 0, Time elapsed: 0.010 s -- in com.objwww.pr.control.infrastructure.observability.StructuredLogTest
[INFO] Running com.objwww.pr.control.infrastructure.observability.AlertMetricsLabelAllowlistTest
[INFO] Tests run: 3, Failures: 0, Errors: 0, Skipped: 0, Time elapsed: 0.005 s -- in com.objwww.pr.control.infrastructure.observability.AlertMetricsLabelAllowlistTest
[INFO] Running com.objwww.pr.control.infrastructure.observability.ControlCollectorConfigContractTest
[INFO] Tests run: 3, Failures: 0, Errors: 0, Skipped: 0, Time elapsed: 0.003 s -- in com.objwww.pr.control.infrastructure.observability.ControlCollectorConfigContractTest
[INFO] Running com.objwww.pr.control.infrastructure.observability.TracedTasksTest
2026-09-12T18:35:47.766+08:00  INFO 27615 --- [control-app] [           main] [                                                 ] brave.Tracer                             : {"traceId":"725dc6205a7bfe42","id":"725dc6205a7bfe42","name":"parent","timestamp":1789209347762825,"duration":997,"localEndpoint":{"serviceName":"unknown","ipv4":"172.24.0.1"}}
[INFO] Tests run: 3, Failures: 0, Errors: 0, Skipped: 0, Time elapsed: 0.007 s -- in com.objwww.pr.control.infrastructure.observability.TracedTasksTest
[INFO] Running com.objwww.pr.control.infrastructure.mcp.En06McpSdkSpikeTest
2026-09-12T18:35:48.507+08:00  INFO 27615 --- [control-app] [ent-62-Worker-1] [                                                 ] i.m.client.LifecycleInitializer          : Server response with Protocol: 2025-11-25, Capabilities: ServerCapabilities[completions=null, experimental=null, logging=null, prompts=null, resources=null, tools=ToolCapabilities[listChanged=true]], Info: Implementation[name=spike-mcp, title=Spike, version=1.0.0, description=null, icons=null, websiteUrl=null] and Instructions null
2026-09-12T18:35:48.613+08:00  INFO 27615 --- [control-app] [ent-63-Worker-1] [                                                 ] i.m.client.LifecycleInitializer          : Server response with Protocol: 2025-11-25, Capabilities: ServerCapabilities[completions=null, experimental=null, logging=null, prompts=null, resources=null, tools=ToolCapabilities[listChanged=true]], Info: Implementation[name=spike-mcp, title=Spike, version=1.0.0, description=null, icons=null, websiteUrl=null] and Instructions null
[INFO] Tests run: 2, Failures: 0, Errors: 0, Skipped: 0, Time elapsed: 0.882 s -- in com.objwww.pr.control.infrastructure.mcp.En06McpSdkSpikeTest
[INFO] Running com.objwww.pr.control.ControlArchitectureTest
2026-09-12T18:35:48.667+08:00  INFO 27615 --- [control-app] [           main] [                                                 ] com.tngtech.archunit.core.PluginLoader   : Detected Java version 21.0.12.1
[INFO] Tests run: 20, Failures: 0, Errors: 0, Skipped: 0, Time elapsed: 4.808 s -- in com.objwww.pr.control.ControlArchitectureTest
[INFO] Running com.objwww.pr.control.alert.domain.statemachine.AlertStateMachineTest
[INFO] Tests run: 8, Failures: 0, Errors: 0, Skipped: 0, Time elapsed: 0.020 s -- in com.objwww.pr.control.alert.domain.statemachine.AlertStateMachineTest
[INFO] Running com.objwww.pr.control.alert.domain.statemachine.RcaStateContractTest
[INFO] Tests run: 8, Failures: 0, Errors: 0, Skipped: 0, Time elapsed: 0.005 s -- in com.objwww.pr.control.alert.domain.statemachine.RcaStateContractTest
[INFO] Running com.objwww.pr.control.alert.domain.agent.DelegationDecisionQuestionCapTest
[INFO] Tests run: 3, Failures: 0, Errors: 0, Skipped: 0, Time elapsed: 0.002 s -- in com.objwww.pr.control.alert.domain.agent.DelegationDecisionQuestionCapTest
[INFO] Running com.objwww.pr.control.alert.domain.agent.AgentProfileTest
[INFO] Tests run: 6, Failures: 0, Errors: 0, Skipped: 0, Time elapsed: 0.007 s -- in com.objwww.pr.control.alert.domain.agent.AgentProfileTest
[INFO] Running com.objwww.pr.control.alert.domain.agent.WorkingMemoryTest
[INFO] Tests run: 4, Failures: 0, Errors: 0, Skipped: 0, Time elapsed: 0.011 s -- in com.objwww.pr.control.alert.domain.agent.WorkingMemoryTest
[INFO] Running com.objwww.pr.control.alert.domain.dag.PlanProposalTest
[INFO] Tests run: 10, Failures: 0, Errors: 0, Skipped: 0, Time elapsed: 0.013 s -- in com.objwww.pr.control.alert.domain.dag.PlanProposalTest
[INFO] Running com.objwww.pr.control.alert.domain.dag.DagTaskStateTest
[INFO] Tests run: 3, Failures: 0, Errors: 0, Skipped: 0, Time elapsed: 0.002 s -- in com.objwww.pr.control.alert.domain.dag.DagTaskStateTest
[INFO] Running com.objwww.pr.control.alert.domain.dag.DagPromoterTest
[INFO] Tests run: 16, Failures: 0, Errors: 0, Skipped: 0, Time elapsed: 0.009 s -- in com.objwww.pr.control.alert.domain.dag.DagPromoterTest
[INFO] Running com.objwww.pr.control.alert.domain.dag.DagCycleDetectorTest
[INFO] Tests run: 10, Failures: 0, Errors: 0, Skipped: 0, Time elapsed: 0.006 s -- in com.objwww.pr.control.alert.domain.dag.DagCycleDetectorTest
[INFO] Running com.objwww.pr.control.alert.domain.classification.IncidentClassifierTest
[INFO] Tests run: 13, Failures: 0, Errors: 0, Skipped: 0, Time elapsed: 0.018 s -- in com.objwww.pr.control.alert.domain.classification.IncidentClassifierTest
[INFO] Running com.objwww.pr.control.alert.domain.tool.ToolReasonCodeTest
[INFO] Tests run: 2, Failures: 0, Errors: 0, Skipped: 0, Time elapsed: 0.002 s -- in com.objwww.pr.control.alert.domain.tool.ToolReasonCodeTest
[INFO] Running com.objwww.pr.control.alert.domain.tool.ToolArgsValidatorTest
[INFO] Tests run: 7, Failures: 0, Errors: 0, Skipped: 0, Time elapsed: 0.007 s -- in com.objwww.pr.control.alert.domain.tool.ToolArgsValidatorTest
[INFO] Running com.objwww.pr.control.alert.domain.tool.InternalCanonicalJsonV1Test
[INFO] Tests run: 9, Failures: 0, Errors: 0, Skipped: 0, Time elapsed: 0.004 s -- in com.objwww.pr.control.alert.domain.tool.InternalCanonicalJsonV1Test
[INFO] Running com.objwww.pr.control.alert.domain.tool.ActionDigestTest
[INFO] Tests run: 8, Failures: 0, Errors: 0, Skipped: 0, Time elapsed: 0.005 s -- in com.objwww.pr.control.alert.domain.tool.ActionDigestTest
[INFO] Running com.objwww.pr.control.alert.domain.tool.ToolPolicyTest
[INFO] Tests run: 3, Failures: 0, Errors: 0, Skipped: 0, Time elapsed: 0.001 s -- in com.objwww.pr.control.alert.domain.tool.ToolPolicyTest
[INFO] Running com.objwww.pr.control.alert.domain.tool.ToolDefinitionTest
[INFO] Tests run: 7, Failures: 0, Errors: 0, Skipped: 0, Time elapsed: 0.006 s -- in com.objwww.pr.control.alert.domain.tool.ToolDefinitionTest
[INFO] Running com.objwww.pr.control.alert.domain.tool.ArgsNormalizerTest
[INFO] Tests run: 6, Failures: 0, Errors: 0, Skipped: 0, Time elapsed: 0.002 s -- in com.objwww.pr.control.alert.domain.tool.ArgsNormalizerTest
[INFO] Running com.objwww.pr.control.alert.domain.model.RcaRunStateTest
[INFO] Tests run: 2, Failures: 0, Errors: 0, Skipped: 0, Time elapsed: 0.001 s -- in com.objwww.pr.control.alert.domain.model.RcaRunStateTest
[INFO] Running com.objwww.pr.control.alert.domain.model.EvidencePackageV2ContractTest
[INFO] Tests run: 6, Failures: 0, Errors: 0, Skipped: 0, Time elapsed: 0.012 s -- in com.objwww.pr.control.alert.domain.model.EvidencePackageV2ContractTest
[INFO] Running com.objwww.pr.control.alert.domain.budget.RunBudgetTest
[INFO] Tests run: 11, Failures: 0, Errors: 0, Skipped: 0, Time elapsed: 0.012 s -- in com.objwww.pr.control.alert.domain.budget.RunBudgetTest
[INFO] Running com.objwww.pr.control.alert.domain.budget.DoomLoopGuardTest
[INFO] Tests run: 7, Failures: 0, Errors: 0, Skipped: 0, Time elapsed: 0.005 s -- in com.objwww.pr.control.alert.domain.budget.DoomLoopGuardTest
[INFO] Running com.objwww.pr.control.alert.domain.claim.ClaimReducerTest
[INFO] Tests run: 20, Failures: 0, Errors: 0, Skipped: 0, Time elapsed: 0.012 s -- in com.objwww.pr.control.alert.domain.claim.ClaimReducerTest
[INFO] Running com.objwww.pr.control.alert.domain.claim.ClaimVerdictTest
[INFO] Tests run: 10, Failures: 0, Errors: 0, Skipped: 0, Time elapsed: 0.009 s -- in com.objwww.pr.control.alert.domain.claim.ClaimVerdictTest
[INFO] Running com.objwww.pr.control.alert.domain.claim.ClaimProjectionTest
[INFO] Tests run: 9, Failures: 0, Errors: 0, Skipped: 0, Time elapsed: 0.004 s -- in com.objwww.pr.control.alert.domain.claim.ClaimProjectionTest
[INFO] Running com.objwww.pr.control.alert.domain.claim.ReportAssemblerTest
[INFO] Tests run: 11, Failures: 0, Errors: 0, Skipped: 0, Time elapsed: 0.011 s -- in com.objwww.pr.control.alert.domain.claim.ReportAssemblerTest
[INFO] Running com.objwww.pr.control.alert.domain.claim.ClaimTest
[INFO] Tests run: 7, Failures: 0, Errors: 0, Skipped: 0, Time elapsed: 0.004 s -- in com.objwww.pr.control.alert.domain.claim.ClaimTest
[INFO] Running com.objwww.pr.control.alert.domain.identity.InvestigationIdentityTest
[INFO] Tests run: 7, Failures: 0, Errors: 0, Skipped: 0, Time elapsed: 0.005 s -- in com.objwww.pr.control.alert.domain.identity.InvestigationIdentityTest
[INFO] Running com.objwww.pr.control.alert.domain.evidence.EvidenceEnvelopeTest
[INFO] Tests run: 6, Failures: 0, Errors: 0, Skipped: 0, Time elapsed: 0.004 s -- in com.objwww.pr.control.alert.domain.evidence.EvidenceEnvelopeTest
[INFO] Running com.objwww.pr.control.alert.domain.evidence.EvidenceSnapshotBuilderTest
[INFO] Tests run: 5, Failures: 0, Errors: 0, Skipped: 0, Time elapsed: 0.008 s -- in com.objwww.pr.control.alert.domain.evidence.EvidenceSnapshotBuilderTest
[INFO] Running com.objwww.pr.control.alert.domain.service.AlertIdentityFactoryTest
[INFO] Tests run: 6, Failures: 0, Errors: 0, Skipped: 0, Time elapsed: 0.004 s -- in com.objwww.pr.control.alert.domain.service.AlertIdentityFactoryTest
[INFO] Running com.objwww.pr.control.alert.domain.service.SlaPolicyTest
[INFO] Tests run: 6, Failures: 0, Errors: 0, Skipped: 0, Time elapsed: 0.011 s -- in com.objwww.pr.control.alert.domain.service.SlaPolicyTest
[INFO] Running com.objwww.pr.control.alert.domain.service.DeferredPolicyTest
[INFO] Tests run: 2, Failures: 0, Errors: 0, Skipped: 0, Time elapsed: 0.001 s -- in com.objwww.pr.control.alert.domain.service.DeferredPolicyTest
[INFO] Running com.objwww.pr.control.alert.domain.service.EvidencePackageValidatorTest
[INFO] Tests run: 19, Failures: 0, Errors: 0, Skipped: 0, Time elapsed: 0.030 s -- in com.objwww.pr.control.alert.domain.service.EvidencePackageValidatorTest
[INFO] Running com.objwww.pr.control.alert.infrastructure.config.AlertConfigBridgeTest
[INFO] Tests run: 3, Failures: 0, Errors: 0, Skipped: 0, Time elapsed: 0.011 s -- in com.objwww.pr.control.alert.infrastructure.config.AlertConfigBridgeTest
[INFO] Running com.objwww.pr.control.alert.infrastructure.selfcheck.AlertSelfCheckTest
[INFO] Tests run: 6, Failures: 0, Errors: 0, Skipped: 0, Time elapsed: 0.003 s -- in com.objwww.pr.control.alert.infrastructure.selfcheck.AlertSelfCheckTest
[INFO] Running com.objwww.pr.control.alert.application.agent.R7DelegationBatchesKnobTest
2026-09-12T18:35:53.780+08:00  INFO 27615 --- [control-app] [           main] [                                                 ] c.o.p.c.a.a.DeterministicSupervisor      : {"event":"r7_primary_started","ts":"2026-09-12T10:35:53.780111170Z","role":"primary@1","run_id":"4f930413-e30a-4286-9b49-b077386098ef","task_id":"a07b70bf-b9e2-4031-a9ca-643a5b34c388"}
2026-09-12T18:35:53.784+08:00  INFO 27615 --- [control-app] [           main] [                                                 ] c.o.p.c.a.a.agent.BoundedLlmRoleRunner   : 主 FINAL 提案落检查点 task=a07b70bf-b9e2-4031-a9ca-643a5b34c388 claims=0 downgraded=0 stripped=0
2026-09-12T18:35:53.785+08:00  INFO 27615 --- [control-app] [           main] [                                                 ] c.o.p.c.a.a.DeterministicSupervisor      : {"event":"r7_delegation_adjudicated","ts":"2026-09-12T10:35:53.784959019Z","task_id":"a07b70bf-b9e2-4031-a9ca-643a5b34c388","run_id":"4f930413-e30a-4286-9b49-b077386098ef","batch_accepted":false,"requests":2,"approved":0}
2026-09-12T18:35:53.786+08:00  INFO 27615 --- [control-app] [           main] [                                                 ] c.o.p.c.a.a.DeterministicSupervisor      : {"event":"r7_primary_started","ts":"2026-09-12T10:35:53.786522133Z","role":"primary@1","run_id":"560d88ec-0db6-4af5-a47b-d42ad088bd70","task_id":"d6933a3d-771d-487f-bdbb-7e56c9fd15ef"}
2026-09-12T18:35:53.786+08:00  INFO 27615 --- [control-app] [           main] [                                                 ] c.o.p.c.a.a.DeterministicSupervisor      : {"event":"r7_delegation_adjudicated","ts":"2026-09-12T10:35:53.786897580Z","task_id":"d6933a3d-771d-487f-bdbb-7e56c9fd15ef","run_id":"560d88ec-0db6-4af5-a47b-d42ad088bd70","batch_accepted":true,"requests":1,"approved":1}
2026-09-12T18:35:53.787+08:00  INFO 27615 --- [control-app] [           main] [                                                 ] c.o.p.c.a.a.DeterministicSupervisor      : {"event":"r7_delegation_adjudicated","ts":"2026-09-12T10:35:53.787124908Z","task_id":"d6933a3d-771d-487f-bdbb-7e56c9fd15ef","run_id":"560d88ec-0db6-4af5-a47b-d42ad088bd70","batch_accepted":false,"requests":1,"approved":0}
2026-09-12T18:35:53.790+08:00  INFO 27615 --- [control-app] [           main] [                                                 ] c.o.p.c.a.a.DeterministicSupervisor      : {"event":"r7_primary_started","ts":"2026-09-12T10:35:53.790072168Z","role":"primary@1","run_id":"7b2abebb-bc6f-401b-9fc6-7ec6067ef3ed","task_id":"bad6bcbc-77a6-4fd3-8db9-2960b49c481c"}
2026-09-12T18:35:53.791+08:00  INFO 27615 --- [control-app] [           main] [                                                 ] c.o.p.c.a.a.agent.BoundedLlmRoleRunner   : 主 FINAL 提案落检查点 task=bad6bcbc-77a6-4fd3-8db9-2960b49c481c claims=0 downgraded=0 stripped=0
2026-09-12T18:35:53.791+08:00  INFO 27615 --- [control-app] [           main] [                                                 ] c.o.p.c.a.a.DeterministicSupervisor      : {"event":"r7_delegation_adjudicated","ts":"2026-09-12T10:35:53.791519414Z","task_id":"bad6bcbc-77a6-4fd3-8db9-2960b49c481c","run_id":"7b2abebb-bc6f-401b-9fc6-7ec6067ef3ed","batch_accepted":true,"requests":1,"approved":1}
2026-09-12T18:35:53.791+08:00  INFO 27615 --- [control-app] [           main] [                                                 ] c.o.p.c.a.a.DeterministicSupervisor      : {"event":"r7_delegation_adjudicated","ts":"2026-09-12T10:35:53.791798179Z","task_id":"bad6bcbc-77a6-4fd3-8db9-2960b49c481c","run_id":"7b2abebb-bc6f-401b-9fc6-7ec6067ef3ed","batch_accepted":true,"requests":1,"approved":1}
2026-09-12T18:35:53.792+08:00  INFO 27615 --- [control-app] [           main] [                                                 ] c.o.p.c.a.a.DeterministicSupervisor      : {"event":"r7_delegation_adjudicated","ts":"2026-09-12T10:35:53.791999899Z","task_id":"bad6bcbc-77a6-4fd3-8db9-2960b49c481c","run_id":"7b2abebb-bc6f-401b-9fc6-7ec6067ef3ed","batch_accepted":false,"requests":1,"approved":0}
2026-09-12T18:35:53.793+08:00  INFO 27615 --- [control-app] [           main] [                                                 ] c.o.p.c.a.a.agent.BoundedLlmRoleRunner   : 主 FINAL 提案落检查点 task=bad6bcbc-77a6-4fd3-8db9-2960b49c481c claims=0 downgraded=0 stripped=0
[INFO] Tests run: 4, Failures: 0, Errors: 0, Skipped: 0, Time elapsed: 0.016 s -- in com.objwww.pr.control.alert.application.agent.R7DelegationBatchesKnobTest
[INFO] Running com.objwww.pr.control.alert.application.agent.Mc24QueryReuseTest
2026-09-12T18:35:53.801+08:00  INFO 27615 --- [control-app] [           main] [                                                 ] c.o.p.c.a.a.a.SingleToolEvidenceAgent    : MC24 查询复用 run=8b326437-1407-405d-a960-5ac7eb277ada task=b9ec24c7-db0a-4da3-b55f-0f3b72a97e5c tool=prometheus.instant evidence=9f94dcb8-c47c-43a6-97a5-448ae23db1bb（零新工具执行）
2026-09-12T18:35:53.808+08:00  INFO 27615 --- [control-app] [           main] [                                                 ] c.o.p.c.a.a.a.SingleToolEvidenceAgent    : MC24 查询复用 run=8b326437-1407-405d-a960-5ac7eb277ada task=b9ec24c7-db0a-4da3-b55f-0f3b72a97e5c tool=prometheus.instant evidence=e2124e3b-660c-40f3-ab5c-53d90853274b（零新工具执行）
[INFO] Tests run: 3, Failures: 0, Errors: 0, Skipped: 0, Time elapsed: 0.015 s -- in com.objwww.pr.control.alert.application.agent.Mc24QueryReuseTest
[INFO] Running com.objwww.pr.control.alert.application.agent.R7ModelGatewayTest
2026-09-12T18:35:53.816+08:00  WARN 27615 --- [control-app] [           main] [                                                 ] c.o.p.c.a.a.agent.RcaModelGateway        : 输入超模型可用窗硬限，零触网（primary）: approxTokens=101 maxInputTokens=100
2026-09-12T18:35:53.818+08:00  WARN 27615 --- [control-app] [           main] [                                                 ] c.o.p.c.a.a.agent.RcaModelGateway        : rca_model_call PENDING 写失败，零触网（primary）: DuplicateKeyException
2026-09-12T18:35:53.820+08:00  WARN 27615 --- [control-app] [           main] [                                                 ] c.o.p.c.a.a.agent.RcaModelGateway        : rca_model_input 捕获写失败，零触网（primary）: IllegalStateException
2026-09-12T18:35:53.825+08:00  WARN 27615 --- [control-app] [           main] [                                                 ] c.o.pr.control.application.ModelGateway  : 账本 STARTED 写失败，零触网（D5）: IllegalStateException
2026-09-12T18:35:53.832+08:00  INFO 27615 --- [control-app] [           main] [                                                 ] c.o.p.c.a.a.agent.RcaModelGateway        : rca_model_call EPOCH_FENCE，零触网（primary）: EPOCH_FENCE: 动作 configEpoch=1 已落后于当前代际 2，零触网拒绝发送
2026-09-12T18:35:53.835+08:00  WARN 27615 --- [control-app] [           main] [                                                 ] c.o.p.c.a.a.agent.RcaModelGateway        : 输入超模型可用窗硬限，零触网（primary）: approxTokens=101 maxInputTokens=100
[INFO] Tests run: 17, Failures: 0, Errors: 0, Skipped: 0, Time elapsed: 0.028 s -- in com.objwww.pr.control.alert.application.agent.R7ModelGatewayTest
[INFO] Running com.objwww.pr.control.alert.application.agent.R7RoleRunnerTest
2026-09-12T18:35:53.841+08:00  INFO 27615 --- [control-app] [           main] [                                                 ] c.o.p.c.a.a.DeterministicSupervisor      : {"event":"r7_primary_started","ts":"2026-09-12T10:35:53.841667393Z","role":"primary@1","run_id":"dbb1848e-d9ce-44a5-bf62-0234cd94a9d3","task_id":"14ac3092-027d-468b-817c-7ed0120ffd9b"}
2026-09-12T18:35:53.845+08:00  INFO 27615 --- [control-app] [           main] [                                                 ] c.o.p.c.a.a.agent.BoundedLlmRoleRunner   : 主 FINAL 提案落检查点 task=14ac3092-027d-468b-817c-7ed0120ffd9b claims=2 downgraded=1 stripped=1
2026-09-12T18:35:53.846+08:00  INFO 27615 --- [control-app] [           main] [                                                 ] c.o.p.c.a.a.DeterministicSupervisor      : {"event":"r7_primary_started","ts":"2026-09-12T10:35:53.846793516Z","role":"primary@1","run_id":"79bc511a-50f4-4b32-8014-6f11d43e8229","task_id":"5e4a078d-5869-41e3-8356-c9be4b9c5d2c"}
2026-09-12T18:35:53.847+08:00  WARN 27615 --- [control-app] [           main] [                                                 ] c.o.p.c.a.a.agent.BoundedLlmRoleRunner   : 主任务步数耗尽 → 确定性未决 FINAL（零模型调用）task=5e4a078d-5869-41e3-8356-c9be4b9c5d2c steps=1
2026-09-12T18:35:53.849+08:00  INFO 27615 --- [control-app] [           main] [                                                 ] c.o.p.c.a.a.DeterministicSupervisor      : {"event":"r7_primary_started","ts":"2026-09-12T10:35:53.849831097Z","role":"primary@1","run_id":"18ce69a7-777f-49a9-9ff5-5653b9fb812c","task_id":"f4d8938b-5411-4766-88c9-58a303d42b14"}
2026-09-12T18:35:53.851+08:00  WARN 27615 --- [control-app] [           main] [                                                 ] c.o.p.c.a.a.agent.BoundedLlmRoleRunner   : TOOL_CALL 参数形状拒绝（INVALID_ARGS），计步重驱 task=f4d8938b-5411-4766-88c9-58a303d42b14 tool=logs.query
2026-09-12T18:35:53.853+08:00  INFO 27615 --- [control-app] [           main] [                                                 ] c.o.p.c.a.a.DeterministicSupervisor      : {"event":"r7_primary_started","ts":"2026-09-12T10:35:53.852927488Z","role":"primary@1","run_id":"680622e0-b8ac-4106-a6d4-129162804389","task_id":"00129652-8bdd-465e-961d-6e2ce2481485"}
2026-09-12T18:35:53.854+08:00  WARN 27615 --- [control-app] [           main] [                                                 ] c.o.p.c.a.a.agent.BoundedLlmRoleRunner   : 主决策不可解析（JsonParseException），计步重驱 task=00129652-8bdd-465e-961d-6e2ce2481485
2026-09-12T18:35:53.855+08:00  INFO 27615 --- [control-app] [           main] [                                                 ] c.o.p.c.a.a.DeterministicSupervisor      : {"event":"r7_primary_started","ts":"2026-09-12T10:35:53.855173218Z","role":"primary@1","run_id":"eae15294-c1a5-41d0-bbed-a1f736c606f8","task_id":"199dbb86-032f-48c2-b01a-caa165ed5dc9"}
2026-09-12T18:35:53.855+08:00  INFO 27615 --- [control-app] [           main] [                                                 ] c.o.p.c.a.a.DeterministicSupervisor      : {"event":"r7_delegation_adjudicated","ts":"2026-09-12T10:35:53.855666025Z","task_id":"199dbb86-032f-48c2-b01a-caa165ed5dc9","run_id":"eae15294-c1a5-41d0-bbed-a1f736c606f8","batch_accepted":true,"requests":1,"approved":1}
2026-09-12T18:35:53.858+08:00  INFO 27615 --- [control-app] [           main] [                                                 ] c.o.p.c.a.a.DeterministicSupervisor      : {"event":"r7_primary_started","ts":"2026-09-12T10:35:53.858521532Z","role":"primary@1","run_id":"76c740d7-53f2-4e5d-a238-0e1cab85fb86","task_id":"4b1a5d8a-b15e-4c65-870a-9390e23d98ee"}
2026-09-12T18:35:53.859+08:00  INFO 27615 --- [control-app] [           main] [                                                 ] c.o.p.c.a.a.DeterministicSupervisor      : {"event":"r7_delegation_adjudicated","ts":"2026-09-12T10:35:53.858970358Z","task_id":"4b1a5d8a-b15e-4c65-870a-9390e23d98ee","run_id":"76c740d7-53f2-4e5d-a238-0e1cab85fb86","batch_accepted":true,"requests":1,"approved":1}
2026-09-12T18:35:53.869+08:00  INFO 27615 --- [control-app] [           main] [                                                 ] c.o.p.c.a.a.DeterministicSupervisor      : {"event":"r7_primary_started","ts":"2026-09-12T10:35:53.869293619Z","role":"primary@1","run_id":"238687d3-dfd7-47bb-a6d3-51366d3c5a62","task_id":"7da474fd-cc9e-4c91-b43c-06d239d99662"}
2026-09-12T18:35:53.871+08:00  WARN 27615 --- [control-app] [           main] [                                                 ] c.o.p.c.a.a.agent.BoundedLlmRoleRunner   : 主任务同签名模型失败 ×2 → 确定性未决 FINAL（零模型调用）task=7da474fd-cc9e-4c91-b43c-06d239d99662 code=PROTOCOL_ERROR
2026-09-12T18:35:53.872+08:00  INFO 27615 --- [control-app] [           main] [                                                 ] c.o.p.c.a.a.DeterministicSupervisor      : {"event":"r7_primary_started","ts":"2026-09-12T10:35:53.872684705Z","role":"primary@1","run_id":"2cd2feea-716e-45d8-a08f-f89f595a2629","task_id":"d8f738af-29f8-471d-acbb-b30616fde56b"}
2026-09-12T18:35:53.875+08:00  INFO 27615 --- [control-app] [           main] [                                                 ] c.o.p.c.a.a.DeterministicSupervisor      : {"event":"r7_delegation_adjudicated","ts":"2026-09-12T10:35:53.874981220Z","task_id":"d8f738af-29f8-471d-acbb-b30616fde56b","run_id":"2cd2feea-716e-45d8-a08f-f89f595a2629","batch_accepted":false,"requests":1,"approved":0}
2026-09-12T18:35:53.878+08:00  INFO 27615 --- [control-app] [           main] [                                                 ] c.o.p.c.a.a.agent.BoundedLlmRoleRunner   : 主 FINAL 提案落检查点 task=e4b58520-30fe-4c0f-9c86-213cf957b766 claims=0 downgraded=0 stripped=0
2026-09-12T18:35:53.879+08:00  INFO 27615 --- [control-app] [           main] [                                                 ] c.o.p.c.a.a.DeterministicSupervisor      : {"event":"r7_primary_started","ts":"2026-09-12T10:35:53.879294853Z","role":"primary@1","run_id":"9f8c051b-2dae-4d2c-8b7f-d70f79574a2b","task_id":"19bc35b7-666c-4a4c-9bda-0ee257687e49"}
2026-09-12T18:35:53.880+08:00  INFO 27615 --- [control-app] [           main] [                                                 ] c.o.p.c.a.a.agent.BoundedLlmRoleRunner   : 主 FINAL 提案落检查点 task=19bc35b7-666c-4a4c-9bda-0ee257687e49 claims=0 downgraded=0 stripped=0
2026-09-12T18:35:53.881+08:00  INFO 27615 --- [control-app] [           main] [                                                 ] c.o.p.c.a.a.DeterministicSupervisor      : {"event":"r7_primary_started","ts":"2026-09-12T10:35:53.881155016Z","role":"primary@1","run_id":"d76dc5dc-bb50-4262-aabb-bda49926b076","task_id":"d090a623-b8ae-4e19-a67d-2477af4f0950"}
2026-09-12T18:35:53.883+08:00  INFO 27615 --- [control-app] [           main] [                                                 ] c.o.p.c.a.a.DeterministicSupervisor      : {"event":"r7_primary_started","ts":"2026-09-12T10:35:53.882955648Z","role":"primary@1","run_id":"9d746030-74b5-4076-aa5c-d4fd2a017bae","task_id":"bff8fc19-9af3-49a5-b7e8-f82bb0c4089b"}
2026-09-12T18:35:53.883+08:00  WARN 27615 --- [control-app] [           main] [                                                 ] c.o.p.c.a.a.agent.BoundedLlmRoleRunner   : TOOL_CALL 越权拒绝（不在 allowlist），计步重驱 task=bff8fc19-9af3-49a5-b7e8-f82bb0c4089b tool=code.search
2026-09-12T18:35:53.885+08:00  INFO 27615 --- [control-app] [           main] [                                                 ] c.o.p.c.a.a.DeterministicSupervisor      : {"event":"r7_primary_started","ts":"2026-09-12T10:35:53.884946828Z","role":"primary@1","run_id":"adcf06f2-aa07-41da-8665-a8ca83145e67","task_id":"b7f84f14-b94f-4a36-8b4e-c86ea35719dd"}
2026-09-12T18:35:53.894+08:00  INFO 27615 --- [control-app] [           main] [                                                 ] c.o.p.c.a.a.DeterministicSupervisor      : {"event":"r7_primary_started","ts":"2026-09-12T10:35:53.894567054Z","role":"primary@1","run_id":"929c54fd-9db4-47b8-8239-7198e15e90be","task_id":"b7da5abd-1f34-48dd-9c17-76008fe7399c"}
[INFO] Tests run: 17, Failures: 0, Errors: 0, Skipped: 0, Time elapsed: 0.063 s -- in com.objwww.pr.control.alert.application.agent.R7RoleRunnerTest
[INFO] Running com.objwww.pr.control.alert.application.agent.R3ProtocolConsistencyTest
[INFO] Tests run: 3, Failures: 0, Errors: 0, Skipped: 0, Time elapsed: 0.003 s -- in com.objwww.pr.control.alert.application.agent.R3ProtocolConsistencyTest
[INFO] Running com.objwww.pr.control.alert.application.agent.En05DirectToolChainTest
[INFO] Tests run: 3, Failures: 0, Errors: 0, Skipped: 0, Time elapsed: 0.027 s -- in com.objwww.pr.control.alert.application.agent.En05DirectToolChainTest
[INFO] Running com.objwww.pr.control.alert.application.agent.ContextCompactionServiceTest
2026-09-12T18:35:53.944+08:00  INFO 27615 --- [control-app] [           main] [                                                 ] c.o.p.c.a.a.a.ContextCompactionService   : 上下文压缩提交 run=a0d4b905-5e50-4c4e-b68d-d073d5b5b4c4 task=35412232-518d-401b-9460-22239fc56853 source=src-digest-1 区间=[0,1] token 800→2 required=1 omitted=0
2026-09-12T18:35:53.948+08:00  INFO 27615 --- [control-app] [           main] [                                                 ] c.o.p.c.a.a.a.ContextCompactionService   : 上下文压缩提交 run=964f093e-6c8f-43b9-9833-0b34d47978b2 task=453ae66b-e0ce-4d07-b01d-0a2db12bde06 source=src-digest-1 区间=[3,3] token 800→3 required=1 omitted=0
2026-09-12T18:35:53.949+08:00  INFO 27615 --- [control-app] [           main] [                                                 ] c.o.p.c.a.a.a.ContextCompactionService   : 上下文压缩提交 run=3d40507b-b9ac-464e-9eea-a0a75215f353 task=b2660195-3149-4026-864b-53238adcf28a source=src-digest-1 区间=[0,1] token 800→5 required=1 omitted=0
[INFO] Tests run: 15, Failures: 0, Errors: 0, Skipped: 0, Time elapsed: 0.030 s -- in com.objwww.pr.control.alert.application.agent.ContextCompactionServiceTest
[INFO] Running com.objwww.pr.control.alert.application.agent.MetricsAgentTest
[INFO] Tests run: 19, Failures: 0, Errors: 0, Skipped: 0, Time elapsed: 0.050 s -- in com.objwww.pr.control.alert.application.agent.MetricsAgentTest
[INFO] Running com.objwww.pr.control.alert.application.agent.DelegationReceiptServiceTest
2026-09-12T18:35:54.026+08:00  WARN 27615 --- [control-app] [           main] [                                                 ] c.o.p.c.a.a.a.DelegationReceiptService   : 回执准入 REJECTED_SHAPE run=3d24c8a0-3285-4878-b1e6-de2e867c01b2 child=e4a22a85-7e1d-4d40-8ebd-7da3bb9d39c7 gap=g-logs
2026-09-12T18:35:54.031+08:00  WARN 27615 --- [control-app] [           main] [                                                 ] c.o.p.c.a.a.a.DelegationReceiptService   : 回执准入 OVERSIZED run=ea32e745-5e48-42fe-bffd-70a3c9ee35b8 child=5e3e834c-4428-4200-a08f-20d72d68ec02 gap=g-logs
2026-09-12T18:35:54.035+08:00  WARN 27615 --- [control-app] [           main] [                                                 ] c.o.p.c.a.a.a.DelegationReceiptService   : 回执准入 REJECTED_SHAPE run=055f7cdd-bb90-440a-b6ec-6c86f465b659 child=c8d3bfa2-1e89-4d7a-af89-9fa27132bae0 gap=g-logs
2026-09-12T18:35:54.035+08:00  INFO 27615 --- [control-app] [           main] [                                                 ] c.o.p.c.a.a.a.DelegationReceiptService   : 回执准入 ACCEPTED run=055f7cdd-bb90-440a-b6ec-6c86f465b659 child=c8d3bfa2-1e89-4d7a-af89-9fa27132bae0 gap=g-logs bytes=137
2026-09-12T18:35:54.037+08:00  INFO 27615 --- [control-app] [           main] [                                                 ] c.o.p.c.a.a.a.DelegationReceiptService   : 回执准入 ACCEPTED run=978ade67-3837-4588-833f-fc2839b547cb child=f7c69cb3-531f-4662-a21d-432a43ab2262 gap=g-logs bytes=125
[INFO] Tests run: 7, Failures: 0, Errors: 0, Skipped: 0, Time elapsed: 0.023 s -- in com.objwww.pr.control.alert.application.agent.DelegationReceiptServiceTest
[INFO] Running com.objwww.pr.control.alert.application.agent.ContextAssemblerTest
[INFO] Tests run: 15, Failures: 0, Errors: 0, Skipped: 0, Time elapsed: 0.033 s -- in com.objwww.pr.control.alert.application.agent.ContextAssemblerTest
[INFO] Running com.objwww.pr.control.alert.application.agent.HarnessAuditCharacterizationTest
[INFO] Tests run: 5, Failures: 0, Errors: 0, Skipped: 0, Time elapsed: 0.617 s -- in com.objwww.pr.control.alert.application.agent.HarnessAuditCharacterizationTest
[INFO] Running com.objwww.pr.control.alert.application.agent.ChangeAgentTest
[INFO] Tests run: 4, Failures: 0, Errors: 0, Skipped: 0, Time elapsed: 0.024 s -- in com.objwww.pr.control.alert.application.agent.ChangeAgentTest
[INFO] Running com.objwww.pr.control.alert.application.agent.R3DelegationHonestyTest
2026-09-12T18:35:54.743+08:00  INFO 27615 --- [control-app] [           main] [                                                 ] c.o.p.c.a.a.DeterministicSupervisor      : {"event":"r7_primary_started","ts":"2026-09-12T10:35:54.743018257Z","role":"primary@1","run_id":"88ec1e1b-3852-4ee7-8858-8a452dfd7450","task_id":"0dba05a9-19d1-4d7e-9201-8ea5ffeb12e2"}
2026-09-12T18:35:54.744+08:00  INFO 27615 --- [control-app] [           main] [                                                 ] c.o.p.c.a.a.DeterministicSupervisor      : {"event":"r7_delegation_adjudicated","ts":"2026-09-12T10:35:54.744700835Z","task_id":"0dba05a9-19d1-4d7e-9201-8ea5ffeb12e2","run_id":"88ec1e1b-3852-4ee7-8858-8a452dfd7450","batch_accepted":true,"requests":1,"approved":1}
[INFO] Tests run: 3, Failures: 0, Errors: 0, Skipped: 0, Time elapsed: 0.035 s -- in com.objwww.pr.control.alert.application.agent.R3DelegationHonestyTest
[INFO] Running com.objwww.pr.control.alert.application.agent.R7ActionGuardAdmissionTest
2026-09-12T18:35:54.804+08:00  WARN 27615 --- [control-app] [           main] [                                                 ] c.o.p.c.a.a.agent.RcaModelGateway        : rca_model_call PENDING 写失败，零触网（primary）: DuplicateKeyException
2026-09-12T18:35:54.830+08:00  WARN 27615 --- [control-app] [           main] [                                                 ] c.o.pr.control.application.ModelGateway  : 账本 STARTED 写失败，零触网（D5）: IllegalStateException
[INFO] Tests run: 11, Failures: 0, Errors: 0, Skipped: 0, Time elapsed: 0.100 s -- in com.objwww.pr.control.alert.application.agent.R7ActionGuardAdmissionTest
[INFO] Running com.objwww.pr.control.alert.application.agent.AgentRegistryTest
[INFO] Tests run: 5, Failures: 0, Errors: 0, Skipped: 0, Time elapsed: 0.018 s -- in com.objwww.pr.control.alert.application.agent.AgentRegistryTest
[INFO] Running com.objwww.pr.control.alert.application.agent.NativeRcaAgentTest
[INFO] Tests run: 12, Failures: 0, Errors: 0, Skipped: 0, Time elapsed: 0.032 s -- in com.objwww.pr.control.alert.application.agent.NativeRcaAgentTest
[INFO] Running com.objwww.pr.control.alert.application.agent.En07RagChainTest
[INFO] Tests run: 2, Failures: 0, Errors: 0, Skipped: 0, Time elapsed: 0.058 s -- in com.objwww.pr.control.alert.application.agent.En07RagChainTest
[INFO] Running com.objwww.pr.control.alert.application.agent.LogsAgentTest
[INFO] Tests run: 5, Failures: 0, Errors: 0, Skipped: 0, Time elapsed: 0.032 s -- in com.objwww.pr.control.alert.application.agent.LogsAgentTest
[INFO] Running com.objwww.pr.control.alert.application.RcaWorkerTest
2026-09-12T18:35:55.057+08:00  INFO 27615 --- [control-app] [           main] [                                                 ] c.o.p.c.a.a.RcaRunOrchestrator           : {"event":"rca_task_decision","ts":"2026-09-12T10:35:55.056939596Z","task_id":"6082f545-a3b0-4a29-bad1-dc3c19b64dcb","run_id":"3e9790f7-832e-4ca4-a9fa-d3d128f9c450","decision":"COMPLETED","latency_ms":0,"attempt_id":"ea45961e-1828-4ffb-8fb2-a19ca8ec10f1"}
2026-09-12T18:35:55.057+08:00  INFO 27615 --- [control-app] [           main] [                                                 ] c.o.p.c.a.a.RcaRunOrchestrator           : incident ee992b44-1b13-411c-9f32-651bfc92679c 材料变化，铸 RERUN run
2026-09-12T18:35:55.059+08:00  INFO 27615 --- [control-app] [           main] [                                                 ] c.o.p.c.a.a.RcaRunOrchestrator           : {"event":"report_publication_loser","ts":"2026-09-12T10:35:55.059584127Z","generation":0,"incident_id":"ee992b44-1b13-411c-9f32-651bfc92679c","run_id":"8eea41db-d8fc-4593-b40e-4ed9978a65f1","report_id":"b944beb4-20c2-4bc3-b4c2-025c59e47ccf"}
2026-09-12T18:35:55.060+08:00  INFO 27615 --- [control-app] [           main] [                                                 ] c.o.p.c.a.a.RcaRunOrchestrator           : report b944beb4-20c2-4bc3-b4c2-025c59e47ccf 输给 generation 发布赢家（incident=ee992b44-1b13-411c-9f32-651bfc92679c, gen=0），落档不发布
2026-09-12T18:35:55.060+08:00  INFO 27615 --- [control-app] [           main] [                                                 ] c.o.p.c.a.a.RcaRunOrchestrator           : {"event":"rca_task_decision","ts":"2026-09-12T10:35:55.060228770Z","task_id":"a8baaddd-15e3-4b02-aae3-b0dc1049f4f5","run_id":"8eea41db-d8fc-4593-b40e-4ed9978a65f1","decision":"COMPLETED","latency_ms":0,"attempt_id":"a50ab86f-cbb4-4c70-93e9-03926cbc510d"}
2026-09-12T18:35:55.074+08:00  INFO 27615 --- [control-app] [           main] [                                                 ] c.o.p.c.a.a.RcaRunOrchestrator           : {"event":"rca_task_decision","ts":"2026-09-12T10:35:55.074703930Z","task_id":"abe9b9bb-079c-4316-8922-6b250cd8a27e","run_id":"7852c3b9-fbb8-4a8f-90cf-2c52f11263e9","decision":"RETRY_SCHEDULED","latency_ms":0,"attempt_id":"d1128a82-5132-43b4-bfe5-37917d0535c6"}
2026-09-12T18:35:55.075+08:00  INFO 27615 --- [control-app] [           main] [                                                 ] c.o.p.c.a.a.RcaRunOrchestrator           : {"event":"rca_task_decision","ts":"2026-09-12T10:35:55.075469301Z","task_id":"abe9b9bb-079c-4316-8922-6b250cd8a27e","run_id":"7852c3b9-fbb8-4a8f-90cf-2c52f11263e9","decision":"RETRY_SCHEDULED","latency_ms":0,"attempt_id":"9339f224-0a1e-4d61-8d71-a47f4b340e6b"}
2026-09-12T18:35:55.075+08:00  INFO 27615 --- [control-app] [           main] [                                                 ] c.o.p.c.a.a.RcaRunOrchestrator           : {"event":"rca_task_decision","ts":"2026-09-12T10:35:55.075785206Z","task_id":"abe9b9bb-079c-4316-8922-6b250cd8a27e","run_id":"7852c3b9-fbb8-4a8f-90cf-2c52f11263e9","decision":"DEAD","latency_ms":0,"attempt_id":"bd6e549a-e9e9-4efa-b105-77309a03e07a"}
2026-09-12T18:35:55.089+08:00  WARN 27615 --- [control-app] [           main] [                                                 ] c.o.p.c.alert.application.RcaWorker      : task f7185244-bcaf-4b33-a4a1-9b1fbb3e6d5e 租约过期回收 owner=worker-a → RETRY_WAIT
2026-09-12T18:35:55.089+08:00  WARN 27615 --- [control-app] [           main] [                                                 ] c.o.p.c.alert.application.RcaWorker      : 悬挂账本 9bc069a0-bdb9-4fb3-8774-b5f380a5286e STARTED→UNKNOWN（崩溃回收）
2026-09-12T18:35:55.096+08:00  INFO 27615 --- [control-app] [           main] [                                                 ] c.o.p.c.a.a.RcaRunOrchestrator           : {"event":"rca_task_decision","ts":"2026-09-12T10:35:55.095920566Z","task_id":"07ef5ed1-852a-49b5-81ae-109d60a5994c","run_id":"c248a585-45f4-4daa-9ab5-ad717dac3454","decision":"COMPLETED","latency_ms":0,"attempt_id":"0d887635-3067-4c09-b6b1-3a8748445618"}
2026-09-12T18:35:55.107+08:00  WARN 27615 --- [control-app] [           main] [                                                 ] c.o.p.c.alert.application.RcaWorker      : 悬挂调查记录 c49e206f-bcfb-4912-8fc2-b69bc621937a STARTED→UNKNOWN（崩溃回收）
2026-09-12T18:35:55.128+08:00  INFO 27615 --- [control-app] [           main] [                                                 ] c.o.p.c.a.a.RcaRunOrchestrator           : {"event":"rca_task_decision","ts":"2026-09-12T10:35:55.127834596Z","task_id":"e75066be-0add-4828-8258-f1eb35e02189","run_id":"eeba043f-2210-4e9b-a719-d3b3b1d1a2a6","decision":"DEAD","latency_ms":0,"attempt_id":"cee0fac6-d155-4445-9733-b84e3279cd77"}
2026-09-12T18:35:55.130+08:00  WARN 27615 --- [control-app] [           main] [                                                 ] c.o.p.c.alert.application.RcaWorker      : 工具调用账本 1 行 PENDING→UNKNOWN（崩溃回收）
2026-09-12T18:35:55.139+08:00  WARN 27615 --- [control-app] [           main] [                                                 ] c.o.p.c.alert.application.RcaWorker      : task 0fa6095b-87d2-469c-b7f2-e670a5dd496f 租约过期回收 owner=worker-a → STALE
2026-09-12T18:35:55.142+08:00  INFO 27615 --- [control-app] [           main] [                                                 ] c.o.p.c.a.a.RcaRunOrchestrator           : {"event":"rca_task_decision","ts":"2026-09-12T10:35:55.142616634Z","task_id":"53a9ac94-cfd1-49f0-ad7b-6eecd0438861","run_id":"b5b56348-6693-4a1a-a9ee-3b70dc9655de","decision":"COMPLETED","latency_ms":0,"attempt_id":"7dd8d847-f8af-4754-a930-445dc8151dc2"}
2026-09-12T18:35:55.145+08:00  INFO 27615 --- [control-app] [           main] [                                                 ] c.o.p.c.a.a.RcaRunOrchestrator           : {"event":"rca_task_decision","ts":"2026-09-12T10:35:55.145545250Z","task_id":"ff60a41a-4707-4688-a6c7-23b67800529f","run_id":"15f07b7f-3b6b-4f7d-a628-0407b6616806","decision":"RETRY_SCHEDULED","latency_ms":0,"attempt_id":"cf0d3f24-ce36-47db-be20-abdf888cf071"}
2026-09-12T18:35:55.146+08:00  INFO 27615 --- [control-app] [           main] [                                                 ] c.o.p.c.a.a.RcaRunOrchestrator           : {"event":"rca_task_decision","ts":"2026-09-12T10:35:55.146298928Z","task_id":"ff60a41a-4707-4688-a6c7-23b67800529f","run_id":"15f07b7f-3b6b-4f7d-a628-0407b6616806","decision":"COMPLETED","latency_ms":0,"attempt_id":"945de591-3786-416c-9884-e0a258e124f7"}
2026-09-12T18:35:55.151+08:00  INFO 27615 --- [control-app] [           main] [                                                 ] c.o.p.c.a.a.RcaRunOrchestrator           : {"event":"rca_task_decision","ts":"2026-09-12T10:35:55.151829493Z","task_id":"3dceff77-cb07-4532-8928-e72408d1eeb9","run_id":"2ce58e13-318b-4e02-bf8e-fe1ae84bc6bb","decision":"COMPLETED","latency_ms":0,"attempt_id":"0dc5ff7e-aa6f-468c-be72-4b749425aa26"}
2026-09-12T18:35:55.155+08:00  INFO 27615 --- [control-app] [           main] [                                                 ] c.o.p.c.a.a.RcaRunOrchestrator           : {"event":"rca_task_decision","ts":"2026-09-12T10:35:55.155158172Z","task_id":"d9de8437-1824-46da-8f2d-b36089dbb768","run_id":"febae249-50b2-4d8e-a19d-abc42288a854","decision":"STALE_GENERATION","run_state":"SUPERSEDED","attempt_id":"05f85661-fbf9-402b-a449-daef017f4618"}
2026-09-12T18:35:55.155+08:00  WARN 27615 --- [control-app] [           main] [                                                 ] c.o.p.c.a.a.RcaRunOrchestrator           : task d9de8437-1824-46da-8f2d-b36089dbb768 旧代结果作废（run febae249-50b2-4d8e-a19d-abc42288a854 state=SUPERSEDED），task→STALE 零落档
2026-09-12T18:35:55.171+08:00  WARN 27615 --- [control-app] [           main] [                                                 ] c.o.p.c.alert.application.RcaWorker      : task 90be1a22-8db6-4ac8-bb48-c7a34f52f53d 租约过期回收 owner=worker-a → RETRY_WAIT
2026-09-12T18:35:55.172+08:00  INFO 27615 --- [control-app] [           main] [                                                 ] c.o.p.c.a.a.RcaRunOrchestrator           : {"event":"rca_task_decision","ts":"2026-09-12T10:35:55.172648140Z","task_id":"90be1a22-8db6-4ac8-bb48-c7a34f52f53d","run_id":"e59f4961-2d30-4545-8a78-e383b34ee363","decision":"COMPLETED","latency_ms":0,"attempt_id":"5ca3b065-abcc-4bea-9999-f40e6469e195"}
2026-09-12T18:35:55.173+08:00  WARN 27615 --- [control-app] [           main] [                                                 ] c.o.p.c.a.a.RcaRunOrchestrator           : task 90be1a22-8db6-4ac8-bb48-c7a34f52f53d 旧租约提交被拒 owner=worker-a epoch=1
[INFO] Tests run: 17, Failures: 0, Errors: 0, Skipped: 0, Time elapsed: 0.148 s -- in com.objwww.pr.control.alert.application.RcaWorkerTest
[INFO] Running com.objwww.pr.control.alert.application.EventQueryServiceTest
[INFO] Tests run: 5, Failures: 0, Errors: 0, Skipped: 0, Time elapsed: 0.017 s -- in com.objwww.pr.control.alert.application.EventQueryServiceTest
[INFO] Running com.objwww.pr.control.alert.application.IncidentProjectorClassificationTest
2026-09-12T18:35:55.404+08:00  INFO 27615 --- [control-app] [           main] [                                                 ] c.o.p.c.a.application.IncidentProjector  : incident 37e4b0d5-d0a1-4f78-8bc5-ca77469e64e3 路由决策 BUCKETED_HOLMES 为 HOLMES 意愿：第二引擎已退场，决策照记不铸 run
2026-09-12T18:35:55.418+08:00  INFO 27615 --- [control-app] [           main] [                                                 ] c.o.p.c.a.application.IncidentProjector  : incident 8410152e-ce88-4cdf-9768-56ce709de0f4 路由决策 BUCKETED_HOLMES 为 HOLMES 意愿：第二引擎已退场，决策照记不铸 run
2026-09-12T18:35:55.436+08:00  INFO 27615 --- [control-app] [           main] [                                                 ] c.o.p.c.a.application.IncidentProjector  : incident e8cfe1b5-2789-4e71-b27a-c9c445eaf41c 路由决策 BUCKETED_HOLMES 为 HOLMES 意愿：第二引擎已退场，决策照记不铸 run
2026-09-12T18:35:55.440+08:00  INFO 27615 --- [control-app] [           main] [                                                 ] c.o.p.c.a.application.IncidentProjector  : incident 2139ad6b-75b0-4b99-b81b-dad49b9776b4 路由决策 BUCKETED_HOLMES 为 HOLMES 意愿：第二引擎已退场，决策照记不铸 run
2026-09-12T18:35:55.441+08:00  INFO 27615 --- [control-app] [           main] [                                                 ] c.o.p.c.a.application.IncidentProjector  : incident 2139ad6b-75b0-4b99-b81b-dad49b9776b4 路由决策 BUCKETED_HOLMES 为 HOLMES 意愿：第二引擎已退场，决策照记不铸 run
2026-09-12T18:35:55.447+08:00  INFO 27615 --- [control-app] [           main] [                                                 ] c.o.p.c.a.application.IncidentProjector  : incident 8d5dca2b-ef8c-498c-8258-e8e365f8d64c 路由决策 BUCKETED_HOLMES 为 HOLMES 意愿：第二引擎已退场，决策照记不铸 run
2026-09-12T18:35:55.451+08:00  INFO 27615 --- [control-app] [           main] [                                                 ] c.o.p.c.a.application.IncidentProjector  : incident f5bf2131-3c26-47bf-8947-71796d798a9c 路由决策 BUCKETED_HOLMES 为 HOLMES 意愿：第二引擎已退场，决策照记不铸 run
2026-09-12T18:35:55.458+08:00  INFO 27615 --- [control-app] [           main] [                                                 ] c.o.p.c.a.application.IncidentProjector  : incident f5bf2131-3c26-47bf-8947-71796d798a9c 路由决策 BUCKETED_HOLMES 为 HOLMES 意愿：第二引擎已退场，决策照记不铸 run
[INFO] Tests run: 6, Failures: 0, Errors: 0, Skipped: 0, Time elapsed: 0.261 s -- in com.objwww.pr.control.alert.application.IncidentProjectorClassificationTest
[INFO] Running com.objwww.pr.control.alert.application.EventPayloadSanitizerTest
[INFO] Tests run: 6, Failures: 0, Errors: 0, Skipped: 0, Time elapsed: 0.024 s -- in com.objwww.pr.control.alert.application.EventPayloadSanitizerTest
[INFO] Running com.objwww.pr.control.alert.application.IncidentQueryServiceTest
[INFO] Tests run: 8, Failures: 0, Errors: 0, Skipped: 0, Time elapsed: 0.052 s -- in com.objwww.pr.control.alert.application.IncidentQueryServiceTest
[INFO] Running com.objwww.pr.control.alert.application.HolmesShadowWorkerTest
2026-09-12T18:35:55.558+08:00  INFO 27615 --- [control-app] [           main] [                                                 ] c.o.p.c.a.a.HolmesShadowWorker           : {"event":"rca_holmes_shadow_work","ts":"2026-09-12T10:35:55.557938783Z","outcome":"FAILED","shadow_key":"holmes-calib:e0e1cb7e-9a1c-484f-b8e4-94c330f0e9d5","error_class":"BASELINE_MISSING"}
2026-09-12T18:35:55.562+08:00  INFO 27615 --- [control-app] [           main] [                                                 ] c.o.p.c.a.a.HolmesShadowWorker           : {"event":"rca_holmes_shadow_work","ts":"2026-09-12T10:35:55.562624046Z","outcome":"COMPARISON_LANDED","shadow_run_id":"b8d3d6c5-441b-46c3-ae4a-b2836a341aab","shadow_key":"holmes-shadow:c0cfa5eb-c5b9-4d27-a5c5-3fa1632c0fdd"}
2026-09-12T18:35:55.567+08:00  INFO 27615 --- [control-app] [           main] [                                                 ] c.o.p.c.a.a.HolmesShadowWorker           : {"event":"rca_holmes_shadow_work","ts":"2026-09-12T10:35:55.566977464Z","outcome":"FAILED","shadow_key":"holmes-shadow:ghost","error_class":"MISSING_ANCHOR"}
2026-09-12T18:35:55.569+08:00  INFO 27615 --- [control-app] [           main] [                                                 ] c.o.p.c.a.a.HolmesShadowWorker           : {"event":"rca_holmes_shadow_work","ts":"2026-09-12T10:35:55.569665947Z","outcome":"CAS_LOST","shadow_key":"holmes-shadow:fcd29d6e-f14c-4ef8-b09f-21132f7a8771"}
2026-09-12T18:35:55.571+08:00  INFO 27615 --- [control-app] [           main] [                                                 ] c.o.p.c.a.a.HolmesShadowWorker           : {"event":"rca_holmes_shadow_work","ts":"2026-09-12T10:35:55.571599599Z","outcome":"FAILED","shadow_key":"holmes-shadow:275e4419-e62b-4fe5-83e5-82359d19491d","error_class":"TIMEOUT"}
2026-09-12T18:35:55.573+08:00  INFO 27615 --- [control-app] [           main] [                                                 ] c.o.p.c.a.a.HolmesShadowWorker           : {"event":"rca_holmes_shadow_work","ts":"2026-09-12T10:35:55.573030114Z","outcome":"FAILED","shadow_key":"holmes-shadow:275e4419-e62b-4fe5-83e5-82359d19491d","error_class":"TIMEOUT"}
2026-09-12T18:35:55.573+08:00  INFO 27615 --- [control-app] [           main] [                                                 ] c.o.p.c.a.a.HolmesShadowWorker           : {"event":"rca_holmes_shadow_work","ts":"2026-09-12T10:35:55.573646113Z","outcome":"FAILED","shadow_key":"holmes-shadow:275e4419-e62b-4fe5-83e5-82359d19491d","error_class":"TIMEOUT"}
2026-09-12T18:35:55.576+08:00  INFO 27615 --- [control-app] [           main] [                                                 ] c.o.p.c.a.a.HolmesShadowWorker           : {"event":"rca_holmes_shadow_work","ts":"2026-09-12T10:35:55.576044810Z","outcome":"COMPARISON_LANDED","shadow_run_id":"7f6b5757-c387-449a-9217-6c5fac8fc53e","shadow_key":"holmes-shadow:4873e5e1-fee5-4e37-a845-fd6891fc72bf"}
2026-09-12T18:35:55.578+08:00  INFO 27615 --- [control-app] [           main] [                                                 ] c.o.p.c.a.a.HolmesShadowWorker           : {"event":"rca_holmes_shadow_work","ts":"2026-09-12T10:35:55.578009320Z","outcome":"CALIBRATION_LANDED","shadow_run_id":"f4f14316-980a-4d1e-9940-fe7112a25ea4","shadow_key":"holmes-calib:4873e5e1-fee5-4e37-a845-fd6891fc72bf"}
[INFO] Tests run: 7, Failures: 0, Errors: 0, Skipped: 0, Time elapsed: 0.030 s -- in com.objwww.pr.control.alert.application.HolmesShadowWorkerTest
[INFO] Running com.objwww.pr.control.alert.application.holmes.HolmesEvidenceAdapterTest
[INFO] Tests run: 5, Failures: 0, Errors: 0, Skipped: 0, Time elapsed: 0.017 s -- in com.objwww.pr.control.alert.application.holmes.HolmesEvidenceAdapterTest
[INFO] Running com.objwww.pr.control.alert.application.rag.RunbookCorpusTest
[INFO] Tests run: 9, Failures: 0, Errors: 0, Skipped: 0, Time elapsed: 0.030 s -- in com.objwww.pr.control.alert.application.rag.RunbookCorpusTest
[INFO] Running com.objwww.pr.control.alert.application.SseStreamServiceTest
2026-09-12T18:35:55.637+08:00  WARN 27615 --- [control-app] [           main] [                                                 ] c.o.p.c.a.application.SseStreamService   : sse drain gap: runId=7700b7f5-e658-471a-8fbe-d23f5421a925 cursor=1 latestSeq=4 → resync
[INFO] Tests run: 4, Failures: 0, Errors: 0, Skipped: 0, Time elapsed: 0.006 s -- in com.objwww.pr.control.alert.application.SseStreamServiceTest
[INFO] Running com.objwww.pr.control.alert.application.PlanCompilerTest
[INFO] Tests run: 9, Failures: 0, Errors: 0, Skipped: 0, Time elapsed: 0.028 s -- in com.objwww.pr.control.alert.application.PlanCompilerTest
[INFO] Running com.objwww.pr.control.alert.application.HolmesShadowSamplerTest
2026-09-12T18:35:55.675+08:00  INFO 27615 --- [control-app] [           main] [                                                 ] c.o.p.c.a.a.HolmesShadowSampler          : {"event":"rca_holmes_shadow_sample","ts":"2026-09-12T10:35:55.674969797Z","outcome":"DISABLED","run_id":"7de3aaa2-b6c7-488a-99fa-967c41149085","incident_id":"a41cbaca-9f9e-44cc-9562-3d317e741835"}
2026-09-12T18:35:55.677+08:00  INFO 27615 --- [control-app] [           main] [                                                 ] c.o.p.c.a.a.HolmesShadowSampler          : {"event":"rca_holmes_shadow_sample","ts":"2026-09-12T10:35:55.677276131Z","outcome":"ENQUEUED","run_id":"3cee2a99-faf7-48b7-8974-3b5d9be853aa","incident_id":"493aaeec-6f21-466d-bace-fb923ab80757"}
2026-09-12T18:35:55.677+08:00  INFO 27615 --- [control-app] [           main] [                                                 ] c.o.p.c.a.a.HolmesShadowSampler          : {"event":"rca_holmes_shadow_sample","ts":"2026-09-12T10:35:55.677648681Z","outcome":"ALREADY_ENQUEUED","run_id":"3cee2a99-faf7-48b7-8974-3b5d9be853aa","incident_id":"493aaeec-6f21-466d-bace-fb923ab80757"}
2026-09-12T18:35:55.679+08:00  INFO 27615 --- [control-app] [           main] [                                                 ] c.o.p.c.a.a.HolmesShadowSampler          : {"event":"rca_holmes_shadow_sample","ts":"2026-09-12T10:35:55.679126224Z","outcome":"RATE_NOT_SELECTED","run_id":"a51b41d3-fb81-42b0-b501-44c117329cc0","incident_id":"0bbe6179-8971-4211-b8c5-e7d8ee1e63cd"}
2026-09-12T18:35:55.679+08:00  INFO 27615 --- [control-app] [           main] [                                                 ] c.o.p.c.a.a.HolmesShadowSampler          : {"event":"rca_holmes_shadow_sample","ts":"2026-09-12T10:35:55.679510177Z","outcome":"ENQUEUED","run_id":"a51b41d3-fb81-42b0-b501-44c117329cc0","incident_id":"0bbe6179-8971-4211-b8c5-e7d8ee1e63cd"}
2026-09-12T18:35:55.679+08:00  INFO 27615 --- [control-app] [           main] [                                                 ] c.o.p.c.a.a.HolmesShadowSampler          : {"event":"rca_holmes_shadow_sample","ts":"2026-09-12T10:35:55.679713400Z","outcome":"ALREADY_ENQUEUED","run_id":"a51b41d3-fb81-42b0-b501-44c117329cc0","incident_id":"0bbe6179-8971-4211-b8c5-e7d8ee1e63cd"}
2026-09-12T18:35:55.681+08:00  INFO 27615 --- [control-app] [           main] [                                                 ] c.o.p.c.a.a.HolmesShadowSampler          : {"event":"rca_holmes_shadow_sample","ts":"2026-09-12T10:35:55.681205590Z","outcome":"NOT_NATIVE","run_id":"ff217d73-d3ad-4a3e-bd0c-11e28b7ed7be","incident_id":"89f877c2-6ee6-4bda-9fd5-80658c809934"}
2026-09-12T18:35:55.682+08:00  INFO 27615 --- [control-app] [           main] [                                                 ] c.o.p.c.a.a.HolmesShadowSampler          : {"event":"rca_holmes_shadow_sample","ts":"2026-09-12T10:35:55.682718249Z","outcome":"BUDGET_EXHAUSTED","run_id":"5288fa40-a820-4acb-b4a7-4f4b9fd8248e","incident_id":"050d2dc2-c440-4776-9d42-9116747c821c"}
2026-09-12T18:35:55.684+08:00  INFO 27615 --- [control-app] [           main] [                                                 ] c.o.p.c.a.a.HolmesShadowSampler          : {"event":"rca_holmes_shadow_sample","ts":"2026-09-12T10:35:55.684454989Z","outcome":"NOT_TERMINAL","run_id":"a8dfed50-1353-496e-a37d-073ded304574","incident_id":"e94bd025-859d-488f-8725-749b7e2394ec"}
2026-09-12T18:35:55.684+08:00  INFO 27615 --- [control-app] [           main] [                                                 ] c.o.p.c.a.a.HolmesShadowSampler          : {"event":"rca_holmes_shadow_sample","ts":"2026-09-12T10:35:55.684865492Z","outcome":"NOT_SUCCEEDED","run_id":"a8dfed50-1353-496e-a37d-073ded304574","incident_id":"e94bd025-859d-488f-8725-749b7e2394ec"}
2026-09-12T18:35:55.686+08:00  INFO 27615 --- [control-app] [           main] [                                                 ] c.o.p.c.a.a.HolmesShadowSampler          : {"event":"rca_holmes_shadow_sample","ts":"2026-09-12T10:35:55.686204163Z","outcome":"ENQUEUED","run_id":"52ea282e-8c92-4ea6-b678-c49e7d9d0812","incident_id":"2dcbe1c6-8df0-41de-8d8b-5075383458a0"}
[INFO] Tests run: 7, Failures: 0, Errors: 0, Skipped: 0, Time elapsed: 0.014 s -- in com.objwww.pr.control.alert.application.HolmesShadowSamplerTest
[INFO] Running com.objwww.pr.control.alert.application.R7PrimaryStateTest
2026-09-12T18:35:55.712+08:00  INFO 27615 --- [control-app] [           main] [                                                 ] c.o.p.c.a.a.DeterministicSupervisor      : {"event":"r7_primary_started","ts":"2026-09-12T10:35:55.712486429Z","role":"primary@1","run_id":"08806e92-317e-498f-b3df-3cc6345bbeaf","task_id":"04b05688-b62a-44ff-8d1a-c1ec2e5a83b8"}
2026-09-12T18:35:55.714+08:00  INFO 27615 --- [control-app] [           main] [                                                 ] c.o.p.c.a.a.DeterministicSupervisor      : {"event":"r7_delegation_adjudicated","ts":"2026-09-12T10:35:55.714160782Z","task_id":"04b05688-b62a-44ff-8d1a-c1ec2e5a83b8","run_id":"08806e92-317e-498f-b3df-3cc6345bbeaf","batch_accepted":true,"requests":2,"approved":2}
2026-09-12T18:35:55.722+08:00  INFO 27615 --- [control-app] [           main] [                                                 ] c.o.p.c.a.a.DeterministicSupervisor      : {"event":"r7_primary_started","ts":"2026-09-12T10:35:55.722724489Z","role":"primary@1","run_id":"2679c076-94ed-4dcf-8d93-b8d6fcb81afd","task_id":"a7706ba6-7ca8-452a-8802-fca0c005cd17"}
2026-09-12T18:35:55.723+08:00  WARN 27615 --- [control-app] [           main] [                                                 ] c.o.p.c.a.a.DeterministicSupervisor      : 委派裁决撞既成台账（gap=gap-1），以先到者为准
2026-09-12T18:35:55.723+08:00  INFO 27615 --- [control-app] [           main] [                                                 ] c.o.p.c.a.a.DeterministicSupervisor      : {"event":"r7_delegation_adjudicated","ts":"2026-09-12T10:35:55.723792380Z","task_id":"a7706ba6-7ca8-452a-8802-fca0c005cd17","run_id":"2679c076-94ed-4dcf-8d93-b8d6fcb81afd","batch_accepted":true,"requests":2,"approved":1}
2026-09-12T18:35:55.724+08:00  WARN 27615 --- [control-app] [           main] [                                                 ] c.o.p.c.a.a.DeterministicSupervisor      : 委派裁决撞既成台账（gap=gap-1），以先到者为准
2026-09-12T18:35:55.725+08:00  INFO 27615 --- [control-app] [           main] [                                                 ] c.o.p.c.a.a.DeterministicSupervisor      : {"event":"r7_delegation_adjudicated","ts":"2026-09-12T10:35:55.725115281Z","task_id":"a7706ba6-7ca8-452a-8802-fca0c005cd17","run_id":"2679c076-94ed-4dcf-8d93-b8d6fcb81afd","batch_accepted":false,"requests":1,"approved":0}
2026-09-12T18:35:55.733+08:00  INFO 27615 --- [control-app] [           main] [                                                 ] c.o.p.c.a.a.DeterministicSupervisor      : {"event":"r7_primary_started","ts":"2026-09-12T10:35:55.732779254Z","role":"primary@1","run_id":"bf88427e-0d1f-4ac2-8289-1a3b71056d5a","task_id":"c36af97e-8f1d-4a03-9008-97b5c90f71bf"}
2026-09-12T18:35:55.733+08:00  INFO 27615 --- [control-app] [           main] [                                                 ] c.o.p.c.a.a.DeterministicSupervisor      : {"event":"r7_delegation_adjudicated","ts":"2026-09-12T10:35:55.733770621Z","task_id":"c36af97e-8f1d-4a03-9008-97b5c90f71bf","run_id":"bf88427e-0d1f-4ac2-8289-1a3b71056d5a","batch_accepted":true,"requests":2,"approved":2}
2026-09-12T18:35:55.751+08:00  INFO 27615 --- [control-app] [           main] [                                                 ] c.o.p.c.a.a.DeterministicSupervisor      : {"event":"r7_primary_started","ts":"2026-09-12T10:35:55.748331813Z","role":"primary@1","run_id":"22ef46a3-e36a-4e3b-8243-36b199fecfd2","task_id":"ac77d9e9-0aae-402d-b0c1-e43c9a2b56c9"}
2026-09-12T18:35:55.754+08:00  INFO 27615 --- [control-app] [           main] [                                                 ] c.o.p.c.a.a.DeterministicSupervisor      : {"event":"r7_primary_started","ts":"2026-09-12T10:35:55.753933803Z","role":"primary@1","run_id":"13181e1f-eb3d-43c8-b5d0-59ad9c0e4f07","task_id":"3bae5e29-ebd8-4264-bf93-223a63dcaba8"}
2026-09-12T18:35:55.754+08:00  INFO 27615 --- [control-app] [           main] [                                                 ] c.o.p.c.a.a.DeterministicSupervisor      : {"event":"r7_delegation_adjudicated","ts":"2026-09-12T10:35:55.754607682Z","task_id":"3bae5e29-ebd8-4264-bf93-223a63dcaba8","run_id":"13181e1f-eb3d-43c8-b5d0-59ad9c0e4f07","batch_accepted":true,"requests":1,"approved":1}
2026-09-12T18:35:55.755+08:00  INFO 27615 --- [control-app] [           main] [                                                 ] c.o.p.c.a.a.DeterministicSupervisor      : {"event":"r7_delegation_adjudicated","ts":"2026-09-12T10:35:55.755122051Z","task_id":"3bae5e29-ebd8-4264-bf93-223a63dcaba8","run_id":"13181e1f-eb3d-43c8-b5d0-59ad9c0e4f07","batch_accepted":true,"requests":1,"approved":1}
2026-09-12T18:35:55.757+08:00  INFO 27615 --- [control-app] [           main] [                                                 ] c.o.p.c.a.a.DeterministicSupervisor      : {"event":"r7_primary_started","ts":"2026-09-12T10:35:55.757141063Z","role":"primary@1","run_id":"ed1e940f-9068-485f-9ead-2e2a360bd55e","task_id":"40ceda5d-a3c5-4d81-8181-a29a684b2e49"}
2026-09-12T18:35:55.757+08:00  INFO 27615 --- [control-app] [           main] [                                                 ] c.o.p.c.a.a.DeterministicSupervisor      : {"event":"r7_delegation_adjudicated","ts":"2026-09-12T10:35:55.757679777Z","task_id":"40ceda5d-a3c5-4d81-8181-a29a684b2e49","run_id":"ed1e940f-9068-485f-9ead-2e2a360bd55e","batch_accepted":false,"requests":1,"approved":0}
2026-09-12T18:35:55.759+08:00  INFO 27615 --- [control-app] [           main] [                                                 ] c.o.p.c.a.a.DeterministicSupervisor      : {"event":"r7_primary_started","ts":"2026-09-12T10:35:55.759650128Z","role":"primary@1","run_id":"3e6af507-1067-4e52-beed-c9886d47310b","task_id":"62c51c16-ecd1-482b-aa6e-9e5fd33d2c55"}
2026-09-12T18:35:55.760+08:00  INFO 27615 --- [control-app] [           main] [                                                 ] c.o.p.c.a.a.DeterministicSupervisor      : {"event":"r7_delegation_adjudicated","ts":"2026-09-12T10:35:55.760584548Z","task_id":"62c51c16-ecd1-482b-aa6e-9e5fd33d2c55","run_id":"3e6af507-1067-4e52-beed-c9886d47310b","batch_accepted":true,"requests":2,"approved":1}
2026-09-12T18:35:55.764+08:00  INFO 27615 --- [control-app] [           main] [                                                 ] c.o.p.c.a.a.DeterministicSupervisor      : {"event":"r7_primary_started","ts":"2026-09-12T10:35:55.764291699Z","role":"primary@1","run_id":"c0ca918f-c32c-4b03-a467-7606e71cc260","task_id":"22c0bd84-c369-4ab1-a6cb-59f8d34882ca"}
2026-09-12T18:35:55.765+08:00  INFO 27615 --- [control-app] [           main] [                                                 ] c.o.p.c.a.a.DeterministicSupervisor      : {"event":"r7_delegation_adjudicated","ts":"2026-09-12T10:35:55.765426276Z","task_id":"22c0bd84-c369-4ab1-a6cb-59f8d34882ca","run_id":"c0ca918f-c32c-4b03-a467-7606e71cc260","batch_accepted":true,"requests":2,"approved":2}
2026-09-12T18:35:55.766+08:00  INFO 27615 --- [control-app] [           main] [                                                 ] c.o.p.c.a.a.DeterministicSupervisor      : {"event":"r7_delegation_adjudicated","ts":"2026-09-12T10:35:55.766368170Z","task_id":"22c0bd84-c369-4ab1-a6cb-59f8d34882ca","run_id":"c0ca918f-c32c-4b03-a467-7606e71cc260","batch_accepted":true,"requests":2,"approved":2}
2026-09-12T18:35:55.766+08:00  INFO 27615 --- [control-app] [           main] [                                                 ] c.o.p.c.a.a.DeterministicSupervisor      : {"event":"r7_delegation_adjudicated","ts":"2026-09-12T10:35:55.766748857Z","task_id":"22c0bd84-c369-4ab1-a6cb-59f8d34882ca","run_id":"c0ca918f-c32c-4b03-a467-7606e71cc260","batch_accepted":false,"requests":1,"approved":0}
2026-09-12T18:35:55.771+08:00  INFO 27615 --- [control-app] [           main] [                                                 ] c.o.p.c.a.a.DeterministicSupervisor      : {"event":"r7_primary_started","ts":"2026-09-12T10:35:55.770883774Z","role":"primary@1","run_id":"60968db9-f0da-44f0-a476-47f4a993ec56","task_id":"7066d945-72a6-41ce-8b21-c56cab96014b"}
2026-09-12T18:35:55.771+08:00  INFO 27615 --- [control-app] [           main] [                                                 ] c.o.p.c.a.a.DeterministicSupervisor      : {"event":"r7_delegation_adjudicated","ts":"2026-09-12T10:35:55.771556711Z","task_id":"7066d945-72a6-41ce-8b21-c56cab96014b","run_id":"60968db9-f0da-44f0-a476-47f4a993ec56","batch_accepted":true,"requests":1,"approved":1}
2026-09-12T18:35:55.776+08:00  INFO 27615 --- [control-app] [           main] [                                                 ] c.o.p.c.a.a.DeterministicSupervisor      : {"event":"r7_primary_started","ts":"2026-09-12T10:35:55.776064089Z","role":"primary@1","run_id":"ee102c26-95dc-48a6-af31-07588c5e919f","task_id":"66840148-987d-4164-92d3-8d2c97aa7b42"}
2026-09-12T18:35:55.781+08:00  INFO 27615 --- [control-app] [           main] [                                                 ] c.o.p.c.a.a.DeterministicSupervisor      : {"event":"r7_primary_started","ts":"2026-09-12T10:35:55.781113298Z","role":"primary@1","run_id":"d3704c5f-da2b-41bc-9f60-f99409b8c86f","task_id":"484b9d71-ecda-47ed-98d8-e15bcb18ff13"}
2026-09-12T18:35:55.782+08:00  INFO 27615 --- [control-app] [           main] [                                                 ] c.o.p.c.a.a.DeterministicSupervisor      : {"event":"r7_delegation_adjudicated","ts":"2026-09-12T10:35:55.782046746Z","task_id":"484b9d71-ecda-47ed-98d8-e15bcb18ff13","run_id":"d3704c5f-da2b-41bc-9f60-f99409b8c86f","batch_accepted":false,"requests":3,"approved":0}
2026-09-12T18:35:55.784+08:00  INFO 27615 --- [control-app] [           main] [                                                 ] c.o.p.c.a.a.DeterministicSupervisor      : {"event":"am4_plan_rejected","ts":"2026-09-12T10:35:55.784522387Z","reason":"主模式编译只接受 PRIMARY 阶段 Profile，实际: metrics-expert phase=INVESTIGATE","run_id":"7421f698-89a7-47ed-8228-32d72e30fb20"}
2026-09-12T18:35:55.784+08:00  WARN 27615 --- [control-app] [           main] [                                                 ] c.o.p.c.a.a.DeterministicSupervisor      : run 7421f698-89a7-47ed-8228-32d72e30fb20 提案被确定性拒绝 → FAILED（主模式编译只接受 PRIMARY 阶段 Profile，实际: metrics-expert phase=INVESTIGATE）
[INFO] Tests run: 18, Failures: 0, Errors: 0, Skipped: 0, Time elapsed: 0.097 s -- in com.objwww.pr.control.alert.application.R7PrimaryStateTest
[INFO] Running com.objwww.pr.control.alert.application.ControlAlertRouterTest
2026-09-12T18:35:55.797+08:00  INFO 27615 --- [control-app] [           main] [                                                 ] c.o.p.c.a.a.ControlAlertRouter           : {"event":"CONTROL_ALERT_REJECTED","ts":"2026-09-12T10:35:55.797675998Z","receiver":"rca-oncall","gate":"identity"}
2026-09-12T18:35:55.805+08:00  INFO 27615 --- [control-app] [           main] [                                                 ] c.o.p.c.a.a.ControlAlertRouter           : {"event":"CONTROL_ALERT_ONCALL","ts":"2026-09-12T10:35:55.805216508Z","inbox_id":"0aaeb4fa-320d-496c-b0bb-5410428690f5","receiver":"rca-oncall","group_key":"g:RCA_SYSTEM_CollectorDown","alertnames":"RCA_SYSTEM_CollectorDown","scopes":"rca_system","alert_count":1}
2026-09-12T18:35:55.811+08:00  INFO 27615 --- [control-app] [           main] [                                                 ] c.o.p.c.a.a.ControlAlertRouter           : {"event":"CONTROL_ALERT_REJECTED","ts":"2026-09-12T10:35:55.811591555Z","receiver":"rca-oncall","gate":"identity"}
2026-09-12T18:35:55.815+08:00  INFO 27615 --- [control-app] [           main] [                                                 ] c.o.p.c.a.a.ControlAlertRouter           : {"event":"CONTROL_ALERT_REJECTED","ts":"2026-09-12T10:35:55.814907920Z","receiver":"zhongtai","gate":"route_not_allowlisted"}
2026-09-12T18:35:55.816+08:00  INFO 27615 --- [control-app] [           main] [                                                 ] c.o.p.c.a.a.ControlAlertRouter           : {"event":"CONTROL_ALERT_ONCALL","ts":"2026-09-12T10:35:55.816579818Z","inbox_id":"6c9b1826-1541-49fc-9afe-f1c9432cf4c9","receiver":"rca-oncall","group_key":"g:Gatus_CanaryProbe","alertnames":"Gatus_CanaryProbe","scopes":"rca_system","alert_count":1}
2026-09-12T18:35:55.818+08:00  INFO 27615 --- [control-app] [           main] [                                                 ] c.o.p.c.a.a.ControlAlertRouter           : {"event":"CONTROL_ALERT_REJECTED","ts":"2026-09-12T10:35:55.817957452Z","receiver":"rca-oncall","gate":"scope_not_allowlisted"}
2026-09-12T18:35:55.819+08:00  INFO 27615 --- [control-app] [           main] [                                                 ] c.o.p.c.a.a.ControlAlertRouter           : {"event":"CONTROL_ALERT_REJECTED","ts":"2026-09-12T10:35:55.819365034Z","receiver":"rca-oncall","gate":"scope_not_allowlisted"}
2026-09-12T18:35:55.828+08:00  INFO 27615 --- [control-app] [           main] [                                                 ] c.o.p.c.a.a.ControlAlertRouter           : {"event":"CONTROL_ALERT_ONCALL","ts":"2026-09-12T10:35:55.828124459Z","inbox_id":"9caf91f8-9805-40fb-872f-b13fdd6c14bc","receiver":"rca-oncall","group_key":"g:RCA_SYSTEM_X","alertnames":"RCA_SYSTEM_X","scopes":"rca_system","alert_count":1}
[INFO] Tests run: 10, Failures: 0, Errors: 0, Skipped: 0, Time elapsed: 0.036 s -- in com.objwww.pr.control.alert.application.ControlAlertRouterTest
[INFO] Running com.objwww.pr.control.alert.application.Am4ShadowFullChainG2Test
2026-09-12T18:35:55.849+08:00  INFO 27615 --- [control-app] [           main] [                                                 ] c.o.p.c.a.a.DeterministicSupervisor      : {"event":"am4_run_reporting","ts":"2026-09-12T10:35:55.848855370Z","run_id":"0cc628ad-aa3b-4d42-88c7-53ba9cf2c0f4"}
2026-09-12T18:35:55.849+08:00  INFO 27615 --- [control-app] [           main] [                                                 ] c.o.p.c.a.a.DeterministicSupervisor      : run 0cc628ad-aa3b-4d42-88c7-53ba9cf2c0f4 全任务终态 → REPORTING（报告链组装）
[INFO] Tests run: 3, Failures: 0, Errors: 0, Skipped: 0, Time elapsed: 0.024 s -- in com.objwww.pr.control.alert.application.Am4ShadowFullChainG2Test
[INFO] Running com.objwww.pr.control.alert.application.CommandServiceTest
[INFO] Tests run: 10, Failures: 0, Errors: 0, Skipped: 0, Time elapsed: 0.022 s -- in com.objwww.pr.control.alert.application.CommandServiceTest
[INFO] Running com.objwww.pr.control.alert.application.RunBudgetGateTest
[INFO] Tests run: 10, Failures: 0, Errors: 0, Skipped: 0, Time elapsed: 0.021 s -- in com.objwww.pr.control.alert.application.RunBudgetGateTest
[INFO] Running com.objwww.pr.control.alert.application.tool.ToolGatewayWireMockTest
[INFO] Tests run: 3, Failures: 0, Errors: 0, Skipped: 0, Time elapsed: 0.919 s -- in com.objwww.pr.control.alert.application.tool.ToolGatewayWireMockTest
[INFO] Running com.objwww.pr.control.alert.application.tool.ReplayToolGatewayTest
[INFO] Tests run: 8, Failures: 0, Errors: 0, Skipped: 0, Time elapsed: 0.018 s -- in com.objwww.pr.control.alert.application.tool.ReplayToolGatewayTest
[INFO] Running com.objwww.pr.control.alert.application.tool.ToolRegistryTest
[INFO] Tests run: 4, Failures: 0, Errors: 0, Skipped: 0, Time elapsed: 0.006 s -- in com.objwww.pr.control.alert.application.tool.ToolRegistryTest
[INFO] Running com.objwww.pr.control.alert.application.tool.ToolGatewayTest
[INFO] Tests run: 11, Failures: 0, Errors: 0, Skipped: 0, Time elapsed: 0.227 s -- in com.objwww.pr.control.alert.application.tool.ToolGatewayTest
[INFO] Running com.objwww.pr.control.alert.application.DagExecutionServiceTest
[INFO] Tests run: 10, Failures: 0, Errors: 0, Skipped: 0, Time elapsed: 0.008 s -- in com.objwww.pr.control.alert.application.DagExecutionServiceTest
[INFO] Running com.objwww.pr.control.alert.application.Am4ShadowTriggerTest
AM4_SHADOW_TASK=investigate-change=EVIDENCE_PRODUCED
AM4_SHADOW_TASK=investigate-logs=EVIDENCE_PRODUCED
AM4_SHADOW_TASK=investigate-metrics=EVIDENCE_PRODUCED
AM4_SHADOW_TASK=snapshot=f93a344a6b48b4fe5fd8e2734d5a146f46bd68cf8d77536ed0e2d8e2c03edd51
2026-09-12T18:35:57.131+08:00  INFO 27615 --- [control-app] [           main] [                                                 ] c.o.p.c.a.a.DeterministicSupervisor      : {"event":"am4_run_reporting","ts":"2026-09-12T10:35:57.130907675Z","run_id":"5e9f3655-5fa2-4fee-bd31-0df730715469"}
2026-09-12T18:35:57.131+08:00  INFO 27615 --- [control-app] [           main] [                                                 ] c.o.p.c.a.a.DeterministicSupervisor      : run 5e9f3655-5fa2-4fee-bd31-0df730715469 全任务终态 → REPORTING（报告链组装）
AM4_SHADOW_RUN_ID=5e9f3655-5fa2-4fee-bd31-0df730715469
[INFO] Tests run: 5, Failures: 0, Errors: 0, Skipped: 0, Time elapsed: 0.049 s -- in com.objwww.pr.control.alert.application.Am4ShadowTriggerTest
[INFO] Running com.objwww.pr.control.alert.application.ExA4bIncidentProjectorTest
2026-09-12T18:35:57.164+08:00  INFO 27615 --- [control-app] [           main] [                                                 ] c.o.p.c.a.application.IncidentProjector  : incident 878a4dfc-e1ec-41b2-9d69-30a5ca65b162 路由决策 BUCKETED_HOLMES 为 HOLMES 意愿：第二引擎已退场，决策照记不铸 run
2026-09-12T18:35:57.167+08:00  INFO 27615 --- [control-app] [           main] [                                                 ] c.o.p.c.a.a.IncidentWaitingRedrive       : incident 878a4dfc-e1ec-41b2-9d69-30a5ca65b162 等待重驱完成：原因=WAITING_CAPABILITY 路由决策=BUCKETED_NATIVE run=437c0552-7c63-4c8f-a220-148c4fc0c142
2026-09-12T18:35:57.169+08:00  INFO 27615 --- [control-app] [           main] [                                                 ] c.o.p.c.a.application.IncidentProjector  : incident c7c64c38-862e-43ee-b013-65d1205ba75d 路由决策 BUCKETED_HOLMES 为 HOLMES 意愿：第二引擎已退场，决策照记不铸 run
[INFO] Tests run: 8, Failures: 0, Errors: 0, Skipped: 0, Time elapsed: 0.026 s -- in com.objwww.pr.control.alert.application.ExA4bIncidentProjectorTest
[INFO] Running com.objwww.pr.control.alert.application.RunQueryServiceTest
[INFO] Tests run: 6, Failures: 0, Errors: 0, Skipped: 0, Time elapsed: 0.017 s -- in com.objwww.pr.control.alert.application.RunQueryServiceTest
[INFO] Running com.objwww.pr.control.alert.application.RcaStateBackfillJobTest
2026-09-12T18:35:57.193+08:00  INFO 27615 --- [control-app] [           main] [                                                 ] c.o.p.c.a.a.RcaStateBackfillJob          : {"event":"rca_state_backfill_progress","ts":"2026-09-12T10:35:57.193795406Z","rows":2,"batches":1,"violations":0,"table":"rca_task"}
2026-09-12T18:35:57.195+08:00  INFO 27615 --- [control-app] [           main] [                                                 ] c.o.p.c.a.a.RcaStateBackfillJob          : {"event":"rca_state_backfill_progress","ts":"2026-09-12T10:35:57.195179211Z","rows":4,"batches":2,"violations":0,"table":"rca_task"}
2026-09-12T18:35:57.195+08:00  INFO 27615 --- [control-app] [           main] [                                                 ] c.o.p.c.a.a.RcaStateBackfillJob          : {"event":"rca_state_backfill_progress","ts":"2026-09-12T10:35:57.195363708Z","rows":5,"batches":3,"violations":0,"table":"rca_task"}
2026-09-12T18:35:57.195+08:00  INFO 27615 --- [control-app] [           main] [                                                 ] c.o.p.c.a.a.RcaStateBackfillJob          : {"event":"rca_state_backfill_progress","ts":"2026-09-12T10:35:57.195660708Z","rows":2,"batches":1,"violations":0,"table":"rca_run"}
2026-09-12T18:35:57.195+08:00  INFO 27615 --- [control-app] [           main] [                                                 ] c.o.p.c.a.a.RcaStateBackfillJob          : {"event":"rca_state_backfill_progress","ts":"2026-09-12T10:35:57.195853681Z","rows":3,"batches":2,"violations":0,"table":"rca_run"}
2026-09-12T18:35:57.196+08:00  INFO 27615 --- [control-app] [           main] [                                                 ] c.o.p.c.a.a.RcaStateBackfillJob          : {"event":"rca_state_backfill_reconciled","ts":"2026-09-12T10:35:57.196199323Z","batches":5,"run_rows":3,"violations":0,"task_rows":5,"digest":"4ca1357fd4b199d31c370842c907357ab131a659696953f6c76f10069f374c5d"}
2026-09-12T18:35:57.196+08:00  INFO 27615 --- [control-app] [           main] [                                                 ] c.o.p.c.a.a.RcaStateBackfillJob          : {"event":"rca_state_backfill_progress","ts":"2026-09-12T10:35:57.196903148Z","rows":2,"batches":1,"violations":0,"table":"rca_task"}
2026-09-12T18:35:57.197+08:00  INFO 27615 --- [control-app] [           main] [                                                 ] c.o.p.c.a.a.RcaStateBackfillJob          : {"event":"rca_state_backfill_progress","ts":"2026-09-12T10:35:57.197048902Z","rows":4,"batches":2,"violations":0,"table":"rca_task"}
2026-09-12T18:35:57.197+08:00  INFO 27615 --- [control-app] [           main] [                                                 ] c.o.p.c.a.a.RcaStateBackfillJob          : {"event":"rca_state_backfill_progress","ts":"2026-09-12T10:35:57.197213051Z","rows":5,"batches":3,"violations":0,"table":"rca_task"}
2026-09-12T18:35:57.197+08:00  INFO 27615 --- [control-app] [           main] [                                                 ] c.o.p.c.a.a.RcaStateBackfillJob          : {"event":"rca_state_backfill_progress","ts":"2026-09-12T10:35:57.197331865Z","rows":2,"batches":1,"violations":0,"table":"rca_run"}
2026-09-12T18:35:57.197+08:00  INFO 27615 --- [control-app] [           main] [                                                 ] c.o.p.c.a.a.RcaStateBackfillJob          : {"event":"rca_state_backfill_progress","ts":"2026-09-12T10:35:57.197460658Z","rows":3,"batches":2,"violations":0,"table":"rca_run"}
2026-09-12T18:35:57.197+08:00  INFO 27615 --- [control-app] [           main] [                                                 ] c.o.p.c.a.a.RcaStateBackfillJob          : {"event":"rca_state_backfill_reconciled","ts":"2026-09-12T10:35:57.197616090Z","batches":5,"run_rows":3,"violations":0,"task_rows":5,"digest":"4ca1357fd4b199d31c370842c907357ab131a659696953f6c76f10069f374c5d"}
2026-09-12T18:35:57.198+08:00  INFO 27615 --- [control-app] [           main] [                                                 ] c.o.p.c.a.a.RcaStateBackfillJob          : {"event":"rca_state_backfill_progress","ts":"2026-09-12T10:35:57.198766427Z","rows":1,"batches":1,"violations":0,"table":"rca_task"}
2026-09-12T18:35:57.199+08:00  INFO 27615 --- [control-app] [           main] [                                                 ] c.o.p.c.a.a.RcaStateBackfillJob          : {"event":"rca_state_backfill_progress","ts":"2026-09-12T10:35:57.199726535Z","rows":1,"batches":1,"violations":0,"table":"rca_task"}
2026-09-12T18:35:57.200+08:00  INFO 27615 --- [control-app] [           main] [                                                 ] c.o.p.c.a.a.RcaStateBackfillJob          : {"event":"rca_state_backfill_progress","ts":"2026-09-12T10:35:57.200086132Z","rows":2,"batches":2,"violations":0,"table":"rca_task"}
2026-09-12T18:35:57.200+08:00  INFO 27615 --- [control-app] [           main] [                                                 ] c.o.p.c.a.a.RcaStateBackfillJob          : {"event":"rca_state_backfill_progress","ts":"2026-09-12T10:35:57.200241876Z","rows":3,"batches":3,"violations":0,"table":"rca_task"}
2026-09-12T18:35:57.200+08:00  INFO 27615 --- [control-app] [           main] [                                                 ] c.o.p.c.a.a.RcaStateBackfillJob          : {"event":"rca_state_backfill_progress","ts":"2026-09-12T10:35:57.200352644Z","rows":4,"batches":4,"violations":0,"table":"rca_task"}
2026-09-12T18:35:57.200+08:00  INFO 27615 --- [control-app] [           main] [                                                 ] c.o.p.c.a.a.RcaStateBackfillJob          : {"event":"rca_state_backfill_progress","ts":"2026-09-12T10:35:57.200471547Z","rows":5,"batches":5,"violations":0,"table":"rca_task"}
2026-09-12T18:35:57.200+08:00  INFO 27615 --- [control-app] [           main] [                                                 ] c.o.p.c.a.a.RcaStateBackfillJob          : {"event":"rca_state_backfill_progress","ts":"2026-09-12T10:35:57.200597264Z","rows":6,"batches":6,"violations":0,"table":"rca_task"}
2026-09-12T18:35:57.200+08:00  INFO 27615 --- [control-app] [           main] [                                                 ] c.o.p.c.a.a.RcaStateBackfillJob          : {"event":"rca_state_backfill_progress","ts":"2026-09-12T10:35:57.200717661Z","rows":7,"batches":7,"violations":0,"table":"rca_task"}
2026-09-12T18:35:57.200+08:00  INFO 27615 --- [control-app] [           main] [                                                 ] c.o.p.c.a.a.RcaStateBackfillJob          : {"event":"rca_state_backfill_progress","ts":"2026-09-12T10:35:57.200829572Z","rows":7,"batches":8,"violations":0,"table":"rca_task"}
2026-09-12T18:35:57.206+08:00  INFO 27615 --- [control-app] [           main] [                                                 ] c.o.p.c.a.a.RcaStateBackfillJob          : {"event":"rca_state_backfill_progress","ts":"2026-09-12T10:35:57.206082224Z","rows":1,"batches":1,"violations":0,"table":"rca_run"}
2026-09-12T18:35:57.206+08:00  INFO 27615 --- [control-app] [           main] [                                                 ] c.o.p.c.a.a.RcaStateBackfillJob          : {"event":"rca_state_backfill_progress","ts":"2026-09-12T10:35:57.206520069Z","rows":1,"batches":2,"violations":0,"table":"rca_run"}
2026-09-12T18:35:57.206+08:00  INFO 27615 --- [control-app] [           main] [                                                 ] c.o.p.c.a.a.RcaStateBackfillJob          : {"event":"rca_state_backfill_reconciled","ts":"2026-09-12T10:35:57.206803352Z","batches":10,"run_rows":1,"violations":0,"task_rows":7,"digest":"2fdb1966afacb8c902f0e49771770522ad967f6eda2dcf5d56fb99480f565edb"}
2026-09-12T18:35:57.207+08:00  INFO 27615 --- [control-app] [           main] [                                                 ] c.o.p.c.a.a.RcaStateBackfillJob          : {"event":"rca_state_backfill_progress","ts":"2026-09-12T10:35:57.207001545Z","rows":7,"batches":1,"violations":0,"table":"rca_task"}
2026-09-12T18:35:57.207+08:00  INFO 27615 --- [control-app] [           main] [                                                 ] c.o.p.c.a.a.RcaStateBackfillJob          : {"event":"rca_state_backfill_progress","ts":"2026-09-12T10:35:57.207157889Z","rows":1,"batches":1,"violations":0,"table":"rca_run"}
2026-09-12T18:35:57.207+08:00  INFO 27615 --- [control-app] [           main] [                                                 ] c.o.p.c.a.a.RcaStateBackfillJob          : {"event":"rca_state_backfill_reconciled","ts":"2026-09-12T10:35:57.207304205Z","batches":2,"run_rows":1,"violations":0,"task_rows":7,"digest":"2fdb1966afacb8c902f0e49771770522ad967f6eda2dcf5d56fb99480f565edb"}
2026-09-12T18:35:57.208+08:00  INFO 27615 --- [control-app] [           main] [                                                 ] c.o.p.c.a.a.RcaStateBackfillJob          : {"event":"rca_state_backfill_progress","ts":"2026-09-12T10:35:57.208403867Z","rows":2,"batches":1,"violations":1,"table":"rca_task"}
2026-09-12T18:35:57.208+08:00  INFO 27615 --- [control-app] [           main] [                                                 ] c.o.p.c.a.a.RcaStateBackfillJob          : {"event":"rca_state_backfill_progress","ts":"2026-09-12T10:35:57.208569418Z","rows":1,"batches":1,"violations":0,"table":"rca_run"}
2026-09-12T18:35:57.208+08:00  INFO 27615 --- [control-app] [           main] [                                                 ] c.o.p.c.a.a.RcaStateBackfillJob          : {"event":"rca_state_backfill_reconciled","ts":"2026-09-12T10:35:57.208695696Z","batches":2,"run_rows":1,"violations":1,"task_rows":2,"digest":"266d86814df7b18c146e096c5e63a7a2140e4c5217df8b306b76267cff8357de"}
[INFO] Tests run: 5, Failures: 0, Errors: 0, Skipped: 0, Time elapsed: 0.020 s -- in com.objwww.pr.control.alert.application.RcaStateBackfillJobTest
[INFO] Running com.objwww.pr.control.alert.application.CategoryOverrideServiceTest
[INFO] Tests run: 9, Failures: 0, Errors: 0, Skipped: 0, Time elapsed: 0.010 s -- in com.objwww.pr.control.alert.application.CategoryOverrideServiceTest
[INFO] Running com.objwww.pr.control.alert.application.NativeEngineWiringTest
2026-09-12T18:35:57.240+08:00  INFO 27615 --- [control-app] [           main] [                                                 ] c.o.p.c.a.application.IncidentProjector  : incident 7103e2db-1dd0-470d-bcff-a606c0140985 路由决策 BUCKETED_HOLMES 为 HOLMES 意愿：第二引擎已退场，决策照记不铸 run
2026-09-12T18:35:57.244+08:00  INFO 27615 --- [control-app] [           main] [                                                 ] c.o.p.c.a.a.RcaRunOrchestrator           : {"event":"rca_task_decision","ts":"2026-09-12T10:35:57.243948955Z","task_id":"3155062e-212b-4c56-ac26-b7f779172ef9","run_id":"1444d4b8-f9a2-4a15-8dcb-98c59dc781c9","decision":"COMPLETED","latency_ms":0,"attempt_id":"65cabf7f-d02a-4fba-8e10-d5da621193f4"}
2026-09-12T18:35:57.247+08:00  INFO 27615 --- [control-app] [           main] [                                                 ] c.o.p.c.a.a.RcaRunOrchestrator           : {"event":"rca_task_decision","ts":"2026-09-12T10:35:57.247272423Z","task_id":"326880c9-71ae-45c7-a1eb-0b04c521fcfb","run_id":"601884e8-668f-45c2-82f7-e5a9e32ea062","decision":"COMPLETED","latency_ms":0,"attempt_id":"a44518fa-25e9-4b35-baa8-fddffdad49a4"}
2026-09-12T18:35:57.247+08:00  INFO 27615 --- [control-app] [           main] [                                                 ] c.o.p.c.a.a.RcaRunOrchestrator           : incident 396f9eef-71f0-4f0b-9219-2c1109a0a8d9 材料变化，铸 RERUN run
2026-09-12T18:35:57.261+08:00  INFO 27615 --- [control-app] [           main] [                                                 ] c.o.p.c.a.a.RcaRunOrchestrator           : {"event":"rca_task_decision","ts":"2026-09-12T10:35:57.261324336Z","task_id":"2db50287-6b65-464e-b6c0-95b71d2232d9","run_id":"da4154a7-bebb-4488-bc44-0e7d91d33ae9","decision":"DEAD","latency_ms":0,"attempt_id":"17e096ea-907f-400c-85c9-245420ccd15c"}
2026-09-12T18:35:57.264+08:00  INFO 27615 --- [control-app] [           main] [                                                 ] c.o.p.c.a.a.RcaRunOrchestrator           : {"event":"rca_task_decision","ts":"2026-09-12T10:35:57.264039830Z","task_id":"f172e6d4-a300-4e4f-a0c7-cf8594dbe535","run_id":"0cb4f4a5-1c47-44cc-86ac-1f4d20279114","decision":"COMPLETED","latency_ms":0,"attempt_id":"20997a9c-20c7-4a2e-9d61-89eb0a1b3172"}
2026-09-12T18:35:57.269+08:00  INFO 27615 --- [control-app] [           main] [                                                 ] c.o.p.c.a.a.RcaRunOrchestrator           : {"event":"rca_task_decision","ts":"2026-09-12T10:35:57.269426986Z","task_id":"2f190f93-3a59-482d-b50a-811b027620c4","run_id":"f8b6c0c3-7187-4096-9eb8-05ef50e4f92f","decision":"DEAD","latency_ms":0,"attempt_id":"dec9ec63-72cd-4d6e-9436-134eda5e553f"}
2026-09-12T18:35:57.272+08:00  INFO 27615 --- [control-app] [           main] [                                                 ] c.o.p.c.a.a.RcaRunOrchestrator           : {"event":"rca_task_decision","ts":"2026-09-12T10:35:57.272776764Z","task_id":"22744911-5b6c-4db5-b65a-0ab3da3935c2","run_id":"42dac92b-7842-4af3-ab8b-505ce586986a","decision":"DEAD","latency_ms":0,"attempt_id":"bc7da4b6-2043-4833-b65e-15b826ea29fb"}
[INFO] Tests run: 9, Failures: 0, Errors: 0, Skipped: 0, Time elapsed: 0.046 s -- in com.objwww.pr.control.alert.application.NativeEngineWiringTest
[INFO] Running com.objwww.pr.control.alert.application.FallbackServiceTest
2026-09-12T18:35:57.282+08:00  INFO 27615 --- [control-app] [           main] [                                                 ] c.o.p.c.a.application.FallbackService    : {"event":"rca_fallback_decision","ts":"2026-09-12T10:35:57.282527326Z","source_run_id":"a6280023-f632-43de-96a7-5b3f3d546dfe","outcome":"DISABLED","error_class":"TIMEOUT","incident_id":"58b6cb5f-f840-4ef4-a00d-52c43764f754"}
2026-09-12T18:35:57.286+08:00  WARN 27615 --- [control-app] [           main] [                                                 ] c.o.p.c.a.application.FallbackService    : NATIVE run 216eb76e-ae05-4098-ace7-916ef235191e 失败（PROPOSAL_MISSING）→ 恰一次铸 HOLMES fallback run b2665a74-03be-4968-b49f-dd5d67524ae9
2026-09-12T18:35:57.287+08:00  INFO 27615 --- [control-app] [           main] [                                                 ] c.o.p.c.a.application.FallbackService    : {"event":"rca_fallback_decision","ts":"2026-09-12T10:35:57.287054362Z","source_run_id":"216eb76e-ae05-4098-ace7-916ef235191e","outcome":"CAST","error_class":"PROPOSAL_MISSING","incident_id":"38c112cd-1c63-4d19-873d-466ce4043a15"}
2026-09-12T18:35:57.288+08:00  INFO 27615 --- [control-app] [           main] [                                                 ] c.o.p.c.a.application.FallbackService    : {"event":"rca_fallback_decision","ts":"2026-09-12T10:35:57.288670215Z","source_run_id":"cd9ba629-44f7-473d-b89e-e616ba206122","outcome":"INELIGIBLE_ERROR_CLASS","error_class":"ADAPTER_PACKAGE_REJECTED","incident_id":"b56f8c87-a8e0-4389-82b3-f7a3786fb3a9"}
2026-09-12T18:35:57.291+08:00  INFO 27615 --- [control-app] [           main] [                                                 ] c.o.p.c.a.application.FallbackService    : {"event":"rca_fallback_decision","ts":"2026-09-12T10:35:57.291293535Z","source_run_id":"a4c560a3-afdf-4f7e-ac87-01f7ab6889f2","outcome":"INELIGIBLE_ERROR_CLASS","error_class":"PLAN_REJECTED","incident_id":"a35e4ef3-8a99-407f-9db8-ebecbe6cd575"}
2026-09-12T18:35:57.291+08:00  INFO 27615 --- [control-app] [           main] [                                                 ] c.o.p.c.a.application.FallbackService    : {"event":"rca_fallback_decision","ts":"2026-09-12T10:35:57.291633084Z","source_run_id":"1fc857db-e8c8-4b47-9b2a-7f0a646871e1","outcome":"INELIGIBLE_ERROR_CLASS","error_class":"SOME_FUTURE_CLASS","incident_id":"64c6ae97-0c85-436c-93a8-4c9fc514be01"}
2026-09-12T18:35:57.292+08:00  WARN 27615 --- [control-app] [           main] [                                                 ] c.o.p.c.a.application.FallbackService    : NATIVE run cdc8b42a-b61b-4d9b-bc34-4593ee710854 失败（TIMEOUT）→ 恰一次铸 HOLMES fallback run a6f129fe-a810-4738-92ad-0871a5d7cb1a
2026-09-12T18:35:57.293+08:00  INFO 27615 --- [control-app] [           main] [                                                 ] c.o.p.c.a.application.FallbackService    : {"event":"rca_fallback_decision","ts":"2026-09-12T10:35:57.293046246Z","source_run_id":"cdc8b42a-b61b-4d9b-bc34-4593ee710854","outcome":"CAST","error_class":"TIMEOUT","incident_id":"ead96000-355f-4867-875a-0006c22f8050"}
2026-09-12T18:35:57.293+08:00  INFO 27615 --- [control-app] [           main] [                                                 ] c.o.p.c.a.application.FallbackService    : {"event":"rca_fallback_decision","ts":"2026-09-12T10:35:57.293311115Z","source_run_id":"fa38a815-98d5-472c-a485-58a10ac74a28","outcome":"BUDGET_EXHAUSTED","error_class":"TIMEOUT","incident_id":"1b2c6cf6-e9ee-44e5-8f3b-79509db5c31a"}
2026-09-12T18:35:57.293+08:00  WARN 27615 --- [control-app] [           main] [                                                 ] c.o.p.c.a.application.FallbackService    : NATIVE run c72bcb25-f72e-4382-92d3-2c05b76bb292 失败（TIMEOUT）→ 恰一次铸 HOLMES fallback run 4389605b-3f85-4753-acd4-1ceb92bbba9d
2026-09-12T18:35:57.293+08:00  INFO 27615 --- [control-app] [           main] [                                                 ] c.o.p.c.a.application.FallbackService    : {"event":"rca_fallback_decision","ts":"2026-09-12T10:35:57.293666243Z","source_run_id":"c72bcb25-f72e-4382-92d3-2c05b76bb292","outcome":"CAST","error_class":"TIMEOUT","incident_id":"ab9ac56b-566f-41ec-b9f4-ec4109f11e62"}
2026-09-12T18:35:57.295+08:00  WARN 27615 --- [control-app] [           main] [                                                 ] c.o.p.c.a.application.FallbackService    : NATIVE run 556b529c-e7a5-4f57-95ae-925b8b1fd4a4 失败（EXECUTOR_ERROR）→ 恰一次铸 HOLMES fallback run 01005481-1497-4011-8a6f-82ac9ed213ec
2026-09-12T18:35:57.295+08:00  INFO 27615 --- [control-app] [           main] [                                                 ] c.o.p.c.a.application.FallbackService    : {"event":"rca_fallback_decision","ts":"2026-09-12T10:35:57.295296292Z","source_run_id":"556b529c-e7a5-4f57-95ae-925b8b1fd4a4","outcome":"CAST","error_class":"EXECUTOR_ERROR","incident_id":"8168ee35-633a-4388-a37b-2a048f9363ee"}
2026-09-12T18:35:57.295+08:00  INFO 27615 --- [control-app] [           main] [                                                 ] c.o.p.c.a.application.FallbackService    : {"event":"rca_fallback_decision","ts":"2026-09-12T10:35:57.295824988Z","source_run_id":"01005481-1497-4011-8a6f-82ac9ed213ec","outcome":"INELIGIBLE_ENGINE","error_class":"EXECUTOR_ERROR","incident_id":"8168ee35-633a-4388-a37b-2a048f9363ee"}
2026-09-12T18:35:57.296+08:00  WARN 27615 --- [control-app] [           main] [                                                 ] c.o.p.c.a.application.FallbackService    : NATIVE run af444278-2acd-4537-9a5b-77c5c3248fe3 失败（TIMEOUT）→ 恰一次铸 HOLMES fallback run 02db36c9-847d-4a82-877f-e5230dd8779f
2026-09-12T18:35:57.296+08:00  INFO 27615 --- [control-app] [           main] [                                                 ] c.o.p.c.a.application.FallbackService    : {"event":"rca_fallback_decision","ts":"2026-09-12T10:35:57.296902788Z","source_run_id":"af444278-2acd-4537-9a5b-77c5c3248fe3","outcome":"CAST","error_class":"TIMEOUT","incident_id":"ac451e78-d554-4afa-894e-b1cd1a9590cd"}
2026-09-12T18:35:57.297+08:00  INFO 27615 --- [control-app] [           main] [                                                 ] c.o.p.c.a.application.FallbackService    : {"event":"rca_fallback_decision","ts":"2026-09-12T10:35:57.297055506Z","source_run_id":"af444278-2acd-4537-9a5b-77c5c3248fe3","outcome":"ALREADY_CAST","error_class":"TIMEOUT","incident_id":"ac451e78-d554-4afa-894e-b1cd1a9590cd"}
2026-09-12T18:35:57.298+08:00  INFO 27615 --- [control-app] [           main] [                                                 ] c.o.p.c.a.application.FallbackService    : {"event":"rca_fallback_decision","ts":"2026-09-12T10:35:57.297932507Z","source_run_id":"36a2ba7b-51e1-45b8-8d8d-e5b28cd6e584","outcome":"INCIDENT_BUSY","error_class":"TIMEOUT","incident_id":"b21d866c-23a2-4ea8-9ec5-dd7362147e90"}
[INFO] Tests run: 7, Failures: 0, Errors: 0, Skipped: 0, Time elapsed: 0.018 s -- in com.objwww.pr.control.alert.application.FallbackServiceTest
[INFO] Running com.objwww.pr.control.alert.application.PublicationWinnerGateTest
2026-09-12T18:35:57.302+08:00  INFO 27615 --- [control-app] [           main] [                                                 ] c.o.p.c.a.a.RcaRunOrchestrator           : {"event":"rca_task_decision","ts":"2026-09-12T10:35:57.302911614Z","task_id":"210284da-4b10-485d-9717-d953703735ed","run_id":"d2898ce0-f8cd-4246-8f97-4282ddc9d998","decision":"COMPLETED","latency_ms":0,"attempt_id":"42d0060a-9842-4abb-a066-26e98ca74b8b"}
2026-09-12T18:35:57.304+08:00  INFO 27615 --- [control-app] [           main] [                                                 ] c.o.p.c.a.a.RcaRunOrchestrator           : {"event":"report_publication_loser","ts":"2026-09-12T10:35:57.304219527Z","generation":0,"incident_id":"8a736aaa-f126-4e2d-84a4-5873d2c2444f","run_id":"e079c030-f766-4de2-bbbc-d94148480251","report_id":"ff851c08-f48e-420a-baca-0b142b62acf9"}
2026-09-12T18:35:57.304+08:00  INFO 27615 --- [control-app] [           main] [                                                 ] c.o.p.c.a.a.RcaRunOrchestrator           : report ff851c08-f48e-420a-baca-0b142b62acf9 输给 generation 发布赢家（incident=8a736aaa-f126-4e2d-84a4-5873d2c2444f, gen=0），落档不发布
2026-09-12T18:35:57.304+08:00  INFO 27615 --- [control-app] [           main] [                                                 ] c.o.p.c.a.a.RcaRunOrchestrator           : {"event":"rca_task_decision","ts":"2026-09-12T10:35:57.304524010Z","task_id":"b1d80635-b906-4d52-ba71-e5fe686460ef","run_id":"e079c030-f766-4de2-bbbc-d94148480251","decision":"COMPLETED","latency_ms":0,"attempt_id":"059ccc9e-20c2-4b3b-bda0-bba601218c75"}
[INFO] Tests run: 1, Failures: 0, Errors: 0, Skipped: 0, Time elapsed: 0.007 s -- in com.objwww.pr.control.alert.application.PublicationWinnerGateTest
[INFO] Running com.objwww.pr.control.alert.application.mcp.McpToolInvokerTest
[INFO] Tests run: 6, Failures: 0, Errors: 0, Skipped: 0, Time elapsed: 0.017 s -- in com.objwww.pr.control.alert.application.mcp.McpToolInvokerTest
[INFO] Running com.objwww.pr.control.alert.application.mcp.McpMountManagerTest
[INFO] Tests run: 10, Failures: 0, Errors: 0, Skipped: 0, Time elapsed: 0.297 s -- in com.objwww.pr.control.alert.application.mcp.McpMountManagerTest
[INFO] Running com.objwww.pr.control.alert.application.AlertInboxProcessorTest
2026-09-12T18:35:57.632+08:00  WARN 27615 --- [control-app] [           main] [                                                 ] c.o.p.c.a.a.AlertInboxProcessor          : alert_inbox 1b841828-37d9-44a2-ad9a-df03beb8333f 死信: payload_raw JSON 解析失败: Unexpected character ('n' (code 110)): was expecting double-quote to start field name
 at [Source: REDACTED (`StreamReadFeature.INCLUDE_SOURCE_IN_LOCATION` disabled); line: 1, column: 2]
2026-09-12T18:35:57.676+08:00  WARN 27615 --- [control-app] [           main] [                                                 ] c.o.p.c.a.a.AlertInboxProcessor          : alert_inbox 168bdcbf-29e3-45cc-87a4-41f5c6881cae 死信: 缺少 alertname 标签，无法铸造 incidentKey
[INFO] Tests run: 16, Failures: 0, Errors: 0, Skipped: 0, Time elapsed: 0.061 s -- in com.objwww.pr.control.alert.application.AlertInboxProcessorTest
[INFO] Running com.objwww.pr.control.alert.application.RunConfigSwitchServiceTest
[INFO] Tests run: 18, Failures: 0, Errors: 0, Skipped: 0, Time elapsed: 0.039 s -- in com.objwww.pr.control.alert.application.RunConfigSwitchServiceTest
[INFO] Running com.objwww.pr.control.alert.application.reconcile.ReconcileBudgetGateTest
[INFO] Tests run: 9, Failures: 0, Errors: 0, Skipped: 0, Time elapsed: 0.013 s -- in com.objwww.pr.control.alert.application.reconcile.ReconcileBudgetGateTest
[INFO] Running com.objwww.pr.control.alert.application.reconcile.IncidentSourceReconcilerTest
[INFO] Tests run: 6, Failures: 0, Errors: 0, Skipped: 0, Time elapsed: 0.006 s -- in com.objwww.pr.control.alert.application.reconcile.IncidentSourceReconcilerTest
[INFO] Running com.objwww.pr.control.alert.application.DeterministicSupervisorTest
2026-09-12T18:35:57.752+08:00  INFO 27615 --- [control-app] [           main] [                                                 ] c.o.p.c.a.a.DeterministicSupervisor      : {"event":"am4_run_reporting","ts":"2026-09-12T10:35:57.752677267Z","run_id":"a55746b1-1780-4ae6-ac8c-351a03294e1b"}
2026-09-12T18:35:57.754+08:00  INFO 27615 --- [control-app] [           main] [                                                 ] c.o.p.c.a.a.DeterministicSupervisor      : run a55746b1-1780-4ae6-ac8c-351a03294e1b 全任务终态 → REPORTING（报告链组装）
2026-09-12T18:35:57.764+08:00  INFO 27615 --- [control-app] [           main] [                                                 ] c.o.p.c.a.a.DeterministicSupervisor      : {"event":"am4_run_reporting","ts":"2026-09-12T10:35:57.764327056Z","run_id":"93ec89a3-6d15-48ba-b431-fa00860cbe6a"}
2026-09-12T18:35:57.764+08:00  INFO 27615 --- [control-app] [           main] [                                                 ] c.o.p.c.a.a.DeterministicSupervisor      : run 93ec89a3-6d15-48ba-b431-fa00860cbe6a 全任务终态 → REPORTING（报告链组装）
2026-09-12T18:35:57.765+08:00  INFO 27615 --- [control-app] [           main] [                                                 ] c.o.p.c.a.a.DeterministicSupervisor      : {"event":"am4_plan_rejected","ts":"2026-09-12T10:35:57.765347849Z","reason":"提案成环: a -> b -> a","run_id":"57adfe6d-647a-4149-89c8-51b09b721474"}
2026-09-12T18:35:57.765+08:00  WARN 27615 --- [control-app] [           main] [                                                 ] c.o.p.c.a.a.DeterministicSupervisor      : run 57adfe6d-647a-4149-89c8-51b09b721474 提案被确定性拒绝 → FAILED（提案成环: a -> b -> a）
2026-09-12T18:35:57.769+08:00  INFO 27615 --- [control-app] [           main] [                                                 ] c.o.p.c.a.a.DeterministicSupervisor      : {"event":"am4_run_reporting","ts":"2026-09-12T10:35:57.769881297Z","run_id":"52d07d1e-0107-4e6b-b260-bdf09d80f61a"}
2026-09-12T18:35:57.770+08:00  INFO 27615 --- [control-app] [           main] [                                                 ] c.o.p.c.a.a.DeterministicSupervisor      : run 52d07d1e-0107-4e6b-b260-bdf09d80f61a 全任务终态 → REPORTING（报告链组装）
[INFO] Tests run: 11, Failures: 0, Errors: 0, Skipped: 0, Time elapsed: 0.021 s -- in com.objwww.pr.control.alert.application.DeterministicSupervisorTest
[INFO] Running com.objwww.pr.control.alert.application.replay.SnapshotShadowRouterTest
[INFO] Tests run: 3, Failures: 0, Errors: 0, Skipped: 0, Time elapsed: 0.011 s -- in com.objwww.pr.control.alert.application.replay.SnapshotShadowRouterTest
[INFO] Running com.objwww.pr.control.alert.application.replay.InputReplayVerifierTest
[INFO] Tests run: 8, Failures: 0, Errors: 0, Skipped: 0, Time elapsed: 0.006 s -- in com.objwww.pr.control.alert.application.replay.InputReplayVerifierTest
[INFO] Running com.objwww.pr.control.alert.application.replay.AgentReplayRunnerTest
[INFO] Tests run: 4, Failures: 0, Errors: 0, Skipped: 0, Time elapsed: 0.013 s -- in com.objwww.pr.control.alert.application.replay.AgentReplayRunnerTest
[INFO] Running com.objwww.pr.control.alert.application.replay.ReadOnlyToolFaceTest
[INFO] Tests run: 3, Failures: 0, Errors: 0, Skipped: 0, Time elapsed: 0.009 s -- in com.objwww.pr.control.alert.application.replay.ReadOnlyToolFaceTest
[INFO] Running com.objwww.pr.control.alert.application.OperatorMaterialServiceTest
2026-09-12T18:35:57.827+08:00  INFO 27615 --- [control-app] [           main] [                                                 ] c.o.p.c.a.a.OperatorMaterialService      : 人工材料 ACCEPTED incident=adcef723-6f0a-42cd-9867-d204cac7759b rev=1 kind=EVIDENCE_LINK operator=op-1
2026-09-12T18:35:57.828+08:00  INFO 27615 --- [control-app] [           main] [                                                 ] c.o.p.c.a.a.OperatorMaterialService      : 人工材料 ACCEPTED incident=adcef723-6f0a-42cd-9867-d204cac7759b rev=2 kind=OBSERVATION operator=op-2
2026-09-12T18:35:57.829+08:00  INFO 27615 --- [control-app] [           main] [                                                 ] c.o.p.c.a.a.OperatorMaterialService      : 人工材料 ACCEPTED incident=e920e8f7-90e7-4874-b019-109f683434a2 rev=1 kind=EVIDENCE_LINK operator=op-1
2026-09-12T18:35:57.829+08:00  INFO 27615 --- [control-app] [           main] [                                                 ] c.o.p.c.a.a.OperatorMaterialService      : 人工材料 CAS 冲突 incident=e920e8f7-90e7-4874-b019-109f683434a2 base=0 current=1
2026-09-12T18:35:57.830+08:00  INFO 27615 --- [control-app] [           main] [                                                 ] c.o.p.c.a.a.OperatorMaterialService      : 人工材料 ACCEPTED incident=24eec80a-9922-4e2c-9c7a-3ca222721c44 rev=1 kind=JUDGMENT operator=op-1
2026-09-12T18:35:57.830+08:00  INFO 27615 --- [control-app] [           main] [                                                 ] c.o.p.c.a.a.OperatorMaterialService      : 人工材料 REJECTED_LATE incident=bb363322-05ee-434a-9cef-f784db02a902 rev=1（终态明确）
[INFO] Tests run: 6, Failures: 0, Errors: 0, Skipped: 0, Time elapsed: 0.015 s -- in com.objwww.pr.control.alert.application.OperatorMaterialServiceTest
[INFO] Running com.objwww.pr.control.alert.application.NativeReportAdapterTest
[INFO] Tests run: 3, Failures: 0, Errors: 0, Skipped: 0, Time elapsed: 0.007 s -- in com.objwww.pr.control.alert.application.NativeReportAdapterTest
[INFO] Running com.objwww.pr.control.alert.application.ReportCompletedNotifierTest
[INFO] Tests run: 6, Failures: 0, Errors: 0, Skipped: 0, Time elapsed: 0.007 s -- in com.objwww.pr.control.alert.application.ReportCompletedNotifierTest
[INFO] Running com.objwww.pr.control.alert.interfaces.McpMountControllerTest
[INFO] Tests run: 2, Failures: 0, Errors: 0, Skipped: 0, Time elapsed: 0.004 s -- in com.objwww.pr.control.alert.interfaces.McpMountControllerTest
[INFO] Running com.objwww.pr.control.alert.interfaces.RunCommandControllerTest
2026-09-12T18:35:57.874+08:00  INFO 27615 --- [control-app] [           main] [                                                 ] o.s.mock.web.MockServletContext          : Initializing Spring TestDispatcherServlet ''
2026-09-12T18:35:57.874+08:00  INFO 27615 --- [control-app] [           main] [                                                 ] o.s.t.web.servlet.TestDispatcherServlet  : Initializing Servlet ''
2026-09-12T18:35:57.874+08:00  INFO 27615 --- [control-app] [           main] [                                                 ] o.s.t.web.servlet.TestDispatcherServlet  : Completed initialization in 0 ms
2026-09-12T18:35:57.892+08:00  INFO 27615 --- [control-app] [           main] [                                                 ] o.s.mock.web.MockServletContext          : Initializing Spring TestDispatcherServlet ''
2026-09-12T18:35:57.892+08:00  INFO 27615 --- [control-app] [           main] [                                                 ] o.s.t.web.servlet.TestDispatcherServlet  : Initializing Servlet ''
2026-09-12T18:35:57.893+08:00  INFO 27615 --- [control-app] [           main] [                                                 ] o.s.t.web.servlet.TestDispatcherServlet  : Completed initialization in 0 ms
2026-09-12T18:35:57.908+08:00  INFO 27615 --- [control-app] [           main] [                                                 ] o.s.mock.web.MockServletContext          : Initializing Spring TestDispatcherServlet ''
2026-09-12T18:35:57.908+08:00  INFO 27615 --- [control-app] [           main] [                                                 ] o.s.t.web.servlet.TestDispatcherServlet  : Initializing Servlet ''
2026-09-12T18:35:57.908+08:00  INFO 27615 --- [control-app] [           main] [                                                 ] o.s.t.web.servlet.TestDispatcherServlet  : Completed initialization in 0 ms
[INFO] Tests run: 3, Failures: 0, Errors: 0, Skipped: 0, Time elapsed: 0.062 s -- in com.objwww.pr.control.alert.interfaces.RunCommandControllerTest
[INFO] Running com.objwww.pr.control.alert.interfaces.AlertWebhookControllerTest
2026-09-12T18:35:57.926+08:00  INFO 27615 --- [control-app] [           main] [                                                 ] o.s.mock.web.MockServletContext          : Initializing Spring TestDispatcherServlet ''
2026-09-12T18:35:57.926+08:00  INFO 27615 --- [control-app] [           main] [                                                 ] o.s.t.web.servlet.TestDispatcherServlet  : Initializing Servlet ''
2026-09-12T18:35:57.927+08:00  INFO 27615 --- [control-app] [           main] [                                                 ] o.s.t.web.servlet.TestDispatcherServlet  : Completed initialization in 1 ms
2026-09-12T18:35:57.937+08:00  INFO 27615 --- [control-app] [           main] [                                                 ] o.s.mock.web.MockServletContext          : Initializing Spring TestDispatcherServlet ''
2026-09-12T18:35:57.937+08:00  INFO 27615 --- [control-app] [           main] [                                                 ] o.s.t.web.servlet.TestDispatcherServlet  : Initializing Servlet ''
2026-09-12T18:35:57.937+08:00  INFO 27615 --- [control-app] [           main] [                                                 ] o.s.t.web.servlet.TestDispatcherServlet  : Completed initialization in 0 ms
2026-09-12T18:35:57.946+08:00  INFO 27615 --- [control-app] [           main] [                                                 ] o.s.mock.web.MockServletContext          : Initializing Spring TestDispatcherServlet ''
2026-09-12T18:35:57.946+08:00  INFO 27615 --- [control-app] [           main] [                                                 ] o.s.t.web.servlet.TestDispatcherServlet  : Initializing Servlet ''
2026-09-12T18:35:57.947+08:00  INFO 27615 --- [control-app] [           main] [                                                 ] o.s.t.web.servlet.TestDispatcherServlet  : Completed initialization in 1 ms
2026-09-12T18:35:57.955+08:00  INFO 27615 --- [control-app] [           main] [                                                 ] o.s.mock.web.MockServletContext          : Initializing Spring TestDispatcherServlet ''
2026-09-12T18:35:57.955+08:00  INFO 27615 --- [control-app] [           main] [                                                 ] o.s.t.web.servlet.TestDispatcherServlet  : Initializing Servlet ''
2026-09-12T18:35:57.955+08:00  INFO 27615 --- [control-app] [           main] [                                                 ] o.s.t.web.servlet.TestDispatcherServlet  : Completed initialization in 0 ms
2026-09-12T18:35:57.959+08:00  INFO 27615 --- [control-app] [           main] [                                                 ] o.s.mock.web.MockServletContext          : Initializing Spring TestDispatcherServlet ''
2026-09-12T18:35:57.959+08:00  INFO 27615 --- [control-app] [           main] [                                                 ] o.s.t.web.servlet.TestDispatcherServlet  : Initializing Servlet ''
2026-09-12T18:35:57.959+08:00  INFO 27615 --- [control-app] [           main] [                                                 ] o.s.t.web.servlet.TestDispatcherServlet  : Completed initialization in 0 ms
2026-09-12T18:35:57.974+08:00  INFO 27615 --- [control-app] [           main] [                                                 ] o.s.mock.web.MockServletContext          : Initializing Spring TestDispatcherServlet ''
2026-09-12T18:35:57.974+08:00  INFO 27615 --- [control-app] [           main] [                                                 ] o.s.t.web.servlet.TestDispatcherServlet  : Initializing Servlet ''
2026-09-12T18:35:57.974+08:00  INFO 27615 --- [control-app] [           main] [                                                 ] o.s.t.web.servlet.TestDispatcherServlet  : Completed initialization in 0 ms
2026-09-12T18:35:57.981+08:00  INFO 27615 --- [control-app] [           main] [                                                 ] o.s.mock.web.MockServletContext          : Initializing Spring TestDispatcherServlet ''
2026-09-12T18:35:57.981+08:00  INFO 27615 --- [control-app] [           main] [                                                 ] o.s.t.web.servlet.TestDispatcherServlet  : Initializing Servlet ''
2026-09-12T18:35:57.982+08:00  INFO 27615 --- [control-app] [           main] [                                                 ] o.s.t.web.servlet.TestDispatcherServlet  : Completed initialization in 0 ms
2026-09-12T18:35:57.984+08:00  INFO 27615 --- [control-app] [           main] [                                                 ] o.s.mock.web.MockServletContext          : Initializing Spring TestDispatcherServlet ''
2026-09-12T18:35:57.984+08:00  INFO 27615 --- [control-app] [           main] [                                                 ] o.s.t.web.servlet.TestDispatcherServlet  : Initializing Servlet ''
2026-09-12T18:35:57.985+08:00  INFO 27615 --- [control-app] [           main] [                                                 ] o.s.t.web.servlet.TestDispatcherServlet  : Completed initialization in 1 ms
2026-09-12T18:35:57.991+08:00  INFO 27615 --- [control-app] [           main] [                                                 ] o.s.mock.web.MockServletContext          : Initializing Spring TestDispatcherServlet ''
2026-09-12T18:35:57.992+08:00  INFO 27615 --- [control-app] [           main] [                                                 ] o.s.t.web.servlet.TestDispatcherServlet  : Initializing Servlet ''
2026-09-12T18:35:57.992+08:00  INFO 27615 --- [control-app] [           main] [                                                 ] o.s.t.web.servlet.TestDispatcherServlet  : Completed initialization in 0 ms
2026-09-12T18:35:58.005+08:00  INFO 27615 --- [control-app] [           main] [                                                 ] o.s.mock.web.MockServletContext          : Initializing Spring TestDispatcherServlet ''
2026-09-12T18:35:58.005+08:00  INFO 27615 --- [control-app] [           main] [                                                 ] o.s.t.web.servlet.TestDispatcherServlet  : Initializing Servlet ''
2026-09-12T18:35:58.005+08:00  INFO 27615 --- [control-app] [           main] [                                                 ] o.s.t.web.servlet.TestDispatcherServlet  : Completed initialization in 0 ms
2026-09-12T18:35:58.016+08:00  INFO 27615 --- [control-app] [           main] [                                                 ] o.s.mock.web.MockServletContext          : Initializing Spring TestDispatcherServlet ''
2026-09-12T18:35:58.016+08:00  INFO 27615 --- [control-app] [           main] [                                                 ] o.s.t.web.servlet.TestDispatcherServlet  : Initializing Servlet ''
2026-09-12T18:35:58.016+08:00  INFO 27615 --- [control-app] [           main] [                                                 ] o.s.t.web.servlet.TestDispatcherServlet  : Completed initialization in 0 ms
2026-09-12T18:35:58.018+08:00  INFO 27615 --- [control-app] [           main] [                                                 ] c.o.p.c.a.a.ControlAlertRouter           : {"event":"CONTROL_ALERT_REJECTED","ts":"2026-09-12T10:35:58.018468018Z","receiver":"control-app","gate":"identity"}
2026-09-12T18:35:58.028+08:00  INFO 27615 --- [control-app] [           main] [                                                 ] o.s.mock.web.MockServletContext          : Initializing Spring TestDispatcherServlet ''
2026-09-12T18:35:58.028+08:00  INFO 27615 --- [control-app] [           main] [                                                 ] o.s.t.web.servlet.TestDispatcherServlet  : Initializing Servlet ''
2026-09-12T18:35:58.028+08:00  INFO 27615 --- [control-app] [           main] [                                                 ] o.s.t.web.servlet.TestDispatcherServlet  : Completed initialization in 0 ms
2026-09-12T18:35:58.041+08:00  INFO 27615 --- [control-app] [           main] [                                                 ] o.s.mock.web.MockServletContext          : Initializing Spring TestDispatcherServlet ''
2026-09-12T18:35:58.041+08:00  INFO 27615 --- [control-app] [           main] [                                                 ] o.s.t.web.servlet.TestDispatcherServlet  : Initializing Servlet ''
2026-09-12T18:35:58.041+08:00  INFO 27615 --- [control-app] [           main] [                                                 ] o.s.t.web.servlet.TestDispatcherServlet  : Completed initialization in 0 ms
2026-09-12T18:35:58.044+08:00  INFO 27615 --- [control-app] [           main] [                                                 ] o.s.mock.web.MockServletContext          : Initializing Spring TestDispatcherServlet ''
2026-09-12T18:35:58.044+08:00  INFO 27615 --- [control-app] [           main] [                                                 ] o.s.t.web.servlet.TestDispatcherServlet  : Initializing Servlet ''
2026-09-12T18:35:58.045+08:00  INFO 27615 --- [control-app] [           main] [                                                 ] o.s.t.web.servlet.TestDispatcherServlet  : Completed initialization in 1 ms
2026-09-12T18:35:58.052+08:00  INFO 27615 --- [control-app] [           main] [                                                 ] c.o.p.c.a.a.ControlAlertRouter           : {"event":"CONTROL_ALERT_ONCALL","ts":"2026-09-12T10:35:58.052485790Z","inbox_id":"96305f05-c89b-4967-8931-dc489f2d0bf3","receiver":"rca-oncall","group_key":"g:RCA_SYSTEM:collector","alertnames":"RCA_SYSTEM_CollectorDown","scopes":"rca_system","alert_count":1}
2026-09-12T18:35:58.059+08:00  INFO 27615 --- [control-app] [           main] [                                                 ] o.s.mock.web.MockServletContext          : Initializing Spring TestDispatcherServlet ''
2026-09-12T18:35:58.059+08:00  INFO 27615 --- [control-app] [           main] [                                                 ] o.s.t.web.servlet.TestDispatcherServlet  : Initializing Servlet ''
2026-09-12T18:35:58.060+08:00  INFO 27615 --- [control-app] [           main] [                                                 ] o.s.t.web.servlet.TestDispatcherServlet  : Completed initialization in 1 ms
2026-09-12T18:35:58.075+08:00  INFO 27615 --- [control-app] [           main] [                                                 ] o.s.mock.web.MockServletContext          : Initializing Spring TestDispatcherServlet ''
2026-09-12T18:35:58.075+08:00  INFO 27615 --- [control-app] [           main] [                                                 ] o.s.t.web.servlet.TestDispatcherServlet  : Initializing Servlet ''
2026-09-12T18:35:58.076+08:00  INFO 27615 --- [control-app] [           main] [                                                 ] o.s.t.web.servlet.TestDispatcherServlet  : Completed initialization in 1 ms
2026-09-12T18:35:58.084+08:00  INFO 27615 --- [control-app] [           main] [                                                 ] o.s.mock.web.MockServletContext          : Initializing Spring TestDispatcherServlet ''
2026-09-12T18:35:58.084+08:00  INFO 27615 --- [control-app] [           main] [                                                 ] o.s.t.web.servlet.TestDispatcherServlet  : Initializing Servlet ''
2026-09-12T18:35:58.084+08:00  INFO 27615 --- [control-app] [           main] [                                                 ] o.s.t.web.servlet.TestDispatcherServlet  : Completed initialization in 0 ms
2026-09-12T18:35:58.087+08:00  WARN 27615 --- [control-app] [           main] [                                                 ] c.o.p.c.a.i.AlertWebhookController       : 整组无法持久化，返回 503: db down
[INFO] Tests run: 12, Failures: 0, Errors: 0, Skipped: 0, Time elapsed: 0.174 s -- in com.objwww.pr.control.alert.interfaces.AlertWebhookControllerTest
[INFO] Running com.objwww.pr.control.alert.interfaces.EventQueryControllerTest
2026-09-12T18:35:58.103+08:00  INFO 27615 --- [control-app] [           main] [                                                 ] o.s.mock.web.MockServletContext          : Initializing Spring TestDispatcherServlet ''
2026-09-12T18:35:58.103+08:00  INFO 27615 --- [control-app] [           main] [                                                 ] o.s.t.web.servlet.TestDispatcherServlet  : Initializing Servlet ''
2026-09-12T18:35:58.104+08:00  INFO 27615 --- [control-app] [           main] [                                                 ] o.s.t.web.servlet.TestDispatcherServlet  : Completed initialization in 1 ms
2026-09-12T18:35:58.117+08:00  INFO 27615 --- [control-app] [           main] [                                                 ] o.s.mock.web.MockServletContext          : Initializing Spring TestDispatcherServlet ''
2026-09-12T18:35:58.117+08:00  INFO 27615 --- [control-app] [           main] [                                                 ] o.s.t.web.servlet.TestDispatcherServlet  : Initializing Servlet ''
2026-09-12T18:35:58.117+08:00  INFO 27615 --- [control-app] [           main] [                                                 ] o.s.t.web.servlet.TestDispatcherServlet  : Completed initialization in 0 ms
2026-09-12T18:35:58.128+08:00  INFO 27615 --- [control-app] [           main] [                                                 ] o.s.mock.web.MockServletContext          : Initializing Spring TestDispatcherServlet ''
2026-09-12T18:35:58.128+08:00  INFO 27615 --- [control-app] [           main] [                                                 ] o.s.t.web.servlet.TestDispatcherServlet  : Initializing Servlet ''
2026-09-12T18:35:58.128+08:00  INFO 27615 --- [control-app] [           main] [                                                 ] o.s.t.web.servlet.TestDispatcherServlet  : Completed initialization in 0 ms
2026-09-12T18:35:58.152+08:00  INFO 27615 --- [control-app] [           main] [                                                 ] o.s.mock.web.MockServletContext          : Initializing Spring TestDispatcherServlet ''
2026-09-12T18:35:58.152+08:00  INFO 27615 --- [control-app] [           main] [                                                 ] o.s.t.web.servlet.TestDispatcherServlet  : Initializing Servlet ''
2026-09-12T18:35:58.153+08:00  INFO 27615 --- [control-app] [           main] [                                                 ] o.s.t.web.servlet.TestDispatcherServlet  : Completed initialization in 1 ms
2026-09-12T18:35:58.179+08:00  INFO 27615 --- [control-app] [           main] [                                                 ] o.s.mock.web.MockServletContext          : Initializing Spring TestDispatcherServlet ''
2026-09-12T18:35:58.179+08:00  INFO 27615 --- [control-app] [           main] [                                                 ] o.s.t.web.servlet.TestDispatcherServlet  : Initializing Servlet ''
2026-09-12T18:35:58.179+08:00  INFO 27615 --- [control-app] [           main] [                                                 ] o.s.t.web.servlet.TestDispatcherServlet  : Completed initialization in 0 ms
[INFO] Tests run: 5, Failures: 0, Errors: 0, Skipped: 0, Time elapsed: 0.089 s -- in com.objwww.pr.control.alert.interfaces.EventQueryControllerTest
[INFO] Running com.objwww.pr.control.alert.interfaces.RunConfigEpochControllerTest
[INFO] Tests run: 3, Failures: 0, Errors: 0, Skipped: 0, Time elapsed: 0.143 s -- in com.objwww.pr.control.alert.interfaces.RunConfigEpochControllerTest
[INFO] Running com.objwww.pr.control.alert.support.AlertInMemoryStoresTest
[INFO] Tests run: 6, Failures: 0, Errors: 0, Skipped: 0, Time elapsed: 0.011 s -- in com.objwww.pr.control.alert.support.AlertInMemoryStoresTest
[INFO] Running com.objwww.pr.control.application.ModelGatewayTest
2026-09-12T18:35:58.344+08:00  WARN 27615 --- [control-app] [           main] [                                                 ] c.o.pr.control.application.ModelGateway  : 账本 STARTED 写失败，零触网（D5）: RuntimeException
2026-09-12T18:35:58.357+08:00  WARN 27615 --- [control-app] [           main] [                                                 ] c.o.pr.control.application.ModelGateway  : 账本终态写失败（SUCCEEDED），转 UNKNOWN 语义: RuntimeException
[INFO] Tests run: 10, Failures: 0, Errors: 0, Skipped: 0, Time elapsed: 0.024 s -- in com.objwww.pr.control.application.ModelGatewayTest
[INFO] Running com.objwww.pr.control.ControlContextSmokeTest
2026-09-12T18:35:58.376+08:00  INFO 27615 --- [control-app] [           main] [                                                 ] t.c.s.AnnotationConfigContextLoaderUtils : Could not detect default configuration classes for test class [com.objwww.pr.control.ControlContextSmokeTest]: ControlContextSmokeTest does not declare any static, non-private, non-final, nested classes annotated with @Configuration.
2026-09-12T18:35:58.456+08:00  INFO 27615 --- [control-app] [           main] [                                                 ] .b.t.c.SpringBootTestContextBootstrapper : Found @SpringBootConfiguration com.objwww.pr.control.ControlApplication for test class com.objwww.pr.control.ControlContextSmokeTest

  .   ____          _            __ _ _
 /\\ / ___'_ __ _ _(_)_ __  __ _ \ \ \ \
( ( )\___ | '_ | '_| | '_ \/ _` | \ \ \ \
 \\/  ___)| |_)| | | | | || (_| |  ) ) ) )
  '  |____| .__|_| |_|_| |_\__, | / / / /
 =========|_|==============|___/=/_/_/_/

 :: Spring Boot ::                (v3.4.5)

2026-09-12T18:35:58.538+08:00  INFO 27615 --- [control-app] [           main] [                                                 ] c.o.pr.control.ControlContextSmokeTest   : Starting ControlContextSmokeTest using Java 21.0.12.1 with PID 27615 (started by root in /opt/build/pr/control-app)
2026-09-12T18:35:58.539+08:00  INFO 27615 --- [control-app] [           main] [                                                 ] c.o.pr.control.ControlContextSmokeTest   : No active profile set, falling back to 1 default profile: "default"
2026-09-12T18:35:59.633+08:00  INFO 27615 --- [control-app] [           main] [                                                 ] r$InitializeUserDetailsManagerConfigurer : Global AuthenticationManager configured with UserDetailsService bean with name authUserDetailsService
2026-09-12T18:35:59.801+08:00  INFO 27615 --- [control-app] [           main] [                                                 ] o.s.b.a.e.web.EndpointLinksResolver      : Exposing 3 endpoints beneath base path '/actuator'
2026-09-12T18:36:00.045+08:00  INFO 27615 --- [control-app] [           main] [                                                 ] c.o.pr.control.ControlContextSmokeTest   : Started ControlContextSmokeTest in 1.585 seconds (process running for 26.602)
[INFO] Tests run: 1, Failures: 0, Errors: 0, Skipped: 0, Time elapsed: 1.691 s -- in com.objwww.pr.control.ControlContextSmokeTest
[INFO] Running com.objwww.pr.control.ops.domain.statemachine.OperatorCaseStateMachineTest
[INFO] Tests run: 4, Failures: 0, Errors: 0, Skipped: 0, Time elapsed: 0.004 s -- in com.objwww.pr.control.ops.domain.statemachine.OperatorCaseStateMachineTest
[INFO] Running com.objwww.pr.control.ops.domain.model.RetentionPolicyTest
[INFO] Tests run: 5, Failures: 0, Errors: 0, Skipped: 0, Time elapsed: 0.003 s -- in com.objwww.pr.control.ops.domain.model.RetentionPolicyTest
[INFO] Running com.objwww.pr.control.ops.application.ArchiveServiceTest
2026-09-12T18:36:00.072+08:00  INFO 27615 --- [control-app] [           main] [                                                 ] c.o.p.c.ops.application.ArchiveService   : CONTROL_ARCHIVE_REJECTED table=rca_event partition=rca_event_2026_07 gate=verify_failed
2026-09-12T18:36:00.075+08:00  INFO 27615 --- [control-app] [           main] [                                                 ] c.o.p.c.ops.application.ArchiveService   : CONTROL_ARCHIVE_REJECTED table=rca_event partition=rca_event_2026_07 gate=legal_hold
2026-09-12T18:36:00.075+08:00  INFO 27615 --- [control-app] [           main] [                                                 ] c.o.p.c.ops.application.ArchiveService   : CONTROL_ARCHIVE_REJECTED table=rca_event partition=rca_event_2026_07 gate=export_failed
[INFO] Tests run: 7, Failures: 0, Errors: 0, Skipped: 0, Time elapsed: 0.007 s -- in com.objwww.pr.control.ops.application.ArchiveServiceTest
[INFO] Running com.objwww.pr.control.ops.application.RetentionServiceTest
[INFO] Tests run: 8, Failures: 0, Errors: 0, Skipped: 0, Time elapsed: 0.005 s -- in com.objwww.pr.control.ops.application.RetentionServiceTest
[INFO] Running com.objwww.pr.control.ops.application.AgentOpsSummaryServiceTest
[INFO] Tests run: 2, Failures: 0, Errors: 0, Skipped: 0, Time elapsed: 0.003 s -- in com.objwww.pr.control.ops.application.AgentOpsSummaryServiceTest
[INFO] Running com.objwww.pr.control.ops.application.OperatorCaseServiceTest
2026-09-12T18:36:00.089+08:00  INFO 27615 --- [control-app] [           main] [                                                 ] c.o.p.c.o.a.OperatorCaseService          : {"event":"operator_case_transition","ts":"2026-09-12T10:36:00.088500365Z","to":"OPEN","rule":"T00_CREATE","caseId":"0391319f-04db-4217-ba40-b5396110ab89","revision":1}
2026-09-12T18:36:00.091+08:00  INFO 27615 --- [control-app] [           main] [                                                 ] c.o.p.c.o.a.OperatorCaseService          : {"event":"operator_case_transition","ts":"2026-09-12T10:36:00.091358747Z","to":"ACKED","rule":"T10_CLAIM","caseId":"0391319f-04db-4217-ba40-b5396110ab89","revision":2}
2026-09-12T18:36:00.092+08:00  INFO 27615 --- [control-app] [           main] [                                                 ] c.o.p.c.o.a.OperatorCaseService          : {"event":"operator_case_transition","ts":"2026-09-12T10:36:00.092152131Z","to":"RESOLVED","rule":"T31_RESOLVE","caseId":"0391319f-04db-4217-ba40-b5396110ab89","revision":3}
2026-09-12T18:36:00.093+08:00  INFO 27615 --- [control-app] [           main] [                                                 ] c.o.p.c.o.a.OperatorCaseService          : {"event":"operator_case_transition","ts":"2026-09-12T10:36:00.093165519Z","to":"OPEN","rule":"T00_CREATE","caseId":"4c51781c-3c94-444d-8a13-d88bd8ea723a","revision":1}
2026-09-12T18:36:00.093+08:00  INFO 27615 --- [control-app] [           main] [                                                 ] c.o.p.c.o.a.OperatorCaseService          : {"event":"operator_case_transition","ts":"2026-09-12T10:36:00.093510479Z","to":"OPEN","rule":"T50_MERGE","caseId":"4c51781c-3c94-444d-8a13-d88bd8ea723a","revision":2}
2026-09-12T18:36:00.096+08:00  INFO 27615 --- [control-app] [           main] [                                                 ] c.o.p.c.o.a.OperatorCaseService          : {"event":"operator_case_transition","ts":"2026-09-12T10:36:00.096532922Z","to":"OPEN","rule":"T00_CREATE","caseId":"80e99ab8-6051-46a4-bb17-7a9abb553e54","revision":1}
2026-09-12T18:36:00.097+08:00  INFO 27615 --- [control-app] [           main] [                                                 ] c.o.p.c.o.a.OperatorCaseService          : {"event":"operator_case_transition","ts":"2026-09-12T10:36:00.097451010Z","to":"OPEN","rule":"T40_ASSIGN","caseId":"80e99ab8-6051-46a4-bb17-7a9abb553e54","revision":2}
2026-09-12T18:36:00.098+08:00  INFO 27615 --- [control-app] [           main] [                                                 ] c.o.p.c.o.a.OperatorCaseService          : {"event":"operator_case_transition","ts":"2026-09-12T10:36:00.098227853Z","to":"OPEN","rule":"T00_CREATE","caseId":"02ef8cef-4938-47c5-9c55-a3cd791c2702","revision":1}
2026-09-12T18:36:00.098+08:00  INFO 27615 --- [control-app] [           main] [                                                 ] c.o.p.c.o.a.OperatorCaseService          : {"event":"operator_case_transition","ts":"2026-09-12T10:36:00.098441927Z","to":"ACKED","rule":"T10_CLAIM","caseId":"02ef8cef-4938-47c5-9c55-a3cd791c2702","revision":2}
2026-09-12T18:36:00.099+08:00  INFO 27615 --- [control-app] [           main] [                                                 ] c.o.p.c.o.a.OperatorCaseService          : {"event":"operator_case_transition","ts":"2026-09-12T10:36:00.099040443Z","to":"OPEN","rule":"T00_CREATE","caseId":"837a9a50-c45f-4032-b6a3-af1d906bf596","revision":1}
2026-09-12T18:36:00.099+08:00  INFO 27615 --- [control-app] [           main] [                                                 ] c.o.p.c.o.a.OperatorCaseService          : {"event":"operator_case_transition","ts":"2026-09-12T10:36:00.099206906Z","to":"RESOLVED","rule":"T30_RESOLVE","caseId":"837a9a50-c45f-4032-b6a3-af1d906bf596","revision":2}
2026-09-12T18:36:00.100+08:00  INFO 27615 --- [control-app] [           main] [                                                 ] c.o.p.c.o.a.OperatorCaseService          : {"event":"operator_case_transition","ts":"2026-09-12T10:36:00.100338949Z","to":"OPEN","rule":"T00_CREATE","caseId":"328fab32-c4b9-42c1-83cd-7c89772793fa","revision":1}
2026-09-12T18:36:00.100+08:00  INFO 27615 --- [control-app] [           main] [                                                 ] c.o.p.c.o.a.OperatorCaseService          : {"event":"operator_case_transition","ts":"2026-09-12T10:36:00.100533024Z","to":"OPEN","rule":"T60_ESCALATE","caseId":"328fab32-c4b9-42c1-83cd-7c89772793fa","revision":2}
2026-09-12T18:36:00.101+08:00  INFO 27615 --- [control-app] [           main] [                                                 ] c.o.p.c.o.a.OperatorCaseService          : {"event":"operator_case_transition","ts":"2026-09-12T10:36:00.101087999Z","to":"OPEN","rule":"T00_CREATE","caseId":"c360f76d-9b4b-4a0a-9539-1ad7d6ab0f45","revision":1}
2026-09-12T18:36:00.101+08:00  INFO 27615 --- [control-app] [           main] [                                                 ] c.o.p.c.o.a.OperatorCaseService          : {"event":"operator_case_transition","ts":"2026-09-12T10:36:00.101223684Z","to":"ACKED","rule":"T10_CLAIM","caseId":"c360f76d-9b4b-4a0a-9539-1ad7d6ab0f45","revision":2}
2026-09-12T18:36:00.101+08:00  INFO 27615 --- [control-app] [           main] [                                                 ] c.o.p.c.o.a.OperatorCaseService          : {"event":"operator_case_transition","ts":"2026-09-12T10:36:00.101331758Z","to":"RESOLVED","rule":"T31_RESOLVE","caseId":"c360f76d-9b4b-4a0a-9539-1ad7d6ab0f45","revision":3}
2026-09-12T18:36:00.101+08:00  INFO 27615 --- [control-app] [           main] [                                                 ] c.o.p.c.o.a.OperatorCaseService          : {"event":"operator_case_transition","ts":"2026-09-12T10:36:00.101492030Z","to":"RESOLVED","rule":"T52_MERGE","caseId":"c360f76d-9b4b-4a0a-9539-1ad7d6ab0f45","revision":4}
2026-09-12T18:36:00.102+08:00  INFO 27615 --- [control-app] [           main] [                                                 ] c.o.p.c.o.a.OperatorCaseService          : {"event":"operator_case_transition","ts":"2026-09-12T10:36:00.102076591Z","to":"OPEN","rule":"T00_CREATE","caseId":"dc5735ca-ec87-45cd-afeb-5b5d4ce0ae07","revision":1}
2026-09-12T18:36:00.102+08:00  INFO 27615 --- [control-app] [           main] [                                                 ] c.o.p.c.o.a.OperatorCaseService          : {"event":"operator_case_transition","ts":"2026-09-12T10:36:00.102618382Z","to":"OPEN","rule":"T00_CREATE","caseId":"bbaa4140-982b-4a64-a7dd-4d45457b92a2","revision":1}
2026-09-12T18:36:00.102+08:00  INFO 27615 --- [control-app] [           main] [                                                 ] c.o.p.c.o.a.OperatorCaseService          : {"event":"operator_case_transition","ts":"2026-09-12T10:36:00.102754848Z","to":"ACKED","rule":"T10_CLAIM","caseId":"bbaa4140-982b-4a64-a7dd-4d45457b92a2","revision":2}
2026-09-12T18:36:00.103+08:00  INFO 27615 --- [control-app] [           main] [                                                 ] c.o.p.c.o.a.OperatorCaseService          : {"event":"operator_case_transition","ts":"2026-09-12T10:36:00.103588148Z","to":"OPEN","rule":"T00_CREATE","caseId":"2e9ac481-7245-4113-87b0-6cad120ff1d3","revision":1}
2026-09-12T18:36:00.103+08:00  INFO 27615 --- [control-app] [           main] [                                                 ] c.o.p.c.o.a.OperatorCaseService          : {"event":"operator_case_transition","ts":"2026-09-12T10:36:00.103766884Z","to":"ACKED","rule":"T10_CLAIM","caseId":"2e9ac481-7245-4113-87b0-6cad120ff1d3","revision":2}
2026-09-12T18:36:00.104+08:00  INFO 27615 --- [control-app] [           main] [                                                 ] c.o.p.c.o.a.OperatorCaseService          : {"event":"operator_case_transition","ts":"2026-09-12T10:36:00.104339192Z","to":"OPEN","rule":"T00_CREATE","caseId":"7cd22401-c8e2-4646-98d1-3da6fd704011","revision":1}
2026-09-12T18:36:00.104+08:00  INFO 27615 --- [control-app] [           main] [                                                 ] c.o.p.c.o.a.OperatorCaseService          : {"event":"operator_case_transition","ts":"2026-09-12T10:36:00.104563414Z","to":"OPEN","rule":"T50_MERGE","caseId":"7cd22401-c8e2-4646-98d1-3da6fd704011","revision":2}
2026-09-12T18:36:00.104+08:00  INFO 27615 --- [control-app] [           main] [                                                 ] c.o.p.c.o.a.OperatorCaseService          : {"event":"operator_case_transition","ts":"2026-09-12T10:36:00.104735819Z","to":"OPEN","rule":"T50_MERGE","caseId":"7cd22401-c8e2-4646-98d1-3da6fd704011","revision":3}
2026-09-12T18:36:00.108+08:00  INFO 27615 --- [control-app] [           main] [                                                 ] c.o.p.c.o.a.OperatorCaseService          : {"event":"operator_case_transition","ts":"2026-09-12T10:36:00.108573867Z","to":"OPEN","rule":"T00_CREATE","caseId":"4d7459ff-daf1-4e50-a590-821ada43eaeb","revision":1}
2026-09-12T18:36:00.108+08:00  INFO 27615 --- [control-app] [           main] [                                                 ] c.o.p.c.o.a.OperatorCaseService          : {"event":"operator_case_transition","ts":"2026-09-12T10:36:00.108919748Z","to":"OPEN","rule":"T60_ESCALATE","caseId":"4d7459ff-daf1-4e50-a590-821ada43eaeb","revision":2}
2026-09-12T18:36:00.110+08:00  INFO 27615 --- [control-app] [           main] [                                                 ] c.o.p.c.o.a.OperatorCaseService          : {"event":"operator_case_transition","ts":"2026-09-12T10:36:00.110053503Z","to":"OPEN","rule":"T00_CREATE","caseId":"befbb8ef-e6d0-48dc-b6e3-cfbb804e659a","revision":1}
2026-09-12T18:36:00.110+08:00  INFO 27615 --- [control-app] [           main] [                                                 ] c.o.p.c.o.a.OperatorCaseService          : {"event":"operator_case_transition","ts":"2026-09-12T10:36:00.110246186Z","to":"ACKED","rule":"T10_CLAIM","caseId":"befbb8ef-e6d0-48dc-b6e3-cfbb804e659a","revision":2}
2026-09-12T18:36:00.110+08:00  INFO 27615 --- [control-app] [           main] [                                                 ] c.o.p.c.o.a.OperatorCaseService          : {"event":"operator_case_transition","ts":"2026-09-12T10:36:00.110723374Z","to":"RESOLVED","rule":"T31_RESOLVE","caseId":"befbb8ef-e6d0-48dc-b6e3-cfbb804e659a","revision":3}
2026-09-12T18:36:00.112+08:00  INFO 27615 --- [control-app] [           main] [                                                 ] c.o.p.c.o.a.OperatorCaseService          : {"event":"operator_case_transition","ts":"2026-09-12T10:36:00.112406635Z","to":"OPEN","rule":"T00_CREATE","caseId":"bb4ac2cb-3ad1-47d1-8dd6-a8485ebaf6d3","revision":1}
2026-09-12T18:36:00.112+08:00  INFO 27615 --- [control-app] [           main] [                                                 ] c.o.p.c.o.a.OperatorCaseService          : {"event":"operator_case_transition","ts":"2026-09-12T10:36:00.112642018Z","to":"OPEN","rule":"T40_ASSIGN","caseId":"bb4ac2cb-3ad1-47d1-8dd6-a8485ebaf6d3","revision":2}
2026-09-12T18:36:00.114+08:00  INFO 27615 --- [control-app] [           main] [                                                 ] c.o.p.c.o.a.OperatorCaseService          : {"event":"operator_case_transition","ts":"2026-09-12T10:36:00.114190003Z","to":"OPEN","rule":"T00_CREATE","caseId":"33214122-43bf-41c9-a2cf-7939fdf0acb1","revision":1}
2026-09-12T18:36:00.114+08:00  INFO 27615 --- [control-app] [           main] [                                                 ] c.o.p.c.o.a.OperatorCaseService          : {"event":"operator_case_transition","ts":"2026-09-12T10:36:00.114416780Z","to":"ACKED","rule":"T10_CLAIM","caseId":"33214122-43bf-41c9-a2cf-7939fdf0acb1","revision":2}
[INFO] Tests run: 16, Failures: 0, Errors: 0, Skipped: 0, Time elapsed: 0.029 s -- in com.objwww.pr.control.ops.application.OperatorCaseServiceTest
[INFO] Running com.objwww.pr.control.ops.dutybot.domain.BotIntentRecognizerTest
[INFO] Tests run: 10, Failures: 0, Errors: 0, Skipped: 0, Time elapsed: 0.005 s -- in com.objwww.pr.control.ops.dutybot.domain.BotIntentRecognizerTest
[INFO] Running com.objwww.pr.control.ops.dutybot.application.DutyBotServiceTest
[INFO] Tests run: 15, Failures: 0, Errors: 0, Skipped: 0, Time elapsed: 0.044 s -- in com.objwww.pr.control.ops.dutybot.application.DutyBotServiceTest
[INFO] Running com.objwww.pr.control.ops.interfaces.OperatorApiControllerTest
2026-09-12T18:36:00.177+08:00  INFO 27615 --- [control-app] [           main] [                                                 ] o.s.mock.web.MockServletContext          : Initializing Spring TestDispatcherServlet ''
2026-09-12T18:36:00.177+08:00  INFO 27615 --- [control-app] [           main] [                                                 ] o.s.t.web.servlet.TestDispatcherServlet  : Initializing Servlet ''
2026-09-12T18:36:00.177+08:00  INFO 27615 --- [control-app] [           main] [                                                 ] o.s.t.web.servlet.TestDispatcherServlet  : Completed initialization in 0 ms
2026-09-12T18:36:00.187+08:00  INFO 27615 --- [control-app] [           main] [                                                 ] o.s.mock.web.MockServletContext          : Initializing Spring TestDispatcherServlet ''
2026-09-12T18:36:00.187+08:00  INFO 27615 --- [control-app] [           main] [                                                 ] o.s.t.web.servlet.TestDispatcherServlet  : Initializing Servlet ''
2026-09-12T18:36:00.189+08:00  INFO 27615 --- [control-app] [           main] [                                                 ] o.s.t.web.servlet.TestDispatcherServlet  : Completed initialization in 0 ms
2026-09-12T18:36:00.190+08:00  INFO 27615 --- [control-app] [           main] [                                                 ] c.o.p.c.o.a.OperatorCaseService          : {"event":"operator_case_transition","ts":"2026-09-12T10:36:00.189974982Z","to":"OPEN","rule":"T00_CREATE","caseId":"eafc1e81-b7c7-4514-8b56-59d6966b7098","revision":1}
2026-09-12T18:36:00.190+08:00  INFO 27615 --- [control-app] [           main] [                                                 ] c.o.p.c.o.a.OperatorCaseService          : {"event":"operator_case_transition","ts":"2026-09-12T10:36:00.190242967Z","to":"OPEN","rule":"T00_CREATE","caseId":"6edef54a-c5c6-40b1-8ce9-bcce1d9d432e","revision":1}
2026-09-12T18:36:00.190+08:00  INFO 27615 --- [control-app] [           main] [                                                 ] c.o.p.c.o.a.OperatorCaseService          : {"event":"operator_case_transition","ts":"2026-09-12T10:36:00.190373753Z","to":"ACKED","rule":"T10_CLAIM","caseId":"6edef54a-c5c6-40b1-8ce9-bcce1d9d432e","revision":2}
2026-09-12T18:36:00.190+08:00  INFO 27615 --- [control-app] [           main] [                                                 ] c.o.p.c.o.a.OperatorCaseService          : {"event":"operator_case_transition","ts":"2026-09-12T10:36:00.190530959Z","to":"OPEN","rule":"T00_CREATE","caseId":"ffef2434-4bd1-42c0-a4cc-62bc00d7107a","revision":1}
2026-09-12T18:36:00.190+08:00  INFO 27615 --- [control-app] [           main] [                                                 ] c.o.p.c.o.a.OperatorCaseService          : {"event":"operator_case_transition","ts":"2026-09-12T10:36:00.190681993Z","to":"OPEN","rule":"T00_CREATE","caseId":"5a1dc5b8-a063-4b84-bd50-479da1676957","revision":1}
2026-09-12T18:36:00.190+08:00  INFO 27615 --- [control-app] [           main] [                                                 ] c.o.p.c.o.a.OperatorCaseService          : {"event":"operator_case_transition","ts":"2026-09-12T10:36:00.190779978Z","to":"ACKED","rule":"T10_CLAIM","caseId":"5a1dc5b8-a063-4b84-bd50-479da1676957","revision":2}
2026-09-12T18:36:00.191+08:00  INFO 27615 --- [control-app] [           main] [                                                 ] c.o.p.c.o.a.OperatorCaseService          : {"event":"operator_case_transition","ts":"2026-09-12T10:36:00.190971329Z","to":"OPEN","rule":"T00_CREATE","caseId":"d6b7ddc9-da50-4365-b9d5-fb605ca13a44","revision":1}
2026-09-12T18:36:00.191+08:00  INFO 27615 --- [control-app] [           main] [                                                 ] c.o.p.c.o.a.OperatorCaseService          : {"event":"operator_case_transition","ts":"2026-09-12T10:36:00.191116733Z","to":"RESOLVED","rule":"T30_RESOLVE","caseId":"d6b7ddc9-da50-4365-b9d5-fb605ca13a44","revision":2}
2026-09-12T18:36:00.203+08:00  INFO 27615 --- [control-app] [           main] [                                                 ] o.s.mock.web.MockServletContext          : Initializing Spring TestDispatcherServlet ''
2026-09-12T18:36:00.203+08:00  INFO 27615 --- [control-app] [           main] [                                                 ] o.s.t.web.servlet.TestDispatcherServlet  : Initializing Servlet ''
2026-09-12T18:36:00.203+08:00  INFO 27615 --- [control-app] [           main] [                                                 ] o.s.t.web.servlet.TestDispatcherServlet  : Completed initialization in 0 ms
2026-09-12T18:36:00.210+08:00  INFO 27615 --- [control-app] [           main] [                                                 ] c.o.p.c.o.a.OperatorCaseService          : {"event":"operator_case_transition","ts":"2026-09-12T10:36:00.203791832Z","to":"OPEN","rule":"T00_CREATE","caseId":"499b1e6a-1b8c-44b5-8311-5e913469efaa","revision":1}
2026-09-12T18:36:00.210+08:00  INFO 27615 --- [control-app] [           main] [                                                 ] c.o.p.c.o.a.OperatorCaseService          : {"event":"operator_case_transition","ts":"2026-09-12T10:36:00.210417590Z","to":"ACKED","rule":"T10_CLAIM","caseId":"499b1e6a-1b8c-44b5-8311-5e913469efaa","revision":2}
2026-09-12T18:36:00.213+08:00  INFO 27615 --- [control-app] [           main] [                                                 ] c.o.p.c.o.i.OperatorApiController        : operator-case resolve: case=499b1e6a-1b8c-44b5-8311-5e913469efaa idem-key=ui-5 operator=operator-a
2026-09-12T18:36:00.213+08:00  INFO 27615 --- [control-app] [           main] [                                                 ] c.o.p.c.o.a.OperatorCaseService          : {"event":"operator_case_transition","ts":"2026-09-12T10:36:00.213480498Z","to":"RESOLVED","rule":"T31_RESOLVE","caseId":"499b1e6a-1b8c-44b5-8311-5e913469efaa","revision":3}
2026-09-12T18:36:00.218+08:00  INFO 27615 --- [control-app] [           main] [                                                 ] o.s.mock.web.MockServletContext          : Initializing Spring TestDispatcherServlet ''
2026-09-12T18:36:00.223+08:00  INFO 27615 --- [control-app] [           main] [                                                 ] o.s.t.web.servlet.TestDispatcherServlet  : Initializing Servlet ''
2026-09-12T18:36:00.224+08:00  INFO 27615 --- [control-app] [           main] [                                                 ] o.s.t.web.servlet.TestDispatcherServlet  : Completed initialization in 1 ms
2026-09-12T18:36:00.224+08:00  INFO 27615 --- [control-app] [           main] [                                                 ] c.o.p.c.o.a.OperatorCaseService          : {"event":"operator_case_transition","ts":"2026-09-12T10:36:00.224536469Z","to":"OPEN","rule":"T00_CREATE","caseId":"3af7ba15-9422-44e8-b67f-5d6cdb3ddffb","revision":1}
2026-09-12T18:36:00.227+08:00  INFO 27615 --- [control-app] [           main] [                                                 ] c.o.p.c.o.i.OperatorApiController        : operator-case assign: case=3af7ba15-9422-44e8-b67f-5d6cdb3ddffb idem-key=ui-6 operator=dispatcher
2026-09-12T18:36:00.227+08:00  INFO 27615 --- [control-app] [           main] [                                                 ] c.o.p.c.o.a.OperatorCaseService          : {"event":"operator_case_transition","ts":"2026-09-12T10:36:00.227507113Z","to":"OPEN","rule":"T40_ASSIGN","caseId":"3af7ba15-9422-44e8-b67f-5d6cdb3ddffb","revision":2}
2026-09-12T18:36:00.231+08:00  INFO 27615 --- [control-app] [           main] [                                                 ] c.o.p.c.o.i.OperatorApiController        : operator-case assign: case=3af7ba15-9422-44e8-b67f-5d6cdb3ddffb idem-key=ui-7 operator=dispatcher
2026-09-12T18:36:00.232+08:00  INFO 27615 --- [control-app] [           main] [                                                 ] c.o.p.c.o.a.OperatorCaseService          : {"event":"operator_case_transition","ts":"2026-09-12T10:36:00.232174273Z","to":"OPEN","rule":"T40_ASSIGN","caseId":"3af7ba15-9422-44e8-b67f-5d6cdb3ddffb","revision":3}
2026-09-12T18:36:00.237+08:00  INFO 27615 --- [control-app] [           main] [                                                 ] o.s.mock.web.MockServletContext          : Initializing Spring TestDispatcherServlet ''
2026-09-12T18:36:00.237+08:00  INFO 27615 --- [control-app] [           main] [                                                 ] o.s.t.web.servlet.TestDispatcherServlet  : Initializing Servlet ''
2026-09-12T18:36:00.237+08:00  INFO 27615 --- [control-app] [           main] [                                                 ] o.s.t.web.servlet.TestDispatcherServlet  : Completed initialization in 0 ms
2026-09-12T18:36:00.238+08:00  INFO 27615 --- [control-app] [           main] [                                                 ] c.o.p.c.o.a.OperatorCaseService          : {"event":"operator_case_transition","ts":"2026-09-12T10:36:00.237932126Z","to":"OPEN","rule":"T00_CREATE","caseId":"c3bafd67-8bcb-40bd-be4a-4c9b11691c47","revision":1}
2026-09-12T18:36:00.238+08:00  INFO 27615 --- [control-app] [           main] [                                                 ] c.o.p.c.o.a.OperatorCaseService          : {"event":"operator_case_transition","ts":"2026-09-12T10:36:00.238161658Z","to":"ACKED","rule":"T10_CLAIM","caseId":"c3bafd67-8bcb-40bd-be4a-4c9b11691c47","revision":2}
2026-09-12T18:36:00.250+08:00  INFO 27615 --- [control-app] [           main] [                                                 ] o.s.mock.web.MockServletContext          : Initializing Spring TestDispatcherServlet ''
2026-09-12T18:36:00.250+08:00  INFO 27615 --- [control-app] [           main] [                                                 ] o.s.t.web.servlet.TestDispatcherServlet  : Initializing Servlet ''
2026-09-12T18:36:00.251+08:00  INFO 27615 --- [control-app] [           main] [                                                 ] o.s.t.web.servlet.TestDispatcherServlet  : Completed initialization in 1 ms
2026-09-12T18:36:00.251+08:00  INFO 27615 --- [control-app] [           main] [                                                 ] c.o.p.c.o.a.OperatorCaseService          : {"event":"operator_case_transition","ts":"2026-09-12T10:36:00.251393105Z","to":"OPEN","rule":"T00_CREATE","caseId":"86992c07-24e5-4c78-975f-ff74a85797a1","revision":1}
2026-09-12T18:36:00.251+08:00  INFO 27615 --- [control-app] [           main] [                                                 ] c.o.p.c.o.a.OperatorCaseService          : {"event":"operator_case_transition","ts":"2026-09-12T10:36:00.251690495Z","to":"RESOLVED","rule":"T30_RESOLVE","caseId":"86992c07-24e5-4c78-975f-ff74a85797a1","revision":2}
2026-09-12T18:36:00.254+08:00  INFO 27615 --- [control-app] [           main] [                                                 ] c.o.p.c.o.i.OperatorApiController        : operator-case claim: case=86992c07-24e5-4c78-975f-ff74a85797a1 idem-key=ui-8 operator=sre-b
2026-09-12T18:36:00.258+08:00  INFO 27615 --- [control-app] [           main] [                                                 ] c.o.p.c.o.i.OperatorApiController        : operator-case claim: case=d95c346f-eabc-4de4-b487-691f300c852b idem-key=ui-9 operator=sre-b
2026-09-12T18:36:00.264+08:00  INFO 27615 --- [control-app] [           main] [                                                 ] o.s.mock.web.MockServletContext          : Initializing Spring TestDispatcherServlet ''
2026-09-12T18:36:00.265+08:00  INFO 27615 --- [control-app] [           main] [                                                 ] o.s.t.web.servlet.TestDispatcherServlet  : Initializing Servlet ''
2026-09-12T18:36:00.265+08:00  INFO 27615 --- [control-app] [           main] [                                                 ] o.s.t.web.servlet.TestDispatcherServlet  : Completed initialization in 0 ms
2026-09-12T18:36:00.265+08:00  INFO 27615 --- [control-app] [           main] [                                                 ] c.o.p.c.o.a.OperatorCaseService          : {"event":"operator_case_transition","ts":"2026-09-12T10:36:00.265653581Z","to":"OPEN","rule":"T00_CREATE","caseId":"aa93ebc2-8d14-4456-be28-aa4f5c5c39d6","revision":1}
2026-09-12T18:36:00.267+08:00  INFO 27615 --- [control-app] [           main] [                                                 ] c.o.p.c.o.i.OperatorApiController        : operator-case claim: case=aa93ebc2-8d14-4456-be28-aa4f5c5c39d6 idem-key=ui-1 operator=sre-li
2026-09-12T18:36:00.267+08:00  INFO 27615 --- [control-app] [           main] [                                                 ] c.o.p.c.o.a.OperatorCaseService          : {"event":"operator_case_transition","ts":"2026-09-12T10:36:00.267666541Z","to":"ACKED","rule":"T10_CLAIM","caseId":"aa93ebc2-8d14-4456-be28-aa4f5c5c39d6","revision":2}
2026-09-12T18:36:00.273+08:00  INFO 27615 --- [control-app] [           main] [                                                 ] o.s.mock.web.MockServletContext          : Initializing Spring TestDispatcherServlet ''
2026-09-12T18:36:00.273+08:00  INFO 27615 --- [control-app] [           main] [                                                 ] o.s.t.web.servlet.TestDispatcherServlet  : Initializing Servlet ''
2026-09-12T18:36:00.274+08:00  INFO 27615 --- [control-app] [           main] [                                                 ] o.s.t.web.servlet.TestDispatcherServlet  : Completed initialization in 1 ms
2026-09-12T18:36:00.274+08:00  INFO 27615 --- [control-app] [           main] [                                                 ] c.o.p.c.o.a.OperatorCaseService          : {"event":"operator_case_transition","ts":"2026-09-12T10:36:00.274404211Z","to":"OPEN","rule":"T00_CREATE","caseId":"f6357c7e-74b5-4f2d-93cd-8c7ae3c5710d","revision":1}
2026-09-12T18:36:00.274+08:00  INFO 27615 --- [control-app] [           main] [                                                 ] c.o.p.c.o.a.OperatorCaseService          : {"event":"operator_case_transition","ts":"2026-09-12T10:36:00.274639693Z","to":"OPEN","rule":"T00_CREATE","caseId":"cce93676-b36e-4e4c-ad83-c862c942daf3","revision":1}
2026-09-12T18:36:00.274+08:00  INFO 27615 --- [control-app] [           main] [                                                 ] c.o.p.c.o.a.OperatorCaseService          : {"event":"operator_case_transition","ts":"2026-09-12T10:36:00.274856923Z","to":"OPEN","rule":"T00_CREATE","caseId":"0a7c5b43-cdd4-4c4c-ad75-de834c4fe17b","revision":1}
2026-09-12T18:36:00.286+08:00  INFO 27615 --- [control-app] [           main] [                                                 ] o.s.mock.web.MockServletContext          : Initializing Spring TestDispatcherServlet ''
2026-09-12T18:36:00.286+08:00  INFO 27615 --- [control-app] [           main] [                                                 ] o.s.t.web.servlet.TestDispatcherServlet  : Initializing Servlet ''
2026-09-12T18:36:00.286+08:00  INFO 27615 --- [control-app] [           main] [                                                 ] o.s.t.web.servlet.TestDispatcherServlet  : Completed initialization in 0 ms
2026-09-12T18:36:00.287+08:00  INFO 27615 --- [control-app] [           main] [                                                 ] c.o.p.c.o.a.OperatorCaseService          : {"event":"operator_case_transition","ts":"2026-09-12T10:36:00.286994791Z","to":"OPEN","rule":"T00_CREATE","caseId":"437c7e33-5304-4deb-a1d2-2df8c0c4b0a5","revision":1}
2026-09-12T18:36:00.287+08:00  INFO 27615 --- [control-app] [           main] [                                                 ] c.o.p.c.o.a.OperatorCaseService          : {"event":"operator_case_transition","ts":"2026-09-12T10:36:00.287231707Z","to":"ACKED","rule":"T10_CLAIM","caseId":"437c7e33-5304-4deb-a1d2-2df8c0c4b0a5","revision":2}
2026-09-12T18:36:00.291+08:00  INFO 27615 --- [control-app] [           main] [                                                 ] c.o.p.c.o.i.OperatorApiController        : operator-case resolve: case=437c7e33-5304-4deb-a1d2-2df8c0c4b0a5 idem-key=ui-4 operator=operator-a
2026-09-12T18:36:00.292+08:00  INFO 27615 --- [control-app] [           main] [                                                 ] c.o.p.c.o.a.OperatorCaseService          : {"event":"operator_case_transition","ts":"2026-09-12T10:36:00.291981442Z","to":"RESOLVED","rule":"T31_RESOLVE","caseId":"437c7e33-5304-4deb-a1d2-2df8c0c4b0a5","revision":3}
2026-09-12T18:36:00.303+08:00  INFO 27615 --- [control-app] [           main] [                                                 ] o.s.mock.web.MockServletContext          : Initializing Spring TestDispatcherServlet ''
2026-09-12T18:36:00.303+08:00  INFO 27615 --- [control-app] [           main] [                                                 ] o.s.t.web.servlet.TestDispatcherServlet  : Initializing Servlet ''
2026-09-12T18:36:00.303+08:00  INFO 27615 --- [control-app] [           main] [                                                 ] o.s.t.web.servlet.TestDispatcherServlet  : Completed initialization in 0 ms
2026-09-12T18:36:00.303+08:00  INFO 27615 --- [control-app] [           main] [                                                 ] c.o.p.c.o.a.OperatorCaseService          : {"event":"operator_case_transition","ts":"2026-09-12T10:36:00.303644236Z","to":"OPEN","rule":"T00_CREATE","caseId":"b8c26415-c73a-4efc-84fa-98db11d4cfbe","revision":1}
2026-09-12T18:36:00.303+08:00  INFO 27615 --- [control-app] [           main] [                                                 ] c.o.p.c.o.a.OperatorCaseService          : {"event":"operator_case_transition","ts":"2026-09-12T10:36:00.303824505Z","to":"OPEN","rule":"T40_ASSIGN","caseId":"b8c26415-c73a-4efc-84fa-98db11d4cfbe","revision":2}
2026-09-12T18:36:00.305+08:00  INFO 27615 --- [control-app] [           main] [                                                 ] c.o.p.c.o.i.OperatorApiController        : operator-case claim: case=b8c26415-c73a-4efc-84fa-98db11d4cfbe idem-key=ui-2 operator=sre-b
2026-09-12T18:36:00.311+08:00  INFO 27615 --- [control-app] [           main] [                                                 ] o.s.mock.web.MockServletContext          : Initializing Spring TestDispatcherServlet ''
2026-09-12T18:36:00.311+08:00  INFO 27615 --- [control-app] [           main] [                                                 ] o.s.t.web.servlet.TestDispatcherServlet  : Initializing Servlet ''
2026-09-12T18:36:00.312+08:00  INFO 27615 --- [control-app] [           main] [                                                 ] o.s.t.web.servlet.TestDispatcherServlet  : Completed initialization in 0 ms
2026-09-12T18:36:00.312+08:00  INFO 27615 --- [control-app] [           main] [                                                 ] c.o.p.c.o.a.OperatorCaseService          : {"event":"operator_case_transition","ts":"2026-09-12T10:36:00.312521493Z","to":"OPEN","rule":"T00_CREATE","caseId":"5a8e5369-111e-4acb-832a-dcb0f11aeccd","revision":1}
2026-09-12T18:36:00.312+08:00  INFO 27615 --- [control-app] [           main] [                                                 ] c.o.p.c.o.a.OperatorCaseService          : {"event":"operator_case_transition","ts":"2026-09-12T10:36:00.312733021Z","to":"ACKED","rule":"T10_CLAIM","caseId":"5a8e5369-111e-4acb-832a-dcb0f11aeccd","revision":2}
2026-09-12T18:36:00.312+08:00  INFO 27615 --- [control-app] [           main] [                                                 ] c.o.p.c.o.a.OperatorCaseService          : {"event":"operator_case_transition","ts":"2026-09-12T10:36:00.312930023Z","to":"OPEN","rule":"T00_CREATE","caseId":"69c465cc-ec4d-45ac-a390-3c35001a976b","revision":1}
[INFO] Tests run: 11, Failures: 0, Errors: 0, Skipped: 0, Time elapsed: 0.151 s -- in com.objwww.pr.control.ops.interfaces.OperatorApiControllerTest
[INFO] Running com.objwww.pr.control.ops.duty.domain.DutyResolverTest
[INFO] Tests run: 7, Failures: 0, Errors: 0, Skipped: 0, Time elapsed: 0.004 s -- in com.objwww.pr.control.ops.duty.domain.DutyResolverTest
[INFO] Running com.objwww.pr.control.ops.duty.domain.RotationMathTest
[INFO] Tests run: 7, Failures: 0, Errors: 0, Skipped: 0, Time elapsed: 0.009 s -- in com.objwww.pr.control.ops.duty.domain.RotationMathTest
[INFO] Running com.objwww.pr.control.ops.duty.application.DutyDispatchServiceTest
2026-09-12T18:36:00.335+08:00  INFO 27615 --- [control-app] [           main] [                                                 ] c.o.p.c.o.d.a.DutyDispatchService        : {"event":"DUTY_DISPATCH_NO_CHANNEL","ts":"2026-09-12T10:36:00.335319076Z","notification_id":"8509000a-f20c-4466-a19e-c71e9dd0abe2","source":"RCA_SYSTEM","episode_id":"c1a9585c51d49e59048e71f327d1adcb237326bd0cdf3e6e3705ce2c99d93910","reason":"no_channel_configured"}
2026-09-12T18:36:00.340+08:00  INFO 27615 --- [control-app] [           main] [                                                 ] c.o.p.c.o.d.a.DutyDispatchService        : {"event":"DUTY_DISPATCH_NO_CHANNEL","ts":"2026-09-12T10:36:00.339930610Z","notification_id":"c82561ec-215a-3e31-807c-eedf3b3bd25e","source":"MANUAL","episode_id":"12d0e780-154b-4ccc-9bba-c8451d410587","reason":"no_channel_configured"}
2026-09-12T18:36:00.340+08:00  INFO 27615 --- [control-app] [           main] [                                                 ] c.o.p.c.o.d.a.DutyDispatchService        : {"event":"DUTY_DISPATCH_NO_CHANNEL","ts":"2026-09-12T10:36:00.340235214Z","notification_id":"a6bbc91a-e73d-321c-8533-f735470a9cd0","source":"MANUAL","episode_id":"12f3eeff-eea9-4b15-b530-7c1e7a51dac4","reason":"no_channel_configured"}
2026-09-12T18:36:00.342+08:00  INFO 27615 --- [control-app] [           main] [                                                 ] c.o.p.c.o.d.a.DutyDispatchService        : {"event":"DUTY_DISPATCH_NO_CHANNEL","ts":"2026-09-12T10:36:00.342069007Z","notification_id":"c82561ec-215a-3e31-807c-eedf3b3bd25e","source":"RCA_SYSTEM","episode_id":"a4f724be1a3a5392512887fb10b511f976f4f4fe101b7a85636e4bef50950796","reason":"no_channel_configured"}
[INFO] Tests run: 5, Failures: 0, Errors: 0, Skipped: 0, Time elapsed: 0.011 s -- in com.objwww.pr.control.ops.duty.application.DutyDispatchServiceTest
[INFO] Running com.objwww.pr.control.ops.duty.application.DutyFallbackWatcherTest
2026-09-12T18:36:00.350+08:00  INFO 27615 --- [control-app] [           main] [                                                 ] c.o.p.c.o.d.a.DutyFallbackWatcher        : {"event":"DUTY_DEGRADE_DEADLINE","ts":"2026-09-12T10:36:00.350428129Z","notification_id":"9a050603-f769-437c-a795-2f5549d99ef6","dead_priority":1,"reason":"age_beyond_max"}
2026-09-12T18:36:00.351+08:00  INFO 27615 --- [control-app] [           main] [                                                 ] c.o.p.c.o.d.a.DutyFallbackWatcher        : {"event":"DUTY_CHAIN_EXHAUSTED","ts":"2026-09-12T10:36:00.351007942Z","notification_id":"8cfa0f4f-d675-42fd-b757-67bffafb1708","dead_priority":1,"reason":"no_next_channel"}
[INFO] Tests run: 5, Failures: 0, Errors: 0, Skipped: 0, Time elapsed: 0.012 s -- in com.objwww.pr.control.ops.duty.application.DutyFallbackWatcherTest
[INFO] Running com.objwww.pr.control.ops.duty.interfaces.DutyAdminControllerTest
2026-09-12T18:36:00.511+08:00  INFO 27615 --- [control-app] [           main] [                                                 ] o.s.mock.web.MockServletContext          : Initializing Spring TestDispatcherServlet ''
2026-09-12T18:36:00.511+08:00  INFO 27615 --- [control-app] [           main] [                                                 ] o.s.t.web.servlet.TestDispatcherServlet  : Initializing Servlet ''
2026-09-12T18:36:00.511+08:00  INFO 27615 --- [control-app] [           main] [                                                 ] o.s.t.web.servlet.TestDispatcherServlet  : Completed initialization in 0 ms
2026-09-12T18:36:00.537+08:00  INFO 27615 --- [control-app] [           main] [                                                 ] o.s.mock.web.MockServletContext          : Initializing Spring TestDispatcherServlet ''
2026-09-12T18:36:00.537+08:00  INFO 27615 --- [control-app] [           main] [                                                 ] o.s.t.web.servlet.TestDispatcherServlet  : Initializing Servlet ''
2026-09-12T18:36:00.537+08:00  INFO 27615 --- [control-app] [           main] [                                                 ] o.s.t.web.servlet.TestDispatcherServlet  : Completed initialization in 0 ms
2026-09-12T18:36:00.555+08:00  INFO 27615 --- [control-app] [           main] [                                                 ] o.s.mock.web.MockServletContext          : Initializing Spring TestDispatcherServlet ''
2026-09-12T18:36:00.555+08:00  INFO 27615 --- [control-app] [           main] [                                                 ] o.s.t.web.servlet.TestDispatcherServlet  : Initializing Servlet ''
2026-09-12T18:36:00.555+08:00  INFO 27615 --- [control-app] [           main] [                                                 ] o.s.t.web.servlet.TestDispatcherServlet  : Completed initialization in 0 ms
2026-09-12T18:36:00.573+08:00  INFO 27615 --- [control-app] [           main] [                                                 ] o.s.mock.web.MockServletContext          : Initializing Spring TestDispatcherServlet ''
2026-09-12T18:36:00.573+08:00  INFO 27615 --- [control-app] [           main] [                                                 ] o.s.t.web.servlet.TestDispatcherServlet  : Initializing Servlet ''
2026-09-12T18:36:00.573+08:00  INFO 27615 --- [control-app] [           main] [                                                 ] o.s.t.web.servlet.TestDispatcherServlet  : Completed initialization in 0 ms
[INFO] Tests run: 4, Failures: 0, Errors: 0, Skipped: 0, Time elapsed: 0.240 s -- in com.objwww.pr.control.ops.duty.interfaces.DutyAdminControllerTest
[INFO] Running com.objwww.pr.control.ops.duty.interfaces.DutyQueryControllerTest
2026-09-12T18:36:00.605+08:00  INFO 27615 --- [control-app] [           main] [                                                 ] o.s.mock.web.MockServletContext          : Initializing Spring TestDispatcherServlet ''
2026-09-12T18:36:00.605+08:00  INFO 27615 --- [control-app] [           main] [                                                 ] o.s.t.web.servlet.TestDispatcherServlet  : Initializing Servlet ''
2026-09-12T18:36:00.606+08:00  INFO 27615 --- [control-app] [           main] [                                                 ] o.s.t.web.servlet.TestDispatcherServlet  : Completed initialization in 0 ms
2026-09-12T18:36:00.616+08:00  INFO 27615 --- [control-app] [           main] [                                                 ] o.s.mock.web.MockServletContext          : Initializing Spring TestDispatcherServlet ''
2026-09-12T18:36:00.616+08:00  INFO 27615 --- [control-app] [           main] [                                                 ] o.s.t.web.servlet.TestDispatcherServlet  : Initializing Servlet ''
2026-09-12T18:36:00.617+08:00  INFO 27615 --- [control-app] [           main] [                                                 ] o.s.t.web.servlet.TestDispatcherServlet  : Completed initialization in 1 ms
2026-09-12T18:36:00.628+08:00  INFO 27615 --- [control-app] [           main] [                                                 ] o.s.mock.web.MockServletContext          : Initializing Spring TestDispatcherServlet ''
2026-09-12T18:36:00.628+08:00  INFO 27615 --- [control-app] [           main] [                                                 ] o.s.t.web.servlet.TestDispatcherServlet  : Initializing Servlet ''
2026-09-12T18:36:00.628+08:00  INFO 27615 --- [control-app] [           main] [                                                 ] o.s.t.web.servlet.TestDispatcherServlet  : Completed initialization in 0 ms
2026-09-12T18:36:00.642+08:00  INFO 27615 --- [control-app] [           main] [                                                 ] o.s.mock.web.MockServletContext          : Initializing Spring TestDispatcherServlet ''
2026-09-12T18:36:00.642+08:00  INFO 27615 --- [control-app] [           main] [                                                 ] o.s.t.web.servlet.TestDispatcherServlet  : Initializing Servlet ''
2026-09-12T18:36:00.642+08:00  INFO 27615 --- [control-app] [           main] [                                                 ] o.s.t.web.servlet.TestDispatcherServlet  : Completed initialization in 0 ms
2026-09-12T18:36:00.651+08:00  INFO 27615 --- [control-app] [           main] [                                                 ] o.s.mock.web.MockServletContext          : Initializing Spring TestDispatcherServlet ''
2026-09-12T18:36:00.651+08:00  INFO 27615 --- [control-app] [           main] [                                                 ] o.s.t.web.servlet.TestDispatcherServlet  : Initializing Servlet ''
2026-09-12T18:36:00.651+08:00  INFO 27615 --- [control-app] [           main] [                                                 ] o.s.t.web.servlet.TestDispatcherServlet  : Completed initialization in 0 ms
2026-09-12T18:36:00.653+08:00  INFO 27615 --- [control-app] [           main] [                                                 ] c.o.p.c.o.d.a.DutyDispatchService        : {"event":"DUTY_DISPATCH_NO_CHANNEL","ts":"2026-09-12T10:36:00.653369953Z","notification_id":"99a55e8e-c367-4e3b-91bc-79f38d346bfc","source":"MANUAL","episode_id":"aff45fbb-63fe-40e1-8ec9-6584026d10b0","reason":"no_channel_configured"}
2026-09-12T18:36:00.660+08:00  INFO 27615 --- [control-app] [           main] [                                                 ] o.s.mock.web.MockServletContext          : Initializing Spring TestDispatcherServlet ''
2026-09-12T18:36:00.660+08:00  INFO 27615 --- [control-app] [           main] [                                                 ] o.s.t.web.servlet.TestDispatcherServlet  : Initializing Servlet ''
2026-09-12T18:36:00.661+08:00  INFO 27615 --- [control-app] [           main] [                                                 ] o.s.t.web.servlet.TestDispatcherServlet  : Completed initialization in 1 ms
[INFO] Tests run: 6, Failures: 0, Errors: 0, Skipped: 0, Time elapsed: 0.069 s -- in com.objwww.pr.control.ops.duty.interfaces.DutyQueryControllerTest
[INFO] Running com.objwww.pr.control.auth.interfaces.AuthUserAdminControllerTest
2026-09-12T18:36:00.766+08:00  INFO 27615 --- [control-app] [           main] [                                                 ] o.s.mock.web.MockServletContext          : Initializing Spring TestDispatcherServlet ''
2026-09-12T18:36:00.766+08:00  INFO 27615 --- [control-app] [           main] [                                                 ] o.s.t.web.servlet.TestDispatcherServlet  : Initializing Servlet ''
2026-09-12T18:36:00.766+08:00  INFO 27615 --- [control-app] [           main] [                                                 ] o.s.t.web.servlet.TestDispatcherServlet  : Completed initialization in 0 ms
2026-09-12T18:36:00.955+08:00  INFO 27615 --- [control-app] [           main] [                                                 ] o.s.mock.web.MockServletContext          : Initializing Spring TestDispatcherServlet ''
2026-09-12T18:36:00.955+08:00  INFO 27615 --- [control-app] [           main] [                                                 ] o.s.t.web.servlet.TestDispatcherServlet  : Initializing Servlet ''
2026-09-12T18:36:00.955+08:00  INFO 27615 --- [control-app] [           main] [                                                 ] o.s.t.web.servlet.TestDispatcherServlet  : Completed initialization in 0 ms
2026-09-12T18:36:01.051+08:00  INFO 27615 --- [control-app] [           main] [                                                 ] o.s.mock.web.MockServletContext          : Initializing Spring TestDispatcherServlet ''
2026-09-12T18:36:01.051+08:00  INFO 27615 --- [control-app] [           main] [                                                 ] o.s.t.web.servlet.TestDispatcherServlet  : Initializing Servlet ''
2026-09-12T18:36:01.052+08:00  INFO 27615 --- [control-app] [           main] [                                                 ] o.s.t.web.servlet.TestDispatcherServlet  : Completed initialization in 0 ms
2026-09-12T18:36:01.071+08:00  INFO 27615 --- [control-app] [           main] [                                                 ] o.s.mock.web.MockServletContext          : Initializing Spring TestDispatcherServlet ''
2026-09-12T18:36:01.071+08:00  INFO 27615 --- [control-app] [           main] [                                                 ] o.s.t.web.servlet.TestDispatcherServlet  : Initializing Servlet ''
2026-09-12T18:36:01.071+08:00  INFO 27615 --- [control-app] [           main] [                                                 ] o.s.t.web.servlet.TestDispatcherServlet  : Completed initialization in 0 ms
2026-09-12T18:36:01.082+08:00  INFO 27615 --- [control-app] [           main] [                                                 ] o.s.mock.web.MockServletContext          : Initializing Spring TestDispatcherServlet ''
2026-09-12T18:36:01.083+08:00  INFO 27615 --- [control-app] [           main] [                                                 ] o.s.t.web.servlet.TestDispatcherServlet  : Initializing Servlet ''
2026-09-12T18:36:01.083+08:00  INFO 27615 --- [control-app] [           main] [                                                 ] o.s.t.web.servlet.TestDispatcherServlet  : Completed initialization in 0 ms
[INFO] Tests run: 5, Failures: 0, Errors: 0, Skipped: 0, Time elapsed: 0.507 s -- in com.objwww.pr.control.auth.interfaces.AuthUserAdminControllerTest
2026-09-12T18:36:01.181+08:00  INFO 27615 --- [control-app] [           main] [                                                 ] org.testcontainers.DockerClientFactory   : Testcontainers version: 1.20.4
2026-09-12T18:36:01.348+08:00  INFO 27615 --- [control-app] [           main] [                                                 ] o.t.d.DockerClientProviderStrategy       : Loaded org.testcontainers.dockerclient.UnixSocketClientProviderStrategy from ~/.testcontainers.properties, will try it first
2026-09-12T18:36:01.678+08:00  INFO 27615 --- [control-app] [           main] [                                                 ] o.t.d.DockerClientProviderStrategy       : Found Docker environment with local Unix socket (unix:///var/run/docker.sock)
2026-09-12T18:36:01.681+08:00  INFO 27615 --- [control-app] [           main] [                                                 ] org.testcontainers.DockerClientFactory   : Docker host IP address is localhost
2026-09-12T18:36:01.707+08:00  INFO 27615 --- [control-app] [           main] [                                                 ] org.testcontainers.DockerClientFactory   : Connected to docker: 
  Server Version: 26.1.4
  API Version: 1.45
  Operating System: CentOS Linux 7 (Core)
  Total Memory: 7725 MB
2026-09-12T18:36:01.718+08:00  INFO 27615 --- [control-app] [           main] [                                                 ] org.testcontainers.images.PullPolicy     : Image pull policy will be performed by: DefaultPullPolicy()
2026-09-12T18:36:01.720+08:00  INFO 27615 --- [control-app] [           main] [                                                 ] o.t.utility.ImageNameSubstitutor         : Image name substitution will be performed by: DefaultImageNameSubstitutor (composite of 'ConfigurationFileImageNameSubstitutor' and 'PrefixingImageNameSubstitutor')
2026-09-12T18:36:01.784+08:00  INFO 27615 --- [control-app] [           main] [                                                 ] tc.testcontainers/ryuk:0.11.0            : Creating container for image: testcontainers/ryuk:0.11.0
2026-09-12T18:36:01.791+08:00  INFO 27615 --- [control-app] [           main] [                                                 ] o.t.utility.RegistryAuthLocator          : Failure when attempting to lookup auth config. Please ignore if you don't have images in an authenticated registry. Details: (dockerImageName: testcontainers/ryuk:0.11.0, configFile: /root/.docker/config.json, configEnv: DOCKER_AUTH_CONFIG). Falling back to docker-java default behaviour. Exception message: Status 404: No config supplied. Checked in order: /root/.docker/config.json (file not found), DOCKER_AUTH_CONFIG (not set)
2026-09-12T18:36:01.996+08:00  INFO 27615 --- [control-app] [           main] [                                                 ] tc.testcontainers/ryuk:0.11.0            : Container testcontainers/ryuk:0.11.0 is starting: d47d138cee956666cfe5d48eaebb787540051d4bcc131a5f7f848bc5d9b40f2f
2026-09-12T18:36:02.417+08:00  INFO 27615 --- [control-app] [           main] [                                                 ] tc.testcontainers/ryuk:0.11.0            : Container testcontainers/ryuk:0.11.0 started in PT0.632896377S
2026-09-12T18:36:02.457+08:00  INFO 27615 --- [control-app] [           main] [                                                 ] o.t.utility.RyukResourceReaper           : Ryuk started - will monitor and terminate Testcontainers containers on JVM exit
2026-09-12T18:36:02.457+08:00  INFO 27615 --- [control-app] [           main] [                                                 ] org.testcontainers.DockerClientFactory   : Checking the system...
2026-09-12T18:36:02.458+08:00  INFO 27615 --- [control-app] [           main] [                                                 ] org.testcontainers.DockerClientFactory   : ✔︎ Docker server version should be at least 1.6.0
[INFO] Running com.objwww.pr.control.it.PostgresDatasetPartitionAccessTest
2026-09-12T18:36:02.464+08:00  INFO 27615 --- [control-app] [           main] [                                                 ] tc.postgres:16-alpine                    : Creating container for image: postgres:16-alpine
2026-09-12T18:36:02.529+08:00  INFO 27615 --- [control-app] [           main] [                                                 ] tc.postgres:16-alpine                    : Container postgres:16-alpine is starting: 2c0bc7086ed6c15ca622f45341dc0e85f23d012a50b91c94ce8b81096a9ba7e6
2026-09-12T18:36:04.459+08:00  INFO 27615 --- [control-app] [           main] [                                                 ] tc.postgres:16-alpine                    : Container postgres:16-alpine started in PT1.994688609S
2026-09-12T18:36:04.460+08:00  INFO 27615 --- [control-app] [           main] [                                                 ] tc.postgres:16-alpine                    : Container is started (JDBC URL: jdbc:postgresql://localhost:33672/test?loggerLevel=OFF)
2026-09-12T18:36:04.466+08:00  INFO 27615 --- [control-app] [           main] [                                                 ] com.zaxxer.hikari.HikariDataSource       : HikariPool-1 - Starting...
2026-09-12T18:36:04.698+08:00  INFO 27615 --- [control-app] [           main] [                                                 ] com.zaxxer.hikari.pool.HikariPool        : HikariPool-1 - Added connection org.postgresql.jdbc.PgConnection@203c6eed
2026-09-12T18:36:04.699+08:00  INFO 27615 --- [control-app] [           main] [                                                 ] com.zaxxer.hikari.HikariDataSource       : HikariPool-1 - Start completed.
2026-09-12T18:36:04.953+08:00  INFO 27615 --- [control-app] [           main] [                                                 ] org.flywaydb.core.FlywayExecutor         : Database: jdbc:postgresql://localhost:33672/test?loggerLevel=OFF (PostgreSQL 16.15)
2026-09-12T18:36:05.027+08:00  INFO 27615 --- [control-app] [           main] [                                                 ] o.f.c.i.s.JdbcTableSchemaHistory         : Schema history table "public"."flyway_schema_history" does not exist yet
2026-09-12T18:36:05.032+08:00  INFO 27615 --- [control-app] [           main] [                                                 ] o.f.core.internal.command.DbValidate     : Successfully validated 68 migrations (execution time 00:00.049s)
2026-09-12T18:36:05.047+08:00  INFO 27615 --- [control-app] [           main] [                                                 ] o.f.c.i.s.JdbcTableSchemaHistory         : Creating Schema History table "public"."flyway_schema_history" ...
2026-09-12T18:36:05.089+08:00  INFO 27615 --- [control-app] [           main] [                                                 ] o.f.core.internal.command.DbMigrate      : Current version of schema "public": << Empty Schema >>
2026-09-12T18:36:05.130+08:00  INFO 27615 --- [control-app] [           main] [                                                 ] o.f.core.internal.command.DbMigrate      : Migrating schema "public" to version "1 - m0 schema"
2026-09-12T18:36:05.246+08:00  INFO 27615 --- [control-app] [           main] [                                                 ] o.f.core.internal.command.DbMigrate      : Migrating schema "public" to version "2 - grants"
2026-09-12T18:36:05.309+08:00  INFO 27615 --- [control-app] [           main] [                                                 ] o.f.core.internal.command.DbMigrate      : Migrating schema "public" to version "3 - m1 inbox reconcile"
2026-09-12T18:36:05.384+08:00  INFO 27615 --- [control-app] [           main] [                                                 ] o.f.core.internal.command.DbMigrate      : Migrating schema "public" to version "4 - m2 checkpoint repair"
2026-09-12T18:36:05.439+08:00  INFO 27615 --- [control-app] [           main] [                                                 ] o.f.core.internal.command.DbMigrate      : Migrating schema "public" to version "5 - m3 model governance"
2026-09-12T18:36:05.494+08:00  INFO 27615 --- [control-app] [           main] [                                                 ] o.f.core.internal.command.DbMigrate      : Migrating schema "public" to version "6 - m4 sandbox"
2026-09-12T18:36:05.619+08:00  INFO 27615 --- [control-app] [           main] [                                                 ] o.f.core.internal.command.DbMigrate      : Migrating schema "public" to version "7 - am1 alert domain"
2026-09-12T18:36:05.705+08:00  INFO 27615 --- [control-app] [           main] [                                                 ] o.f.core.internal.command.DbMigrate      : Migrating schema "public" to version "8 - am1 dag reserve"
2026-09-12T18:36:05.743+08:00  INFO 27615 --- [control-app] [           main] [                                                 ] o.f.core.internal.command.DbMigrate      : Migrating schema "public" to version "9 - am3 eval notify"
2026-09-12T18:36:05.821+08:00  INFO 27615 --- [control-app] [           main] [                                                 ] o.f.core.internal.command.DbMigrate      : Migrating schema "public" to version "10 - am3 eval run"
2026-09-12T18:36:05.865+08:00  INFO 27615 --- [control-app] [           main] [                                                 ] o.f.core.internal.command.DbMigrate      : Migrating schema "public" to version "11 - am3 eval readonly"
2026-09-12T18:36:05.901+08:00  INFO 27615 --- [control-app] [           main] [                                                 ] o.f.core.internal.command.DbMigrate      : Migrating schema "public" to version "12 - am4 state expansion"
2026-09-12T18:36:05.922+08:00  INFO 27615 --- [control-app] [           main] [                                                 ] o.f.core.internal.command.DbMigrate      : Migrating schema "public" to version "13 - am4 budget ledger"
2026-09-12T18:36:05.942+08:00  INFO 27615 --- [control-app] [           main] [                                                 ] o.f.core.internal.command.DbMigrate      : Migrating schema "public" to version "14 - am4 rca event"
2026-09-12T18:36:05.966+08:00  INFO 27615 --- [control-app] [           main] [                                                 ] o.f.core.internal.command.DbMigrate      : Migrating schema "public" to version "15 - am4 tool invocation ledger"
2026-09-12T18:36:05.982+08:00  INFO 27615 --- [control-app] [           main] [                                                 ] o.f.core.internal.command.DbMigrate      : Migrating schema "public" to version "16 - am4 evidence snapshot"
2026-09-12T18:36:06.007+08:00  INFO 27615 --- [control-app] [           main] [                                                 ] o.f.core.internal.command.DbMigrate      : Migrating schema "public" to version "17 - am4 claim"
2026-09-12T18:36:06.025+08:00  INFO 27615 --- [control-app] [           main] [                                                 ] o.f.core.internal.command.DbMigrate      : Migrating schema "public" to version "18 - am4 task edge run scope"
2026-09-12T18:36:06.037+08:00  INFO 27615 --- [control-app] [           main] [                                                 ] o.f.core.internal.command.DbMigrate      : Migrating schema "public" to version "19 - am4 tool replay"
2026-09-12T18:36:06.049+08:00  INFO 27615 --- [control-app] [           main] [                                                 ] o.f.core.internal.command.DbMigrate      : Migrating schema "public" to version "20 - am5 dataset version"
2026-09-12T18:36:06.069+08:00  INFO 27615 --- [control-app] [           main] [                                                 ] o.f.core.internal.command.DbMigrate      : Migrating schema "public" to version "21 - am5 dataset partition"
2026-09-12T18:36:06.093+08:00  INFO 27615 --- [control-app] [           main] [                                                 ] o.f.core.internal.command.DbMigrate      : Migrating schema "public" to version "22 - am5 golden candidate"
2026-09-12T18:36:06.115+08:00  INFO 27615 --- [control-app] [           main] [                                                 ] o.f.core.internal.command.DbMigrate      : Migrating schema "public" to version "23 - am5 sampling fingerprint"
2026-09-12T18:36:06.125+08:00  INFO 27615 --- [control-app] [           main] [                                                 ] o.f.core.internal.command.DbMigrate      : Migrating schema "public" to version "24 - am5 config bundle"
2026-09-12T18:36:06.143+08:00  INFO 27615 --- [control-app] [           main] [                                                 ] o.f.core.internal.command.DbMigrate      : Migrating schema "public" to version "25 - am5 canary route"
2026-09-12T18:36:06.164+08:00  INFO 27615 --- [control-app] [           main] [                                                 ] o.f.core.internal.command.DbMigrate      : Migrating schema "public" to version "26 - am5 operator case"
2026-09-12T18:36:06.178+08:00  INFO 27615 --- [control-app] [           main] [                                                 ] o.f.core.internal.command.DbMigrate      : Migrating schema "public" to version "27 - am5 operator command"
2026-09-12T18:36:06.199+08:00  INFO 27615 --- [control-app] [           main] [                                                 ] o.f.core.internal.command.DbMigrate      : Migrating schema "public" to version "28 - am5 monthly partition"
2026-09-12T18:36:06.236+08:00  INFO 27615 --- [control-app] [           main] [                                                 ] o.f.core.internal.command.DbMigrate      : Migrating schema "public" to version "29 - am5 retention archive"
2026-09-12T18:36:06.274+08:00  INFO 27615 --- [control-app] [           main] [                                                 ] o.f.core.internal.command.DbMigrate      : Migrating schema "public" to version "30 - am6 canary window verdict"
2026-09-12T18:36:06.295+08:00  INFO 27615 --- [control-app] [           main] [                                                 ] o.f.core.internal.command.DbMigrate      : Migrating schema "public" to version "31 - ba52 canary decision fk deferred"
2026-09-12T18:36:06.302+08:00  INFO 27615 --- [control-app] [           main] [                                                 ] o.f.core.internal.command.DbMigrate      : Migrating schema "public" to version "32 - am6 engine comparison"
2026-09-12T18:36:06.316+08:00  INFO 27615 --- [control-app] [           main] [                                                 ] o.f.core.internal.command.DbMigrate      : Migrating schema "public" to version "33 - am6 run fallback"
2026-09-12T18:36:06.338+08:00  INFO 27615 --- [control-app] [           main] [                                                 ] o.f.core.internal.command.DbMigrate      : Migrating schema "public" to version "34 - am6 engine shadow work"
2026-09-12T18:36:06.351+08:00  INFO 27615 --- [control-app] [           main] [                                                 ] o.f.core.internal.command.DbMigrate      : Migrating schema "public" to version "35 - m607 holmes wish decision run id nullable"
2026-09-12T18:36:06.357+08:00  INFO 27615 --- [control-app] [           main] [                                                 ] o.f.core.internal.command.DbMigrate      : Migrating schema "public" to version "36 - exa0 investigation identity"
2026-09-12T18:36:06.365+08:00  INFO 27615 --- [control-app] [           main] [                                                 ] o.f.core.internal.command.DbMigrate      : Migrating schema "public" to version "37 - exa4a claim kind"
2026-09-12T18:36:06.373+08:00  INFO 27615 --- [control-app] [           main] [                                                 ] o.f.core.internal.command.DbMigrate      : Migrating schema "public" to version "38 - exa3 tool invocation result ref"
2026-09-12T18:36:06.382+08:00  INFO 27615 --- [control-app] [           main] [                                                 ] o.f.core.internal.command.DbMigrate      : Migrating schema "public" to version "39 - b21 operator command state widen"
2026-09-12T18:36:06.390+08:00  INFO 27615 --- [control-app] [           main] [                                                 ] o.f.core.internal.command.DbMigrate      : Migrating schema "public" to version "40 - exb1 change event"
2026-09-12T18:36:06.404+08:00  INFO 27615 --- [control-app] [           main] [                                                 ] o.f.core.internal.command.DbMigrate      : Migrating schema "public" to version "41 - exa4b incident waiting reason"
2026-09-12T18:36:06.412+08:00  INFO 27615 --- [control-app] [           main] [                                                 ] o.f.core.internal.command.DbMigrate      : Migrating schema "public" to version "42 - exc3a auth event"
2026-09-12T18:36:06.430+08:00  INFO 27615 --- [control-app] [           main] [                                                 ] o.f.core.internal.command.DbMigrate      : Migrating schema "public" to version "43 - am7 duty"
2026-09-12T18:36:06.506+08:00  INFO 27615 --- [control-app] [           main] [                                                 ] o.f.core.internal.command.DbMigrate      : Migrating schema "public" to version "44 - auth1 platform user"
2026-09-12T18:36:06.520+08:00  INFO 27615 --- [control-app] [           main] [                                                 ] o.f.core.internal.command.DbMigrate      : Migrating schema "public" to version "45 - ui5 eval readonly grants"
2026-09-12T18:36:06.528+08:00  INFO 27615 --- [control-app] [           main] [                                                 ] o.f.core.internal.command.DbMigrate      : Migrating schema "public" to version "46 - r7x1 task execution binding"
2026-09-12T18:36:06.547+08:00  INFO 27615 --- [control-app] [           main] [                                                 ] o.f.core.internal.command.DbMigrate      : Migrating schema "public" to version "47 - r7x4 primary state"
2026-09-12T18:36:06.571+08:00  INFO 27615 --- [control-app] [           main] [                                                 ] o.f.core.internal.command.DbMigrate      : Migrating schema "public" to version "48 - r7a1 rca model call"
2026-09-12T18:36:06.587+08:00  INFO 27615 --- [control-app] [           main] [                                                 ] o.f.core.internal.command.DbMigrate      : Migrating schema "public" to version "60 - en01 release asset"
2026-09-12T18:36:06.599+08:00  INFO 27615 --- [control-app] [           main] [                                                 ] o.f.core.internal.command.DbMigrate      : Migrating schema "public" to version "61 - en02 release qualification"
2026-09-12T18:36:06.629+08:00  INFO 27615 --- [control-app] [           main] [                                                 ] o.f.core.internal.command.DbMigrate      : Migrating schema "public" to version "62 - en09 eval grader version"
2026-09-12T18:36:06.655+08:00  INFO 27615 --- [control-app] [           main] [                                                 ] o.f.core.internal.command.DbMigrate      : Migrating schema "public" to version "63 - en04 run config epoch"
2026-09-12T18:36:06.675+08:00  INFO 27615 --- [control-app] [           main] [                                                 ] o.f.core.internal.command.DbMigrate      : Migrating schema "public" to version "64 - en06 mcp server registry"
2026-09-12T18:36:06.686+08:00  INFO 27615 --- [control-app] [           main] [                                                 ] o.f.core.internal.command.DbMigrate      : Migrating schema "public" to version "80 - ev03 eval projection contract"
2026-09-12T18:36:06.701+08:00  INFO 27615 --- [control-app] [           main] [                                                 ] o.f.core.internal.command.DbMigrate      : Migrating schema "public" to version "81 - ev04 eval lifecycle"
2026-09-12T18:36:06.717+08:00  INFO 27615 --- [control-app] [           main] [                                                 ] o.f.core.internal.command.DbMigrate      : Migrating schema "public" to version "82 - ux01 incident classification"
2026-09-12T18:36:06.762+08:00  INFO 27615 --- [control-app] [           main] [                                                 ] o.f.core.internal.command.DbMigrate      : Migrating schema "public" to version "83 - ux02 duty bot"
2026-09-12T18:36:06.784+08:00  INFO 27615 --- [control-app] [           main] [                                                 ] o.f.core.internal.command.DbMigrate      : Migrating schema "public" to version "85 - ev07 eval comparison"
2026-09-12T18:36:06.809+08:00  INFO 27615 --- [control-app] [           main] [                                                 ] o.f.core.internal.command.DbMigrate      : Migrating schema "public" to version "86 - dr02 drill job"
2026-09-12T18:36:06.843+08:00  INFO 27615 --- [control-app] [           main] [                                                 ] o.f.core.internal.command.DbMigrate      : Migrating schema "public" to version "87 - ev08 eval review"
2026-09-12T18:36:06.872+08:00  INFO 27615 --- [control-app] [           main] [                                                 ] o.f.core.internal.command.DbMigrate      : Migrating schema "public" to version "88 - r7 checkpoint last error"
2026-09-12T18:36:06.879+08:00  INFO 27615 --- [control-app] [           main] [                                                 ] o.f.core.internal.command.DbMigrate      : Migrating schema "public" to version "89 - en07 release asset kinds"
2026-09-12T18:36:06.887+08:00  INFO 27615 --- [control-app] [           main] [                                                 ] o.f.core.internal.command.DbMigrate      : Migrating schema "public" to version "90 - r2 input capture"
2026-09-12T18:36:06.902+08:00  INFO 27615 --- [control-app] [           main] [                                                 ] o.f.core.internal.command.DbMigrate      : Migrating schema "public" to version "91 - r10 working memory"
2026-09-12T18:36:06.922+08:00  INFO 27615 --- [control-app] [           main] [                                                 ] o.f.core.internal.command.DbMigrate      : Migrating schema "public" to version "92 - r11 context summary"
2026-09-12T18:36:06.934+08:00  INFO 27615 --- [control-app] [           main] [                                                 ] o.f.core.internal.command.DbMigrate      : Migrating schema "public" to version "93 - r6 eval app model call grant"
2026-09-12T18:36:06.941+08:00  INFO 27615 --- [control-app] [           main] [                                                 ] o.f.core.internal.command.DbMigrate      : Migrating schema "public" to version "96 - mc2123 receipt and operator material"
2026-09-12T18:36:06.969+08:00  INFO 27615 --- [control-app] [           main] [                                                 ] o.f.core.internal.command.DbMigrate      : Migrating schema "public" to version "97 - en08 skill candidate"
2026-09-12T18:36:06.981+08:00  INFO 27615 --- [control-app] [           main] [                                                 ] o.f.core.internal.command.DbMigrate      : Successfully applied 68 migrations to schema "public", now at version v97 (execution time 00:01.232s)
2026-09-12T18:36:06.998+08:00  INFO 27615 --- [control-app] [           main] [                                                 ] com.zaxxer.hikari.HikariDataSource       : HikariPool-2 - Starting...
2026-09-12T18:36:07.013+08:00  INFO 27615 --- [control-app] [           main] [                                                 ] com.zaxxer.hikari.pool.HikariPool        : HikariPool-2 - Added connection org.postgresql.jdbc.PgConnection@58d4f9a7
2026-09-12T18:36:07.014+08:00  INFO 27615 --- [control-app] [           main] [                                                 ] com.zaxxer.hikari.HikariDataSource       : HikariPool-2 - Start completed.
2026-09-12T18:36:07.014+08:00  INFO 27615 --- [control-app] [           main] [                                                 ] com.zaxxer.hikari.HikariDataSource       : HikariPool-3 - Starting...
2026-09-12T18:36:07.037+08:00  INFO 27615 --- [control-app] [           main] [                                                 ] com.zaxxer.hikari.pool.HikariPool        : HikariPool-3 - Added connection org.postgresql.jdbc.PgConnection@1a3ce3bf
2026-09-12T18:36:07.038+08:00  INFO 27615 --- [control-app] [           main] [                                                 ] com.zaxxer.hikari.HikariDataSource       : HikariPool-3 - Start completed.
2026-09-12T18:36:07.038+08:00  INFO 27615 --- [control-app] [           main] [                                                 ] com.zaxxer.hikari.HikariDataSource       : HikariPool-4 - Starting...
2026-09-12T18:36:07.058+08:00  INFO 27615 --- [control-app] [           main] [                                                 ] com.zaxxer.hikari.pool.HikariPool        : HikariPool-4 - Added connection org.postgresql.jdbc.PgConnection@1f830e15
2026-09-12T18:36:07.058+08:00  INFO 27615 --- [control-app] [           main] [                                                 ] com.zaxxer.hikari.HikariDataSource       : HikariPool-4 - Start completed.
2026-09-12T18:36:07.058+08:00  INFO 27615 --- [control-app] [           main] [                                                 ] com.zaxxer.hikari.HikariDataSource       : HikariPool-5 - Starting...
2026-09-12T18:36:07.076+08:00  INFO 27615 --- [control-app] [           main] [                                                 ] com.zaxxer.hikari.pool.HikariPool        : HikariPool-5 - Added connection org.postgresql.jdbc.PgConnection@17a7ff1f
2026-09-12T18:36:07.077+08:00  INFO 27615 --- [control-app] [           main] [                                                 ] com.zaxxer.hikari.HikariDataSource       : HikariPool-5 - Start completed.
2026-09-12T18:36:07.260+08:00  INFO 27615 --- [control-app] [           main] [                                                 ] com.zaxxer.hikari.HikariDataSource       : HikariPool-6 - Starting...
2026-09-12T18:36:07.282+08:00  INFO 27615 --- [control-app] [           main] [                                                 ] com.zaxxer.hikari.pool.HikariPool        : HikariPool-6 - Added connection org.postgresql.jdbc.PgConnection@5a0948f6
2026-09-12T18:36:07.283+08:00  INFO 27615 --- [control-app] [           main] [                                                 ] com.zaxxer.hikari.HikariDataSource       : HikariPool-6 - Start completed.
2026-09-12T18:36:07.434+08:00  INFO 27615 --- [control-app] [           main] [                                                 ] com.zaxxer.hikari.HikariDataSource       : HikariPool-7 - Starting...
2026-09-12T18:36:07.440+08:00  INFO 27615 --- [control-app] [           main] [                                                 ] com.zaxxer.hikari.pool.HikariPool        : HikariPool-7 - Added connection org.postgresql.jdbc.PgConnection@3b711995
2026-09-12T18:36:07.440+08:00  INFO 27615 --- [control-app] [           main] [                                                 ] com.zaxxer.hikari.HikariDataSource       : HikariPool-7 - Start completed.
2026-09-12T18:36:07.583+08:00  INFO 27615 --- [control-app] [           main] [                                                 ] com.zaxxer.hikari.HikariDataSource       : HikariPool-8 - Starting...
2026-09-12T18:36:07.590+08:00  INFO 27615 --- [control-app] [           main] [                                                 ] com.zaxxer.hikari.pool.HikariPool        : HikariPool-8 - Added connection org.postgresql.jdbc.PgConnection@7435b808
2026-09-12T18:36:07.590+08:00  INFO 27615 --- [control-app] [           main] [                                                 ] com.zaxxer.hikari.HikariDataSource       : HikariPool-8 - Start completed.
2026-09-12T18:36:07.715+08:00  INFO 27615 --- [control-app] [           main] [                                                 ] com.zaxxer.hikari.HikariDataSource       : HikariPool-9 - Starting...
2026-09-12T18:36:07.722+08:00  INFO 27615 --- [control-app] [           main] [                                                 ] com.zaxxer.hikari.pool.HikariPool        : HikariPool-9 - Added connection org.postgresql.jdbc.PgConnection@5e2be5e7
2026-09-12T18:36:07.722+08:00  INFO 27615 --- [control-app] [           main] [                                                 ] com.zaxxer.hikari.HikariDataSource       : HikariPool-9 - Start completed.
2026-09-12T18:36:07.851+08:00  INFO 27615 --- [control-app] [           main] [                                                 ] com.zaxxer.hikari.HikariDataSource       : HikariPool-10 - Starting...
2026-09-12T18:36:07.857+08:00  INFO 27615 --- [control-app] [           main] [                                                 ] com.zaxxer.hikari.pool.HikariPool        : HikariPool-10 - Added connection org.postgresql.jdbc.PgConnection@39f6b2af
2026-09-12T18:36:07.857+08:00  INFO 27615 --- [control-app] [           main] [                                                 ] com.zaxxer.hikari.HikariDataSource       : HikariPool-10 - Start completed.
[INFO] Tests run: 5, Failures: 0, Errors: 0, Skipped: 0, Time elapsed: 5.404 s -- in com.objwww.pr.control.it.PostgresDatasetPartitionAccessTest
[INFO] Running com.objwww.pr.control.it.PostgresConfigBundleRepositoryTest
2026-09-12T18:36:07.995+08:00  INFO 27615 --- [control-app] [           main] [                                                 ] c.o.p.c.r.a.ConfigBundleService          : bundle 发布: 30ad808ed98886e339611e59f7bac711638e216776d0231c3aad2a5fe468382c revision=1 by=op-1 policy=policy-2026-09
2026-09-12T18:36:08.003+08:00  INFO 27615 --- [control-app] [           main] [                                                 ] c.o.p.c.r.a.ConfigBundleService          : 资格授予: candidate=30ad808ed98886e339611e59f7bac711638e216776d0231c3aad2a5fe468382c verdict=PASS usage=MATCHED by=it-grader
2026-09-12T18:36:08.010+08:00  INFO 27615 --- [control-app] [           main] [                                                 ] c.o.p.c.r.a.ConfigBundleService          : ACTIVATE 落位: 30ad808ed98886e339611e59f7bac711638e216776d0231c3aad2a5fe468382c revision=1 by=op-1
2026-09-12T18:36:08.139+08:00  INFO 27615 --- [control-app] [           main] [                                                 ] c.o.p.c.r.a.ConfigBundleService          : bundle 发布: 30ad808ed98886e339611e59f7bac711638e216776d0231c3aad2a5fe468382c revision=1 by=op-1 policy=policy-2026-09
2026-09-12T18:36:08.143+08:00  INFO 27615 --- [control-app] [           main] [                                                 ] c.o.p.c.r.a.ConfigBundleService          : 资格授予: candidate=30ad808ed98886e339611e59f7bac711638e216776d0231c3aad2a5fe468382c verdict=PASS usage=MATCHED by=it-grader
2026-09-12T18:36:08.274+08:00  INFO 27615 --- [control-app] [           main] [                                                 ] c.o.p.c.r.a.ConfigBundleService          : bundle 发布: 30ad808ed98886e339611e59f7bac711638e216776d0231c3aad2a5fe468382c revision=1 by=op-1 policy=policy-2026-09
2026-09-12T18:36:08.276+08:00  INFO 27615 --- [control-app] [           main] [                                                 ] c.o.p.c.r.a.ConfigBundleService          : bundle 发布: be840a4ff5d98fc58380e1ed2d6501f2a7edb25711430dc0e9023b687140db80 revision=2 by=op-1 policy=policy-2026-09
2026-09-12T18:36:08.277+08:00  INFO 27615 --- [control-app] [           main] [                                                 ] c.o.p.c.r.a.ConfigBundleService          : 资格授予: candidate=30ad808ed98886e339611e59f7bac711638e216776d0231c3aad2a5fe468382c verdict=PASS usage=MATCHED by=it-grader
2026-09-12T18:36:08.278+08:00  INFO 27615 --- [control-app] [           main] [                                                 ] c.o.p.c.r.a.ConfigBundleService          : 资格授予: candidate=be840a4ff5d98fc58380e1ed2d6501f2a7edb25711430dc0e9023b687140db80 verdict=PASS usage=MATCHED by=it-grader
2026-09-12T18:36:08.282+08:00  INFO 27615 --- [control-app] [           main] [                                                 ] c.o.p.c.r.a.ConfigBundleService          : ACTIVATE 落位: 30ad808ed98886e339611e59f7bac711638e216776d0231c3aad2a5fe468382c revision=1 by=op-1
2026-09-12T18:36:08.285+08:00  INFO 27615 --- [control-app] [           main] [                                                 ] c.o.p.c.r.a.ConfigBundleService          : ACTIVATE 落位: be840a4ff5d98fc58380e1ed2d6501f2a7edb25711430dc0e9023b687140db80 revision=2 by=op-1
2026-09-12T18:36:08.290+08:00  INFO 27615 --- [control-app] [           main] [                                                 ] c.o.p.c.r.a.ConfigBundleService          : ROLLBACK 落位: 30ad808ed98886e339611e59f7bac711638e216776d0231c3aad2a5fe468382c revision=1 by=op-2
2026-09-12T18:36:08.414+08:00  INFO 27615 --- [control-app] [           main] [                                                 ] c.o.p.c.r.a.ConfigBundleService          : bundle 发布: 30ad808ed98886e339611e59f7bac711638e216776d0231c3aad2a5fe468382c revision=1 by=op-1 policy=policy-2026-09
2026-09-12T18:36:08.416+08:00  INFO 27615 --- [control-app] [           main] [                                                 ] c.o.p.c.r.a.ConfigBundleService          : bundle 幂等重放: 30ad808ed98886e339611e59f7bac711638e216776d0231c3aad2a5fe468382c revision=1 by=op-2
[INFO] Tests run: 4, Failures: 0, Errors: 0, Skipped: 0, Time elapsed: 0.554 s -- in com.objwww.pr.control.it.PostgresConfigBundleRepositoryTest
[INFO] Running com.objwww.pr.control.it.PostgresModelCallLedgerRepositoryTest
[INFO] Tests run: 2, Failures: 0, Errors: 0, Skipped: 0, Time elapsed: 0.272 s -- in com.objwww.pr.control.it.PostgresModelCallLedgerRepositoryTest
[INFO] Running com.objwww.pr.control.it.PostgresGoldenCandidateRepositoryTest
2026-09-12T18:36:08.830+08:00  INFO 27615 --- [control-app] [           main] [                                                 ] com.zaxxer.hikari.HikariDataSource       : HikariPool-11 - Starting...
2026-09-12T18:36:08.837+08:00  INFO 27615 --- [control-app] [           main] [                                                 ] com.zaxxer.hikari.pool.HikariPool        : HikariPool-11 - Added connection org.postgresql.jdbc.PgConnection@72e600fd
2026-09-12T18:36:08.837+08:00  INFO 27615 --- [control-app] [           main] [                                                 ] com.zaxxer.hikari.HikariDataSource       : HikariPool-11 - Start completed.
2026-09-12T18:36:08.854+08:00  INFO 27615 --- [control-app] [           main] [                                                 ] com.zaxxer.hikari.HikariDataSource       : HikariPool-11 - Shutdown initiated...
2026-09-12T18:36:08.855+08:00  INFO 27615 --- [control-app] [           main] [                                                 ] com.zaxxer.hikari.HikariDataSource       : HikariPool-11 - Shutdown completed.
2026-09-12T18:36:08.984+08:00  INFO 27615 --- [control-app] [           main] [                                                 ] com.zaxxer.hikari.HikariDataSource       : HikariPool-12 - Starting...
2026-09-12T18:36:08.991+08:00  INFO 27615 --- [control-app] [           main] [                                                 ] com.zaxxer.hikari.pool.HikariPool        : HikariPool-12 - Added connection org.postgresql.jdbc.PgConnection@8fbf1cb
2026-09-12T18:36:08.992+08:00  INFO 27615 --- [control-app] [           main] [                                                 ] com.zaxxer.hikari.HikariDataSource       : HikariPool-12 - Start completed.
2026-09-12T18:36:08.995+08:00  INFO 27615 --- [control-app] [           main] [                                                 ] com.zaxxer.hikari.HikariDataSource       : HikariPool-12 - Shutdown initiated...
2026-09-12T18:36:08.996+08:00  INFO 27615 --- [control-app] [           main] [                                                 ] com.zaxxer.hikari.HikariDataSource       : HikariPool-12 - Shutdown completed.
2026-09-12T18:36:09.114+08:00  INFO 27615 --- [control-app] [           main] [                                                 ] com.zaxxer.hikari.HikariDataSource       : HikariPool-13 - Starting...
2026-09-12T18:36:09.121+08:00  INFO 27615 --- [control-app] [           main] [                                                 ] com.zaxxer.hikari.pool.HikariPool        : HikariPool-13 - Added connection org.postgresql.jdbc.PgConnection@314e4b4f
2026-09-12T18:36:09.121+08:00  INFO 27615 --- [control-app] [           main] [                                                 ] com.zaxxer.hikari.HikariDataSource       : HikariPool-13 - Start completed.
2026-09-12T18:36:09.132+08:00  INFO 27615 --- [control-app] [           main] [                                                 ] com.zaxxer.hikari.HikariDataSource       : HikariPool-13 - Shutdown initiated...
2026-09-12T18:36:09.133+08:00  INFO 27615 --- [control-app] [           main] [                                                 ] com.zaxxer.hikari.HikariDataSource       : HikariPool-13 - Shutdown completed.
2026-09-12T18:36:09.248+08:00  INFO 27615 --- [control-app] [           main] [                                                 ] com.zaxxer.hikari.HikariDataSource       : HikariPool-14 - Starting...
2026-09-12T18:36:09.256+08:00  INFO 27615 --- [control-app] [           main] [                                                 ] com.zaxxer.hikari.pool.HikariPool        : HikariPool-14 - Added connection org.postgresql.jdbc.PgConnection@5af59005
2026-09-12T18:36:09.256+08:00  INFO 27615 --- [control-app] [           main] [                                                 ] com.zaxxer.hikari.HikariDataSource       : HikariPool-14 - Start completed.
2026-09-12T18:36:09.275+08:00  INFO 27615 --- [control-app] [           main] [                                                 ] com.zaxxer.hikari.HikariDataSource       : HikariPool-14 - Shutdown initiated...
2026-09-12T18:36:09.276+08:00  INFO 27615 --- [control-app] [           main] [                                                 ] com.zaxxer.hikari.HikariDataSource       : HikariPool-14 - Shutdown completed.
2026-09-12T18:36:09.428+08:00  INFO 27615 --- [control-app] [           main] [                                                 ] com.zaxxer.hikari.HikariDataSource       : HikariPool-15 - Starting...
2026-09-12T18:36:09.434+08:00  INFO 27615 --- [control-app] [           main] [                                                 ] com.zaxxer.hikari.pool.HikariPool        : HikariPool-15 - Added connection org.postgresql.jdbc.PgConnection@89c9d54
2026-09-12T18:36:09.434+08:00  INFO 27615 --- [control-app] [           main] [                                                 ] com.zaxxer.hikari.HikariDataSource       : HikariPool-15 - Start completed.
2026-09-12T18:36:09.448+08:00  INFO 27615 --- [control-app] [           main] [                                                 ] com.zaxxer.hikari.HikariDataSource       : HikariPool-15 - Shutdown initiated...
2026-09-12T18:36:09.449+08:00  INFO 27615 --- [control-app] [           main] [                                                 ] com.zaxxer.hikari.HikariDataSource       : HikariPool-15 - Shutdown completed.
[INFO] Tests run: 5, Failures: 0, Errors: 0, Skipped: 0, Time elapsed: 0.757 s -- in com.objwww.pr.control.it.PostgresGoldenCandidateRepositoryTest
[INFO] Running com.objwww.pr.control.it.PostgresDatasetVersionRepositoryTest
[INFO] Tests run: 5, Failures: 0, Errors: 0, Skipped: 0, Time elapsed: 0.667 s -- in com.objwww.pr.control.it.PostgresDatasetVersionRepositoryTest
[INFO] Running com.objwww.pr.control.it.PostgresReleaseAssetRepositoryTest
2026-09-12T18:36:10.264+08:00  INFO 27615 --- [control-app] [           main] [                                                 ] c.o.p.c.r.a.ConfigBundleService          : 资产注册: PROMPT 1c2cb70b06ff9fb87bacf727276b6730bb7451dd0953cd87c9e97b91c2190cb5 by=op-1
2026-09-12T18:36:10.265+08:00  INFO 27615 --- [control-app] [           main] [                                                 ] c.o.p.c.r.a.ConfigBundleService          : 资产注册: SKILL c620038518f08e426605f81f47c121ecb851dc46885c954dc9528092fa5911d3 by=op-1
2026-09-12T18:36:10.266+08:00  INFO 27615 --- [control-app] [           main] [                                                 ] c.o.p.c.r.a.ConfigBundleService          : 资产注册: TOOL_SCHEMA c3dcd8c37f33f564cd506ece7666493ae7938c2804117db2f4fa7468c92be37f by=op-1
2026-09-12T18:36:10.271+08:00  INFO 27615 --- [control-app] [           main] [                                                 ] c.o.p.c.r.a.ConfigBundleService          : release_manifest 依赖闭包通过: roles=[primary] skills=1 toolSchemas=1
2026-09-12T18:36:10.273+08:00  INFO 27615 --- [control-app] [           main] [                                                 ] c.o.p.c.r.a.ConfigBundleService          : bundle 发布: d75424d2b53b9451d2862936b9ff40200860203e72d671422029f7928ea16fc6 revision=1 by=op-1 policy=policy-2026-09
2026-09-12T18:36:10.274+08:00  INFO 27615 --- [control-app] [           main] [                                                 ] c.o.p.c.r.a.ConfigBundleService          : 资格授予: candidate=d75424d2b53b9451d2862936b9ff40200860203e72d671422029f7928ea16fc6 verdict=PASS usage=UNKNOWN by=op-1
2026-09-12T18:36:10.279+08:00  INFO 27615 --- [control-app] [           main] [                                                 ] c.o.p.c.r.a.ConfigBundleService          : ACTIVATE 落位: d75424d2b53b9451d2862936b9ff40200860203e72d671422029f7928ea16fc6 revision=1 by=op-1
[INFO] Tests run: 4, Failures: 0, Errors: 0, Skipped: 0, Time elapsed: 0.614 s -- in com.objwww.pr.control.it.PostgresReleaseAssetRepositoryTest
[INFO] Running com.objwww.pr.control.drill.domain.statemachine.DrillLifecycleTest
[INFO] Tests run: 5, Failures: 0, Errors: 0, Skipped: 0, Time elapsed: 0.003 s -- in com.objwww.pr.control.drill.domain.statemachine.DrillLifecycleTest
[INFO] Running com.objwww.pr.control.drill.domain.model.DrillJobTest
[INFO] Tests run: 4, Failures: 0, Errors: 0, Skipped: 0, Time elapsed: 0.002 s -- in com.objwww.pr.control.drill.domain.model.DrillJobTest
[INFO] Running com.objwww.pr.control.drill.application.DrillTimelineTest
[INFO] Tests run: 6, Failures: 0, Errors: 0, Skipped: 0, Time elapsed: 0.003 s -- in com.objwww.pr.control.drill.application.DrillTimelineTest
[INFO] Running com.objwww.pr.control.drill.application.DrillWorkerTest
2026-09-12T18:36:10.748+08:00  WARN 27615 --- [control-app] [           main] [                                                 ] c.o.p.c.drill.application.DrillWorker    : drill worker drill-worker-1 领取作业：drill=58857a89-6060-48ac-8337-eb78d6aa6f4d scenario=T1 env=arena-195
2026-09-12T18:36:10.750+08:00  WARN 27615 --- [control-app] [           main] [                                                 ] c.o.p.c.drill.application.DrillWorker    : drill 58857a89-6060-48ac-8337-eb78d6aa6f4d 已进入 OBSERVING——症状等待/恢复/核验推进随 DR-03/04 接线交付，本拍到此为止（作业保持活动占位）
2026-09-12T18:36:10.752+08:00  WARN 27615 --- [control-app] [           main] [                                                 ] c.o.p.c.drill.application.DrillWorker    : drill worker drill-worker-1 领取作业：drill=6542ded6-6c92-4963-a446-fc95deb6b53a scenario=T1 env=arena-195
2026-09-12T18:36:10.755+08:00  WARN 27615 --- [control-app] [           main] [                                                 ] c.o.p.c.drill.application.DrillWorker    : drill worker drill-worker-1 领取作业：drill=a7324842-1d1b-48ea-bd35-5ea7983dabc2 scenario=T1 env=arena-195
2026-09-12T18:36:10.757+08:00  WARN 27615 --- [control-app] [           main] [                                                 ] c.o.p.c.drill.application.DrillWorker    : drill worker drill-worker-1 领取作业：drill=bb4392c5-3649-47f5-ba01-725bae5b23f5 scenario=T1 env=arena-195
2026-09-12T18:36:10.761+08:00  WARN 27615 --- [control-app] [           main] [                                                 ] c.o.p.c.drill.application.DrillWorker    : 孤儿 drill 8d144afc-1e79-473b-ac0b-d075ebf85dff → RECOVERY_FAILED（worker_lost，保留占位）
2026-09-12T18:36:10.764+08:00  WARN 27615 --- [control-app] [           main] [                                                 ] c.o.p.c.drill.application.DrillWorker    : 孤儿 drill c6367387-d3c6-4de5-8fe7-886aeed42090 重排队（state=PRECHECK）
2026-09-12T18:36:10.766+08:00  WARN 27615 --- [control-app] [           main] [                                                 ] c.o.p.c.drill.application.DrillWorker    : drill worker drill-worker-1 领取作业：drill=768a2b17-d94f-4c89-8567-6861f57c8e6c scenario=T1 env=arena-195
2026-09-12T18:36:10.768+08:00  WARN 27615 --- [control-app] [           main] [                                                 ] c.o.p.c.drill.application.DrillWorker    : 孤儿 drill bff4a454-39b8-45a8-8ee7-6cf6befa0e73 → RECOVERY_FAILED（worker_lost，保留占位）
[INFO] Tests run: 8, Failures: 0, Errors: 0, Skipped: 0, Time elapsed: 0.024 s -- in com.objwww.pr.control.drill.application.DrillWorkerTest
[INFO] Running com.objwww.pr.control.drill.application.DrillJobServiceTest
[INFO] Tests run: 12, Failures: 0, Errors: 0, Skipped: 0, Time elapsed: 0.045 s -- in com.objwww.pr.control.drill.application.DrillJobServiceTest
[INFO] Running com.objwww.pr.control.drill.application.DrillTemplateCatalogTest
[INFO] Tests run: 5, Failures: 0, Errors: 0, Skipped: 0, Time elapsed: 0.019 s -- in com.objwww.pr.control.drill.application.DrillTemplateCatalogTest
[INFO] Running com.objwww.pr.control.drill.application.DrillPrecheckTest
[INFO] Tests run: 5, Failures: 0, Errors: 0, Skipped: 0, Time elapsed: 0.003 s -- in com.objwww.pr.control.drill.application.DrillPrecheckTest
[INFO] 
[INFO] Results:
[INFO] 
[WARNING] Tests run: 1664, Failures: 0, Errors: 0, Skipped: 1
[INFO] 
[INFO] ------------------------------------------------------------------------
[INFO] BUILD SUCCESS
[INFO] ------------------------------------------------------------------------
[INFO] Total time:  40.506 s
[INFO] Finished at: 2026-09-12T18:36:11+08:00
[INFO] ------------------------------------------------------------------------
