[INFO] Scanning for projects...
[INFO] 
[INFO] ---------------------< com.objwww.pr:control-app >----------------------
[INFO] Building control-app 0.0.1-SNAPSHOT
[INFO]   from pom.xml
[INFO] --------------------------------[ jar ]---------------------------------
[INFO] 
[INFO] --- resources:3.3.1:resources (default-resources) @ control-app ---
[INFO] Copying 3 resources from src/main/resources to target/classes
[INFO] Copying 71 resources from src/main/resources to target/classes
[INFO] 
[INFO] --- compiler:3.13.0:compile (default-compile) @ control-app ---
[INFO] Recompiling the module because of changed source code.
[INFO] Compiling 571 source files with javac [debug parameters release 21] to target/classes
[WARNING] /opt/build/pr/control-app/src/main/java/com/objwww/pr/control/infrastructure/model/RawHttpErrorCapture.java:[23,17] handleError(org.springframework.http.client.ClientHttpResponse) in org.springframework.web.client.ResponseErrorHandler has been deprecated and marked for removal
[INFO] /opt/build/pr/control-app/src/main/java/com/objwww/pr/control/alert/domain/agent/AgentProfile.java: Some input files use or override a deprecated API.
[INFO] /opt/build/pr/control-app/src/main/java/com/objwww/pr/control/alert/domain/agent/AgentProfile.java: Recompile with -Xlint:deprecation for details.
[INFO] /opt/build/pr/control-app/src/main/java/com/objwww/pr/control/alert/application/agent/SingleToolEvidenceAgent.java: Some input files use unchecked or unsafe operations.
[INFO] /opt/build/pr/control-app/src/main/java/com/objwww/pr/control/alert/application/agent/SingleToolEvidenceAgent.java: Recompile with -Xlint:unchecked for details.
[INFO] 
[INFO] --- resources:3.3.1:testResources (default-testResources) @ control-app ---
[INFO] Copying 7 resources from src/test/resources to target/test-classes
[INFO] 
[INFO] --- compiler:3.13.0:testCompile (default-testCompile) @ control-app ---
[INFO] Recompiling the module because of changed dependency.
[INFO] Compiling 303 source files with javac [debug parameters release 21] to target/test-classes
[INFO] /opt/build/pr/control-app/src/test/java/com/objwww/pr/control/alert/application/mcp/McpMountManagerTest.java: Some input files use or override a deprecated API.
[INFO] /opt/build/pr/control-app/src/test/java/com/objwww/pr/control/alert/application/mcp/McpMountManagerTest.java: Recompile with -Xlint:deprecation for details.
[INFO] /opt/build/pr/control-app/src/test/java/com/objwww/pr/control/alert/application/PlanCompilerTest.java: Some input files use unchecked or unsafe operations.
[INFO] /opt/build/pr/control-app/src/test/java/com/objwww/pr/control/alert/application/PlanCompilerTest.java: Recompile with -Xlint:unchecked for details.
[INFO] 
[INFO] --- surefire:3.5.3:test (default-test) @ control-app ---
[INFO] Using auto detected provider org.apache.maven.surefire.junitplatform.JUnitPlatformProvider
[INFO] 
[INFO] -------------------------------------------------------
[INFO]  T E S T S
[INFO] -------------------------------------------------------
[INFO] Running com.objwww.pr.control.domain.ai.CircuitBreakerTest
[INFO] Tests run: 10, Failures: 0, Errors: 0, Skipped: 0, Time elapsed: 0.159 s -- in com.objwww.pr.control.domain.ai.CircuitBreakerTest
[INFO] Running com.objwww.pr.control.domain.ai.ModelRouterTest
[INFO] Tests run: 33, Failures: 0, Errors: 0, Skipped: 0, Time elapsed: 0.136 s -- in com.objwww.pr.control.domain.ai.ModelRouterTest
[INFO] Running com.objwww.pr.control.domain.ai.PricingServiceTest
[INFO] Tests run: 8, Failures: 0, Errors: 0, Skipped: 0, Time elapsed: 0.044 s -- in com.objwww.pr.control.domain.ai.PricingServiceTest
[INFO] Running com.objwww.pr.control.domain.ai.ModelStepBudgetGuardTest
[INFO] Tests run: 7, Failures: 0, Errors: 0, Skipped: 0, Time elapsed: 0.012 s -- in com.objwww.pr.control.domain.ai.ModelStepBudgetGuardTest
[INFO] Running com.objwww.pr.control.release.domain.model.ReleaseManifestTest
[INFO] Tests run: 8, Failures: 0, Errors: 0, Skipped: 0, Time elapsed: 0.045 s -- in com.objwww.pr.control.release.domain.model.ReleaseManifestTest
[INFO] Running com.objwww.pr.control.release.domain.model.ConfigBundleTest
[INFO] Tests run: 9, Failures: 0, Errors: 0, Skipped: 0, Time elapsed: 0.065 s -- in com.objwww.pr.control.release.domain.model.ConfigBundleTest
[INFO] Running com.objwww.pr.control.release.domain.model.ReleaseAssetTest
[INFO] Tests run: 10, Failures: 0, Errors: 0, Skipped: 0, Time elapsed: 0.021 s -- in com.objwww.pr.control.release.domain.model.ReleaseAssetTest
[INFO] Running com.objwww.pr.control.release.domain.model.ReleaseQualificationTest
[INFO] Tests run: 6, Failures: 0, Errors: 0, Skipped: 0, Time elapsed: 0.013 s -- in com.objwww.pr.control.release.domain.model.ReleaseQualificationTest
[INFO] Running com.objwww.pr.control.release.domain.service.CanaryBucketerTest
[INFO] Tests run: 7, Failures: 0, Errors: 0, Skipped: 0, Time elapsed: 0.053 s -- in com.objwww.pr.control.release.domain.service.CanaryBucketerTest
[INFO] Running com.objwww.pr.control.release.domain.service.SkillMatcherTest
[INFO] Tests run: 3, Failures: 0, Errors: 0, Skipped: 0, Time elapsed: 0.010 s -- in com.objwww.pr.control.release.domain.service.SkillMatcherTest
[INFO] Running com.objwww.pr.control.release.domain.service.CanaryWindowEvaluatorTest
[INFO] Tests run: 9, Failures: 0, Errors: 0, Skipped: 0, Time elapsed: 0.018 s -- in com.objwww.pr.control.release.domain.service.CanaryWindowEvaluatorTest
[INFO] Running com.objwww.pr.control.release.application.SkillCuratorServiceTest
18:58:48.594 [main] INFO com.objwww.pr.control.release.application.SkillCuratorService -- Skill 源头提炼：run=d775f29b-4199-49b4-882e-b9135ce38b24 name=heap-runbook → REJECTED（verified=false）
18:58:48.609 [main] INFO com.objwww.pr.control.release.application.SkillCandidateService -- Skill 候选 DRAFT 落档（S01）：name=heap-runbook asset=21095f88，无任何 ACTIVE 面
18:58:48.609 [main] INFO com.objwww.pr.control.release.application.SkillCuratorService -- Skill 源头提炼：run=a04f7a45-7e32-451f-9f9c-167d2a96e6b4 name=heap-runbook → DRAFT（verified=true）
18:58:48.612 [main] INFO com.objwww.pr.control.release.application.SkillCandidateService -- Skill 候选 DRAFT 落档（S01）：name=heap-runbook asset=7806fd9a，无任何 ACTIVE 面
18:58:48.612 [main] INFO com.objwww.pr.control.release.application.SkillCuratorService -- Skill 源头提炼：run=fc2de0f9-7d6e-44cd-9692-e811841c7485 name=heap-runbook → DRAFT（verified=true）
18:58:48.612 [main] INFO com.objwww.pr.control.release.application.SkillCandidateService -- Skill 候选幂等重放（S14）：name=heap-runbook source=4c7d6823
18:58:48.612 [main] INFO com.objwww.pr.control.release.application.SkillCuratorService -- Skill 源头提炼：run=fc2de0f9-7d6e-44cd-9692-e811841c7485 name=heap-runbook → DRAFT（verified=true）
[INFO] Tests run: 4, Failures: 0, Errors: 0, Skipped: 0, Time elapsed: 0.036 s -- in com.objwww.pr.control.release.application.SkillCuratorServiceTest
[INFO] Running com.objwww.pr.control.release.application.SkillCandidateServiceTest
18:58:48.618 [main] INFO com.objwww.pr.control.release.application.SkillCandidateService -- Skill 候选 DRAFT 落档（S01）：name=ok-skill asset=04528ed5，无任何 ACTIVE 面
18:58:48.620 [main] INFO com.objwww.pr.control.release.application.SkillCandidateService -- Skill 候选 DRAFT 落档（S01）：name=bad-skill asset=c982c0c9，无任何 ACTIVE 面
18:58:48.623 [main] INFO com.objwww.pr.control.release.application.SkillCandidateService -- Skill 候选校验拒绝（远端零调用）：bad-skill —— S05：Skill 声明工具不在授权交集内（不能扩权/触发副作用）: prometheus.instant
18:58:48.625 [main] INFO com.objwww.pr.control.release.application.SkillCandidateService -- Skill 候选 DRAFT 落档（S01）：name=svc-a-runbook asset=ae8e87bb，无任何 ACTIVE 面
18:58:48.629 [main] INFO com.objwww.pr.control.release.application.SkillCandidateService -- Skill 候选 DRAFT 落档（S01）：name=normal-exit asset=a3b3a53b，无任何 ACTIVE 面
18:58:48.630 [main] INFO com.objwww.pr.control.release.application.SkillCandidateService -- Skill 候选人工授权激活：name=normal-exit by=operator-bob asset=a3b3a53b
18:58:48.631 [main] INFO com.objwww.pr.control.release.application.SkillCandidateService -- Skill 候选 DRAFT 落档（S01）：name=emergency-exit asset=9cd69a9a，无任何 ACTIVE 面
18:58:48.632 [main] INFO com.objwww.pr.control.release.application.SkillCandidateService -- Skill 候选人工授权激活：name=emergency-exit by=operator-carol asset=9cd69a9a
18:58:48.634 [main] INFO com.objwww.pr.control.release.application.SkillCandidateService -- Skill 候选 DRAFT 落档（S01）：name=dup-skill asset=1e4bf509，无任何 ACTIVE 面
18:58:48.634 [main] INFO com.objwww.pr.control.release.application.SkillCandidateService -- Skill 候选幂等重放（S14）：name=dup-skill source=aaaaaaaa
18:58:48.636 [main] INFO com.objwww.pr.control.release.application.SkillCandidateService -- Skill 候选 DRAFT 落档（S01）：name=gate-skill asset=579a6504，无任何 ACTIVE 面
18:58:48.637 [main] INFO com.objwww.pr.control.release.application.SkillCandidateService -- Skill 候选 DRAFT 落档（S01）：name=inconclusive-skill asset=0201b12e，无任何 ACTIVE 面
18:58:48.638 [main] INFO com.objwww.pr.control.release.application.SkillCandidateService -- Skill 候选 DRAFT 落档（S01）：name=pass-skill asset=e2ba9aa3，无任何 ACTIVE 面
18:58:48.644 [main] INFO com.objwww.pr.control.release.application.SkillCandidateService -- Skill 候选 DRAFT 落档（S01）：name=tamper-skill asset=cecd031e，无任何 ACTIVE 面
[INFO] Tests run: 10, Failures: 0, Errors: 0, Skipped: 0, Time elapsed: 0.030 s -- in com.objwww.pr.control.release.application.SkillCandidateServiceTest
[INFO] Running com.objwww.pr.control.release.application.ConfigBundleServiceTest
18:58:48.654 [main] INFO com.objwww.pr.control.release.application.ConfigBundleService -- bundle 发布: 30ad808ed98886e339611e59f7bac711638e216776d0231c3aad2a5fe468382c revision=1 by=op policy=policy-2026-09
18:58:48.654 [main] INFO com.objwww.pr.control.release.application.ConfigBundleService -- 资格授予: candidate=30ad808ed98886e339611e59f7bac711638e216776d0231c3aad2a5fe468382c verdict=PASS usage=MATCHED by=grader-1
18:58:48.655 [main] INFO com.objwww.pr.control.release.application.ConfigBundleService -- bundle 发布: be840a4ff5d98fc58380e1ed2d6501f2a7edb25711430dc0e9023b687140db80 revision=2 by=op policy=policy-2026-09
18:58:48.655 [main] INFO com.objwww.pr.control.release.application.ConfigBundleService -- 资格授予: candidate=be840a4ff5d98fc58380e1ed2d6501f2a7edb25711430dc0e9023b687140db80 verdict=PASS usage=MATCHED by=grader-1
18:58:48.660 [main] INFO com.objwww.pr.control.release.application.ConfigBundleService -- ACTIVATE 落位: 30ad808ed98886e339611e59f7bac711638e216776d0231c3aad2a5fe468382c revision=1 by=op
18:58:48.663 [main] INFO com.objwww.pr.control.release.application.ConfigBundleService -- 资产注册: PROMPT 2f36beb53b822b9d312b2353e257c8de8b87386bdf4484e342dd2f0d6ef60ea7 by=op
18:58:48.668 [main] INFO com.objwww.pr.control.release.application.ConfigBundleService -- 资产注册幂等重放: PROMPT 2f36beb53b822b9d312b2353e257c8de8b87386bdf4484e342dd2f0d6ef60ea7 by=op
18:58:48.668 [main] INFO com.objwww.pr.control.release.application.ConfigBundleService -- 资产注册: PROMPT 601e38f862b9f79a54706b3d6728a99e8ba86ea17cda34cd51b3a747c1a13b31 by=op
18:58:48.669 [main] INFO com.objwww.pr.control.release.application.ConfigBundleService -- bundle 发布: 30ad808ed98886e339611e59f7bac711638e216776d0231c3aad2a5fe468382c revision=1 by=op policy=policy-2026-09
18:58:48.670 [main] INFO com.objwww.pr.control.release.application.ConfigBundleService -- 资格授予: candidate=30ad808ed98886e339611e59f7bac711638e216776d0231c3aad2a5fe468382c verdict=PASS usage=MATCHED by=grader-1
18:58:48.670 [main] INFO com.objwww.pr.control.release.application.ConfigBundleService -- bundle 发布: be840a4ff5d98fc58380e1ed2d6501f2a7edb25711430dc0e9023b687140db80 revision=2 by=op policy=policy-2026-09
18:58:48.670 [main] INFO com.objwww.pr.control.release.application.ConfigBundleService -- 资格授予: candidate=be840a4ff5d98fc58380e1ed2d6501f2a7edb25711430dc0e9023b687140db80 verdict=PASS usage=MATCHED by=grader-1
18:58:48.670 [main] INFO com.objwww.pr.control.release.application.ConfigBundleService -- ACTIVATE 落位: 30ad808ed98886e339611e59f7bac711638e216776d0231c3aad2a5fe468382c revision=1 by=op
18:58:48.670 [main] WARN com.objwww.pr.control.release.application.ConfigBundleService -- ACTIVATE CAS 竞争失败: target=be840a4ff5d98fc58380e1ed2d6501f2a7edb25711430dc0e9023b687140db80 expected=0 by=op-2
18:58:48.671 [main] INFO com.objwww.pr.control.release.application.ConfigBundleService -- ACTIVATE 落位: be840a4ff5d98fc58380e1ed2d6501f2a7edb25711430dc0e9023b687140db80 revision=2 by=op-2
18:58:48.673 [main] INFO com.objwww.pr.control.release.application.ConfigBundleService -- 资产注册: PROMPT 2f36beb53b822b9d312b2353e257c8de8b87386bdf4484e342dd2f0d6ef60ea7 by=op
18:58:48.674 [main] INFO com.objwww.pr.control.release.application.ConfigBundleService -- 资产注册: SKILL 64b41e2057c0e0e6c3f077b72c0951ce8e27fc157de2fdd60ddc22f5024bdaf7 by=op
18:58:48.674 [main] INFO com.objwww.pr.control.release.application.ConfigBundleService -- 资产注册: TOOL_SCHEMA c3dcd8c37f33f564cd506ece7666493ae7938c2804117db2f4fa7468c92be37f by=op
18:58:48.675 [main] INFO com.objwww.pr.control.release.application.ConfigBundleService -- release_manifest 依赖闭包通过: roles=[primary] skills=1 toolSchemas=1
18:58:48.676 [main] INFO com.objwww.pr.control.release.application.ConfigBundleService -- bundle 发布: 3c79c27ea1867f2e5e1caf088a8581c5fd2382c6c5e199dfbb8f05028977b9bc revision=1 by=op policy=policy-2026-09
18:58:48.676 [main] INFO com.objwww.pr.control.release.application.ConfigBundleService -- bundle 幂等重放: 3c79c27ea1867f2e5e1caf088a8581c5fd2382c6c5e199dfbb8f05028977b9bc revision=1 by=op
18:58:48.677 [main] INFO com.objwww.pr.control.release.application.ConfigBundleService -- bundle 发布: 30ad808ed98886e339611e59f7bac711638e216776d0231c3aad2a5fe468382c revision=1 by=op policy=policy-2026-09
18:58:48.677 [main] INFO com.objwww.pr.control.release.application.ConfigBundleService -- 资格授予: candidate=30ad808ed98886e339611e59f7bac711638e216776d0231c3aad2a5fe468382c verdict=PASS usage=MATCHED by=grader-1
18:58:48.678 [main] INFO com.objwww.pr.control.release.application.ConfigBundleService -- ACTIVATE 落位: 30ad808ed98886e339611e59f7bac711638e216776d0231c3aad2a5fe468382c revision=1 by=op
18:58:48.682 [main] INFO com.objwww.pr.control.release.application.ConfigBundleService -- bundle 发布: 30ad808ed98886e339611e59f7bac711638e216776d0231c3aad2a5fe468382c revision=1 by=op policy=policy-2026-09
18:58:48.683 [main] INFO com.objwww.pr.control.release.application.ConfigBundleService -- bundle 发布: 30ad808ed98886e339611e59f7bac711638e216776d0231c3aad2a5fe468382c revision=1 by=op policy=policy-2026-09
18:58:48.683 [main] INFO com.objwww.pr.control.release.application.ConfigBundleService -- 资格授予: candidate=30ad808ed98886e339611e59f7bac711638e216776d0231c3aad2a5fe468382c verdict=PASS usage=MATCHED by=grader-1
18:58:48.683 [main] INFO com.objwww.pr.control.release.application.ConfigBundleService -- ACTIVATE 落位: 30ad808ed98886e339611e59f7bac711638e216776d0231c3aad2a5fe468382c revision=1 by=op
18:58:48.685 [main] INFO com.objwww.pr.control.release.application.ConfigBundleService -- bundle 发布: 30ad808ed98886e339611e59f7bac711638e216776d0231c3aad2a5fe468382c revision=1 by=op policy=policy-2026-09
18:58:48.685 [main] INFO com.objwww.pr.control.release.application.ConfigBundleService -- 资格授予: candidate=30ad808ed98886e339611e59f7bac711638e216776d0231c3aad2a5fe468382c verdict=PASS usage=MATCHED by=grader-1
18:58:48.685 [main] INFO com.objwww.pr.control.release.application.ConfigBundleService -- bundle 发布: be840a4ff5d98fc58380e1ed2d6501f2a7edb25711430dc0e9023b687140db80 revision=2 by=op policy=policy-2026-09
18:58:48.685 [main] INFO com.objwww.pr.control.release.application.ConfigBundleService -- 资格授予: candidate=be840a4ff5d98fc58380e1ed2d6501f2a7edb25711430dc0e9023b687140db80 verdict=PASS usage=MATCHED by=grader-1
18:58:48.686 [main] INFO com.objwww.pr.control.release.application.ConfigBundleService -- ACTIVATE 落位: 30ad808ed98886e339611e59f7bac711638e216776d0231c3aad2a5fe468382c revision=1 by=op
18:58:48.686 [main] INFO com.objwww.pr.control.release.application.ConfigBundleService -- ACTIVATE 落位: be840a4ff5d98fc58380e1ed2d6501f2a7edb25711430dc0e9023b687140db80 revision=2 by=op
18:58:48.686 [main] INFO com.objwww.pr.control.release.application.ConfigBundleService -- ROLLBACK 落位: 30ad808ed98886e339611e59f7bac711638e216776d0231c3aad2a5fe468382c revision=1 by=release-operator
18:58:48.687 [main] INFO com.objwww.pr.control.release.application.ConfigBundleService -- bundle 发布: 30ad808ed98886e339611e59f7bac711638e216776d0231c3aad2a5fe468382c revision=1 by=op policy=policy-2026-09
18:58:48.688 [main] INFO com.objwww.pr.control.release.application.ConfigBundleService -- 资格授予: candidate=30ad808ed98886e339611e59f7bac711638e216776d0231c3aad2a5fe468382c verdict=PASS usage=MATCHED by=grader-1
18:58:48.688 [main] INFO com.objwww.pr.control.release.application.ConfigBundleService -- bundle 发布: be840a4ff5d98fc58380e1ed2d6501f2a7edb25711430dc0e9023b687140db80 revision=2 by=op policy=policy-2026-09
18:58:48.688 [main] INFO com.objwww.pr.control.release.application.ConfigBundleService -- 资格授予: candidate=be840a4ff5d98fc58380e1ed2d6501f2a7edb25711430dc0e9023b687140db80 verdict=PASS usage=MATCHED by=grader-1
18:58:48.688 [main] INFO com.objwww.pr.control.release.application.ConfigBundleService -- ACTIVATE 落位: 30ad808ed98886e339611e59f7bac711638e216776d0231c3aad2a5fe468382c revision=1 by=op
18:58:48.688 [main] INFO com.objwww.pr.control.release.application.ConfigBundleService -- ACTIVATE 落位: be840a4ff5d98fc58380e1ed2d6501f2a7edb25711430dc0e9023b687140db80 revision=2 by=op
18:58:48.688 [main] INFO com.objwww.pr.control.release.application.ConfigBundleService -- ROLLBACK 落位: 30ad808ed98886e339611e59f7bac711638e216776d0231c3aad2a5fe468382c revision=1 by=op
18:58:48.690 [main] INFO com.objwww.pr.control.release.application.ConfigBundleService -- bundle 发布: 30ad808ed98886e339611e59f7bac711638e216776d0231c3aad2a5fe468382c revision=1 by=release-operator policy=policy-2026-09
18:58:48.690 [main] INFO com.objwww.pr.control.release.application.ConfigBundleService -- bundle 幂等重放: 30ad808ed98886e339611e59f7bac711638e216776d0231c3aad2a5fe468382c revision=1 by=release-operator
18:58:48.690 [main] INFO com.objwww.pr.control.release.application.ConfigBundleService -- bundle 发布: be840a4ff5d98fc58380e1ed2d6501f2a7edb25711430dc0e9023b687140db80 revision=2 by=release-operator policy=policy-2026-09
18:58:48.692 [main] INFO com.objwww.pr.control.release.application.ConfigBundleService -- bundle 发布: 30ad808ed98886e339611e59f7bac711638e216776d0231c3aad2a5fe468382c revision=1 by=op policy=policy-2026-09
18:58:48.692 [main] INFO com.objwww.pr.control.release.application.ConfigBundleService -- 资格授予: candidate=30ad808ed98886e339611e59f7bac711638e216776d0231c3aad2a5fe468382c verdict=PASS usage=MATCHED by=grader-1
18:58:48.693 [main] INFO com.objwww.pr.control.release.application.ConfigBundleService -- bundle 发布: be840a4ff5d98fc58380e1ed2d6501f2a7edb25711430dc0e9023b687140db80 revision=2 by=op policy=policy-2026-09
18:58:48.693 [main] INFO com.objwww.pr.control.release.application.ConfigBundleService -- 资格授予: candidate=be840a4ff5d98fc58380e1ed2d6501f2a7edb25711430dc0e9023b687140db80 verdict=PASS usage=MATCHED by=grader-1
18:58:48.693 [main] INFO com.objwww.pr.control.release.application.ConfigBundleService -- ACTIVATE 落位: 30ad808ed98886e339611e59f7bac711638e216776d0231c3aad2a5fe468382c revision=1 by=op
18:58:48.693 [main] INFO com.objwww.pr.control.release.application.ConfigBundleService -- ACTIVATE 落位: be840a4ff5d98fc58380e1ed2d6501f2a7edb25711430dc0e9023b687140db80 revision=2 by=op
18:58:48.693 [main] INFO com.objwww.pr.control.release.application.ConfigBundleService -- bundle 发布: 40823ce96c5c1702de39e6181ae2e62f27ca5beef2e0bf4317c054515b83c86c revision=3 by=op policy=policy-2026-09
18:58:48.694 [main] INFO com.objwww.pr.control.release.application.ConfigBundleService -- ROLLBACK 落位: 30ad808ed98886e339611e59f7bac711638e216776d0231c3aad2a5fe468382c revision=1 by=op
18:58:48.694 [main] INFO com.objwww.pr.control.release.application.ConfigBundleService -- bundle 发布: 30ad808ed98886e339611e59f7bac711638e216776d0231c3aad2a5fe468382c revision=1 by=op policy=policy-2026-09
18:58:48.694 [main] INFO com.objwww.pr.control.release.application.ConfigBundleService -- 资格授予: candidate=30ad808ed98886e339611e59f7bac711638e216776d0231c3aad2a5fe468382c verdict=PASS usage=MATCHED by=grader-1
18:58:48.695 [main] INFO com.objwww.pr.control.release.application.ConfigBundleService -- bundle 发布: be840a4ff5d98fc58380e1ed2d6501f2a7edb25711430dc0e9023b687140db80 revision=2 by=op policy=policy-2026-09
18:58:48.695 [main] INFO com.objwww.pr.control.release.application.ConfigBundleService -- 资格授予: candidate=be840a4ff5d98fc58380e1ed2d6501f2a7edb25711430dc0e9023b687140db80 verdict=PASS usage=MATCHED by=grader-1
18:58:48.695 [main] INFO com.objwww.pr.control.release.application.ConfigBundleService -- ACTIVATE 落位: 30ad808ed98886e339611e59f7bac711638e216776d0231c3aad2a5fe468382c revision=1 by=release-operator
18:58:48.695 [main] INFO com.objwww.pr.control.release.application.ConfigBundleService -- ACTIVATE 落位: be840a4ff5d98fc58380e1ed2d6501f2a7edb25711430dc0e9023b687140db80 revision=2 by=release-operator
18:58:48.696 [main] INFO com.objwww.pr.control.release.application.ConfigBundleService -- 资产注册: PROMPT 2f36beb53b822b9d312b2353e257c8de8b87386bdf4484e342dd2f0d6ef60ea7 by=op
18:58:48.697 [main] INFO com.objwww.pr.control.release.application.ConfigBundleService -- bundle 发布: 30ad808ed98886e339611e59f7bac711638e216776d0231c3aad2a5fe468382c revision=1 by=op policy=policy-2026-09
18:58:48.697 [main] INFO com.objwww.pr.control.release.application.ConfigBundleService -- bundle 发布: be840a4ff5d98fc58380e1ed2d6501f2a7edb25711430dc0e9023b687140db80 revision=2 by=op policy=policy-2026-09
18:58:48.697 [main] INFO com.objwww.pr.control.release.application.ConfigBundleService -- 资格授予: candidate=be840a4ff5d98fc58380e1ed2d6501f2a7edb25711430dc0e9023b687140db80 verdict=FAIL usage=MATCHED by=grader-1
18:58:48.698 [main] INFO com.objwww.pr.control.release.application.ConfigBundleService -- bundle 发布: 97ec86dedfff69924f440c7dc4b94e5f83087c6c483f5b0e12e74bf22521b23c revision=3 by=op policy=policy-2026-09
18:58:48.698 [main] INFO com.objwww.pr.control.release.application.ConfigBundleService -- 资格授予: candidate=97ec86dedfff69924f440c7dc4b94e5f83087c6c483f5b0e12e74bf22521b23c verdict=INCONCLUSIVE usage=UNKNOWN by=grader-1
18:58:48.699 [main] INFO com.objwww.pr.control.release.application.ConfigBundleService -- bundle 发布: 30ad808ed98886e339611e59f7bac711638e216776d0231c3aad2a5fe468382c revision=1 by=op policy=policy-2026-09
18:58:48.699 [main] INFO com.objwww.pr.control.release.application.ConfigBundleService -- 资格授予: candidate=30ad808ed98886e339611e59f7bac711638e216776d0231c3aad2a5fe468382c verdict=PASS usage=MATCHED by=grader-1
18:58:48.699 [main] INFO com.objwww.pr.control.release.application.ConfigBundleService -- ACTIVATE 落位: 30ad808ed98886e339611e59f7bac711638e216776d0231c3aad2a5fe468382c revision=1 by=op
18:58:48.699 [main] WARN com.objwww.pr.control.release.application.ConfigBundleService -- 资格撤销: id=2d191381-0a05-448a-a816-a5ceb27a29b6 by=safety-officer reason=基线漂移
18:58:48.699 [main] INFO com.objwww.pr.control.release.application.ConfigBundleService -- bundle 发布: be840a4ff5d98fc58380e1ed2d6501f2a7edb25711430dc0e9023b687140db80 revision=2 by=op policy=policy-2026-09
18:58:48.700 [main] INFO com.objwww.pr.control.release.application.ConfigBundleService -- 资格授予: candidate=be840a4ff5d98fc58380e1ed2d6501f2a7edb25711430dc0e9023b687140db80 verdict=PASS usage=MATCHED by=grader-1
18:58:48.700 [main] WARN com.objwww.pr.control.release.application.ConfigBundleService -- 资格撤销: id=32ef35a6-c5cd-44e2-a2e4-a8a0bca98cc2 by=safety-officer reason=紧急撤回
[INFO] Tests run: 17, Failures: 0, Errors: 0, Skipped: 0, Time elapsed: 0.054 s -- in com.objwww.pr.control.release.application.ConfigBundleServiceTest
[INFO] Running com.objwww.pr.control.release.application.EngineComparisonRecorderTest
[INFO] Tests run: 6, Failures: 0, Errors: 0, Skipped: 0, Time elapsed: 0.205 s -- in com.objwww.pr.control.release.application.EngineComparisonRecorderTest
[INFO] Running com.objwww.pr.control.release.application.SkillSelectionServiceTest
18:58:48.914 [main] INFO com.objwww.pr.control.release.application.SkillSelectionService -- Skill 钉版（S11）：run=53b06e42-73fc-4f5c-a342-ef8a8dd1aced name=v1 digest=9bd1bbe0（conflictSuppressed=false）
18:58:48.920 [main] INFO com.objwww.pr.control.release.application.SkillSelectionService -- Skill 钉版（S11）：run=c98f237c-442d-45df-9055-41d97000f836 name=v2 digest=7fdcb497（conflictSuppressed=false）
18:58:48.922 [main] INFO com.objwww.pr.control.release.application.SkillSelectionService -- Skill 钉版（S11）：run=d073a266-3922-41dd-918d-43f8a3ed720b name=real digest=f9c74290（conflictSuppressed=false）
18:58:48.924 [main] INFO com.objwww.pr.control.release.application.SkillSelectionService -- Skill 钉版（S11）：run=555cb4ed-b823-4c85-900c-063f009263bb name=alpha digest=41ee30cd（conflictSuppressed=true）
[INFO] Tests run: 3, Failures: 0, Errors: 0, Skipped: 0, Time elapsed: 0.015 s -- in com.objwww.pr.control.release.application.SkillSelectionServiceTest
[INFO] Running com.objwww.pr.control.release.application.CanaryRouterTest
18:58:48.936 [main] WARN com.objwww.pr.control.release.application.CanaryRouter -- canary 爆炸半径达上限，自动停放量: nativeRuns=1 cap=1 bundle=be2802f5ee3f3cd8b48e8bc1048f8896d2f57a771f977c998321f60f5eca0d3d
18:58:48.936 [main] WARN com.objwww.pr.control.release.application.CanaryRouter -- canary 爆炸半径达上限，自动停放量: nativeRuns=1 cap=1 bundle=be2802f5ee3f3cd8b48e8bc1048f8896d2f57a771f977c998321f60f5eca0d3d
[INFO] Tests run: 11, Failures: 0, Errors: 0, Skipped: 0, Time elapsed: 0.020 s -- in com.objwww.pr.control.release.application.CanaryRouterTest
[INFO] Running com.objwww.pr.control.release.interfaces.ConfigBundleControllerTest
18:58:49.325 [main] INFO org.springframework.mock.web.MockServletContext -- Initializing Spring TestDispatcherServlet ''
18:58:49.325 [main] INFO org.springframework.test.web.servlet.TestDispatcherServlet -- Initializing Servlet ''
18:58:49.328 [main] INFO org.springframework.test.web.servlet.TestDispatcherServlet -- Completed initialization in 2 ms
18:58:49.473 [main] INFO org.springframework.mock.web.MockServletContext -- Initializing Spring TestDispatcherServlet ''
18:58:49.473 [main] INFO org.springframework.test.web.servlet.TestDispatcherServlet -- Initializing Servlet ''
18:58:49.473 [main] INFO org.springframework.test.web.servlet.TestDispatcherServlet -- Completed initialization in 0 ms
18:58:49.477 [main] INFO com.objwww.pr.control.release.application.ConfigBundleService -- bundle 发布: 30ad808ed98886e339611e59f7bac711638e216776d0231c3aad2a5fe468382c revision=1 by=release-operator policy=policy-2026-09
18:58:49.521 [main] INFO com.objwww.pr.control.release.application.ConfigBundleService -- bundle 发布: be840a4ff5d98fc58380e1ed2d6501f2a7edb25711430dc0e9023b687140db80 revision=2 by=release-operator policy=policy-2026-09
18:58:49.522 [main] INFO com.objwww.pr.control.release.application.ConfigBundleService -- 资格授予: candidate=30ad808ed98886e339611e59f7bac711638e216776d0231c3aad2a5fe468382c verdict=PASS usage=MATCHED by=grader-1
18:58:49.523 [main] INFO com.objwww.pr.control.release.application.ConfigBundleService -- 资格授予: candidate=be840a4ff5d98fc58380e1ed2d6501f2a7edb25711430dc0e9023b687140db80 verdict=PASS usage=MATCHED by=grader-1
18:58:49.528 [main] INFO com.objwww.pr.control.release.interfaces.ConfigBundleController -- config-bundle activate: digest=30ad808ed98886e339611e59f7bac711638e216776d0231c3aad2a5fe468382c body-keys=[expectedActiveRevision]
18:58:49.529 [main] INFO com.objwww.pr.control.release.application.ConfigBundleService -- ACTIVATE 落位: 30ad808ed98886e339611e59f7bac711638e216776d0231c3aad2a5fe468382c revision=1 by=release-operator
18:58:49.531 [main] INFO com.objwww.pr.control.release.interfaces.ConfigBundleController -- config-bundle activate: digest=be840a4ff5d98fc58380e1ed2d6501f2a7edb25711430dc0e9023b687140db80 body-keys=[expectedActiveRevision]
18:58:49.532 [main] INFO com.objwww.pr.control.release.application.ConfigBundleService -- ACTIVATE 落位: be840a4ff5d98fc58380e1ed2d6501f2a7edb25711430dc0e9023b687140db80 revision=2 by=release-operator
18:58:49.534 [main] INFO com.objwww.pr.control.release.interfaces.ConfigBundleController -- config-bundle rollback: digest=30ad808ed98886e339611e59f7bac711638e216776d0231c3aad2a5fe468382c body-keys=[toDigest, expectedActiveRevision]
18:58:49.534 [main] INFO com.objwww.pr.control.release.application.ConfigBundleService -- ROLLBACK 落位: 30ad808ed98886e339611e59f7bac711638e216776d0231c3aad2a5fe468382c revision=1 by=release-operator
18:58:49.541 [main] INFO com.objwww.pr.control.release.interfaces.ConfigBundleController -- config-bundle rollback: digest=null body-keys=[]
18:58:49.554 [main] INFO org.springframework.mock.web.MockServletContext -- Initializing Spring TestDispatcherServlet ''
18:58:49.554 [main] INFO org.springframework.test.web.servlet.TestDispatcherServlet -- Initializing Servlet ''
18:58:49.554 [main] INFO org.springframework.test.web.servlet.TestDispatcherServlet -- Completed initialization in 0 ms
18:58:49.561 [main] INFO com.objwww.pr.control.release.application.ConfigBundleService -- bundle 发布: 30ad808ed98886e339611e59f7bac711638e216776d0231c3aad2a5fe468382c revision=1 by=release-operator policy=policy-2026-09
18:58:49.563 [main] INFO com.objwww.pr.control.release.application.ConfigBundleService -- 资格授予: candidate=30ad808ed98886e339611e59f7bac711638e216776d0231c3aad2a5fe468382c verdict=PASS usage=MATCHED by=grader-1
18:58:49.564 [main] INFO com.objwww.pr.control.release.interfaces.ConfigBundleController -- config-bundle activate: digest=30ad808ed98886e339611e59f7bac711638e216776d0231c3aad2a5fe468382c body-keys=[expectedActiveRevision]
18:58:49.564 [main] INFO com.objwww.pr.control.release.application.ConfigBundleService -- ACTIVATE 落位: 30ad808ed98886e339611e59f7bac711638e216776d0231c3aad2a5fe468382c revision=1 by=release-operator
18:58:49.578 [main] INFO org.springframework.mock.web.MockServletContext -- Initializing Spring TestDispatcherServlet ''
18:58:49.578 [main] INFO org.springframework.test.web.servlet.TestDispatcherServlet -- Initializing Servlet ''
18:58:49.578 [main] INFO org.springframework.test.web.servlet.TestDispatcherServlet -- Completed initialization in 0 ms
18:58:49.581 [main] INFO com.objwww.pr.control.release.application.ConfigBundleService -- bundle 发布: 30ad808ed98886e339611e59f7bac711638e216776d0231c3aad2a5fe468382c revision=1 by=release-operator policy=policy-2026-09
18:58:49.585 [main] INFO com.objwww.pr.control.release.interfaces.ConfigBundleController -- config-bundle activate: digest=30ad808ed98886e339611e59f7bac711638e216776d0231c3aad2a5fe468382c body-keys=[]
18:58:49.588 [main] INFO com.objwww.pr.control.release.interfaces.ConfigBundleController -- config-bundle activate: digest=30ad808ed98886e339611e59f7bac711638e216776d0231c3aad2a5fe468382c body-keys=[expectedActiveRevision]
18:58:49.601 [main] INFO org.springframework.mock.web.MockServletContext -- Initializing Spring TestDispatcherServlet ''
18:58:49.601 [main] INFO org.springframework.test.web.servlet.TestDispatcherServlet -- Initializing Servlet ''
18:58:49.602 [main] INFO org.springframework.test.web.servlet.TestDispatcherServlet -- Completed initialization in 1 ms
18:58:49.605 [main] INFO com.objwww.pr.control.release.application.ConfigBundleService -- bundle 发布: 30ad808ed98886e339611e59f7bac711638e216776d0231c3aad2a5fe468382c revision=1 by=release-operator policy=policy-2026-09
18:58:49.609 [main] INFO com.objwww.pr.control.release.application.ConfigBundleService -- bundle 幂等重放: 30ad808ed98886e339611e59f7bac711638e216776d0231c3aad2a5fe468382c revision=1 by=release-operator
18:58:49.618 [main] INFO org.springframework.mock.web.MockServletContext -- Initializing Spring TestDispatcherServlet ''
18:58:49.618 [main] INFO org.springframework.test.web.servlet.TestDispatcherServlet -- Initializing Servlet ''
18:58:49.618 [main] INFO org.springframework.test.web.servlet.TestDispatcherServlet -- Completed initialization in 0 ms
18:58:49.621 [main] INFO com.objwww.pr.control.release.application.ConfigBundleService -- bundle 发布: 30ad808ed98886e339611e59f7bac711638e216776d0231c3aad2a5fe468382c revision=1 by=release-operator policy=policy-2026-09
18:58:49.626 [main] INFO com.objwww.pr.control.release.application.ConfigBundleService -- bundle 发布: be840a4ff5d98fc58380e1ed2d6501f2a7edb25711430dc0e9023b687140db80 revision=2 by=release-operator policy=policy-2026-09
18:58:49.627 [main] INFO com.objwww.pr.control.release.application.ConfigBundleService -- 资格授予: candidate=30ad808ed98886e339611e59f7bac711638e216776d0231c3aad2a5fe468382c verdict=PASS usage=MATCHED by=grader-1
18:58:49.627 [main] INFO com.objwww.pr.control.release.application.ConfigBundleService -- 资格授予: candidate=be840a4ff5d98fc58380e1ed2d6501f2a7edb25711430dc0e9023b687140db80 verdict=PASS usage=MATCHED by=grader-1
18:58:49.629 [main] INFO com.objwww.pr.control.release.interfaces.ConfigBundleController -- config-bundle activate: digest=30ad808ed98886e339611e59f7bac711638e216776d0231c3aad2a5fe468382c body-keys=[expectedActiveRevision]
18:58:49.629 [main] INFO com.objwww.pr.control.release.application.ConfigBundleService -- ACTIVATE 落位: 30ad808ed98886e339611e59f7bac711638e216776d0231c3aad2a5fe468382c revision=1 by=release-operator
18:58:49.632 [main] INFO com.objwww.pr.control.release.interfaces.ConfigBundleController -- config-bundle activate: digest=be840a4ff5d98fc58380e1ed2d6501f2a7edb25711430dc0e9023b687140db80 body-keys=[expectedActiveRevision]
18:58:49.632 [main] WARN com.objwww.pr.control.release.application.ConfigBundleService -- ACTIVATE CAS 竞争失败: target=be840a4ff5d98fc58380e1ed2d6501f2a7edb25711430dc0e9023b687140db80 expected=1 by=release-operator
18:58:49.640 [main] INFO org.springframework.mock.web.MockServletContext -- Initializing Spring TestDispatcherServlet ''
18:58:49.640 [main] INFO org.springframework.test.web.servlet.TestDispatcherServlet -- Initializing Servlet ''
18:58:49.640 [main] INFO org.springframework.test.web.servlet.TestDispatcherServlet -- Completed initialization in 0 ms
18:58:49.643 [main] INFO com.objwww.pr.control.release.application.ConfigBundleService -- bundle 发布: 30ad808ed98886e339611e59f7bac711638e216776d0231c3aad2a5fe468382c revision=1 by=release-operator policy=policy-2026-09
18:58:49.645 [main] INFO com.objwww.pr.control.release.application.ConfigBundleService -- 资格授予: candidate=30ad808ed98886e339611e59f7bac711638e216776d0231c3aad2a5fe468382c verdict=PASS usage=MATCHED by=grader-1
18:58:49.647 [main] INFO com.objwww.pr.control.release.interfaces.ConfigBundleController -- config-bundle activate: digest=30ad808ed98886e339611e59f7bac711638e216776d0231c3aad2a5fe468382c body-keys=[expectedActiveRevision]
18:58:49.647 [main] INFO com.objwww.pr.control.release.application.ConfigBundleService -- ACTIVATE 落位: 30ad808ed98886e339611e59f7bac711638e216776d0231c3aad2a5fe468382c revision=1 by=release-operator
18:58:49.650 [main] INFO com.objwww.pr.control.release.interfaces.ConfigBundleController -- config-bundle activate: digest=30ad808ed98886e339611e59f7bac711638e216776d0231c3aad2a5fe468382c body-keys=[expectedActiveRevision]
18:58:49.651 [main] INFO com.objwww.pr.control.release.interfaces.ConfigBundleController -- config-bundle activate: digest=ead6ef03d61ee60c533d6d450c50a1e559a8a37f6b796a4094cd0dac6b744428 body-keys=[expectedActiveRevision]
[INFO] Tests run: 7, Failures: 0, Errors: 0, Skipped: 0, Time elapsed: 0.704 s -- in com.objwww.pr.control.release.interfaces.ConfigBundleControllerTest
[INFO] Running com.objwww.pr.control.release.interfaces.CanaryStatusControllerTest
18:58:49.663 [main] INFO org.springframework.mock.web.MockServletContext -- Initializing Spring TestDispatcherServlet ''
18:58:49.663 [main] INFO org.springframework.test.web.servlet.TestDispatcherServlet -- Initializing Servlet ''
18:58:49.663 [main] INFO org.springframework.test.web.servlet.TestDispatcherServlet -- Completed initialization in 0 ms
18:58:49.674 [main] INFO org.springframework.mock.web.MockServletContext -- Initializing Spring TestDispatcherServlet ''
18:58:49.674 [main] INFO org.springframework.test.web.servlet.TestDispatcherServlet -- Initializing Servlet ''
18:58:49.675 [main] INFO org.springframework.test.web.servlet.TestDispatcherServlet -- Completed initialization in 1 ms
18:58:49.687 [main] INFO org.springframework.mock.web.MockServletContext -- Initializing Spring TestDispatcherServlet ''
18:58:49.687 [main] INFO org.springframework.test.web.servlet.TestDispatcherServlet -- Initializing Servlet ''
18:58:49.688 [main] INFO org.springframework.test.web.servlet.TestDispatcherServlet -- Completed initialization in 1 ms
18:58:49.703 [main] INFO org.springframework.mock.web.MockServletContext -- Initializing Spring TestDispatcherServlet ''
18:58:49.703 [main] INFO org.springframework.test.web.servlet.TestDispatcherServlet -- Initializing Servlet ''
18:58:49.703 [main] INFO org.springframework.test.web.servlet.TestDispatcherServlet -- Completed initialization in 0 ms
[INFO] Tests run: 4, Failures: 0, Errors: 0, Skipped: 0, Time elapsed: 0.052 s -- in com.objwww.pr.control.release.interfaces.CanaryStatusControllerTest
[INFO] Running com.objwww.pr.control.release.interfaces.ReleaseAssetQueryControllerTest
[INFO] Tests run: 6, Failures: 0, Errors: 0, Skipped: 0, Time elapsed: 0.017 s -- in com.objwww.pr.control.release.interfaces.ReleaseAssetQueryControllerTest
[INFO] Running com.objwww.pr.control.eval.domain.statemachine.EvalRunLifecycleTest
[INFO] Tests run: 4, Failures: 0, Errors: 0, Skipped: 0, Time elapsed: 0.005 s -- in com.objwww.pr.control.eval.domain.statemachine.EvalRunLifecycleTest
[INFO] Running com.objwww.pr.control.eval.domain.statemachine.GoldenCandidateStateMachineTest
[INFO] Tests run: 2, Failures: 0, Errors: 0, Skipped: 0, Time elapsed: 0.005 s -- in com.objwww.pr.control.eval.domain.statemachine.GoldenCandidateStateMachineTest
[INFO] Running com.objwww.pr.control.eval.domain.ScenarioMetricsTest
[INFO] Tests run: 5, Failures: 0, Errors: 0, Skipped: 0, Time elapsed: 0.008 s -- in com.objwww.pr.control.eval.domain.ScenarioMetricsTest
[INFO] Running com.objwww.pr.control.eval.domain.SynonymLexiconTest
[INFO] Tests run: 5, Failures: 0, Errors: 0, Skipped: 0, Time elapsed: 0.071 s -- in com.objwww.pr.control.eval.domain.SynonymLexiconTest
[INFO] Running com.objwww.pr.control.eval.domain.litellm.UsageLedgerReconcilerTest
[INFO] Tests run: 12, Failures: 0, Errors: 0, Skipped: 0, Time elapsed: 0.043 s -- in com.objwww.pr.control.eval.domain.litellm.UsageLedgerReconcilerTest
[INFO] Running com.objwww.pr.control.eval.domain.GoldenScenarioRegistryTest
[INFO] Tests run: 4, Failures: 0, Errors: 0, Skipped: 0, Time elapsed: 0.040 s -- in com.objwww.pr.control.eval.domain.GoldenScenarioRegistryTest
[INFO] Running com.objwww.pr.control.eval.domain.port.DatasetAdapterTest
[INFO] Tests run: 5, Failures: 0, Errors: 0, Skipped: 0, Time elapsed: 0.010 s -- in com.objwww.pr.control.eval.domain.port.DatasetAdapterTest
[INFO] Running com.objwww.pr.control.eval.domain.model.SamplingFingerprintTest
[INFO] Tests run: 6, Failures: 0, Errors: 0, Skipped: 0, Time elapsed: 0.035 s -- in com.objwww.pr.control.eval.domain.model.SamplingFingerprintTest
[INFO] Running com.objwww.pr.control.eval.domain.model.EvalCaseV1Test
[INFO] Tests run: 3, Failures: 0, Errors: 0, Skipped: 0, Time elapsed: 0.003 s -- in com.objwww.pr.control.eval.domain.model.EvalCaseV1Test
[INFO] Running com.objwww.pr.control.eval.domain.model.EvalLaunchPlanTest
[INFO] Tests run: 3, Failures: 0, Errors: 0, Skipped: 0, Time elapsed: 0.014 s -- in com.objwww.pr.control.eval.domain.model.EvalLaunchPlanTest
[INFO] Running com.objwww.pr.control.eval.domain.model.DatasetVersionTest
[INFO] Tests run: 3, Failures: 0, Errors: 0, Skipped: 0, Time elapsed: 0.004 s -- in com.objwww.pr.control.eval.domain.model.DatasetVersionTest
[INFO] Running com.objwww.pr.control.eval.domain.model.CaseVersionTest
[INFO] Tests run: 4, Failures: 0, Errors: 0, Skipped: 0, Time elapsed: 0.004 s -- in com.objwww.pr.control.eval.domain.model.CaseVersionTest
[INFO] Running com.objwww.pr.control.eval.domain.EvalRunMetadataTest
[INFO] Tests run: 5, Failures: 0, Errors: 0, Skipped: 0, Time elapsed: 0.014 s -- in com.objwww.pr.control.eval.domain.EvalRunMetadataTest
[INFO] Running com.objwww.pr.control.eval.domain.EvalCaseResultTest
[INFO] Tests run: 3, Failures: 0, Errors: 0, Skipped: 0, Time elapsed: 0.004 s -- in com.objwww.pr.control.eval.domain.EvalCaseResultTest
[INFO] Running com.objwww.pr.control.eval.domain.service.SafetyGateTest
[INFO] Tests run: 8, Failures: 0, Errors: 0, Skipped: 0, Time elapsed: 0.017 s -- in com.objwww.pr.control.eval.domain.service.SafetyGateTest
[INFO] Running com.objwww.pr.control.eval.domain.service.QualityGateTest
[INFO] Tests run: 13, Failures: 0, Errors: 0, Skipped: 0, Time elapsed: 0.015 s -- in com.objwww.pr.control.eval.domain.service.QualityGateTest
[INFO] Running com.objwww.pr.control.eval.domain.service.SixDimEvaluatorTest
[INFO] Tests run: 11, Failures: 0, Errors: 0, Skipped: 0, Time elapsed: 0.010 s -- in com.objwww.pr.control.eval.domain.service.SixDimEvaluatorTest
[INFO] Running com.objwww.pr.control.eval.domain.service.HypothesisSearchServiceTest
[INFO] Tests run: 5, Failures: 0, Errors: 0, Skipped: 0, Time elapsed: 0.007 s -- in com.objwww.pr.control.eval.domain.service.HypothesisSearchServiceTest
[INFO] Running com.objwww.pr.control.eval.domain.service.PairedTrialStatsTest
[INFO] Tests run: 8, Failures: 0, Errors: 0, Skipped: 0, Time elapsed: 0.018 s -- in com.objwww.pr.control.eval.domain.service.PairedTrialStatsTest
[INFO] Running com.objwww.pr.control.eval.infrastructure.adapter.OrderArenaAdapterTest
[INFO] Tests run: 2, Failures: 0, Errors: 0, Skipped: 0, Time elapsed: 0.002 s -- in com.objwww.pr.control.eval.infrastructure.adapter.OrderArenaAdapterTest
[INFO] Running com.objwww.pr.control.eval.infrastructure.adapter.RcaEvalAdapterTest
[INFO] Tests run: 1, Failures: 0, Errors: 0, Skipped: 0, Time elapsed: 0.001 s -- in com.objwww.pr.control.eval.infrastructure.adapter.RcaEvalAdapterTest
[INFO] Running com.objwww.pr.control.eval.infrastructure.adapter.Rca100AdapterTest
[INFO] Tests run: 3, Failures: 0, Errors: 0, Skipped: 0, Time elapsed: 0.005 s -- in com.objwww.pr.control.eval.infrastructure.adapter.Rca100AdapterTest
[INFO] Running com.objwww.pr.control.eval.infrastructure.identity.DatasetPartitionAccessTest
[INFO] Tests run: 4, Failures: 0, Errors: 0, Skipped: 0, Time elapsed: 0.008 s -- in com.objwww.pr.control.eval.infrastructure.identity.DatasetPartitionAccessTest
[INFO] Running com.objwww.pr.control.eval.application.EvalRubricRegistryTest
[INFO] Tests run: 3, Failures: 0, Errors: 0, Skipped: 0, Time elapsed: 0.012 s -- in com.objwww.pr.control.eval.application.EvalRubricRegistryTest
[INFO] Running com.objwww.pr.control.eval.application.UsageLedgerServiceTest
18:58:50.120 [main] WARN com.objwww.pr.control.eval.application.UsageLedgerService -- LiteLLM 未配置（app.alert.eval.litellm.base-url 为空），usage 对账按 chain③ 降级 UNMATCHED/BEST_EFFORT
18:58:50.122 [main] WARN com.objwww.pr.control.eval.application.UsageLedgerService -- SpendLogs 查询失败，usage 对账降级 UNMATCHED（run=0fd36288-70d9-4067-a628-b4311e903ddd）: LiteLLM /spend/logs 调用失败: HTTP 500
18:58:50.123 [main] WARN com.objwww.pr.control.eval.application.UsageLedgerService -- LiteLLM 未配置（app.alert.eval.litellm.base-url 为空），usage 对账按 chain③ 降级 UNMATCHED/BEST_EFFORT
18:58:50.124 [main] WARN com.objwww.pr.control.eval.application.UsageLedgerService -- usage 对账: run=0fd36288-70d9-4067-a628-b4311e903ddd 取得 proxy 行数=1
18:58:50.124 [main] WARN com.objwww.pr.control.eval.application.UsageLedgerService -- LiteLLM 未配置（app.alert.eval.litellm.base-url 为空），usage 对账按 chain③ 降级 UNMATCHED/BEST_EFFORT
18:58:50.125 [main] WARN com.objwww.pr.control.eval.application.UsageLedgerService -- LiteLLM 未配置（app.alert.eval.litellm.base-url 为空），usage 对账按 chain③ 降级 UNMATCHED/BEST_EFFORT
18:58:50.126 [main] WARN com.objwww.pr.control.eval.application.UsageLedgerService -- LiteLLM 未配置（app.alert.eval.litellm.base-url 为空），usage 对账按 chain③ 降级 UNMATCHED/BEST_EFFORT
18:58:50.127 [main] WARN com.objwww.pr.control.eval.application.UsageLedgerService -- LiteLLM 未配置（app.alert.eval.litellm.base-url 为空），usage 对账按 chain③ 降级 UNMATCHED/BEST_EFFORT
[INFO] Tests run: 8, Failures: 0, Errors: 0, Skipped: 0, Time elapsed: 0.013 s -- in com.objwww.pr.control.eval.application.UsageLedgerServiceTest
[INFO] Running com.objwww.pr.control.eval.application.BaselineReportGeneratorTest
[INFO] Tests run: 5, Failures: 0, Errors: 0, Skipped: 0, Time elapsed: 0.030 s -- in com.objwww.pr.control.eval.application.BaselineReportGeneratorTest
[INFO] Running com.objwww.pr.control.eval.application.EvalGateRunnerTest
[INFO] Tests run: 4, Failures: 0, Errors: 0, Skipped: 0, Time elapsed: 0.012 s -- in com.objwww.pr.control.eval.application.EvalGateRunnerTest
[INFO] Running com.objwww.pr.control.eval.application.EvalCompareServiceTest
[INFO] Tests run: 8, Failures: 0, Errors: 0, Skipped: 0, Time elapsed: 0.086 s -- in com.objwww.pr.control.eval.application.EvalCompareServiceTest
[INFO] Running com.objwww.pr.control.eval.application.SingleCaseScorerTest
[INFO] Tests run: 6, Failures: 0, Errors: 0, Skipped: 0, Time elapsed: 0.061 s -- in com.objwww.pr.control.eval.application.SingleCaseScorerTest
[INFO] Running com.objwww.pr.control.eval.application.EvalCompareTest
[INFO] Tests run: 8, Failures: 0, Errors: 0, Skipped: 0, Time elapsed: 0.031 s -- in com.objwww.pr.control.eval.application.EvalCompareTest
[INFO] Running com.objwww.pr.control.eval.application.FinalReportSelectorTest
[INFO] Tests run: 3, Failures: 0, Errors: 0, Skipped: 0, Time elapsed: 0.004 s -- in com.objwww.pr.control.eval.application.FinalReportSelectorTest
[INFO] Running com.objwww.pr.control.eval.application.EvalReviewServiceTest
[INFO] Tests run: 15, Failures: 0, Errors: 0, Skipped: 0, Time elapsed: 0.075 s -- in com.objwww.pr.control.eval.application.EvalReviewServiceTest
[INFO] Running com.objwww.pr.control.eval.application.EvalLogCompareTest
[INFO] Tests run: 7, Failures: 0, Errors: 0, Skipped: 0, Time elapsed: 0.016 s -- in com.objwww.pr.control.eval.application.EvalLogCompareTest
[INFO] Running com.objwww.pr.control.eval.application.ScenarioEvaluatorTest
[INFO] Tests run: 5, Failures: 0, Errors: 0, Skipped: 0, Time elapsed: 0.005 s -- in com.objwww.pr.control.eval.application.ScenarioEvaluatorTest
[INFO] Running com.objwww.pr.control.eval.application.EvalBatchRunnerTest
18:58:50.473 [main] WARN com.objwww.pr.control.eval.application.EvalBatchRunner -- 场景 S1 第 1 轮注入失败: flagd admin down
18:58:50.498 [main] WARN com.objwww.pr.control.eval.application.EvalBatchRunner -- 场景 S1 注入前 incident 未 resolved（alertname=checkout，预算 10s 耗尽）——本轮判 prev_round_not_resolved 并关门
[INFO] Tests run: 5, Failures: 0, Errors: 0, Skipped: 0, Time elapsed: 0.040 s -- in com.objwww.pr.control.eval.application.EvalBatchRunnerTest
[INFO] Running com.objwww.pr.control.eval.application.EvalBatchRunnerLifecycleTest
18:58:50.521 [main] WARN com.objwww.pr.control.eval.application.EvalBatchRunner -- 场景 S1 注入前 incident 未 resolved（alertname=checkout，预算 10s 耗尽）——本轮判 prev_round_not_resolved 并关门
18:58:50.521 [main] WARN com.objwww.pr.control.eval.application.EvalBatchRunner -- L 模式取消恢复核验：场景 S1 的 incident 未 RESOLVED（alertname=checkout，预算 10s 耗尽）
[INFO] Tests run: 5, Failures: 0, Errors: 0, Skipped: 0, Time elapsed: 0.020 s -- in com.objwww.pr.control.eval.application.EvalBatchRunnerLifecycleTest
[INFO] Running com.objwww.pr.control.eval.application.GoldenCandidateServiceTest
[INFO] Tests run: 8, Failures: 0, Errors: 0, Skipped: 0, Time elapsed: 0.014 s -- in com.objwww.pr.control.eval.application.GoldenCandidateServiceTest
[INFO] Running com.objwww.pr.control.eval.application.EvalRunnerProfileIsolationTest
18:58:51.115 [main] WARN org.springframework.context.annotation.AnnotationConfigApplicationContext -- Exception encountered during context initialization - cancelling refresh attempt: org.springframework.beans.factory.UnsatisfiedDependencyException: Error creating bean with name 'evalBatchRunner' defined in com.objwww.pr.control.eval.application.EvalRunnerConfig: Unsatisfied dependency expressed through method 'evalBatchRunner' parameter 10: Error creating bean with name 'evalRunMetadata' defined in com.objwww.pr.control.eval.application.EvalRunnerConfig: Failed to instantiate [com.objwww.pr.control.eval.domain.EvalRunMetadata]: Factory method 'evalRunMetadata' threw exception with message: app.alert.eval.grader-version 必填（EN-09：评分器版本入批次身份面）
[INFO] Tests run: 3, Failures: 0, Errors: 0, Skipped: 0, Time elapsed: 0.677 s -- in com.objwww.pr.control.eval.application.EvalRunnerProfileIsolationTest
[INFO] Running com.objwww.pr.control.eval.application.EvalQueryServiceTest
[INFO] Tests run: 35, Failures: 0, Errors: 0, Skipped: 0, Time elapsed: 0.082 s -- in com.objwww.pr.control.eval.application.EvalQueryServiceTest
[INFO] Running com.objwww.pr.control.eval.application.EvalRunWorkerTest
18:58:51.314 [main] WARN com.objwww.pr.control.eval.application.EvalRunWorker -- 孤儿 run a4e439b8-345d-47be-be9b-e1c3cdaa7e08 终态化 FAILED（worker_lost）
18:58:51.315 [main] WARN com.objwww.pr.control.eval.application.EvalRunWorker -- 孤儿命令 98318c53-7b7a-4a87-9ead-b26afe05738e 重排队（run 8fa41aba-8a3b-4d07-935a-e5bdc57cae77 从未落库）
18:58:51.316 [main] WARN com.objwww.pr.control.eval.application.EvalRunWorker -- 孤儿命令 276b6ebc-68fe-4f9f-be07-6e3d05bd0c1f 对齐 run 终态 SUCCEEDED
18:58:51.318 [main] WARN com.objwww.pr.control.eval.application.EvalRunWorker -- eval worker worker-ut 领取 LAUNCH：command=173950fa-f8ad-4ad7-b954-5db5ea398971 run=b1c26d5e-fa97-44de-bbe9-d8f7055c23b2
18:58:51.318 [main] ERROR com.objwww.pr.control.eval.application.EvalRunWorker -- eval run b1c26d5e-fa97-44de-bbe9-d8f7055c23b2 跑批失败: arena map missing
java.lang.IllegalStateException: arena map missing
	at com.objwww.pr.control.eval.application.EvalRunWorkerTest.lambda$newFailingExecutor$1(EvalRunWorkerTest.java:240)
	at com.objwww.pr.control.eval.application.EvalRunWorker.tick(EvalRunWorker.java:92)
	at com.objwww.pr.control.eval.application.EvalRunWorkerTest.tickClaimsExecutesAndFinishes(EvalRunWorkerTest.java:231)
	at java.base/jdk.internal.reflect.DirectMethodHandleAccessor.invoke(DirectMethodHandleAccessor.java:103)
	at java.base/java.lang.reflect.Method.invoke(Method.java:580)
	at org.junit.platform.commons.util.ReflectionUtils.invokeMethod(ReflectionUtils.java:767)
	at org.junit.jupiter.engine.execution.MethodInvocation.proceed(MethodInvocation.java:60)
	at org.junit.jupiter.engine.execution.InvocationInterceptorChain$ValidatingInvocation.proceed(InvocationInterceptorChain.java:131)
	at org.junit.jupiter.engine.extension.TimeoutExtension.intercept(TimeoutExtension.java:156)
	at org.junit.jupiter.engine.extension.TimeoutExtension.interceptTestableMethod(TimeoutExtension.java:147)
	at org.junit.jupiter.engine.extension.TimeoutExtension.interceptTestMethod(TimeoutExtension.java:86)
	at org.junit.jupiter.engine.execution.InterceptingExecutableInvoker$ReflectiveInterceptorCall.lambda$ofVoidMethod$0(InterceptingExecutableInvoker.java:103)
	at org.junit.jupiter.engine.execution.InterceptingExecutableInvoker.lambda$invoke$0(InterceptingExecutableInvoker.java:93)
	at org.junit.jupiter.engine.execution.InvocationInterceptorChain$InterceptedInvocation.proceed(InvocationInterceptorChain.java:106)
	at org.junit.jupiter.engine.execution.InvocationInterceptorChain.proceed(InvocationInterceptorChain.java:64)
	at org.junit.jupiter.engine.execution.InvocationInterceptorChain.chainAndInvoke(InvocationInterceptorChain.java:45)
	at org.junit.jupiter.engine.execution.InvocationInterceptorChain.invoke(InvocationInterceptorChain.java:37)
	at org.junit.jupiter.engine.execution.InterceptingExecutableInvoker.invoke(InterceptingExecutableInvoker.java:92)
	at org.junit.jupiter.engine.execution.InterceptingExecutableInvoker.invoke(InterceptingExecutableInvoker.java:86)
	at org.junit.jupiter.engine.descriptor.TestMethodTestDescriptor.lambda$invokeTestMethod$8(TestMethodTestDescriptor.java:217)
	at org.junit.platform.engine.support.hierarchical.ThrowableCollector.execute(ThrowableCollector.java:73)
	at org.junit.jupiter.engine.descriptor.TestMethodTestDescriptor.invokeTestMethod(TestMethodTestDescriptor.java:213)
	at org.junit.jupiter.engine.descriptor.TestMethodTestDescriptor.execute(TestMethodTestDescriptor.java:138)
	at org.junit.jupiter.engine.descriptor.TestMethodTestDescriptor.execute(TestMethodTestDescriptor.java:68)
	at org.junit.platform.engine.support.hierarchical.NodeTestTask.lambda$executeRecursively$6(NodeTestTask.java:156)
	at org.junit.platform.engine.support.hierarchical.ThrowableCollector.execute(ThrowableCollector.java:73)
	at org.junit.platform.engine.support.hierarchical.NodeTestTask.lambda$executeRecursively$8(NodeTestTask.java:146)
	at org.junit.platform.engine.support.hierarchical.Node.around(Node.java:137)
	at org.junit.platform.engine.support.hierarchical.NodeTestTask.lambda$executeRecursively$9(NodeTestTask.java:144)
	at org.junit.platform.engine.support.hierarchical.ThrowableCollector.execute(ThrowableCollector.java:73)
	at org.junit.platform.engine.support.hierarchical.NodeTestTask.executeRecursively(NodeTestTask.java:143)
	at org.junit.platform.engine.support.hierarchical.NodeTestTask.execute(NodeTestTask.java:100)
	at java.base/java.util.ArrayList.forEach(ArrayList.java:1596)
	at org.junit.platform.engine.support.hierarchical.SameThreadHierarchicalTestExecutorService.invokeAll(SameThreadHierarchicalTestExecutorService.java:41)
	at org.junit.platform.engine.support.hierarchical.NodeTestTask.lambda$executeRecursively$6(NodeTestTask.java:160)
	at org.junit.platform.engine.support.hierarchical.ThrowableCollector.execute(ThrowableCollector.java:73)
	at org.junit.platform.engine.support.hierarchical.NodeTestTask.lambda$executeRecursively$8(NodeTestTask.java:146)
	at org.junit.platform.engine.support.hierarchical.Node.around(Node.java:137)
	at org.junit.platform.engine.support.hierarchical.NodeTestTask.lambda$executeRecursively$9(NodeTestTask.java:144)
	at org.junit.platform.engine.support.hierarchical.ThrowableCollector.execute(ThrowableCollector.java:73)
	at org.junit.platform.engine.support.hierarchical.NodeTestTask.executeRecursively(NodeTestTask.java:143)
	at org.junit.platform.engine.support.hierarchical.NodeTestTask.execute(NodeTestTask.java:100)
	at java.base/java.util.ArrayList.forEach(ArrayList.java:1596)
	at org.junit.platform.engine.support.hierarchical.SameThreadHierarchicalTestExecutorService.invokeAll(SameThreadHierarchicalTestExecutorService.java:41)
	at org.junit.platform.engine.support.hierarchical.NodeTestTask.lambda$executeRecursively$6(NodeTestTask.java:160)
	at org.junit.platform.engine.support.hierarchical.ThrowableCollector.execute(ThrowableCollector.java:73)
	at org.junit.platform.engine.support.hierarchical.NodeTestTask.lambda$executeRecursively$8(NodeTestTask.java:146)
	at org.junit.platform.engine.support.hierarchical.Node.around(Node.java:137)
	at org.junit.platform.engine.support.hierarchical.NodeTestTask.lambda$executeRecursively$9(NodeTestTask.java:144)
	at org.junit.platform.engine.support.hierarchical.ThrowableCollector.execute(ThrowableCollector.java:73)
	at org.junit.platform.engine.support.hierarchical.NodeTestTask.executeRecursively(NodeTestTask.java:143)
	at org.junit.platform.engine.support.hierarchical.NodeTestTask.execute(NodeTestTask.java:100)
	at org.junit.platform.engine.support.hierarchical.SameThreadHierarchicalTestExecutorService.submit(SameThreadHierarchicalTestExecutorService.java:35)
	at org.junit.platform.engine.support.hierarchical.HierarchicalTestExecutor.execute(HierarchicalTestExecutor.java:57)
	at org.junit.platform.engine.support.hierarchical.HierarchicalTestEngine.execute(HierarchicalTestEngine.java:54)
	at org.junit.platform.launcher.core.EngineExecutionOrchestrator.execute(EngineExecutionOrchestrator.java:198)
	at org.junit.platform.launcher.core.EngineExecutionOrchestrator.execute(EngineExecutionOrchestrator.java:169)
	at org.junit.platform.launcher.core.EngineExecutionOrchestrator.execute(EngineExecutionOrchestrator.java:93)
	at org.junit.platform.launcher.core.EngineExecutionOrchestrator.lambda$execute$0(EngineExecutionOrchestrator.java:58)
	at org.junit.platform.launcher.core.EngineExecutionOrchestrator.withInterceptedStreams(EngineExecutionOrchestrator.java:141)
	at org.junit.platform.launcher.core.EngineExecutionOrchestrator.execute(EngineExecutionOrchestrator.java:57)
	at org.junit.platform.launcher.core.DefaultLauncher.execute(DefaultLauncher.java:103)
	at org.junit.platform.launcher.core.DefaultLauncher.execute(DefaultLauncher.java:85)
	at org.junit.platform.launcher.core.DelegatingLauncher.execute(DelegatingLauncher.java:47)
	at org.apache.maven.surefire.junitplatform.LazyLauncher.execute(LazyLauncher.java:56)
	at org.apache.maven.surefire.junitplatform.JUnitPlatformProvider.execute(JUnitPlatformProvider.java:194)
	at org.apache.maven.surefire.junitplatform.JUnitPlatformProvider.invokeAllTests(JUnitPlatformProvider.java:150)
	at org.apache.maven.surefire.junitplatform.JUnitPlatformProvider.invoke(JUnitPlatformProvider.java:124)
	at org.apache.maven.surefire.booter.ForkedBooter.runSuitesInProcess(ForkedBooter.java:385)
	at org.apache.maven.surefire.booter.ForkedBooter.execute(ForkedBooter.java:162)
	at org.apache.maven.surefire.booter.ForkedBooter.run(ForkedBooter.java:507)
	at org.apache.maven.surefire.booter.ForkedBooter.main(ForkedBooter.java:495)
[INFO] Tests run: 5, Failures: 0, Errors: 0, Skipped: 0, Time elapsed: 0.011 s -- in com.objwww.pr.control.eval.application.EvalRunWorkerTest
[INFO] Running com.objwww.pr.control.eval.application.EvalCommandServiceTest
[INFO] Tests run: 9, Failures: 0, Errors: 0, Skipped: 0, Time elapsed: 0.020 s -- in com.objwww.pr.control.eval.application.EvalCommandServiceTest
[INFO] Running com.objwww.pr.control.infrastructure.config.AlertAm4ConfigTest
[INFO] Tests run: 3, Failures: 0, Errors: 0, Skipped: 0, Time elapsed: 0.037 s -- in com.objwww.pr.control.infrastructure.config.AlertAm4ConfigTest
[INFO] Running com.objwww.pr.control.infrastructure.config.EngineComparisonRecorderWiringTest
[INFO] Tests run: 2, Failures: 0, Errors: 0, Skipped: 0, Time elapsed: 0.006 s -- in com.objwww.pr.control.infrastructure.config.EngineComparisonRecorderWiringTest
[INFO] Running com.objwww.pr.control.infrastructure.config.AlertFlowConfigTest
[INFO] Tests run: 2, Failures: 0, Errors: 0, Skipped: 0, Time elapsed: 0.002 s -- in com.objwww.pr.control.infrastructure.config.AlertFlowConfigTest
[INFO] Running com.objwww.pr.control.infrastructure.config.ModelPriceBindingTest
[INFO] Tests run: 3, Failures: 0, Errors: 0, Skipped: 0, Time elapsed: 0.063 s -- in com.objwww.pr.control.infrastructure.config.ModelPriceBindingTest
[INFO] Running com.objwww.pr.control.infrastructure.config.NativeCapabilityProbeTest
[INFO] Tests run: 5, Failures: 0, Errors: 0, Skipped: 0, Time elapsed: 0.005 s -- in com.objwww.pr.control.infrastructure.config.NativeCapabilityProbeTest
[INFO] Running com.objwww.pr.control.infrastructure.config.SecurityConfigTest
18:58:51.658 [main] INFO org.springframework.boot.test.context.SpringBootTestContextBootstrapper -- Found @SpringBootConfiguration com.objwww.pr.control.ControlApplication for test class com.objwww.pr.control.infrastructure.config.SecurityConfigTest

  .   ____          _            __ _ _
 /\\ / ___'_ __ _ _(_)_ __  __ _ \ \ \ \
( ( )\___ | '_ | '_| | '_ \/ _` | \ \ \ \
 \\/  ___)| |_)| | | | | || (_| |  ) ) ) )
  '  |____| .__|_| |_|_| |_\__, | / / / /
 =========|_|==============|___/=/_/_/_/

 :: Spring Boot ::                (v3.4.5)

2026-09-12T18:58:51.872+08:00  INFO 19004 --- [control-app] [           main] [                                                 ] c.o.p.c.i.config.SecurityConfigTest      : Starting SecurityConfigTest using Java 21.0.12.1 with PID 19004 (started by root in /opt/build/pr/control-app)
2026-09-12T18:58:51.874+08:00  INFO 19004 --- [control-app] [           main] [                                                 ] c.o.p.c.i.config.SecurityConfigTest      : No active profile set, falling back to 1 default profile: "default"
2026-09-12T18:58:53.233+08:00  WARN 19004 --- [control-app] [           main] [                                                 ] r$InitializeUserDetailsManagerConfigurer : Found 2 UserDetailsService beans, with names [authUserDetailsService, platformUserDetailsService]. Global Authentication Manager will not use a UserDetailsService for username/password login. Consider publishing a single UserDetailsService bean.
2026-09-12T18:58:53.661+08:00  INFO 19004 --- [control-app] [           main] [                                                 ] o.s.b.a.e.web.EndpointLinksResolver      : Exposing 3 endpoints beneath base path '/actuator'
2026-09-12T18:58:54.257+08:00  INFO 19004 --- [control-app] [           main] [                                                 ] o.s.b.t.m.w.SpringBootMockServletContext : Initializing Spring TestDispatcherServlet ''
2026-09-12T18:58:54.257+08:00  INFO 19004 --- [control-app] [           main] [                                                 ] o.s.t.web.servlet.TestDispatcherServlet  : Initializing Servlet ''
2026-09-12T18:58:54.258+08:00  INFO 19004 --- [control-app] [           main] [                                                 ] o.s.t.web.servlet.TestDispatcherServlet  : Completed initialization in 1 ms
2026-09-12T18:58:54.324+08:00  INFO 19004 --- [control-app] [           main] [                                                 ] c.o.p.c.i.config.SecurityConfigTest      : Started SecurityConfigTest in 2.631 seconds (process running for 7.786)
Mockito is currently self-attaching to enable the inline-mock-maker. This will no longer work in future releases of the JDK. Please add Mockito as an agent to your build what is described in Mockito's documentation: https://javadoc.io/doc/org.mockito/mockito-core/latest/org/mockito/Mockito.html#0.3
OpenJDK 64-Bit Server VM warning: Sharing is only supported for boot loader classes because bootstrap classpath has been appended
WARNING: A Java agent has been loaded dynamically (/root/.m2/repository/net/bytebuddy/byte-buddy-agent/1.15.11/byte-buddy-agent-1.15.11.jar)
WARNING: If a serviceability tool is in use, please run with -XX:+EnableDynamicAgentLoading to hide this warning
WARNING: If a serviceability tool is not in use, please run with -Djdk.instrument.traceUsage for more information
WARNING: Dynamic loading of agents will be disallowed by default in a future release
[INFO] Tests run: 18, Failures: 0, Errors: 0, Skipped: 0, Time elapsed: 4.788 s -- in com.objwww.pr.control.infrastructure.config.SecurityConfigTest
[INFO] Running com.objwww.pr.control.infrastructure.litellm.HttpLiteLlmAdminClientTest
[INFO] Tests run: 4, Failures: 0, Errors: 0, Skipped: 0, Time elapsed: 0.109 s -- in com.objwww.pr.control.infrastructure.litellm.HttpLiteLlmAdminClientTest
[INFO] Running com.objwww.pr.control.infrastructure.rag.RunbookExecutorsTest
[INFO] Tests run: 15, Failures: 0, Errors: 0, Skipped: 0, Time elapsed: 0.040 s -- in com.objwww.pr.control.infrastructure.rag.RunbookExecutorsTest
[INFO] Running com.objwww.pr.control.infrastructure.nativeexec.R7PrimaryModeExecutorTest
2026-09-12T18:58:56.440+08:00  INFO 19004 --- [control-app] [           main] [                                                 ] c.o.p.c.a.a.DeterministicSupervisor      : {"event":"r7_primary_started","ts":"2026-09-12T10:58:56.439622722Z","run_id":"9b12d1d2-dacc-4237-84e2-d78c4305747a","role":"primary@1","task_id":"99ac1410-175b-4124-8d96-4836a3fae5f8"}
2026-09-12T18:58:56.440+08:00  WARN 19004 --- [control-app] [           main] [                                                 ] c.o.p.c.i.n.NativeInvestigationExecutor  : run 9b12d1d2-dacc-4237-84e2-d78c4305747a 无冻结时间窗（存量行兼容面），回退执行时窗口——F14 冻结语义缺失
2026-09-12T18:58:56.458+08:00  INFO 19004 --- [control-app] [           main] [                                                 ] c.o.p.c.a.a.DeterministicSupervisor      : {"event":"r7_delegation_adjudicated","ts":"2026-09-12T10:58:56.458708874Z","batch_accepted":true,"run_id":"9b12d1d2-dacc-4237-84e2-d78c4305747a","task_id":"99ac1410-175b-4124-8d96-4836a3fae5f8","approved":1,"requests":1}
2026-09-12T18:58:56.459+08:00  INFO 19004 --- [control-app] [           main] [                                                 ] c.o.p.c.i.n.NativeInvestigationExecutor  : 主任务转委派等待（sweep 转驱子任务，结清后唤醒）task=99ac1410-175b-4124-8d96-4836a3fae5f8 reason=null
2026-09-12T18:58:56.461+08:00  INFO 19004 --- [control-app] [           main] [                                                 ] c.o.p.c.i.n.NativeInvestigationExecutor  : 主任务转委派等待（sweep 转驱子任务，结清后唤醒）task=99ac1410-175b-4124-8d96-4836a3fae5f8 reason=CHILDREN_UNSETTLED
2026-09-12T18:58:56.466+08:00  INFO 19004 --- [control-app] [           main] [                                                 ] c.o.p.c.a.a.agent.BoundedLlmRoleRunner   : 主 FINAL 提案落检查点 task=99ac1410-175b-4124-8d96-4836a3fae5f8 claims=1 downgraded=0 stripped=0
2026-09-12T18:58:56.466+08:00  INFO 19004 --- [control-app] [           main] [                                                 ] c.o.p.c.i.n.NativeInvestigationExecutor  : 主任务 FINAL 提案就绪 → DONE task=99ac1410-175b-4124-8d96-4836a3fae5f8 reason=null
2026-09-12T18:58:56.469+08:00  INFO 19004 --- [control-app] [           main] [                                                 ] c.o.p.c.a.a.DeterministicSupervisor      : {"event":"am4_run_reporting","ts":"2026-09-12T10:58:56.468902680Z","run_id":"9b12d1d2-dacc-4237-84e2-d78c4305747a"}
2026-09-12T18:58:56.469+08:00  INFO 19004 --- [control-app] [           main] [                                                 ] c.o.p.c.a.a.DeterministicSupervisor      : run 9b12d1d2-dacc-4237-84e2-d78c4305747a 全任务终态 → REPORTING（报告链组装）
2026-09-12T18:58:56.483+08:00  INFO 19004 --- [control-app] [           main] [                                                 ] c.o.p.c.i.n.NativeInvestigationExecutor  : native 全链完成 run=9b12d1d2-dacc-4237-84e2-d78c4305747a reportOutcome=UNRESOLVED claims=1 validation=STRUCTURE_VALIDATED 快照=13d46b4255646143f757380c7deeb29ba173c094037d39ba24c8b0ceab785526 主模式=true
2026-09-12T18:58:56.488+08:00  INFO 19004 --- [control-app] [           main] [                                                 ] c.o.p.c.a.a.DeterministicSupervisor      : {"event":"r7_primary_started","ts":"2026-09-12T10:58:56.488281111Z","run_id":"6f716b90-6dae-49f1-94c6-104901ddcaf4","role":"primary@1","task_id":"9a253f25-1fee-486f-91f9-d4d5c78f40e6"}
2026-09-12T18:58:56.488+08:00  WARN 19004 --- [control-app] [           main] [                                                 ] c.o.p.c.i.n.NativeInvestigationExecutor  : run 6f716b90-6dae-49f1-94c6-104901ddcaf4 无冻结时间窗（存量行兼容面），回退执行时窗口——F14 冻结语义缺失
2026-09-12T18:58:56.491+08:00  INFO 19004 --- [control-app] [           main] [                                                 ] c.o.p.c.a.a.agent.BoundedLlmRoleRunner   : 主 FINAL 提案落检查点 task=9a253f25-1fee-486f-91f9-d4d5c78f40e6 claims=1 downgraded=0 stripped=0
2026-09-12T18:58:56.491+08:00  INFO 19004 --- [control-app] [           main] [                                                 ] c.o.p.c.i.n.NativeInvestigationExecutor  : 主任务 FINAL 提案就绪 → DONE task=9a253f25-1fee-486f-91f9-d4d5c78f40e6 reason=null
2026-09-12T18:58:56.491+08:00  INFO 19004 --- [control-app] [           main] [                                                 ] c.o.p.c.a.a.DeterministicSupervisor      : {"event":"am4_run_reporting","ts":"2026-09-12T10:58:56.491853729Z","run_id":"6f716b90-6dae-49f1-94c6-104901ddcaf4"}
2026-09-12T18:58:56.491+08:00  INFO 19004 --- [control-app] [           main] [                                                 ] c.o.p.c.a.a.DeterministicSupervisor      : run 6f716b90-6dae-49f1-94c6-104901ddcaf4 全任务终态 → REPORTING（报告链组装）
2026-09-12T18:58:56.493+08:00  INFO 19004 --- [control-app] [           main] [                                                 ] c.o.p.c.i.n.NativeInvestigationExecutor  : native 全链完成 run=6f716b90-6dae-49f1-94c6-104901ddcaf4 reportOutcome=UNRESOLVED claims=1 validation=STRUCTURE_VALIDATED 快照=a3c71174484e428491c46e1df9c11732cf3541383816311de29c4f0c8e0848c7 主模式=true
2026-09-12T18:58:56.495+08:00  INFO 19004 --- [control-app] [           main] [                                                 ] c.o.p.c.a.a.DeterministicSupervisor      : {"event":"r7_primary_started","ts":"2026-09-12T10:58:56.495532516Z","run_id":"56613162-a791-4223-8d1b-63eeb756fda2","role":"primary@1","task_id":"21b5e35f-dd7b-4687-809f-914636c297d7"}
2026-09-12T18:58:56.495+08:00  WARN 19004 --- [control-app] [           main] [                                                 ] c.o.p.c.i.n.NativeInvestigationExecutor  : run 56613162-a791-4223-8d1b-63eeb756fda2 无冻结时间窗（存量行兼容面），回退执行时窗口——F14 冻结语义缺失
2026-09-12T18:58:56.498+08:00  INFO 19004 --- [control-app] [           main] [                                                 ] c.o.p.c.a.a.agent.BoundedLlmRoleRunner   : 主 FINAL 提案落检查点 task=21b5e35f-dd7b-4687-809f-914636c297d7 claims=0 downgraded=0 stripped=0
2026-09-12T18:58:56.499+08:00  INFO 19004 --- [control-app] [           main] [                                                 ] c.o.p.c.i.n.NativeInvestigationExecutor  : 主任务 FINAL 提案就绪 → DONE task=21b5e35f-dd7b-4687-809f-914636c297d7 reason=null
2026-09-12T18:58:56.499+08:00  INFO 19004 --- [control-app] [           main] [                                                 ] c.o.p.c.a.a.DeterministicSupervisor      : {"event":"am4_run_reporting","ts":"2026-09-12T10:58:56.499397214Z","run_id":"56613162-a791-4223-8d1b-63eeb756fda2"}
2026-09-12T18:58:56.499+08:00  INFO 19004 --- [control-app] [           main] [                                                 ] c.o.p.c.a.a.DeterministicSupervisor      : run 56613162-a791-4223-8d1b-63eeb756fda2 全任务终态 → REPORTING（报告链组装）
2026-09-12T18:58:56.500+08:00  INFO 19004 --- [control-app] [           main] [                                                 ] c.o.p.c.i.n.NativeInvestigationExecutor  : native 全链完成 run=56613162-a791-4223-8d1b-63eeb756fda2 reportOutcome=UNRESOLVED claims=0 validation=STRUCTURE_VALIDATED 快照=dd510beb40809bcb1186f3329d07d712b8a5678029d2d73a876a7f9868a7199a 主模式=true
2026-09-12T18:58:56.503+08:00  INFO 19004 --- [control-app] [           main] [                                                 ] c.o.p.c.a.a.DeterministicSupervisor      : {"event":"r7_primary_started","ts":"2026-09-12T10:58:56.503240261Z","run_id":"14c2b69d-13ff-42ef-a770-a0f4d98d2585","role":"primary@1","task_id":"994bb131-e7e8-485f-a608-04deebc60965"}
2026-09-12T18:58:56.503+08:00  WARN 19004 --- [control-app] [           main] [                                                 ] c.o.p.c.i.n.NativeInvestigationExecutor  : run 14c2b69d-13ff-42ef-a770-a0f4d98d2585 无冻结时间窗（存量行兼容面），回退执行时窗口——F14 冻结语义缺失
2026-09-12T18:58:56.506+08:00  INFO 19004 --- [control-app] [           main] [                                                 ] c.o.p.c.a.a.agent.BoundedLlmRoleRunner   : 主 FINAL 提案落检查点 task=994bb131-e7e8-485f-a608-04deebc60965 claims=1 downgraded=0 stripped=0
2026-09-12T18:58:56.506+08:00  INFO 19004 --- [control-app] [           main] [                                                 ] c.o.p.c.i.n.NativeInvestigationExecutor  : 主任务 FINAL 提案就绪 → DONE task=994bb131-e7e8-485f-a608-04deebc60965 reason=null
2026-09-12T18:58:56.506+08:00  INFO 19004 --- [control-app] [           main] [                                                 ] c.o.p.c.a.a.DeterministicSupervisor      : {"event":"am4_run_reporting","ts":"2026-09-12T10:58:56.506594378Z","run_id":"14c2b69d-13ff-42ef-a770-a0f4d98d2585"}
2026-09-12T18:58:56.506+08:00  INFO 19004 --- [control-app] [           main] [                                                 ] c.o.p.c.a.a.DeterministicSupervisor      : run 14c2b69d-13ff-42ef-a770-a0f4d98d2585 全任务终态 → REPORTING（报告链组装）
2026-09-12T18:58:56.508+08:00  INFO 19004 --- [control-app] [           main] [                                                 ] c.o.p.c.i.n.NativeInvestigationExecutor  : native 全链完成 run=14c2b69d-13ff-42ef-a770-a0f4d98d2585 reportOutcome=UNRESOLVED claims=1 validation=STRUCTURE_VALIDATED 快照=a3c71174484e428491c46e1df9c11732cf3541383816311de29c4f0c8e0848c7 主模式=true
2026-09-12T18:58:56.512+08:00  INFO 19004 --- [control-app] [           main] [                                                 ] c.o.p.c.a.a.RcaRunOrchestrator           : {"event":"rca_task_decision","ts":"2026-09-12T10:58:56.512306384Z","decision":"COMPLETED","run_id":"14c2b69d-13ff-42ef-a770-a0f4d98d2585","task_id":"53021339-5ac7-4c57-9d87-e80f04cc0d9a","attempt_id":"bfabc698-b0bb-4852-bd3e-69f457b13e88","latency_ms":0}
2026-09-12T18:58:56.514+08:00  WARN 19004 --- [control-app] [           main] [                                                 ] c.o.p.c.a.a.a.PrimaryFinalClaimProjector : 主 FINAL 提案零证据引用，不成断言（留检查点审计面）run=3afa5871-d2cb-42aa-9e40-a150b37daec7 claim=c3
2026-09-12T18:58:56.516+08:00  INFO 19004 --- [control-app] [           main] [                                                 ] c.o.p.c.a.a.DeterministicSupervisor      : {"event":"r7_primary_started","ts":"2026-09-12T10:58:56.516605480Z","run_id":"abcbc8cf-323a-454c-9bf0-00bf6cff49cb","role":"primary@1","task_id":"33484714-d504-4350-975b-20a8aba04833"}
2026-09-12T18:58:56.517+08:00  INFO 19004 --- [control-app] [           main] [                                                 ] c.o.p.c.a.a.DeterministicSupervisor      : {"event":"r7_delegation_adjudicated","ts":"2026-09-12T10:58:56.517051329Z","batch_accepted":false,"run_id":"abcbc8cf-323a-454c-9bf0-00bf6cff49cb","task_id":"33484714-d504-4350-975b-20a8aba04833","approved":0,"requests":1}
2026-09-12T18:58:56.522+08:00  INFO 19004 --- [control-app] [           main] [                                                 ] c.o.p.c.a.a.DeterministicSupervisor      : {"event":"r7_primary_started","ts":"2026-09-12T10:58:56.521925508Z","run_id":"98187fd2-c7f3-443c-b8d4-0c04361644c7","role":"primary@1","task_id":"d7db199f-0767-4c91-b903-fde62b226296"}
2026-09-12T18:58:56.523+08:00  INFO 19004 --- [control-app] [           main] [                                                 ] c.o.p.c.a.a.DeterministicSupervisor      : {"event":"r7_delegation_adjudicated","ts":"2026-09-12T10:58:56.523096362Z","batch_accepted":true,"run_id":"98187fd2-c7f3-443c-b8d4-0c04361644c7","task_id":"d7db199f-0767-4c91-b903-fde62b226296","approved":1,"requests":1}
2026-09-12T18:58:56.523+08:00  WARN 19004 --- [control-app] [           main] [                                                 ] c.o.p.c.i.n.NativeInvestigationExecutor  : run 98187fd2-c7f3-443c-b8d4-0c04361644c7 无冻结时间窗（存量行兼容面），回退执行时窗口——F14 冻结语义缺失
2026-09-12T18:58:56.525+08:00  INFO 19004 --- [control-app] [           main] [                                                 ] c.o.p.c.a.a.agent.BoundedLlmRoleRunner   : 主 FINAL 提案落检查点 task=d7db199f-0767-4c91-b903-fde62b226296 claims=1 downgraded=0 stripped=0
2026-09-12T18:58:56.525+08:00  INFO 19004 --- [control-app] [           main] [                                                 ] c.o.p.c.i.n.NativeInvestigationExecutor  : 主任务 FINAL 提案就绪 → DONE task=d7db199f-0767-4c91-b903-fde62b226296 reason=null
2026-09-12T18:58:56.525+08:00  INFO 19004 --- [control-app] [           main] [                                                 ] c.o.p.c.a.a.DeterministicSupervisor      : {"event":"am4_run_reporting","ts":"2026-09-12T10:58:56.525796227Z","run_id":"98187fd2-c7f3-443c-b8d4-0c04361644c7"}
2026-09-12T18:58:56.525+08:00  INFO 19004 --- [control-app] [           main] [                                                 ] c.o.p.c.a.a.DeterministicSupervisor      : run 98187fd2-c7f3-443c-b8d4-0c04361644c7 全任务终态 → REPORTING（报告链组装）
2026-09-12T18:58:56.526+08:00  INFO 19004 --- [control-app] [           main] [                                                 ] c.o.p.c.i.n.NativeInvestigationExecutor  : native 全链完成 run=98187fd2-c7f3-443c-b8d4-0c04361644c7 reportOutcome=UNRESOLVED claims=1 validation=STRUCTURE_VALIDATED 快照=a3c71174484e428491c46e1df9c11732cf3541383816311de29c4f0c8e0848c7 主模式=true
[INFO] Tests run: 8, Failures: 0, Errors: 0, Skipped: 0, Time elapsed: 0.114 s -- in com.objwww.pr.control.infrastructure.nativeexec.R7PrimaryModeExecutorTest
[INFO] Running com.objwww.pr.control.infrastructure.nativeexec.NativeInvestigationExecutorTest
2026-09-12T18:58:56.535+08:00  WARN 19004 --- [control-app] [           main] [                                                 ] c.o.p.c.i.n.NativeInvestigationExecutor  : run 2406f586-2c03-4841-aa41-e577fe5c81c2 无冻结时间窗（存量行兼容面），回退执行时窗口——F14 冻结语义缺失
2026-09-12T18:58:56.542+08:00  INFO 19004 --- [control-app] [           main] [                                                 ] c.o.p.c.a.a.DeterministicSupervisor      : {"event":"am4_run_reporting","ts":"2026-09-12T10:58:56.542653551Z","run_id":"2406f586-2c03-4841-aa41-e577fe5c81c2"}
2026-09-12T18:58:56.542+08:00  INFO 19004 --- [control-app] [           main] [                                                 ] c.o.p.c.a.a.DeterministicSupervisor      : run 2406f586-2c03-4841-aa41-e577fe5c81c2 全任务终态 → REPORTING（报告链组装）
2026-09-12T18:58:56.546+08:00  INFO 19004 --- [control-app] [           main] [                                                 ] c.o.p.c.i.n.NativeInvestigationExecutor  : native 全链完成 run=2406f586-2c03-4841-aa41-e577fe5c81c2 reportOutcome=CONFIRMED claims=1 validation=STRUCTURE_VALIDATED 快照=3c20d71cff03bf8624ce3974a19841a1e8e315f5f3246fe536c3c3fc4af6addd 主模式=false
2026-09-12T18:58:56.547+08:00  INFO 19004 --- [control-app] [           main] [                                                 ] c.o.p.c.a.a.RcaRunOrchestrator           : {"event":"rca_task_decision","ts":"2026-09-12T10:58:56.547743757Z","decision":"COMPLETED","run_id":"2406f586-2c03-4841-aa41-e577fe5c81c2","task_id":"53649de4-db1c-4212-b442-a26b04338b62","attempt_id":"8b12c3e9-fbbf-4aa2-bd93-09806237c18a","latency_ms":0}
2026-09-12T18:58:56.554+08:00  INFO 19004 --- [control-app] [           main] [                                                 ] c.o.p.c.a.a.DeterministicSupervisor      : {"event":"am4_run_reporting","ts":"2026-09-12T10:58:56.554456487Z","run_id":"6c7d7194-90ee-43e1-9bc5-d1016ebc8556"}
2026-09-12T18:58:56.554+08:00  INFO 19004 --- [control-app] [           main] [                                                 ] c.o.p.c.a.a.DeterministicSupervisor      : run 6c7d7194-90ee-43e1-9bc5-d1016ebc8556 全任务终态 → REPORTING（报告链组装）
2026-09-12T18:58:56.555+08:00  INFO 19004 --- [control-app] [           main] [                                                 ] c.o.p.c.i.n.NativeInvestigationExecutor  : native 全链完成 run=6c7d7194-90ee-43e1-9bc5-d1016ebc8556 reportOutcome=UNRESOLVED claims=0 validation=STRUCTURE_VALIDATED 快照=de17ef9df88e57234ba379dd5d3b62d694360536e41fcb7ee62c63bf314843f4 主模式=false
2026-09-12T18:58:56.560+08:00  INFO 19004 --- [control-app] [           main] [                                                 ] c.o.p.c.a.a.DeterministicSupervisor      : {"event":"am4_plan_rejected","ts":"2026-09-12T10:58:56.560281897Z","run_id":"4c8233c0-d6d6-4a32-b906-b1f0e5768aaf","reason":"schema_version 必须为 am4-plan.v1，实际: bogus"}
2026-09-12T18:58:56.560+08:00  WARN 19004 --- [control-app] [           main] [                                                 ] c.o.p.c.a.a.DeterministicSupervisor      : run 4c8233c0-d6d6-4a32-b906-b1f0e5768aaf 提案被确定性拒绝 → FAILED（schema_version 必须为 am4-plan.v1，实际: bogus）
2026-09-12T18:58:56.563+08:00  WARN 19004 --- [control-app] [           main] [                                                 ] c.o.p.c.i.n.NativeInvestigationExecutor  : run 6792639c-f861-40d2-8109-4e3b56adf9e1 无冻结时间窗（存量行兼容面），回退执行时窗口——F14 冻结语义缺失
2026-09-12T18:58:56.565+08:00  INFO 19004 --- [control-app] [           main] [                                                 ] c.o.p.c.a.a.DeterministicSupervisor      : {"event":"am4_run_reporting","ts":"2026-09-12T10:58:56.565195400Z","run_id":"6792639c-f861-40d2-8109-4e3b56adf9e1"}
2026-09-12T18:58:56.565+08:00  INFO 19004 --- [control-app] [           main] [                                                 ] c.o.p.c.a.a.DeterministicSupervisor      : run 6792639c-f861-40d2-8109-4e3b56adf9e1 全任务终态 → REPORTING（报告链组装）
2026-09-12T18:58:56.565+08:00  INFO 19004 --- [control-app] [           main] [                                                 ] c.o.p.c.i.n.NativeInvestigationExecutor  : native 全链完成 run=6792639c-f861-40d2-8109-4e3b56adf9e1 reportOutcome=UNRESOLVED claims=0 validation=STRUCTURE_VALIDATED 快照=de17ef9df88e57234ba379dd5d3b62d694360536e41fcb7ee62c63bf314843f4 主模式=false
2026-09-12T18:58:56.566+08:00  WARN 19004 --- [control-app] [           main] [                                                 ] c.o.p.c.i.n.NativeInvestigationExecutor  : run 6792639c-f861-40d2-8109-4e3b56adf9e1 无冻结时间窗（存量行兼容面），回退执行时窗口——F14 冻结语义缺失
2026-09-12T18:58:56.567+08:00  WARN 19004 --- [control-app] [           main] [                                                 ] c.o.p.c.i.n.NativeInvestigationExecutor  : 阶段②恢复：悬挂 PENDING → UNKNOWN（发送后结果未知，预算占用保留）op=dbeb85cf-8d49-434b-bd97-0f8945a9e5e4
2026-09-12T18:58:56.568+08:00  INFO 19004 --- [control-app] [           main] [                                                 ] c.o.p.c.i.n.NativeInvestigationExecutor  : native 全链完成 run=6792639c-f861-40d2-8109-4e3b56adf9e1 reportOutcome=UNRESOLVED claims=0 validation=STRUCTURE_VALIDATED 快照=bca76dd8580d2ebf2325ef06dc5a1ec3333ff9292144b1a1347c0a1e3610a4b8 主模式=false
2026-09-12T18:58:56.572+08:00  WARN 19004 --- [control-app] [           main] [                                                 ] c.o.p.c.i.n.NativeInvestigationExecutor  : run 2b061695-afd0-4b40-90c4-de018235193c 无冻结时间窗（存量行兼容面），回退执行时窗口——F14 冻结语义缺失
2026-09-12T18:58:56.573+08:00  INFO 19004 --- [control-app] [           main] [                                                 ] c.o.p.c.a.a.DeterministicSupervisor      : {"event":"am4_run_reporting","ts":"2026-09-12T10:58:56.573565372Z","run_id":"2b061695-afd0-4b40-90c4-de018235193c"}
2026-09-12T18:58:56.573+08:00  INFO 19004 --- [control-app] [           main] [                                                 ] c.o.p.c.a.a.DeterministicSupervisor      : run 2b061695-afd0-4b40-90c4-de018235193c 全任务终态 → REPORTING（报告链组装）
2026-09-12T18:58:56.574+08:00  INFO 19004 --- [control-app] [           main] [                                                 ] c.o.p.c.i.n.NativeInvestigationExecutor  : native 全链完成 run=2b061695-afd0-4b40-90c4-de018235193c reportOutcome=UNRESOLVED claims=0 validation=STRUCTURE_VALIDATED 快照=de17ef9df88e57234ba379dd5d3b62d694360536e41fcb7ee62c63bf314843f4 主模式=false
2026-09-12T18:58:56.574+08:00  WARN 19004 --- [control-app] [           main] [                                                 ] c.o.p.c.i.n.NativeInvestigationExecutor  : run 2b061695-afd0-4b40-90c4-de018235193c 无冻结时间窗（存量行兼容面），回退执行时窗口——F14 冻结语义缺失
2026-09-12T18:58:56.575+08:00  INFO 19004 --- [control-app] [           main] [                                                 ] c.o.p.c.i.n.NativeInvestigationExecutor  : native 全链完成 run=2b061695-afd0-4b40-90c4-de018235193c reportOutcome=UNRESOLVED claims=0 validation=STRUCTURE_VALIDATED 快照=de17ef9df88e57234ba379dd5d3b62d694360536e41fcb7ee62c63bf314843f4 主模式=false
2026-09-12T18:58:56.578+08:00  WARN 19004 --- [control-app] [           main] [                                                 ] c.o.p.c.i.n.NativeInvestigationExecutor  : run 607e89a5-f770-4232-8a75-029b8b8729db 无冻结时间窗（存量行兼容面），回退执行时窗口——F14 冻结语义缺失
2026-09-12T18:58:56.580+08:00  INFO 19004 --- [control-app] [           main] [                                                 ] c.o.p.c.a.a.DeterministicSupervisor      : {"event":"am4_run_reporting","ts":"2026-09-12T10:58:56.580388280Z","run_id":"607e89a5-f770-4232-8a75-029b8b8729db"}
2026-09-12T18:58:56.580+08:00  INFO 19004 --- [control-app] [           main] [                                                 ] c.o.p.c.a.a.DeterministicSupervisor      : run 607e89a5-f770-4232-8a75-029b8b8729db 全任务终态 → REPORTING（报告链组装）
2026-09-12T18:58:56.581+08:00  INFO 19004 --- [control-app] [           main] [                                                 ] c.o.p.c.i.n.NativeInvestigationExecutor  : native 全链完成 run=607e89a5-f770-4232-8a75-029b8b8729db reportOutcome=UNRESOLVED claims=0 validation=STRUCTURE_VALIDATED 快照=de17ef9df88e57234ba379dd5d3b62d694360536e41fcb7ee62c63bf314843f4 主模式=false
2026-09-12T18:58:56.581+08:00  WARN 19004 --- [control-app] [           main] [                                                 ] c.o.p.c.i.n.NativeInvestigationExecutor  : run 607e89a5-f770-4232-8a75-029b8b8729db 无冻结时间窗（存量行兼容面），回退执行时窗口——F14 冻结语义缺失
2026-09-12T18:58:56.581+08:00  INFO 19004 --- [control-app] [           main] [                                                 ] c.o.p.c.i.n.NativeInvestigationExecutor  : DAG 任务 360fa1c4-fbde-4509-85d6-4a530dc09086 阶段③恢复：result_ref 幂等收尾（零触网）key=investigate-metrics
2026-09-12T18:58:56.582+08:00  INFO 19004 --- [control-app] [           main] [                                                 ] c.o.p.c.i.n.NativeInvestigationExecutor  : native 全链完成 run=607e89a5-f770-4232-8a75-029b8b8729db reportOutcome=UNRESOLVED claims=0 validation=STRUCTURE_VALIDATED 快照=de17ef9df88e57234ba379dd5d3b62d694360536e41fcb7ee62c63bf314843f4 主模式=false
2026-09-12T18:58:56.587+08:00  WARN 19004 --- [control-app] [           main] [                                                 ] c.o.p.c.i.n.NativeInvestigationExecutor  : run 3f6136ce-f7b0-4f0d-b992-333bbf0881c8 无冻结时间窗（存量行兼容面），回退执行时窗口——F14 冻结语义缺失
2026-09-12T18:58:56.589+08:00  INFO 19004 --- [control-app] [           main] [                                                 ] c.o.p.c.a.a.DeterministicSupervisor      : {"event":"am4_run_reporting","ts":"2026-09-12T10:58:56.589448961Z","run_id":"3f6136ce-f7b0-4f0d-b992-333bbf0881c8"}
2026-09-12T18:58:56.589+08:00  INFO 19004 --- [control-app] [           main] [                                                 ] c.o.p.c.a.a.DeterministicSupervisor      : run 3f6136ce-f7b0-4f0d-b992-333bbf0881c8 全任务终态 → REPORTING（报告链组装）
2026-09-12T18:58:56.590+08:00  INFO 19004 --- [control-app] [           main] [                                                 ] c.o.p.c.i.n.NativeInvestigationExecutor  : native 全链完成 run=3f6136ce-f7b0-4f0d-b992-333bbf0881c8 reportOutcome=UNRESOLVED claims=0 validation=STRUCTURE_VALIDATED 快照=de17ef9df88e57234ba379dd5d3b62d694360536e41fcb7ee62c63bf314843f4 主模式=false
2026-09-12T18:58:56.594+08:00  WARN 19004 --- [control-app] [           main] [                                                 ] c.o.p.c.i.n.NativeInvestigationExecutor  : run abe76841-799c-4503-b62b-5c5328d3f6c0 无冻结时间窗（存量行兼容面），回退执行时窗口——F14 冻结语义缺失
2026-09-12T18:58:56.595+08:00  INFO 19004 --- [control-app] [           main] [                                                 ] c.o.p.c.a.a.DeterministicSupervisor      : {"event":"am4_run_reporting","ts":"2026-09-12T10:58:56.595297695Z","run_id":"abe76841-799c-4503-b62b-5c5328d3f6c0"}
2026-09-12T18:58:56.595+08:00  INFO 19004 --- [control-app] [           main] [                                                 ] c.o.p.c.a.a.DeterministicSupervisor      : run abe76841-799c-4503-b62b-5c5328d3f6c0 全任务终态 → REPORTING（报告链组装）
2026-09-12T18:58:56.595+08:00  INFO 19004 --- [control-app] [           main] [                                                 ] c.o.p.c.i.n.NativeInvestigationExecutor  : native 全链完成 run=abe76841-799c-4503-b62b-5c5328d3f6c0 reportOutcome=UNRESOLVED claims=0 validation=STRUCTURE_VALIDATED 快照=de17ef9df88e57234ba379dd5d3b62d694360536e41fcb7ee62c63bf314843f4 主模式=false
2026-09-12T18:58:56.596+08:00  WARN 19004 --- [control-app] [           main] [                                                 ] c.o.p.c.i.n.NativeInvestigationExecutor  : run abe76841-799c-4503-b62b-5c5328d3f6c0 无冻结时间窗（存量行兼容面），回退执行时窗口——F14 冻结语义缺失
2026-09-12T18:58:56.597+08:00  INFO 19004 --- [control-app] [           main] [                                                 ] c.o.p.c.i.n.NativeInvestigationExecutor  : native 全链完成 run=abe76841-799c-4503-b62b-5c5328d3f6c0 reportOutcome=UNRESOLVED claims=0 validation=STRUCTURE_VALIDATED 快照=f0cc17646a02012863c0969e2820e7fda9d01e054a164afa574e9f22df606868 主模式=false
2026-09-12T18:58:56.598+08:00  WARN 19004 --- [control-app] [           main] [                                                 ] c.o.p.c.i.n.NativeInvestigationExecutor  : run abe76841-799c-4503-b62b-5c5328d3f6c0 无冻结时间窗（存量行兼容面），回退执行时窗口——F14 冻结语义缺失
2026-09-12T18:58:56.598+08:00  WARN 19004 --- [control-app] [           main] [                                                 ] c.o.p.c.i.n.NativeInvestigationExecutor  : DAG 任务 a35b7a6f-ee90-4887-aa13-06c3ad1a5f30 FAILED 回执孤儿 → DEAD（不重复调用）key=investigate-logs
2026-09-12T18:58:56.599+08:00  INFO 19004 --- [control-app] [           main] [                                                 ] c.o.p.c.i.n.NativeInvestigationExecutor  : native 全链完成 run=abe76841-799c-4503-b62b-5c5328d3f6c0 reportOutcome=UNRESOLVED claims=0 validation=STRUCTURE_VALIDATED 快照=f0cc17646a02012863c0969e2820e7fda9d01e054a164afa574e9f22df606868 主模式=false
[INFO] Tests run: 9, Failures: 0, Errors: 0, Skipped: 0, Time elapsed: 0.072 s -- in com.objwww.pr.control.infrastructure.nativeexec.NativeInvestigationExecutorTest
[INFO] Running com.objwww.pr.control.infrastructure.nativeexec.PrimaryFinalClaimProjectorConflictTest
2026-09-12T18:58:56.603+08:00  WARN 19004 --- [control-app] [           main] [                                                 ] c.o.p.c.a.a.a.PrimaryFinalClaimProjector : 主 FINAL 提案同 claimKey 状态冲突，强制 UNKNOWN+CONFLICT 并集呈堂 run=b3828595-4b13-45ed-99ec-8a356b8c7a58 claim=c1 statuses=[TRUE, FALSE]
2026-09-12T18:58:56.604+08:00  WARN 19004 --- [control-app] [           main] [                                                 ] c.o.p.c.a.a.a.PrimaryFinalClaimProjector : 主 FINAL 提案零证据引用，不成断言（留检查点审计面）run=b3828595-4b13-45ed-99ec-8a356b8c7a58 claim=c1
[INFO] Tests run: 4, Failures: 0, Errors: 0, Skipped: 0, Time elapsed: 0.004 s -- in com.objwww.pr.control.infrastructure.nativeexec.PrimaryFinalClaimProjectorConflictTest
[INFO] Running com.objwww.pr.control.infrastructure.persistence.Am5MigrationContractTest
[INFO] Tests run: 21, Failures: 0, Errors: 0, Skipped: 0, Time elapsed: 0.036 s -- in com.objwww.pr.control.infrastructure.persistence.Am5MigrationContractTest
[INFO] Running com.objwww.pr.control.infrastructure.persistence.EnMigrationContractTest
[INFO] Tests run: 9, Failures: 0, Errors: 0, Skipped: 0, Time elapsed: 0.007 s -- in com.objwww.pr.control.infrastructure.persistence.EnMigrationContractTest
[INFO] Running com.objwww.pr.control.infrastructure.persistence.Am6MigrationContractTest
[INFO] Tests run: 12, Failures: 0, Errors: 0, Skipped: 0, Time elapsed: 0.013 s -- in com.objwww.pr.control.infrastructure.persistence.Am6MigrationContractTest
[INFO] Running com.objwww.pr.control.infrastructure.persistence.PostgresClaimTaskKeyFilterContractTest
[INFO] Tests run: 2, Failures: 0, Errors: 0, Skipped: 0, Time elapsed: 0.006 s -- in com.objwww.pr.control.infrastructure.persistence.PostgresClaimTaskKeyFilterContractTest
[INFO] Running com.objwww.pr.control.infrastructure.persistence.M7MigrationContractTest
[INFO] Tests run: 7, Failures: 0, Errors: 0, Skipped: 0, Time elapsed: 0.023 s -- in com.objwww.pr.control.infrastructure.persistence.M7MigrationContractTest
[INFO] Running com.objwww.pr.control.infrastructure.persistence.PostgresArchiveManifestRepositoryFenceTest
[INFO] Tests run: 1, Failures: 0, Errors: 0, Skipped: 0, Time elapsed: 0.006 s -- in com.objwww.pr.control.infrastructure.persistence.PostgresArchiveManifestRepositoryFenceTest
[INFO] Running com.objwww.pr.control.infrastructure.persistence.Am7MigrationContractTest
[INFO] Tests run: 7, Failures: 0, Errors: 0, Skipped: 0, Time elapsed: 0.017 s -- in com.objwww.pr.control.infrastructure.persistence.Am7MigrationContractTest
[INFO] Running com.objwww.pr.control.infrastructure.selfcheck.ControlSelfCheckTest
2026-09-12T18:58:56.736+08:00  INFO 19004 --- [control-app] [           main] [                                                 ] c.o.p.c.i.s.StartupSelfCheckRunner       : [control] 启动自检通过（B25 运行时门）
[INFO] Tests run: 6, Failures: 0, Errors: 0, Skipped: 0, Time elapsed: 0.008 s -- in com.objwww.pr.control.infrastructure.selfcheck.ControlSelfCheckTest
[INFO] Running com.objwww.pr.control.infrastructure.tool.CodeSourceBindingTest
[INFO] Tests run: 3, Failures: 0, Errors: 0, Skipped: 0, Time elapsed: 0.016 s -- in com.objwww.pr.control.infrastructure.tool.CodeSourceBindingTest
[INFO] Running com.objwww.pr.control.infrastructure.tool.PrometheusApiExecutorTest
[INFO] Tests run: 9, Failures: 0, Errors: 0, Skipped: 0, Time elapsed: 0.941 s -- in com.objwww.pr.control.infrastructure.tool.PrometheusApiExecutorTest
[INFO] Running com.objwww.pr.control.infrastructure.tool.ChangeQueryExecutorTest
[INFO] Tests run: 6, Failures: 0, Errors: 0, Skipped: 0, Time elapsed: 0.010 s -- in com.objwww.pr.control.infrastructure.tool.ChangeQueryExecutorTest
[INFO] Running com.objwww.pr.control.infrastructure.tool.DockerInspectExecutorTest
[INFO] Tests run: 5, Failures: 0, Errors: 0, Skipped: 0, Time elapsed: 0.050 s -- in com.objwww.pr.control.infrastructure.tool.DockerInspectExecutorTest
[INFO] Running com.objwww.pr.control.infrastructure.tool.CodeReadExecutorTest
[INFO] Tests run: 3, Failures: 0, Errors: 0, Skipped: 0, Time elapsed: 0.016 s -- in com.objwww.pr.control.infrastructure.tool.CodeReadExecutorTest
[INFO] Running com.objwww.pr.control.infrastructure.tool.LogQueryExecutorTest
[INFO] Tests run: 8, Failures: 0, Errors: 0, Skipped: 0, Time elapsed: 0.113 s -- in com.objwww.pr.control.infrastructure.tool.LogQueryExecutorTest
[INFO] Running com.objwww.pr.control.infrastructure.tool.PrometheusMetricsWireMockTest
[INFO] Tests run: 5, Failures: 0, Errors: 0, Skipped: 0, Time elapsed: 0.114 s -- in com.objwww.pr.control.infrastructure.tool.PrometheusMetricsWireMockTest
[INFO] Running com.objwww.pr.control.infrastructure.tool.ChangeDiffExecutorTest
[INFO] Tests run: 5, Failures: 0, Errors: 0, Skipped: 0, Time elapsed: 0.015 s -- in com.objwww.pr.control.infrastructure.tool.ChangeDiffExecutorTest
[INFO] Running com.objwww.pr.control.infrastructure.tool.LokiAggregateExecutorTest
[INFO] Tests run: 4, Failures: 0, Errors: 0, Skipped: 0, Time elapsed: 0.106 s -- in com.objwww.pr.control.infrastructure.tool.LokiAggregateExecutorTest
[INFO] Running com.objwww.pr.control.infrastructure.tool.AlertHistoryExecutorTest
[INFO] Tests run: 3, Failures: 0, Errors: 0, Skipped: 0, Time elapsed: 0.008 s -- in com.objwww.pr.control.infrastructure.tool.AlertHistoryExecutorTest
[INFO] Running com.objwww.pr.control.infrastructure.tool.CodeSearchExecutorTest
[WARNING] Tests run: 5, Failures: 0, Errors: 0, Skipped: 1, Time elapsed: 0.034 s -- in com.objwww.pr.control.infrastructure.tool.CodeSearchExecutorTest
[INFO] Running com.objwww.pr.control.infrastructure.model.SpringAiRouteClientTest
2026-09-12T18:58:58.200+08:00  WARN 19004 --- [control-app] [           main] [                                                 ] c.o.p.c.i.model.SpringAiRouteClient      : route=route-test 空 content 带终止痕迹（finishReason=LENGTH, completionTokens=195）→ OUTPUT_BUDGET_EXHAUSTED
2026-09-12T18:58:58.204+08:00  WARN 19004 --- [control-app] [           main] [                                                 ] c.o.p.c.i.model.SpringAiRouteClient      : route=route-test 空 content 带终止痕迹（finishReason=STOP, completionTokens=300）→ OUTPUT_BUDGET_EXHAUSTED
2026-09-12T18:58:58.205+08:00  WARN 19004 --- [control-app] [           main] [                                                 ] c.o.p.c.i.model.SpringAiRouteClient      : route=route-test 返回空 content
[INFO] Tests run: 4, Failures: 0, Errors: 0, Skipped: 0, Time elapsed: 0.032 s -- in com.objwww.pr.control.infrastructure.model.SpringAiRouteClientTest
[INFO] Running com.objwww.pr.control.infrastructure.model.ProviderErrorClassifierTest
[INFO] Tests run: 17, Failures: 0, Errors: 0, Skipped: 0, Time elapsed: 0.014 s -- in com.objwww.pr.control.infrastructure.model.ProviderErrorClassifierTest
[INFO] Running com.objwww.pr.control.infrastructure.observability.GatusProbeConfigContractTest
[INFO] Tests run: 4, Failures: 0, Errors: 0, Skipped: 0, Time elapsed: 0.005 s -- in com.objwww.pr.control.infrastructure.observability.GatusProbeConfigContractTest
[INFO] Running com.objwww.pr.control.infrastructure.observability.StructuredLogTest
2026-09-12T18:58:58.228+08:00  INFO 19004 --- [control-app] [           main] [                                                 ] structured-log-test                      : {"event":"e","ts":"2026-09-12T10:58:58.228523202Z","error":null}
2026-09-12T18:58:58.230+08:00  INFO 19004 --- [control-app] [           main] [                                                 ] structured-log-test                      : {"event":"e","ts":"2026-09-12T10:58:58.230105762Z","secret_like":"quote\" and\nnewline\ttab"}
2026-09-12T18:58:58.231+08:00  INFO 19004 --- [control-app] [           main] [                                                 ] structured-log-test                      : {"event":"rca_task_decision","ts":"2026-09-12T10:58:58.230988684Z","run_id":"r-1","decision":"COMPLETED","latency_ms":42}
2026-09-12T18:58:58.250+08:00  WARN 19004 --- [control-app] [           main] [                                                 ] structured-log-test                      : structured log 序列化失败 event=e
[INFO] Tests run: 4, Failures: 0, Errors: 0, Skipped: 0, Time elapsed: 0.025 s -- in com.objwww.pr.control.infrastructure.observability.StructuredLogTest
[INFO] Running com.objwww.pr.control.infrastructure.observability.AlertMetricsLabelAllowlistTest
[INFO] Tests run: 3, Failures: 0, Errors: 0, Skipped: 0, Time elapsed: 0.010 s -- in com.objwww.pr.control.infrastructure.observability.AlertMetricsLabelAllowlistTest
[INFO] Running com.objwww.pr.control.infrastructure.observability.ControlCollectorConfigContractTest
[INFO] Tests run: 3, Failures: 0, Errors: 0, Skipped: 0, Time elapsed: 0.008 s -- in com.objwww.pr.control.infrastructure.observability.ControlCollectorConfigContractTest
[INFO] Running com.objwww.pr.control.infrastructure.observability.TracedTasksTest
2026-09-12T18:58:58.285+08:00  INFO 19004 --- [control-app] [           main] [                                                 ] brave.Tracer                             : {"traceId":"87d10a9b8ed9098a","id":"87d10a9b8ed9098a","name":"parent","timestamp":1789210738274206,"duration":8848,"localEndpoint":{"serviceName":"unknown","ipv4":"172.24.0.1"}}
[INFO] Tests run: 3, Failures: 0, Errors: 0, Skipped: 0, Time elapsed: 0.015 s -- in com.objwww.pr.control.infrastructure.observability.TracedTasksTest
[INFO] Running com.objwww.pr.control.infrastructure.mcp.En06McpSdkSpikeTest
2026-09-12T18:58:58.990+08:00  INFO 19004 --- [control-app] [ent-62-Worker-1] [                                                 ] i.m.client.LifecycleInitializer          : Server response with Protocol: 2025-11-25, Capabilities: ServerCapabilities[completions=null, experimental=null, logging=null, prompts=null, resources=null, tools=ToolCapabilities[listChanged=true]], Info: Implementation[name=spike-mcp, title=Spike, version=1.0.0, description=null, icons=null, websiteUrl=null] and Instructions null
2026-09-12T18:58:59.086+08:00  INFO 19004 --- [control-app] [ent-63-Worker-0] [                                                 ] i.m.client.LifecycleInitializer          : Server response with Protocol: 2025-11-25, Capabilities: ServerCapabilities[completions=null, experimental=null, logging=null, prompts=null, resources=null, tools=ToolCapabilities[listChanged=true]], Info: Implementation[name=spike-mcp, title=Spike, version=1.0.0, description=null, icons=null, websiteUrl=null] and Instructions null
[INFO] Tests run: 2, Failures: 0, Errors: 0, Skipped: 0, Time elapsed: 0.852 s -- in com.objwww.pr.control.infrastructure.mcp.En06McpSdkSpikeTest
[INFO] Running com.objwww.pr.control.ControlArchitectureTest
2026-09-12T18:58:59.152+08:00  INFO 19004 --- [control-app] [           main] [                                                 ] com.tngtech.archunit.core.PluginLoader   : Detected Java version 21.0.12.1
[INFO] Tests run: 20, Failures: 0, Errors: 0, Skipped: 0, Time elapsed: 4.223 s -- in com.objwww.pr.control.ControlArchitectureTest
[INFO] Running com.objwww.pr.control.alert.domain.statemachine.AlertStateMachineTest
[INFO] Tests run: 8, Failures: 0, Errors: 0, Skipped: 0, Time elapsed: 0.024 s -- in com.objwww.pr.control.alert.domain.statemachine.AlertStateMachineTest
[INFO] Running com.objwww.pr.control.alert.domain.statemachine.RcaStateContractTest
[INFO] Tests run: 8, Failures: 0, Errors: 0, Skipped: 0, Time elapsed: 0.016 s -- in com.objwww.pr.control.alert.domain.statemachine.RcaStateContractTest
[INFO] Running com.objwww.pr.control.alert.domain.agent.DelegationDecisionQuestionCapTest
[INFO] Tests run: 3, Failures: 0, Errors: 0, Skipped: 0, Time elapsed: 0.007 s -- in com.objwww.pr.control.alert.domain.agent.DelegationDecisionQuestionCapTest
[INFO] Running com.objwww.pr.control.alert.domain.agent.AgentProfileTest
[INFO] Tests run: 6, Failures: 0, Errors: 0, Skipped: 0, Time elapsed: 0.010 s -- in com.objwww.pr.control.alert.domain.agent.AgentProfileTest
[INFO] Running com.objwww.pr.control.alert.domain.agent.WorkingMemoryTest
[INFO] Tests run: 4, Failures: 0, Errors: 0, Skipped: 0, Time elapsed: 0.010 s -- in com.objwww.pr.control.alert.domain.agent.WorkingMemoryTest
[INFO] Running com.objwww.pr.control.alert.domain.dag.PlanProposalTest
[INFO] Tests run: 10, Failures: 0, Errors: 0, Skipped: 0, Time elapsed: 0.013 s -- in com.objwww.pr.control.alert.domain.dag.PlanProposalTest
[INFO] Running com.objwww.pr.control.alert.domain.dag.DagTaskStateTest
[INFO] Tests run: 3, Failures: 0, Errors: 0, Skipped: 0, Time elapsed: 0.001 s -- in com.objwww.pr.control.alert.domain.dag.DagTaskStateTest
[INFO] Running com.objwww.pr.control.alert.domain.dag.DagPromoterTest
[INFO] Tests run: 16, Failures: 0, Errors: 0, Skipped: 0, Time elapsed: 0.038 s -- in com.objwww.pr.control.alert.domain.dag.DagPromoterTest
[INFO] Running com.objwww.pr.control.alert.domain.dag.DagCycleDetectorTest
[INFO] Tests run: 10, Failures: 0, Errors: 0, Skipped: 0, Time elapsed: 0.011 s -- in com.objwww.pr.control.alert.domain.dag.DagCycleDetectorTest
[INFO] Running com.objwww.pr.control.alert.domain.classification.IncidentClassifierTest
[INFO] Tests run: 13, Failures: 0, Errors: 0, Skipped: 0, Time elapsed: 0.013 s -- in com.objwww.pr.control.alert.domain.classification.IncidentClassifierTest
[INFO] Running com.objwww.pr.control.alert.domain.tool.ToolReasonCodeTest
[INFO] Tests run: 2, Failures: 0, Errors: 0, Skipped: 0, Time elapsed: 0.001 s -- in com.objwww.pr.control.alert.domain.tool.ToolReasonCodeTest
[INFO] Running com.objwww.pr.control.alert.domain.tool.ToolArgsValidatorTest
[INFO] Tests run: 7, Failures: 0, Errors: 0, Skipped: 0, Time elapsed: 0.010 s -- in com.objwww.pr.control.alert.domain.tool.ToolArgsValidatorTest
[INFO] Running com.objwww.pr.control.alert.domain.tool.InternalCanonicalJsonV1Test
[INFO] Tests run: 9, Failures: 0, Errors: 0, Skipped: 0, Time elapsed: 0.005 s -- in com.objwww.pr.control.alert.domain.tool.InternalCanonicalJsonV1Test
[INFO] Running com.objwww.pr.control.alert.domain.tool.ActionDigestTest
[INFO] Tests run: 8, Failures: 0, Errors: 0, Skipped: 0, Time elapsed: 0.023 s -- in com.objwww.pr.control.alert.domain.tool.ActionDigestTest
[INFO] Running com.objwww.pr.control.alert.domain.tool.ToolPolicyTest
[INFO] Tests run: 3, Failures: 0, Errors: 0, Skipped: 0, Time elapsed: 0.018 s -- in com.objwww.pr.control.alert.domain.tool.ToolPolicyTest
[INFO] Running com.objwww.pr.control.alert.domain.tool.ToolDefinitionTest
[INFO] Tests run: 7, Failures: 0, Errors: 0, Skipped: 0, Time elapsed: 0.009 s -- in com.objwww.pr.control.alert.domain.tool.ToolDefinitionTest
[INFO] Running com.objwww.pr.control.alert.domain.tool.ArgsNormalizerTest
[INFO] Tests run: 6, Failures: 0, Errors: 0, Skipped: 0, Time elapsed: 0.003 s -- in com.objwww.pr.control.alert.domain.tool.ArgsNormalizerTest
[INFO] Running com.objwww.pr.control.alert.domain.model.RcaRunStateTest
[INFO] Tests run: 2, Failures: 0, Errors: 0, Skipped: 0, Time elapsed: 0.001 s -- in com.objwww.pr.control.alert.domain.model.RcaRunStateTest
[INFO] Running com.objwww.pr.control.alert.domain.model.EvidencePackageV2ContractTest
[INFO] Tests run: 6, Failures: 0, Errors: 0, Skipped: 0, Time elapsed: 0.027 s -- in com.objwww.pr.control.alert.domain.model.EvidencePackageV2ContractTest
[INFO] Running com.objwww.pr.control.alert.domain.budget.RunBudgetTest
[INFO] Tests run: 11, Failures: 0, Errors: 0, Skipped: 0, Time elapsed: 0.016 s -- in com.objwww.pr.control.alert.domain.budget.RunBudgetTest
[INFO] Running com.objwww.pr.control.alert.domain.budget.DoomLoopGuardTest
[INFO] Tests run: 7, Failures: 0, Errors: 0, Skipped: 0, Time elapsed: 0.007 s -- in com.objwww.pr.control.alert.domain.budget.DoomLoopGuardTest
[INFO] Running com.objwww.pr.control.alert.domain.claim.ClaimReducerTest
[INFO] Tests run: 20, Failures: 0, Errors: 0, Skipped: 0, Time elapsed: 0.030 s -- in com.objwww.pr.control.alert.domain.claim.ClaimReducerTest
[INFO] Running com.objwww.pr.control.alert.domain.claim.ClaimVerdictTest
[INFO] Tests run: 10, Failures: 0, Errors: 0, Skipped: 0, Time elapsed: 0.005 s -- in com.objwww.pr.control.alert.domain.claim.ClaimVerdictTest
[INFO] Running com.objwww.pr.control.alert.domain.claim.ClaimProjectionTest
[INFO] Tests run: 9, Failures: 0, Errors: 0, Skipped: 0, Time elapsed: 0.003 s -- in com.objwww.pr.control.alert.domain.claim.ClaimProjectionTest
[INFO] Running com.objwww.pr.control.alert.domain.claim.ReportAssemblerTest
[INFO] Tests run: 11, Failures: 0, Errors: 0, Skipped: 0, Time elapsed: 0.009 s -- in com.objwww.pr.control.alert.domain.claim.ReportAssemblerTest
[INFO] Running com.objwww.pr.control.alert.domain.claim.ClaimTest
[INFO] Tests run: 7, Failures: 0, Errors: 0, Skipped: 0, Time elapsed: 0.005 s -- in com.objwww.pr.control.alert.domain.claim.ClaimTest
[INFO] Running com.objwww.pr.control.alert.domain.identity.InvestigationIdentityTest
[INFO] Tests run: 7, Failures: 0, Errors: 0, Skipped: 0, Time elapsed: 0.012 s -- in com.objwww.pr.control.alert.domain.identity.InvestigationIdentityTest
[INFO] Running com.objwww.pr.control.alert.domain.evidence.EvidenceEnvelopeTest
[INFO] Tests run: 6, Failures: 0, Errors: 0, Skipped: 0, Time elapsed: 0.011 s -- in com.objwww.pr.control.alert.domain.evidence.EvidenceEnvelopeTest
[INFO] Running com.objwww.pr.control.alert.domain.evidence.EvidenceSnapshotBuilderTest
[INFO] Tests run: 5, Failures: 0, Errors: 0, Skipped: 0, Time elapsed: 0.003 s -- in com.objwww.pr.control.alert.domain.evidence.EvidenceSnapshotBuilderTest
[INFO] Running com.objwww.pr.control.alert.domain.service.AlertIdentityFactoryTest
[INFO] Tests run: 6, Failures: 0, Errors: 0, Skipped: 0, Time elapsed: 0.010 s -- in com.objwww.pr.control.alert.domain.service.AlertIdentityFactoryTest
[INFO] Running com.objwww.pr.control.alert.domain.service.SlaPolicyTest
[INFO] Tests run: 6, Failures: 0, Errors: 0, Skipped: 0, Time elapsed: 0.006 s -- in com.objwww.pr.control.alert.domain.service.SlaPolicyTest
[INFO] Running com.objwww.pr.control.alert.domain.service.DeferredPolicyTest
[INFO] Tests run: 2, Failures: 0, Errors: 0, Skipped: 0, Time elapsed: 0.001 s -- in com.objwww.pr.control.alert.domain.service.DeferredPolicyTest
[INFO] Running com.objwww.pr.control.alert.domain.service.EvidencePackageValidatorTest
[INFO] Tests run: 19, Failures: 0, Errors: 0, Skipped: 0, Time elapsed: 0.034 s -- in com.objwww.pr.control.alert.domain.service.EvidencePackageValidatorTest
[INFO] Running com.objwww.pr.control.alert.infrastructure.config.AlertConfigBridgeTest
[INFO] Tests run: 3, Failures: 0, Errors: 0, Skipped: 0, Time elapsed: 0.017 s -- in com.objwww.pr.control.alert.infrastructure.config.AlertConfigBridgeTest
[INFO] Running com.objwww.pr.control.alert.infrastructure.selfcheck.AlertSelfCheckTest
[INFO] Tests run: 6, Failures: 0, Errors: 0, Skipped: 0, Time elapsed: 0.007 s -- in com.objwww.pr.control.alert.infrastructure.selfcheck.AlertSelfCheckTest
[INFO] Running com.objwww.pr.control.alert.application.agent.R7DelegationBatchesKnobTest
2026-09-12T18:59:03.916+08:00  INFO 19004 --- [control-app] [           main] [                                                 ] c.o.p.c.a.a.DeterministicSupervisor      : {"event":"r7_primary_started","ts":"2026-09-12T10:59:03.916675881Z","run_id":"afa208a3-6823-4ef8-b3d5-cd8b4573320d","role":"primary@1","task_id":"18fad7ad-5ebe-4c93-8b6e-a7a258272b1c"}
2026-09-12T18:59:03.920+08:00  INFO 19004 --- [control-app] [           main] [                                                 ] c.o.p.c.a.a.agent.BoundedLlmRoleRunner   : 主 FINAL 提案落检查点 task=18fad7ad-5ebe-4c93-8b6e-a7a258272b1c claims=0 downgraded=0 stripped=0
2026-09-12T18:59:03.921+08:00  INFO 19004 --- [control-app] [           main] [                                                 ] c.o.p.c.a.a.DeterministicSupervisor      : {"event":"r7_delegation_adjudicated","ts":"2026-09-12T10:59:03.921499294Z","batch_accepted":false,"run_id":"afa208a3-6823-4ef8-b3d5-cd8b4573320d","task_id":"18fad7ad-5ebe-4c93-8b6e-a7a258272b1c","approved":0,"requests":2}
2026-09-12T18:59:03.923+08:00  INFO 19004 --- [control-app] [           main] [                                                 ] c.o.p.c.a.a.DeterministicSupervisor      : {"event":"r7_primary_started","ts":"2026-09-12T10:59:03.923007134Z","run_id":"fe5df1f8-4163-4fc1-bc1b-dd1430416a71","role":"primary@1","task_id":"dfb00eed-ea6a-4ea6-9ed2-c3f18bdddc8d"}
2026-09-12T18:59:03.923+08:00  INFO 19004 --- [control-app] [           main] [                                                 ] c.o.p.c.a.a.DeterministicSupervisor      : {"event":"r7_delegation_adjudicated","ts":"2026-09-12T10:59:03.923333859Z","batch_accepted":true,"run_id":"fe5df1f8-4163-4fc1-bc1b-dd1430416a71","task_id":"dfb00eed-ea6a-4ea6-9ed2-c3f18bdddc8d","approved":1,"requests":1}
2026-09-12T18:59:03.923+08:00  INFO 19004 --- [control-app] [           main] [                                                 ] c.o.p.c.a.a.DeterministicSupervisor      : {"event":"r7_delegation_adjudicated","ts":"2026-09-12T10:59:03.923525149Z","batch_accepted":false,"run_id":"fe5df1f8-4163-4fc1-bc1b-dd1430416a71","task_id":"dfb00eed-ea6a-4ea6-9ed2-c3f18bdddc8d","approved":0,"requests":1}
2026-09-12T18:59:03.930+08:00  INFO 19004 --- [control-app] [           main] [                                                 ] c.o.p.c.a.a.DeterministicSupervisor      : {"event":"r7_primary_started","ts":"2026-09-12T10:59:03.929917857Z","run_id":"f4458b24-55f0-46e0-821c-69f161fd4dc8","role":"primary@1","task_id":"db9740b6-07b1-48dc-bdb9-bafff7794c4d"}
2026-09-12T18:59:03.931+08:00  INFO 19004 --- [control-app] [           main] [                                                 ] c.o.p.c.a.a.agent.BoundedLlmRoleRunner   : 主 FINAL 提案落检查点 task=db9740b6-07b1-48dc-bdb9-bafff7794c4d claims=0 downgraded=0 stripped=0
2026-09-12T18:59:03.932+08:00  INFO 19004 --- [control-app] [           main] [                                                 ] c.o.p.c.a.a.DeterministicSupervisor      : {"event":"r7_delegation_adjudicated","ts":"2026-09-12T10:59:03.932254217Z","batch_accepted":true,"run_id":"f4458b24-55f0-46e0-821c-69f161fd4dc8","task_id":"db9740b6-07b1-48dc-bdb9-bafff7794c4d","approved":1,"requests":1}
2026-09-12T18:59:03.932+08:00  INFO 19004 --- [control-app] [           main] [                                                 ] c.o.p.c.a.a.DeterministicSupervisor      : {"event":"r7_delegation_adjudicated","ts":"2026-09-12T10:59:03.932620045Z","batch_accepted":true,"run_id":"f4458b24-55f0-46e0-821c-69f161fd4dc8","task_id":"db9740b6-07b1-48dc-bdb9-bafff7794c4d","approved":1,"requests":1}
2026-09-12T18:59:03.932+08:00  INFO 19004 --- [control-app] [           main] [                                                 ] c.o.p.c.a.a.DeterministicSupervisor      : {"event":"r7_delegation_adjudicated","ts":"2026-09-12T10:59:03.932870096Z","batch_accepted":false,"run_id":"f4458b24-55f0-46e0-821c-69f161fd4dc8","task_id":"db9740b6-07b1-48dc-bdb9-bafff7794c4d","approved":0,"requests":1}
2026-09-12T18:59:03.934+08:00  INFO 19004 --- [control-app] [           main] [                                                 ] c.o.p.c.a.a.agent.BoundedLlmRoleRunner   : 主 FINAL 提案落检查点 task=db9740b6-07b1-48dc-bdb9-bafff7794c4d claims=0 downgraded=0 stripped=0
[INFO] Tests run: 4, Failures: 0, Errors: 0, Skipped: 0, Time elapsed: 0.028 s -- in com.objwww.pr.control.alert.application.agent.R7DelegationBatchesKnobTest
[INFO] Running com.objwww.pr.control.alert.application.agent.Mc24QueryReuseTest
2026-09-12T18:59:03.940+08:00  INFO 19004 --- [control-app] [           main] [                                                 ] c.o.p.c.a.a.a.SingleToolEvidenceAgent    : MC24 查询复用 run=4c036552-20cc-48c7-b850-a8fed2cb68f3 task=0c3ca2a8-8ba0-40da-afc8-905ef35a0594 tool=prometheus.instant evidence=5132fbd0-0353-4332-92c3-de564a891aee（零新工具执行）
2026-09-12T18:59:03.947+08:00  INFO 19004 --- [control-app] [           main] [                                                 ] c.o.p.c.a.a.a.SingleToolEvidenceAgent    : MC24 查询复用 run=4c036552-20cc-48c7-b850-a8fed2cb68f3 task=0c3ca2a8-8ba0-40da-afc8-905ef35a0594 tool=prometheus.instant evidence=1162eaff-e016-4a1d-93d1-4b6cbac7b50f（零新工具执行）
[INFO] Tests run: 3, Failures: 0, Errors: 0, Skipped: 0, Time elapsed: 0.011 s -- in com.objwww.pr.control.alert.application.agent.Mc24QueryReuseTest
[INFO] Running com.objwww.pr.control.alert.application.agent.R7ModelGatewayTest
2026-09-12T18:59:03.954+08:00  WARN 19004 --- [control-app] [           main] [                                                 ] c.o.p.c.a.a.agent.RcaModelGateway        : 输入超模型可用窗硬限，零触网（primary）: approxTokens=101 maxInputTokens=100
2026-09-12T18:59:03.956+08:00  WARN 19004 --- [control-app] [           main] [                                                 ] c.o.p.c.a.a.agent.RcaModelGateway        : rca_model_call PENDING 写失败，零触网（primary）: DuplicateKeyException
2026-09-12T18:59:03.958+08:00  WARN 19004 --- [control-app] [           main] [                                                 ] c.o.p.c.a.a.agent.RcaModelGateway        : rca_model_input 捕获写失败，零触网（primary）: IllegalStateException
2026-09-12T18:59:03.962+08:00  WARN 19004 --- [control-app] [           main] [                                                 ] c.o.pr.control.application.ModelGateway  : 账本 STARTED 写失败，零触网（D5）: IllegalStateException
2026-09-12T18:59:03.966+08:00  INFO 19004 --- [control-app] [           main] [                                                 ] c.o.p.c.a.a.agent.RcaModelGateway        : rca_model_call EPOCH_FENCE，零触网（primary）: EPOCH_FENCE: 动作 configEpoch=1 已落后于当前代际 2，零触网拒绝发送
2026-09-12T18:59:03.968+08:00  WARN 19004 --- [control-app] [           main] [                                                 ] c.o.p.c.a.a.agent.RcaModelGateway        : 输入超模型可用窗硬限，零触网（primary）: approxTokens=101 maxInputTokens=100
[INFO] Tests run: 17, Failures: 0, Errors: 0, Skipped: 0, Time elapsed: 0.023 s -- in com.objwww.pr.control.alert.application.agent.R7ModelGatewayTest
[INFO] Running com.objwww.pr.control.alert.application.agent.R7RoleRunnerTest
2026-09-12T18:59:03.977+08:00  INFO 19004 --- [control-app] [           main] [                                                 ] c.o.p.c.a.a.DeterministicSupervisor      : {"event":"r7_primary_started","ts":"2026-09-12T10:59:03.977114143Z","run_id":"b969707b-fe94-4c03-8a79-d0c6712aeeba","role":"primary@1","task_id":"3cdf59aa-ca40-41d6-96b4-4a945324b463"}
2026-09-12T18:59:03.980+08:00  INFO 19004 --- [control-app] [           main] [                                                 ] c.o.p.c.a.a.agent.BoundedLlmRoleRunner   : 主 FINAL 提案落检查点 task=3cdf59aa-ca40-41d6-96b4-4a945324b463 claims=2 downgraded=1 stripped=1
2026-09-12T18:59:03.982+08:00  INFO 19004 --- [control-app] [           main] [                                                 ] c.o.p.c.a.a.DeterministicSupervisor      : {"event":"r7_primary_started","ts":"2026-09-12T10:59:03.982023969Z","run_id":"049d005c-7ad9-4d14-9238-e29659a62c0a","role":"primary@1","task_id":"fc3c765d-c9f8-451a-89c8-cd0b8b2bb464"}
2026-09-12T18:59:03.982+08:00  WARN 19004 --- [control-app] [           main] [                                                 ] c.o.p.c.a.a.agent.BoundedLlmRoleRunner   : 主任务步数耗尽 → 确定性未决 FINAL（零模型调用）task=fc3c765d-c9f8-451a-89c8-cd0b8b2bb464 steps=1
2026-09-12T18:59:03.984+08:00  INFO 19004 --- [control-app] [           main] [                                                 ] c.o.p.c.a.a.DeterministicSupervisor      : {"event":"r7_primary_started","ts":"2026-09-12T10:59:03.984661045Z","run_id":"27db5971-22f6-42db-bd05-c953441fff3a","role":"primary@1","task_id":"1b047477-7b8b-47e5-8810-4e3d3ecd6766"}
2026-09-12T18:59:03.986+08:00  WARN 19004 --- [control-app] [           main] [                                                 ] c.o.p.c.a.a.agent.BoundedLlmRoleRunner   : TOOL_CALL 参数形状拒绝（INVALID_ARGS），计步重驱 task=1b047477-7b8b-47e5-8810-4e3d3ecd6766 tool=logs.query
2026-09-12T18:59:03.987+08:00  INFO 19004 --- [control-app] [           main] [                                                 ] c.o.p.c.a.a.DeterministicSupervisor      : {"event":"r7_primary_started","ts":"2026-09-12T10:59:03.987209704Z","run_id":"e05e900b-d26f-4df7-b677-cc6f998922a7","role":"primary@1","task_id":"a4a8fa59-b656-4ee4-88c8-dd70848625d9"}
2026-09-12T18:59:03.988+08:00  WARN 19004 --- [control-app] [           main] [                                                 ] c.o.p.c.a.a.agent.BoundedLlmRoleRunner   : 主决策不可解析（JsonParseException），计步重驱 task=a4a8fa59-b656-4ee4-88c8-dd70848625d9
2026-09-12T18:59:03.989+08:00  INFO 19004 --- [control-app] [           main] [                                                 ] c.o.p.c.a.a.DeterministicSupervisor      : {"event":"r7_primary_started","ts":"2026-09-12T10:59:03.989129820Z","run_id":"23ffe15e-fd06-4220-84bf-b3ff1255b7c7","role":"primary@1","task_id":"4e304e01-06ac-4d44-b227-50b336c8cc74"}
2026-09-12T18:59:03.989+08:00  INFO 19004 --- [control-app] [           main] [                                                 ] c.o.p.c.a.a.DeterministicSupervisor      : {"event":"r7_delegation_adjudicated","ts":"2026-09-12T10:59:03.989559389Z","batch_accepted":true,"run_id":"23ffe15e-fd06-4220-84bf-b3ff1255b7c7","task_id":"4e304e01-06ac-4d44-b227-50b336c8cc74","approved":1,"requests":1}
2026-09-12T18:59:03.991+08:00  INFO 19004 --- [control-app] [           main] [                                                 ] c.o.p.c.a.a.DeterministicSupervisor      : {"event":"r7_primary_started","ts":"2026-09-12T10:59:03.991571508Z","run_id":"71dbfb36-31e6-40c2-8359-9f2e1f0d886b","role":"primary@1","task_id":"8f82ee58-afe9-4d69-bcaa-a33be3c93318"}
2026-09-12T18:59:03.991+08:00  INFO 19004 --- [control-app] [           main] [                                                 ] c.o.p.c.a.a.DeterministicSupervisor      : {"event":"r7_delegation_adjudicated","ts":"2026-09-12T10:59:03.991945152Z","batch_accepted":true,"run_id":"71dbfb36-31e6-40c2-8359-9f2e1f0d886b","task_id":"8f82ee58-afe9-4d69-bcaa-a33be3c93318","approved":1,"requests":1}
2026-09-12T18:59:03.994+08:00  INFO 19004 --- [control-app] [           main] [                                                 ] c.o.p.c.a.a.DeterministicSupervisor      : {"event":"r7_primary_started","ts":"2026-09-12T10:59:03.994508830Z","run_id":"8f5e0795-8b24-4964-8988-d3a0cb4211a1","role":"primary@1","task_id":"7d3421be-521e-4824-a7a3-23d0a7f516b1"}
2026-09-12T18:59:03.996+08:00  WARN 19004 --- [control-app] [           main] [                                                 ] c.o.p.c.a.a.agent.BoundedLlmRoleRunner   : 主任务同签名模型失败 ×2 → 确定性未决 FINAL（零模型调用）task=7d3421be-521e-4824-a7a3-23d0a7f516b1 code=PROTOCOL_ERROR
2026-09-12T18:59:03.998+08:00  INFO 19004 --- [control-app] [           main] [                                                 ] c.o.p.c.a.a.DeterministicSupervisor      : {"event":"r7_primary_started","ts":"2026-09-12T10:59:03.997984905Z","run_id":"524f126d-fa59-468d-b056-c2366ccc7d54","role":"primary@1","task_id":"7ac13d69-6140-4bf1-8880-6de9cd296e9e"}
2026-09-12T18:59:03.999+08:00  INFO 19004 --- [control-app] [           main] [                                                 ] c.o.p.c.a.a.DeterministicSupervisor      : {"event":"r7_delegation_adjudicated","ts":"2026-09-12T10:59:03.998964099Z","batch_accepted":false,"run_id":"524f126d-fa59-468d-b056-c2366ccc7d54","task_id":"7ac13d69-6140-4bf1-8880-6de9cd296e9e","approved":0,"requests":1}
2026-09-12T18:59:04.001+08:00  INFO 19004 --- [control-app] [           main] [                                                 ] c.o.p.c.a.a.agent.BoundedLlmRoleRunner   : 主 FINAL 提案落检查点 task=c6bbb64c-5932-4cde-8a31-329b72955666 claims=0 downgraded=0 stripped=0
2026-09-12T18:59:04.003+08:00  INFO 19004 --- [control-app] [           main] [                                                 ] c.o.p.c.a.a.DeterministicSupervisor      : {"event":"r7_primary_started","ts":"2026-09-12T10:59:04.002983488Z","run_id":"4c85617d-9777-47aa-8297-4e1de01e3ce1","role":"primary@1","task_id":"afc8b7da-4605-4ccd-83e4-33bc6eb69e52"}
2026-09-12T18:59:04.003+08:00  INFO 19004 --- [control-app] [           main] [                                                 ] c.o.p.c.a.a.agent.BoundedLlmRoleRunner   : 主 FINAL 提案落检查点 task=afc8b7da-4605-4ccd-83e4-33bc6eb69e52 claims=0 downgraded=0 stripped=0
2026-09-12T18:59:04.004+08:00  INFO 19004 --- [control-app] [           main] [                                                 ] c.o.p.c.a.a.DeterministicSupervisor      : {"event":"r7_primary_started","ts":"2026-09-12T10:59:04.004520412Z","run_id":"393f11a5-164b-4ad3-b516-238345befee8","role":"primary@1","task_id":"5796a9f5-2164-494d-9c7d-acb9e135dc0a"}
2026-09-12T18:59:04.008+08:00  INFO 19004 --- [control-app] [           main] [                                                 ] c.o.p.c.a.a.DeterministicSupervisor      : {"event":"r7_primary_started","ts":"2026-09-12T10:59:04.008917252Z","run_id":"9355dd49-cb91-4465-a477-71d760e29acc","role":"primary@1","task_id":"39e1e460-e146-47d7-9fde-652aecdefcad"}
2026-09-12T18:59:04.009+08:00  WARN 19004 --- [control-app] [           main] [                                                 ] c.o.p.c.a.a.agent.BoundedLlmRoleRunner   : TOOL_CALL 越权拒绝（不在 allowlist），计步重驱 task=39e1e460-e146-47d7-9fde-652aecdefcad tool=code.search
2026-09-12T18:59:04.011+08:00  INFO 19004 --- [control-app] [           main] [                                                 ] c.o.p.c.a.a.DeterministicSupervisor      : {"event":"r7_primary_started","ts":"2026-09-12T10:59:04.010782815Z","run_id":"9613c898-f2f4-4005-bb38-51fa6d86f70a","role":"primary@1","task_id":"4189bac8-1e40-4ec2-9184-e997470f6033"}
2026-09-12T18:59:04.014+08:00  INFO 19004 --- [control-app] [           main] [                                                 ] c.o.p.c.a.a.DeterministicSupervisor      : {"event":"r7_primary_started","ts":"2026-09-12T10:59:04.014269952Z","run_id":"d5ec2711-28fa-40f0-9480-68c2c7f8f873","role":"primary@1","task_id":"19950b9d-dbb4-44f3-ad98-42a7fae71e03"}
[INFO] Tests run: 17, Failures: 0, Errors: 0, Skipped: 0, Time elapsed: 0.048 s -- in com.objwww.pr.control.alert.application.agent.R7RoleRunnerTest
[INFO] Running com.objwww.pr.control.alert.application.agent.R3ProtocolConsistencyTest
[INFO] Tests run: 3, Failures: 0, Errors: 0, Skipped: 0, Time elapsed: 0.002 s -- in com.objwww.pr.control.alert.application.agent.R3ProtocolConsistencyTest
[INFO] Running com.objwww.pr.control.alert.application.agent.En05DirectToolChainTest
[INFO] Tests run: 3, Failures: 0, Errors: 0, Skipped: 0, Time elapsed: 0.014 s -- in com.objwww.pr.control.alert.application.agent.En05DirectToolChainTest
[INFO] Running com.objwww.pr.control.alert.application.agent.ContextCompactionServiceTest
2026-09-12T18:59:04.044+08:00  INFO 19004 --- [control-app] [           main] [                                                 ] c.o.p.c.a.a.a.ContextCompactionService   : 上下文压缩提交 run=2426f676-4f44-4dbd-af21-62b821a4704d task=90d28239-483d-4138-a168-ae3660c23fca source=src-digest-1 区间=[0,1] token 800→2 required=1 omitted=0
2026-09-12T18:59:04.047+08:00  INFO 19004 --- [control-app] [           main] [                                                 ] c.o.p.c.a.a.a.ContextCompactionService   : 上下文压缩提交 run=94f46e1a-1366-43e9-8bb8-343faacf0ecc task=614b8be9-fd41-41d5-bd9c-10852fdf638a source=src-digest-1 区间=[3,3] token 800→3 required=1 omitted=0
2026-09-12T18:59:04.048+08:00  INFO 19004 --- [control-app] [           main] [                                                 ] c.o.p.c.a.a.a.ContextCompactionService   : 上下文压缩提交 run=4662d503-926d-4df4-89ed-f8d26ed5def7 task=12747d1b-3bcf-4420-af07-75c3cc5dd8e6 source=src-digest-1 区间=[0,1] token 800→5 required=1 omitted=0
[INFO] Tests run: 15, Failures: 0, Errors: 0, Skipped: 0, Time elapsed: 0.016 s -- in com.objwww.pr.control.alert.application.agent.ContextCompactionServiceTest
[INFO] Running com.objwww.pr.control.alert.application.agent.MetricsAgentTest
[INFO] Tests run: 19, Failures: 0, Errors: 0, Skipped: 0, Time elapsed: 0.045 s -- in com.objwww.pr.control.alert.application.agent.MetricsAgentTest
[INFO] Running com.objwww.pr.control.alert.application.agent.DelegationReceiptServiceTest
2026-09-12T18:59:04.110+08:00  WARN 19004 --- [control-app] [           main] [                                                 ] c.o.p.c.a.a.a.DelegationReceiptService   : 回执准入 REJECTED_SHAPE run=0cb92f4b-c2b3-4119-9d59-3b8eca5c52b2 child=9b7377de-346a-427a-8712-43895dd4581b gap=g-logs
2026-09-12T18:59:04.114+08:00  WARN 19004 --- [control-app] [           main] [                                                 ] c.o.p.c.a.a.a.DelegationReceiptService   : 回执准入 OVERSIZED run=5c80b655-0023-43d2-a7bf-ce4666f23684 child=69c65404-6482-4cb5-89be-eacc4494171c gap=g-logs
2026-09-12T18:59:04.117+08:00  WARN 19004 --- [control-app] [           main] [                                                 ] c.o.p.c.a.a.a.DelegationReceiptService   : 回执准入 REJECTED_SHAPE run=e3571813-4b3a-44e5-9aad-21b55e46ef10 child=1dce7658-88cd-4021-ad8b-ff4aa894cb95 gap=g-logs
2026-09-12T18:59:04.118+08:00  INFO 19004 --- [control-app] [           main] [                                                 ] c.o.p.c.a.a.a.DelegationReceiptService   : 回执准入 ACCEPTED run=e3571813-4b3a-44e5-9aad-21b55e46ef10 child=1dce7658-88cd-4021-ad8b-ff4aa894cb95 gap=g-logs bytes=137
2026-09-12T18:59:04.120+08:00  INFO 19004 --- [control-app] [           main] [                                                 ] c.o.p.c.a.a.a.DelegationReceiptService   : 回执准入 ACCEPTED run=85c0c025-202a-47be-857b-44692a1e6755 child=20e376b1-bb11-46c6-b67e-b89bea7148ce gap=g-logs bytes=125
[INFO] Tests run: 7, Failures: 0, Errors: 0, Skipped: 0, Time elapsed: 0.020 s -- in com.objwww.pr.control.alert.application.agent.DelegationReceiptServiceTest
[INFO] Running com.objwww.pr.control.alert.application.agent.ContextAssemblerTest
[INFO] Tests run: 17, Failures: 0, Errors: 0, Skipped: 0, Time elapsed: 0.029 s -- in com.objwww.pr.control.alert.application.agent.ContextAssemblerTest
[INFO] Running com.objwww.pr.control.alert.application.agent.HarnessAuditCharacterizationTest
[INFO] Tests run: 5, Failures: 0, Errors: 0, Skipped: 0, Time elapsed: 0.586 s -- in com.objwww.pr.control.alert.application.agent.HarnessAuditCharacterizationTest
[INFO] Running com.objwww.pr.control.alert.application.agent.ChangeAgentTest
[INFO] Tests run: 4, Failures: 0, Errors: 0, Skipped: 0, Time elapsed: 0.025 s -- in com.objwww.pr.control.alert.application.agent.ChangeAgentTest
[INFO] Running com.objwww.pr.control.alert.application.agent.R3DelegationHonestyTest
2026-09-12T18:59:04.791+08:00  INFO 19004 --- [control-app] [           main] [                                                 ] c.o.p.c.a.a.DeterministicSupervisor      : {"event":"r7_primary_started","ts":"2026-09-12T10:59:04.791412167Z","run_id":"53ffa529-189a-4f2c-bbcb-56b52dd2fb32","role":"primary@1","task_id":"6baea875-8fb0-4487-a7dd-ed249c58a326"}
2026-09-12T18:59:04.792+08:00  INFO 19004 --- [control-app] [           main] [                                                 ] c.o.p.c.a.a.DeterministicSupervisor      : {"event":"r7_delegation_adjudicated","ts":"2026-09-12T10:59:04.792782177Z","batch_accepted":true,"run_id":"53ffa529-189a-4f2c-bbcb-56b52dd2fb32","task_id":"6baea875-8fb0-4487-a7dd-ed249c58a326","approved":1,"requests":1}
[INFO] Tests run: 3, Failures: 0, Errors: 0, Skipped: 0, Time elapsed: 0.011 s -- in com.objwww.pr.control.alert.application.agent.R3DelegationHonestyTest
[INFO] Running com.objwww.pr.control.alert.application.agent.R7ActionGuardAdmissionTest
2026-09-12T18:59:04.830+08:00  WARN 19004 --- [control-app] [           main] [                                                 ] c.o.p.c.a.a.agent.RcaModelGateway        : rca_model_call PENDING 写失败，零触网（primary）: DuplicateKeyException
2026-09-12T18:59:04.863+08:00  WARN 19004 --- [control-app] [           main] [                                                 ] c.o.pr.control.application.ModelGateway  : 账本 STARTED 写失败，零触网（D5）: IllegalStateException
[INFO] Tests run: 11, Failures: 0, Errors: 0, Skipped: 0, Time elapsed: 0.074 s -- in com.objwww.pr.control.alert.application.agent.R7ActionGuardAdmissionTest
[INFO] Running com.objwww.pr.control.alert.application.agent.AgentRegistryTest
[INFO] Tests run: 5, Failures: 0, Errors: 0, Skipped: 0, Time elapsed: 0.012 s -- in com.objwww.pr.control.alert.application.agent.AgentRegistryTest
[INFO] Running com.objwww.pr.control.alert.application.agent.NativeRcaAgentTest
[INFO] Tests run: 12, Failures: 0, Errors: 0, Skipped: 0, Time elapsed: 0.034 s -- in com.objwww.pr.control.alert.application.agent.NativeRcaAgentTest
[INFO] Running com.objwww.pr.control.alert.application.agent.En07RagChainTest
[INFO] Tests run: 2, Failures: 0, Errors: 0, Skipped: 0, Time elapsed: 0.031 s -- in com.objwww.pr.control.alert.application.agent.En07RagChainTest
[INFO] Running com.objwww.pr.control.alert.application.agent.LogsAgentTest
[INFO] Tests run: 5, Failures: 0, Errors: 0, Skipped: 0, Time elapsed: 0.041 s -- in com.objwww.pr.control.alert.application.agent.LogsAgentTest
[INFO] Running com.objwww.pr.control.alert.application.RcaWorkerTest
2026-09-12T18:59:05.065+08:00  INFO 19004 --- [control-app] [           main] [                                                 ] c.o.p.c.a.a.RcaRunOrchestrator           : {"event":"rca_task_decision","ts":"2026-09-12T10:59:05.065063654Z","decision":"COMPLETED","run_id":"bf54ae3f-63d1-4414-8378-d6ce850f343e","task_id":"6fccaa59-176d-4762-a4bb-a4e5f55b3335","attempt_id":"213eff32-3401-4dc4-a3b8-cacbc699a3b2","latency_ms":0}
2026-09-12T18:59:05.069+08:00  INFO 19004 --- [control-app] [           main] [                                                 ] c.o.p.c.a.a.RcaRunOrchestrator           : incident 0042d02e-8cd7-43b5-a328-efbfa9874cb9 材料变化，铸 RERUN run
2026-09-12T18:59:05.071+08:00  INFO 19004 --- [control-app] [           main] [                                                 ] c.o.p.c.a.a.RcaRunOrchestrator           : {"event":"report_publication_loser","ts":"2026-09-12T10:59:05.071468255Z","generation":0,"report_id":"d7fe7248-b1dd-4c6b-8c85-13da9f191b80","run_id":"c7405569-a8a2-4fce-9ff0-f19a84523216","incident_id":"0042d02e-8cd7-43b5-a328-efbfa9874cb9"}
2026-09-12T18:59:05.077+08:00  INFO 19004 --- [control-app] [           main] [                                                 ] c.o.p.c.a.a.RcaRunOrchestrator           : report d7fe7248-b1dd-4c6b-8c85-13da9f191b80 输给 generation 发布赢家（incident=0042d02e-8cd7-43b5-a328-efbfa9874cb9, gen=0），落档不发布
2026-09-12T18:59:05.077+08:00  INFO 19004 --- [control-app] [           main] [                                                 ] c.o.p.c.a.a.RcaRunOrchestrator           : {"event":"rca_task_decision","ts":"2026-09-12T10:59:05.077540870Z","decision":"COMPLETED","run_id":"c7405569-a8a2-4fce-9ff0-f19a84523216","task_id":"9d1d6616-a264-46aa-8d04-db2b91a6ac86","attempt_id":"09ce9e08-ede3-4d3c-a748-ec5a8eaf6f5a","latency_ms":0}
2026-09-12T18:59:05.088+08:00  INFO 19004 --- [control-app] [           main] [                                                 ] c.o.p.c.a.a.RcaRunOrchestrator           : {"event":"rca_task_decision","ts":"2026-09-12T10:59:05.088498645Z","decision":"RETRY_SCHEDULED","run_id":"aa8451a7-e73a-4712-9877-b42fcf4a001e","task_id":"a3e38aac-0149-459c-8e9e-3700d8cb1ea5","attempt_id":"232e9634-10ee-439e-b848-ec0452c73c6c","latency_ms":0}
2026-09-12T18:59:05.095+08:00  INFO 19004 --- [control-app] [           main] [                                                 ] c.o.p.c.a.a.RcaRunOrchestrator           : {"event":"rca_task_decision","ts":"2026-09-12T10:59:05.095315231Z","decision":"RETRY_SCHEDULED","run_id":"aa8451a7-e73a-4712-9877-b42fcf4a001e","task_id":"a3e38aac-0149-459c-8e9e-3700d8cb1ea5","attempt_id":"57a8f20c-4ee7-4d25-b532-18dd75e17c76","latency_ms":0}
2026-09-12T18:59:05.096+08:00  INFO 19004 --- [control-app] [           main] [                                                 ] c.o.p.c.a.a.RcaRunOrchestrator           : {"event":"rca_task_decision","ts":"2026-09-12T10:59:05.096116520Z","decision":"DEAD","run_id":"aa8451a7-e73a-4712-9877-b42fcf4a001e","task_id":"a3e38aac-0149-459c-8e9e-3700d8cb1ea5","attempt_id":"ab008d65-5e8d-49bd-81bc-651ff09dc68b","latency_ms":0}
2026-09-12T18:59:05.119+08:00  WARN 19004 --- [control-app] [           main] [                                                 ] c.o.p.c.alert.application.RcaWorker      : task 8848e171-507f-4b6d-9ab9-e596d263b1e6 租约过期回收 owner=worker-a → RETRY_WAIT
2026-09-12T18:59:05.120+08:00  WARN 19004 --- [control-app] [           main] [                                                 ] c.o.p.c.alert.application.RcaWorker      : 悬挂账本 a78ef9f7-8d95-4f74-b7d9-12bf6ff2c71a STARTED→UNKNOWN（崩溃回收）
2026-09-12T18:59:05.136+08:00  INFO 19004 --- [control-app] [           main] [                                                 ] c.o.p.c.a.a.RcaRunOrchestrator           : {"event":"rca_task_decision","ts":"2026-09-12T10:59:05.136612739Z","decision":"COMPLETED","run_id":"e9c4b6a3-4c1f-4780-8995-3f1aeed18063","task_id":"eed07386-9f77-45eb-8c13-90bf4f6d9ad8","attempt_id":"ebdb8463-7cb7-44d3-a9ed-455699262380","latency_ms":0}
2026-09-12T18:59:05.140+08:00  WARN 19004 --- [control-app] [           main] [                                                 ] c.o.p.c.alert.application.RcaWorker      : 悬挂调查记录 2a2028fd-fe29-4ddf-a6d1-daa5d153bf96 STARTED→UNKNOWN（崩溃回收）
2026-09-12T18:59:05.181+08:00  INFO 19004 --- [control-app] [           main] [                                                 ] c.o.p.c.a.a.RcaRunOrchestrator           : {"event":"rca_task_decision","ts":"2026-09-12T10:59:05.181129158Z","decision":"DEAD","run_id":"f49ca6a6-7f9f-4c30-a6a6-db0c1a8a789d","task_id":"b2fb0333-9cdb-4c5d-889b-becb1e43cbef","attempt_id":"16138dc2-b80d-4921-97fa-91c896d2cac1","latency_ms":0}
2026-09-12T18:59:05.183+08:00  WARN 19004 --- [control-app] [           main] [                                                 ] c.o.p.c.alert.application.RcaWorker      : 工具调用账本 1 行 PENDING→UNKNOWN（崩溃回收）
2026-09-12T18:59:05.194+08:00  WARN 19004 --- [control-app] [           main] [                                                 ] c.o.p.c.alert.application.RcaWorker      : task 2148e14a-977a-4f3f-afa2-010d8c7ffb27 租约过期回收 owner=worker-a → STALE
2026-09-12T18:59:05.199+08:00  INFO 19004 --- [control-app] [           main] [                                                 ] c.o.p.c.a.a.RcaRunOrchestrator           : {"event":"rca_task_decision","ts":"2026-09-12T10:59:05.199242228Z","decision":"COMPLETED","run_id":"753e35e9-2632-4920-96a1-44f24ac28367","task_id":"3dba77c5-53fd-4791-846e-a2340d2aed00","attempt_id":"28ee8449-8701-4ca5-9d41-9e9b3fbade79","latency_ms":0}
2026-09-12T18:59:05.221+08:00  INFO 19004 --- [control-app] [           main] [                                                 ] c.o.p.c.a.a.RcaRunOrchestrator           : {"event":"rca_task_decision","ts":"2026-09-12T10:59:05.203807775Z","decision":"RETRY_SCHEDULED","run_id":"431bd7a5-4b9e-4e57-b96e-4ca221aedc62","task_id":"ba9e1033-c81d-42ec-976b-1f34a24c8d4b","attempt_id":"dd78dbbb-550d-4a8c-95b1-ec3a1e28d22f","latency_ms":0}
2026-09-12T18:59:05.223+08:00  INFO 19004 --- [control-app] [           main] [                                                 ] c.o.p.c.a.a.RcaRunOrchestrator           : {"event":"rca_task_decision","ts":"2026-09-12T10:59:05.223311513Z","decision":"COMPLETED","run_id":"431bd7a5-4b9e-4e57-b96e-4ca221aedc62","task_id":"ba9e1033-c81d-42ec-976b-1f34a24c8d4b","attempt_id":"e4f8b0ae-247a-4c02-8800-053246ad084b","latency_ms":0}
2026-09-12T18:59:05.228+08:00  INFO 19004 --- [control-app] [           main] [                                                 ] c.o.p.c.a.a.RcaRunOrchestrator           : {"event":"rca_task_decision","ts":"2026-09-12T10:59:05.227951300Z","decision":"COMPLETED","run_id":"733cacea-9c68-4457-bdb7-83c639ec9f7a","task_id":"2053df6a-c62e-44f5-b877-ff7af563ded4","attempt_id":"c660e0f9-7166-47ce-83aa-9aa00ec0131f","latency_ms":0}
2026-09-12T18:59:05.256+08:00  INFO 19004 --- [control-app] [           main] [                                                 ] c.o.p.c.a.a.RcaRunOrchestrator           : {"event":"rca_task_decision","ts":"2026-09-12T10:59:05.256176340Z","decision":"STALE_GENERATION","run_id":"0a3ea9e1-790e-4d52-8617-dde62d7a7fae","task_id":"e8ce3619-d3d6-4944-8f7c-1ba8912eb0dd","attempt_id":"135df316-b37d-4bdf-b1d6-8ab4ee0e2b01","run_state":"SUPERSEDED"}
2026-09-12T18:59:05.256+08:00  WARN 19004 --- [control-app] [           main] [                                                 ] c.o.p.c.a.a.RcaRunOrchestrator           : task e8ce3619-d3d6-4944-8f7c-1ba8912eb0dd 旧代结果作废（run 0a3ea9e1-790e-4d52-8617-dde62d7a7fae state=SUPERSEDED），task→STALE 零落档
2026-09-12T18:59:05.260+08:00  WARN 19004 --- [control-app] [           main] [                                                 ] c.o.p.c.alert.application.RcaWorker      : task 1bddd488-941f-4656-a607-6d8147ea80fb 租约过期回收 owner=worker-a → RETRY_WAIT
2026-09-12T18:59:05.260+08:00  INFO 19004 --- [control-app] [           main] [                                                 ] c.o.p.c.a.a.RcaRunOrchestrator           : {"event":"rca_task_decision","ts":"2026-09-12T10:59:05.260857145Z","decision":"COMPLETED","run_id":"7ea5b218-3549-4fdc-b96d-a820a405605d","task_id":"1bddd488-941f-4656-a607-6d8147ea80fb","attempt_id":"10fa5a8b-62eb-401e-949b-eb893bf28a49","latency_ms":0}
2026-09-12T18:59:05.261+08:00  WARN 19004 --- [control-app] [           main] [                                                 ] c.o.p.c.a.a.RcaRunOrchestrator           : task 1bddd488-941f-4656-a607-6d8147ea80fb 旧租约提交被拒 owner=worker-a epoch=1
[INFO] Tests run: 17, Failures: 0, Errors: 0, Skipped: 0, Time elapsed: 0.256 s -- in com.objwww.pr.control.alert.application.RcaWorkerTest
[INFO] Running com.objwww.pr.control.alert.application.EventQueryServiceTest
[INFO] Tests run: 5, Failures: 0, Errors: 0, Skipped: 0, Time elapsed: 0.030 s -- in com.objwww.pr.control.alert.application.EventQueryServiceTest
[INFO] Running com.objwww.pr.control.alert.application.IncidentProjectorClassificationTest
2026-09-12T18:59:05.433+08:00  INFO 19004 --- [control-app] [           main] [                                                 ] c.o.p.c.a.application.IncidentProjector  : incident 739b9a98-8b28-495c-8dbe-e4a85f4a1589 路由决策 BUCKETED_HOLMES 为 HOLMES 意愿：第二引擎已退场，决策照记不铸 run
2026-09-12T18:59:05.448+08:00  INFO 19004 --- [control-app] [           main] [                                                 ] c.o.p.c.a.application.IncidentProjector  : incident e62752b0-d785-4cd7-93d3-698a738956a1 路由决策 BUCKETED_HOLMES 为 HOLMES 意愿：第二引擎已退场，决策照记不铸 run
2026-09-12T18:59:05.452+08:00  INFO 19004 --- [control-app] [           main] [                                                 ] c.o.p.c.a.application.IncidentProjector  : incident 83351588-2305-45a3-a2f8-45541021254e 路由决策 BUCKETED_HOLMES 为 HOLMES 意愿：第二引擎已退场，决策照记不铸 run
2026-09-12T18:59:05.457+08:00  INFO 19004 --- [control-app] [           main] [                                                 ] c.o.p.c.a.application.IncidentProjector  : incident 1bbf9228-2775-4007-aa3c-f628841cecfc 路由决策 BUCKETED_HOLMES 为 HOLMES 意愿：第二引擎已退场，决策照记不铸 run
2026-09-12T18:59:05.458+08:00  INFO 19004 --- [control-app] [           main] [                                                 ] c.o.p.c.a.application.IncidentProjector  : incident 1bbf9228-2775-4007-aa3c-f628841cecfc 路由决策 BUCKETED_HOLMES 为 HOLMES 意愿：第二引擎已退场，决策照记不铸 run
2026-09-12T18:59:05.463+08:00  INFO 19004 --- [control-app] [           main] [                                                 ] c.o.p.c.a.application.IncidentProjector  : incident 14a22fc9-3ea2-46d2-b1c8-5f88bdd73e67 路由决策 BUCKETED_HOLMES 为 HOLMES 意愿：第二引擎已退场，决策照记不铸 run
2026-09-12T18:59:05.467+08:00  INFO 19004 --- [control-app] [           main] [                                                 ] c.o.p.c.a.application.IncidentProjector  : incident e53fc6f2-7c9c-4885-9a19-48e97c7b914a 路由决策 BUCKETED_HOLMES 为 HOLMES 意愿：第二引擎已退场，决策照记不铸 run
2026-09-12T18:59:05.473+08:00  INFO 19004 --- [control-app] [           main] [                                                 ] c.o.p.c.a.application.IncidentProjector  : incident e53fc6f2-7c9c-4885-9a19-48e97c7b914a 路由决策 BUCKETED_HOLMES 为 HOLMES 意愿：第二引擎已退场，决策照记不铸 run
[INFO] Tests run: 6, Failures: 0, Errors: 0, Skipped: 0, Time elapsed: 0.177 s -- in com.objwww.pr.control.alert.application.IncidentProjectorClassificationTest
[INFO] Running com.objwww.pr.control.alert.application.EventPayloadSanitizerTest
[INFO] Tests run: 6, Failures: 0, Errors: 0, Skipped: 0, Time elapsed: 0.019 s -- in com.objwww.pr.control.alert.application.EventPayloadSanitizerTest
[INFO] Running com.objwww.pr.control.alert.application.IncidentQueryServiceTest
[INFO] Tests run: 8, Failures: 0, Errors: 0, Skipped: 0, Time elapsed: 0.063 s -- in com.objwww.pr.control.alert.application.IncidentQueryServiceTest
[INFO] Running com.objwww.pr.control.alert.application.HolmesShadowWorkerTest
2026-09-12T18:59:05.601+08:00  INFO 19004 --- [control-app] [           main] [                                                 ] c.o.p.c.a.a.HolmesShadowWorker           : {"event":"rca_holmes_shadow_work","ts":"2026-09-12T10:59:05.600907889Z","outcome":"FAILED","error_class":"BASELINE_MISSING","shadow_key":"holmes-calib:e984cefd-9c27-422e-a682-3095e10ada4f"}
2026-09-12T18:59:05.607+08:00  INFO 19004 --- [control-app] [           main] [                                                 ] c.o.p.c.a.a.HolmesShadowWorker           : {"event":"rca_holmes_shadow_work","ts":"2026-09-12T10:59:05.607332237Z","shadow_run_id":"e20cab4e-0eb0-479e-ac3a-52b915186a2e","outcome":"COMPARISON_LANDED","shadow_key":"holmes-shadow:5a9d34ec-93f3-4c1f-a144-250d1a00d2bd"}
2026-09-12T18:59:05.614+08:00  INFO 19004 --- [control-app] [           main] [                                                 ] c.o.p.c.a.a.HolmesShadowWorker           : {"event":"rca_holmes_shadow_work","ts":"2026-09-12T10:59:05.614177016Z","outcome":"FAILED","error_class":"MISSING_ANCHOR","shadow_key":"holmes-shadow:ghost"}
2026-09-12T18:59:05.617+08:00  INFO 19004 --- [control-app] [           main] [                                                 ] c.o.p.c.a.a.HolmesShadowWorker           : {"event":"rca_holmes_shadow_work","ts":"2026-09-12T10:59:05.617499042Z","outcome":"CAS_LOST","shadow_key":"holmes-shadow:24e996d8-1ee1-42b3-afb5-ef26ef0aaef4"}
2026-09-12T18:59:05.620+08:00  INFO 19004 --- [control-app] [           main] [                                                 ] c.o.p.c.a.a.HolmesShadowWorker           : {"event":"rca_holmes_shadow_work","ts":"2026-09-12T10:59:05.620012124Z","outcome":"FAILED","error_class":"TIMEOUT","shadow_key":"holmes-shadow:2fdae28b-b6b5-443b-a489-0fcc96d03686"}
2026-09-12T18:59:05.621+08:00  INFO 19004 --- [control-app] [           main] [                                                 ] c.o.p.c.a.a.HolmesShadowWorker           : {"event":"rca_holmes_shadow_work","ts":"2026-09-12T10:59:05.621683070Z","outcome":"FAILED","error_class":"TIMEOUT","shadow_key":"holmes-shadow:2fdae28b-b6b5-443b-a489-0fcc96d03686"}
2026-09-12T18:59:05.622+08:00  INFO 19004 --- [control-app] [           main] [                                                 ] c.o.p.c.a.a.HolmesShadowWorker           : {"event":"rca_holmes_shadow_work","ts":"2026-09-12T10:59:05.622178524Z","outcome":"FAILED","error_class":"TIMEOUT","shadow_key":"holmes-shadow:2fdae28b-b6b5-443b-a489-0fcc96d03686"}
2026-09-12T18:59:05.624+08:00  INFO 19004 --- [control-app] [           main] [                                                 ] c.o.p.c.a.a.HolmesShadowWorker           : {"event":"rca_holmes_shadow_work","ts":"2026-09-12T10:59:05.624716343Z","shadow_run_id":"8c5e904f-6056-41da-a4b3-858b9430ca71","outcome":"COMPARISON_LANDED","shadow_key":"holmes-shadow:3ed477b0-45fa-4a13-adbd-c30927386e11"}
2026-09-12T18:59:05.626+08:00  INFO 19004 --- [control-app] [           main] [                                                 ] c.o.p.c.a.a.HolmesShadowWorker           : {"event":"rca_holmes_shadow_work","ts":"2026-09-12T10:59:05.626560676Z","shadow_run_id":"67d34b99-3025-4676-9d5c-78b33ac96db1","outcome":"CALIBRATION_LANDED","shadow_key":"holmes-calib:3ed477b0-45fa-4a13-adbd-c30927386e11"}
[INFO] Tests run: 7, Failures: 0, Errors: 0, Skipped: 0, Time elapsed: 0.050 s -- in com.objwww.pr.control.alert.application.HolmesShadowWorkerTest
[INFO] Running com.objwww.pr.control.alert.application.holmes.HolmesEvidenceAdapterTest
[INFO] Tests run: 5, Failures: 0, Errors: 0, Skipped: 0, Time elapsed: 0.019 s -- in com.objwww.pr.control.alert.application.holmes.HolmesEvidenceAdapterTest
[INFO] Running com.objwww.pr.control.alert.application.rag.RunbookCorpusTest
[INFO] Tests run: 9, Failures: 0, Errors: 0, Skipped: 0, Time elapsed: 0.027 s -- in com.objwww.pr.control.alert.application.rag.RunbookCorpusTest
[INFO] Running com.objwww.pr.control.alert.application.SseStreamServiceTest
2026-09-12T18:59:05.746+08:00  WARN 19004 --- [control-app] [           main] [                                                 ] c.o.p.c.a.application.SseStreamService   : sse drain gap: runId=58dfa24a-4603-41f1-8446-a04fd7accc65 cursor=1 latestSeq=4 → resync
[INFO] Tests run: 4, Failures: 0, Errors: 0, Skipped: 0, Time elapsed: 0.008 s -- in com.objwww.pr.control.alert.application.SseStreamServiceTest
[INFO] Running com.objwww.pr.control.alert.application.PlanCompilerTest
[INFO] Tests run: 9, Failures: 0, Errors: 0, Skipped: 0, Time elapsed: 0.030 s -- in com.objwww.pr.control.alert.application.PlanCompilerTest
[INFO] Running com.objwww.pr.control.alert.application.HolmesShadowSamplerTest
2026-09-12T18:59:05.790+08:00  INFO 19004 --- [control-app] [           main] [                                                 ] c.o.p.c.a.a.HolmesShadowSampler          : {"event":"rca_holmes_shadow_sample","ts":"2026-09-12T10:59:05.790255492Z","run_id":"985cf24d-1fe1-46cf-95b3-3a8256d1e806","outcome":"DISABLED","incident_id":"1a156d8e-78e7-43ac-913c-5c5d061df4bc"}
2026-09-12T18:59:05.798+08:00  INFO 19004 --- [control-app] [           main] [                                                 ] c.o.p.c.a.a.HolmesShadowSampler          : {"event":"rca_holmes_shadow_sample","ts":"2026-09-12T10:59:05.798618420Z","run_id":"5d05723f-4677-4f95-9884-5508ff0d0ee5","outcome":"ENQUEUED","incident_id":"0d88c2d8-ae04-40c5-95f4-7a9a140db503"}
2026-09-12T18:59:05.799+08:00  INFO 19004 --- [control-app] [           main] [                                                 ] c.o.p.c.a.a.HolmesShadowSampler          : {"event":"rca_holmes_shadow_sample","ts":"2026-09-12T10:59:05.799121087Z","run_id":"5d05723f-4677-4f95-9884-5508ff0d0ee5","outcome":"ALREADY_ENQUEUED","incident_id":"0d88c2d8-ae04-40c5-95f4-7a9a140db503"}
2026-09-12T18:59:05.801+08:00  INFO 19004 --- [control-app] [           main] [                                                 ] c.o.p.c.a.a.HolmesShadowSampler          : {"event":"rca_holmes_shadow_sample","ts":"2026-09-12T10:59:05.801102938Z","run_id":"342fde46-acd5-4501-bab2-8b0fdfbf88e0","outcome":"RATE_NOT_SELECTED","incident_id":"171318a4-7c4e-4ae2-816f-489afbe2e3a5"}
2026-09-12T18:59:05.801+08:00  INFO 19004 --- [control-app] [           main] [                                                 ] c.o.p.c.a.a.HolmesShadowSampler          : {"event":"rca_holmes_shadow_sample","ts":"2026-09-12T10:59:05.801520555Z","run_id":"342fde46-acd5-4501-bab2-8b0fdfbf88e0","outcome":"ENQUEUED","incident_id":"171318a4-7c4e-4ae2-816f-489afbe2e3a5"}
2026-09-12T18:59:05.801+08:00  INFO 19004 --- [control-app] [           main] [                                                 ] c.o.p.c.a.a.HolmesShadowSampler          : {"event":"rca_holmes_shadow_sample","ts":"2026-09-12T10:59:05.801800162Z","run_id":"342fde46-acd5-4501-bab2-8b0fdfbf88e0","outcome":"ALREADY_ENQUEUED","incident_id":"171318a4-7c4e-4ae2-816f-489afbe2e3a5"}
2026-09-12T18:59:05.803+08:00  INFO 19004 --- [control-app] [           main] [                                                 ] c.o.p.c.a.a.HolmesShadowSampler          : {"event":"rca_holmes_shadow_sample","ts":"2026-09-12T10:59:05.803404452Z","run_id":"141f734a-18a9-4a53-8b84-dade91d7b9a2","outcome":"NOT_NATIVE","incident_id":"20460bd5-9cdd-4861-8472-122e540917c1"}
2026-09-12T18:59:05.805+08:00  INFO 19004 --- [control-app] [           main] [                                                 ] c.o.p.c.a.a.HolmesShadowSampler          : {"event":"rca_holmes_shadow_sample","ts":"2026-09-12T10:59:05.805466947Z","run_id":"f8b5ba3b-d11d-4ace-b601-8f447326e263","outcome":"BUDGET_EXHAUSTED","incident_id":"9732583d-0ab3-4704-8353-bae223357d53"}
2026-09-12T18:59:05.807+08:00  INFO 19004 --- [control-app] [           main] [                                                 ] c.o.p.c.a.a.HolmesShadowSampler          : {"event":"rca_holmes_shadow_sample","ts":"2026-09-12T10:59:05.807388536Z","run_id":"827e74c0-eb47-49c9-ae87-85277b966b37","outcome":"NOT_TERMINAL","incident_id":"b3edb471-d47b-465f-88e0-028222418812"}
2026-09-12T18:59:05.807+08:00  INFO 19004 --- [control-app] [           main] [                                                 ] c.o.p.c.a.a.HolmesShadowSampler          : {"event":"rca_holmes_shadow_sample","ts":"2026-09-12T10:59:05.807784151Z","run_id":"827e74c0-eb47-49c9-ae87-85277b966b37","outcome":"NOT_SUCCEEDED","incident_id":"b3edb471-d47b-465f-88e0-028222418812"}
2026-09-12T18:59:05.809+08:00  INFO 19004 --- [control-app] [           main] [                                                 ] c.o.p.c.a.a.HolmesShadowSampler          : {"event":"rca_holmes_shadow_sample","ts":"2026-09-12T10:59:05.809708123Z","run_id":"b2f55f12-7d24-4e44-8574-aa6bdc547429","outcome":"ENQUEUED","incident_id":"b619f8b5-63aa-4c80-b547-9d485a0d3ebf"}
[INFO] Tests run: 7, Failures: 0, Errors: 0, Skipped: 0, Time elapsed: 0.023 s -- in com.objwww.pr.control.alert.application.HolmesShadowSamplerTest
[INFO] Running com.objwww.pr.control.alert.application.R7PrimaryStateTest
2026-09-12T18:59:05.821+08:00  INFO 19004 --- [control-app] [           main] [                                                 ] c.o.p.c.a.a.DeterministicSupervisor      : {"event":"r7_primary_started","ts":"2026-09-12T10:59:05.821304721Z","run_id":"994bac98-206f-4ccb-96fa-8621b258a7b5","role":"primary@1","task_id":"73f2412f-317b-4848-8a2c-8c96783fa1cb"}
2026-09-12T18:59:05.822+08:00  INFO 19004 --- [control-app] [           main] [                                                 ] c.o.p.c.a.a.DeterministicSupervisor      : {"event":"r7_delegation_adjudicated","ts":"2026-09-12T10:59:05.822598067Z","batch_accepted":true,"run_id":"994bac98-206f-4ccb-96fa-8621b258a7b5","task_id":"73f2412f-317b-4848-8a2c-8c96783fa1cb","approved":2,"requests":2}
2026-09-12T18:59:05.825+08:00  INFO 19004 --- [control-app] [           main] [                                                 ] c.o.p.c.a.a.DeterministicSupervisor      : {"event":"r7_primary_started","ts":"2026-09-12T10:59:05.825571455Z","run_id":"3faac579-8fc0-4e49-a583-5769e328d79a","role":"primary@1","task_id":"0bac7942-de04-46df-9e6c-903835e13b5b"}
2026-09-12T18:59:05.826+08:00  WARN 19004 --- [control-app] [           main] [                                                 ] c.o.p.c.a.a.DeterministicSupervisor      : 委派裁决撞既成台账（gap=gap-1），以先到者为准
2026-09-12T18:59:05.826+08:00  INFO 19004 --- [control-app] [           main] [                                                 ] c.o.p.c.a.a.DeterministicSupervisor      : {"event":"r7_delegation_adjudicated","ts":"2026-09-12T10:59:05.826550550Z","batch_accepted":true,"run_id":"3faac579-8fc0-4e49-a583-5769e328d79a","task_id":"0bac7942-de04-46df-9e6c-903835e13b5b","approved":1,"requests":2}
2026-09-12T18:59:05.827+08:00  WARN 19004 --- [control-app] [           main] [                                                 ] c.o.p.c.a.a.DeterministicSupervisor      : 委派裁决撞既成台账（gap=gap-1），以先到者为准
2026-09-12T18:59:05.827+08:00  INFO 19004 --- [control-app] [           main] [                                                 ] c.o.p.c.a.a.DeterministicSupervisor      : {"event":"r7_delegation_adjudicated","ts":"2026-09-12T10:59:05.827866086Z","batch_accepted":false,"run_id":"3faac579-8fc0-4e49-a583-5769e328d79a","task_id":"0bac7942-de04-46df-9e6c-903835e13b5b","approved":0,"requests":1}
2026-09-12T18:59:05.830+08:00  INFO 19004 --- [control-app] [           main] [                                                 ] c.o.p.c.a.a.DeterministicSupervisor      : {"event":"r7_primary_started","ts":"2026-09-12T10:59:05.830438290Z","run_id":"db9acb68-d713-46ea-a994-7109cbcda35f","role":"primary@1","task_id":"2ebc264f-7f46-48e7-9466-cf6def221dfc"}
2026-09-12T18:59:05.831+08:00  INFO 19004 --- [control-app] [           main] [                                                 ] c.o.p.c.a.a.DeterministicSupervisor      : {"event":"r7_delegation_adjudicated","ts":"2026-09-12T10:59:05.831362220Z","batch_accepted":true,"run_id":"db9acb68-d713-46ea-a994-7109cbcda35f","task_id":"2ebc264f-7f46-48e7-9466-cf6def221dfc","approved":2,"requests":2}
2026-09-12T18:59:05.835+08:00  INFO 19004 --- [control-app] [           main] [                                                 ] c.o.p.c.a.a.DeterministicSupervisor      : {"event":"r7_primary_started","ts":"2026-09-12T10:59:05.835076935Z","run_id":"c3eb3504-67a8-407f-a362-8dfc4fe6afb0","role":"primary@1","task_id":"71475b8c-19cb-4d3e-882f-214eb31c6851"}
2026-09-12T18:59:05.837+08:00  INFO 19004 --- [control-app] [           main] [                                                 ] c.o.p.c.a.a.DeterministicSupervisor      : {"event":"r7_primary_started","ts":"2026-09-12T10:59:05.837486333Z","run_id":"37b2f4f1-28d8-40ba-823f-537abab8f765","role":"primary@1","task_id":"478b9f88-27dc-4f62-b25a-66b098bd5745"}
2026-09-12T18:59:05.838+08:00  INFO 19004 --- [control-app] [           main] [                                                 ] c.o.p.c.a.a.DeterministicSupervisor      : {"event":"r7_delegation_adjudicated","ts":"2026-09-12T10:59:05.838222529Z","batch_accepted":true,"run_id":"37b2f4f1-28d8-40ba-823f-537abab8f765","task_id":"478b9f88-27dc-4f62-b25a-66b098bd5745","approved":1,"requests":1}
2026-09-12T18:59:05.838+08:00  INFO 19004 --- [control-app] [           main] [                                                 ] c.o.p.c.a.a.DeterministicSupervisor      : {"event":"r7_delegation_adjudicated","ts":"2026-09-12T10:59:05.838884756Z","batch_accepted":true,"run_id":"37b2f4f1-28d8-40ba-823f-537abab8f765","task_id":"478b9f88-27dc-4f62-b25a-66b098bd5745","approved":1,"requests":1}
2026-09-12T18:59:05.841+08:00  INFO 19004 --- [control-app] [           main] [                                                 ] c.o.p.c.a.a.DeterministicSupervisor      : {"event":"r7_primary_started","ts":"2026-09-12T10:59:05.841061946Z","run_id":"d0b936e7-3e12-458c-a2b7-db8014b6fc10","role":"primary@1","task_id":"aa0781c1-2120-433a-a299-212ccf89be1e"}
2026-09-12T18:59:05.841+08:00  INFO 19004 --- [control-app] [           main] [                                                 ] c.o.p.c.a.a.DeterministicSupervisor      : {"event":"r7_delegation_adjudicated","ts":"2026-09-12T10:59:05.841511513Z","batch_accepted":false,"run_id":"d0b936e7-3e12-458c-a2b7-db8014b6fc10","task_id":"aa0781c1-2120-433a-a299-212ccf89be1e","approved":0,"requests":1}
2026-09-12T18:59:05.843+08:00  INFO 19004 --- [control-app] [           main] [                                                 ] c.o.p.c.a.a.DeterministicSupervisor      : {"event":"r7_primary_started","ts":"2026-09-12T10:59:05.843664327Z","run_id":"36c77fc9-034a-417b-bbb7-848fa1e9feea","role":"primary@1","task_id":"6245e5ca-07a7-47b5-a927-24192a0bd878"}
2026-09-12T18:59:05.844+08:00  INFO 19004 --- [control-app] [           main] [                                                 ] c.o.p.c.a.a.DeterministicSupervisor      : {"event":"r7_delegation_adjudicated","ts":"2026-09-12T10:59:05.844728240Z","batch_accepted":true,"run_id":"36c77fc9-034a-417b-bbb7-848fa1e9feea","task_id":"6245e5ca-07a7-47b5-a927-24192a0bd878","approved":1,"requests":2}
2026-09-12T18:59:05.848+08:00  INFO 19004 --- [control-app] [           main] [                                                 ] c.o.p.c.a.a.DeterministicSupervisor      : {"event":"r7_primary_started","ts":"2026-09-12T10:59:05.848146957Z","run_id":"4d4ed8d1-8c58-4fe0-803f-f0754c61a65b","role":"primary@1","task_id":"d9f7894a-a5dc-446c-a06c-618ce9fde473"}
2026-09-12T18:59:05.849+08:00  INFO 19004 --- [control-app] [           main] [                                                 ] c.o.p.c.a.a.DeterministicSupervisor      : {"event":"r7_delegation_adjudicated","ts":"2026-09-12T10:59:05.849313134Z","batch_accepted":true,"run_id":"4d4ed8d1-8c58-4fe0-803f-f0754c61a65b","task_id":"d9f7894a-a5dc-446c-a06c-618ce9fde473","approved":2,"requests":2}
2026-09-12T18:59:05.850+08:00  INFO 19004 --- [control-app] [           main] [                                                 ] c.o.p.c.a.a.DeterministicSupervisor      : {"event":"r7_delegation_adjudicated","ts":"2026-09-12T10:59:05.850170358Z","batch_accepted":true,"run_id":"4d4ed8d1-8c58-4fe0-803f-f0754c61a65b","task_id":"d9f7894a-a5dc-446c-a06c-618ce9fde473","approved":2,"requests":2}
2026-09-12T18:59:05.850+08:00  INFO 19004 --- [control-app] [           main] [                                                 ] c.o.p.c.a.a.DeterministicSupervisor      : {"event":"r7_delegation_adjudicated","ts":"2026-09-12T10:59:05.850644942Z","batch_accepted":false,"run_id":"4d4ed8d1-8c58-4fe0-803f-f0754c61a65b","task_id":"d9f7894a-a5dc-446c-a06c-618ce9fde473","approved":0,"requests":1}
2026-09-12T18:59:05.855+08:00  INFO 19004 --- [control-app] [           main] [                                                 ] c.o.p.c.a.a.DeterministicSupervisor      : {"event":"r7_primary_started","ts":"2026-09-12T10:59:05.855381001Z","run_id":"c198d48c-298f-41b3-9893-bf570307ee21","role":"primary@1","task_id":"76c40379-db72-46ed-828c-579b5a354b48"}
2026-09-12T18:59:05.856+08:00  INFO 19004 --- [control-app] [           main] [                                                 ] c.o.p.c.a.a.DeterministicSupervisor      : {"event":"r7_delegation_adjudicated","ts":"2026-09-12T10:59:05.856519123Z","batch_accepted":true,"run_id":"c198d48c-298f-41b3-9893-bf570307ee21","task_id":"76c40379-db72-46ed-828c-579b5a354b48","approved":1,"requests":1}
2026-09-12T18:59:05.862+08:00  INFO 19004 --- [control-app] [           main] [                                                 ] c.o.p.c.a.a.DeterministicSupervisor      : {"event":"r7_primary_started","ts":"2026-09-12T10:59:05.862157191Z","run_id":"bd81cdf3-5e3f-4db4-b643-5fb61b1362a3","role":"primary@1","task_id":"d82ce5d9-429b-46f3-8d9a-dd397664da0d"}
2026-09-12T18:59:05.868+08:00  INFO 19004 --- [control-app] [           main] [                                                 ] c.o.p.c.a.a.DeterministicSupervisor      : {"event":"r7_primary_started","ts":"2026-09-12T10:59:05.868567041Z","run_id":"b4817a18-f98e-4b79-a532-9f9432f107c8","role":"primary@1","task_id":"0334be87-2330-4256-9ab3-3db4075ccd02"}
2026-09-12T18:59:05.869+08:00  INFO 19004 --- [control-app] [           main] [                                                 ] c.o.p.c.a.a.DeterministicSupervisor      : {"event":"r7_delegation_adjudicated","ts":"2026-09-12T10:59:05.869646464Z","batch_accepted":false,"run_id":"b4817a18-f98e-4b79-a532-9f9432f107c8","task_id":"0334be87-2330-4256-9ab3-3db4075ccd02","approved":0,"requests":3}
2026-09-12T18:59:05.872+08:00  INFO 19004 --- [control-app] [           main] [                                                 ] c.o.p.c.a.a.DeterministicSupervisor      : {"event":"am4_plan_rejected","ts":"2026-09-12T10:59:05.872185284Z","run_id":"bd41d0c1-d8f3-4d7d-8dce-ca4cfb1e3826","reason":"主模式编译只接受 PRIMARY 阶段 Profile，实际: metrics-expert phase=INVESTIGATE"}
2026-09-12T18:59:05.872+08:00  WARN 19004 --- [control-app] [           main] [                                                 ] c.o.p.c.a.a.DeterministicSupervisor      : run bd41d0c1-d8f3-4d7d-8dce-ca4cfb1e3826 提案被确定性拒绝 → FAILED（主模式编译只接受 PRIMARY 阶段 Profile，实际: metrics-expert phase=INVESTIGATE）
[INFO] Tests run: 18, Failures: 0, Errors: 0, Skipped: 0, Time elapsed: 0.060 s -- in com.objwww.pr.control.alert.application.R7PrimaryStateTest
[INFO] Running com.objwww.pr.control.alert.application.ControlAlertRouterTest
2026-09-12T18:59:05.881+08:00  INFO 19004 --- [control-app] [           main] [                                                 ] c.o.p.c.a.a.ControlAlertRouter           : {"event":"CONTROL_ALERT_REJECTED","ts":"2026-09-12T10:59:05.881192827Z","receiver":"rca-oncall","gate":"identity"}
2026-09-12T18:59:05.885+08:00  INFO 19004 --- [control-app] [           main] [                                                 ] c.o.p.c.a.a.ControlAlertRouter           : {"event":"CONTROL_ALERT_ONCALL","ts":"2026-09-12T10:59:05.885159467Z","inbox_id":"55d52adc-0315-4176-9728-c7259c30d6ce","receiver":"rca-oncall","group_key":"g:RCA_SYSTEM_CollectorDown","alertnames":"RCA_SYSTEM_CollectorDown","scopes":"rca_system","alert_count":1}
2026-09-12T18:59:05.887+08:00  INFO 19004 --- [control-app] [           main] [                                                 ] c.o.p.c.a.a.ControlAlertRouter           : {"event":"CONTROL_ALERT_REJECTED","ts":"2026-09-12T10:59:05.887427727Z","receiver":"rca-oncall","gate":"identity"}
2026-09-12T18:59:05.891+08:00  INFO 19004 --- [control-app] [           main] [                                                 ] c.o.p.c.a.a.ControlAlertRouter           : {"event":"CONTROL_ALERT_REJECTED","ts":"2026-09-12T10:59:05.891023279Z","receiver":"zhongtai","gate":"route_not_allowlisted"}
2026-09-12T18:59:05.893+08:00  INFO 19004 --- [control-app] [           main] [                                                 ] c.o.p.c.a.a.ControlAlertRouter           : {"event":"CONTROL_ALERT_ONCALL","ts":"2026-09-12T10:59:05.893209806Z","inbox_id":"6de9fd4b-ca0d-4b74-86b5-9b76f40a3ae2","receiver":"rca-oncall","group_key":"g:Gatus_CanaryProbe","alertnames":"Gatus_CanaryProbe","scopes":"rca_system","alert_count":1}
2026-09-12T18:59:05.895+08:00  INFO 19004 --- [control-app] [           main] [                                                 ] c.o.p.c.a.a.ControlAlertRouter           : {"event":"CONTROL_ALERT_REJECTED","ts":"2026-09-12T10:59:05.895131004Z","receiver":"rca-oncall","gate":"scope_not_allowlisted"}
2026-09-12T18:59:05.897+08:00  INFO 19004 --- [control-app] [           main] [                                                 ] c.o.p.c.a.a.ControlAlertRouter           : {"event":"CONTROL_ALERT_REJECTED","ts":"2026-09-12T10:59:05.896962894Z","receiver":"rca-oncall","gate":"scope_not_allowlisted"}
2026-09-12T18:59:05.900+08:00  INFO 19004 --- [control-app] [           main] [                                                 ] c.o.p.c.a.a.ControlAlertRouter           : {"event":"CONTROL_ALERT_ONCALL","ts":"2026-09-12T10:59:05.900142501Z","inbox_id":"fdd2e5e8-1bb0-4868-852e-d3583be33523","receiver":"rca-oncall","group_key":"g:RCA_SYSTEM_X","alertnames":"RCA_SYSTEM_X","scopes":"rca_system","alert_count":1}
[INFO] Tests run: 10, Failures: 0, Errors: 0, Skipped: 0, Time elapsed: 0.025 s -- in com.objwww.pr.control.alert.application.ControlAlertRouterTest
[INFO] Running com.objwww.pr.control.alert.application.Am4ShadowFullChainG2Test
2026-09-12T18:59:05.929+08:00  INFO 19004 --- [control-app] [           main] [                                                 ] c.o.p.c.a.a.DeterministicSupervisor      : {"event":"am4_run_reporting","ts":"2026-09-12T10:59:05.929332630Z","run_id":"51a01ca7-238b-4ad2-a076-d95134a47b79"}
2026-09-12T18:59:05.929+08:00  INFO 19004 --- [control-app] [           main] [                                                 ] c.o.p.c.a.a.DeterministicSupervisor      : run 51a01ca7-238b-4ad2-a076-d95134a47b79 全任务终态 → REPORTING（报告链组装）
[INFO] Tests run: 3, Failures: 0, Errors: 0, Skipped: 0, Time elapsed: 0.037 s -- in com.objwww.pr.control.alert.application.Am4ShadowFullChainG2Test
[INFO] Running com.objwww.pr.control.alert.application.CommandServiceTest
[INFO] Tests run: 10, Failures: 0, Errors: 0, Skipped: 0, Time elapsed: 0.018 s -- in com.objwww.pr.control.alert.application.CommandServiceTest
[INFO] Running com.objwww.pr.control.alert.application.RunBudgetGateTest
[INFO] Tests run: 10, Failures: 0, Errors: 0, Skipped: 0, Time elapsed: 0.030 s -- in com.objwww.pr.control.alert.application.RunBudgetGateTest
[INFO] Running com.objwww.pr.control.alert.application.tool.ToolGatewayWireMockTest
[INFO] Tests run: 3, Failures: 0, Errors: 0, Skipped: 0, Time elapsed: 0.861 s -- in com.objwww.pr.control.alert.application.tool.ToolGatewayWireMockTest
[INFO] Running com.objwww.pr.control.alert.application.tool.ReplayToolGatewayTest
[INFO] Tests run: 8, Failures: 0, Errors: 0, Skipped: 0, Time elapsed: 0.015 s -- in com.objwww.pr.control.alert.application.tool.ReplayToolGatewayTest
[INFO] Running com.objwww.pr.control.alert.application.tool.ToolRegistryTest
[INFO] Tests run: 4, Failures: 0, Errors: 0, Skipped: 0, Time elapsed: 0.007 s -- in com.objwww.pr.control.alert.application.tool.ToolRegistryTest
[INFO] Running com.objwww.pr.control.alert.application.tool.ToolGatewayTest
[INFO] Tests run: 11, Failures: 0, Errors: 0, Skipped: 0, Time elapsed: 0.223 s -- in com.objwww.pr.control.alert.application.tool.ToolGatewayTest
[INFO] Running com.objwww.pr.control.alert.application.DagExecutionServiceTest
[INFO] Tests run: 10, Failures: 0, Errors: 0, Skipped: 0, Time elapsed: 0.009 s -- in com.objwww.pr.control.alert.application.DagExecutionServiceTest
[INFO] Running com.objwww.pr.control.alert.application.Am4ShadowTriggerTest
AM4_SHADOW_TASK=investigate-logs=EVIDENCE_PRODUCED
AM4_SHADOW_TASK=investigate-change=EVIDENCE_PRODUCED
AM4_SHADOW_TASK=investigate-metrics=EVIDENCE_PRODUCED
AM4_SHADOW_TASK=snapshot=f93a344a6b48b4fe5fd8e2734d5a146f46bd68cf8d77536ed0e2d8e2c03edd51
2026-09-12T18:59:07.144+08:00  INFO 19004 --- [control-app] [           main] [                                                 ] c.o.p.c.a.a.DeterministicSupervisor      : {"event":"am4_run_reporting","ts":"2026-09-12T10:59:07.143989084Z","run_id":"bdd395b3-4738-4501-9b52-cfbdf6ebb9aa"}
2026-09-12T18:59:07.144+08:00  INFO 19004 --- [control-app] [           main] [                                                 ] c.o.p.c.a.a.DeterministicSupervisor      : run bdd395b3-4738-4501-9b52-cfbdf6ebb9aa 全任务终态 → REPORTING（报告链组装）
AM4_SHADOW_RUN_ID=bdd395b3-4738-4501-9b52-cfbdf6ebb9aa
[INFO] Tests run: 5, Failures: 0, Errors: 0, Skipped: 0, Time elapsed: 0.032 s -- in com.objwww.pr.control.alert.application.Am4ShadowTriggerTest
[INFO] Running com.objwww.pr.control.alert.application.ExA4bIncidentProjectorTest
2026-09-12T18:59:07.174+08:00  INFO 19004 --- [control-app] [           main] [                                                 ] c.o.p.c.a.application.IncidentProjector  : incident 43e39959-5cfd-4881-b9a7-478992ee8cc2 路由决策 BUCKETED_HOLMES 为 HOLMES 意愿：第二引擎已退场，决策照记不铸 run
2026-09-12T18:59:07.176+08:00  INFO 19004 --- [control-app] [           main] [                                                 ] c.o.p.c.a.a.IncidentWaitingRedrive       : incident 43e39959-5cfd-4881-b9a7-478992ee8cc2 等待重驱完成：原因=WAITING_CAPABILITY 路由决策=BUCKETED_NATIVE run=a5552d02-de38-4640-86af-31bfdf64677d
2026-09-12T18:59:07.179+08:00  INFO 19004 --- [control-app] [           main] [                                                 ] c.o.p.c.a.application.IncidentProjector  : incident 3e11e177-19e5-4cc4-bfc4-ea6f6a9a16a2 路由决策 BUCKETED_HOLMES 为 HOLMES 意愿：第二引擎已退场，决策照记不铸 run
[INFO] Tests run: 8, Failures: 0, Errors: 0, Skipped: 0, Time elapsed: 0.024 s -- in com.objwww.pr.control.alert.application.ExA4bIncidentProjectorTest
[INFO] Running com.objwww.pr.control.alert.application.RunQueryServiceTest
[INFO] Tests run: 6, Failures: 0, Errors: 0, Skipped: 0, Time elapsed: 0.016 s -- in com.objwww.pr.control.alert.application.RunQueryServiceTest
[INFO] Running com.objwww.pr.control.alert.application.RcaStateBackfillJobTest
2026-09-12T18:59:07.203+08:00  INFO 19004 --- [control-app] [           main] [                                                 ] c.o.p.c.a.a.RcaStateBackfillJob          : {"event":"rca_state_backfill_progress","ts":"2026-09-12T10:59:07.203086522Z","rows":2,"table":"rca_task","violations":0,"batches":1}
2026-09-12T18:59:07.204+08:00  INFO 19004 --- [control-app] [           main] [                                                 ] c.o.p.c.a.a.RcaStateBackfillJob          : {"event":"rca_state_backfill_progress","ts":"2026-09-12T10:59:07.204371962Z","rows":4,"table":"rca_task","violations":0,"batches":2}
2026-09-12T18:59:07.204+08:00  INFO 19004 --- [control-app] [           main] [                                                 ] c.o.p.c.a.a.RcaStateBackfillJob          : {"event":"rca_state_backfill_progress","ts":"2026-09-12T10:59:07.204629056Z","rows":5,"table":"rca_task","violations":0,"batches":3}
2026-09-12T18:59:07.205+08:00  INFO 19004 --- [control-app] [           main] [                                                 ] c.o.p.c.a.a.RcaStateBackfillJob          : {"event":"rca_state_backfill_progress","ts":"2026-09-12T10:59:07.204985999Z","rows":2,"table":"rca_run","violations":0,"batches":1}
2026-09-12T18:59:07.205+08:00  INFO 19004 --- [control-app] [           main] [                                                 ] c.o.p.c.a.a.RcaStateBackfillJob          : {"event":"rca_state_backfill_progress","ts":"2026-09-12T10:59:07.205136321Z","rows":3,"table":"rca_run","violations":0,"batches":2}
2026-09-12T18:59:07.205+08:00  INFO 19004 --- [control-app] [           main] [                                                 ] c.o.p.c.a.a.RcaStateBackfillJob          : {"event":"rca_state_backfill_reconciled","ts":"2026-09-12T10:59:07.205532938Z","task_rows":5,"violations":0,"run_rows":3,"batches":5,"digest":"4ca1357fd4b199d31c370842c907357ab131a659696953f6c76f10069f374c5d"}
2026-09-12T18:59:07.206+08:00  INFO 19004 --- [control-app] [           main] [                                                 ] c.o.p.c.a.a.RcaStateBackfillJob          : {"event":"rca_state_backfill_progress","ts":"2026-09-12T10:59:07.206507233Z","rows":2,"table":"rca_task","violations":0,"batches":1}
2026-09-12T18:59:07.206+08:00  INFO 19004 --- [control-app] [           main] [                                                 ] c.o.p.c.a.a.RcaStateBackfillJob          : {"event":"rca_state_backfill_progress","ts":"2026-09-12T10:59:07.206748998Z","rows":4,"table":"rca_task","violations":0,"batches":2}
2026-09-12T18:59:07.206+08:00  INFO 19004 --- [control-app] [           main] [                                                 ] c.o.p.c.a.a.RcaStateBackfillJob          : {"event":"rca_state_backfill_progress","ts":"2026-09-12T10:59:07.206907387Z","rows":5,"table":"rca_task","violations":0,"batches":3}
2026-09-12T18:59:07.207+08:00  INFO 19004 --- [control-app] [           main] [                                                 ] c.o.p.c.a.a.RcaStateBackfillJob          : {"event":"rca_state_backfill_progress","ts":"2026-09-12T10:59:07.207052219Z","rows":2,"table":"rca_run","violations":0,"batches":1}
2026-09-12T18:59:07.207+08:00  INFO 19004 --- [control-app] [           main] [                                                 ] c.o.p.c.a.a.RcaStateBackfillJob          : {"event":"rca_state_backfill_progress","ts":"2026-09-12T10:59:07.207188766Z","rows":3,"table":"rca_run","violations":0,"batches":2}
2026-09-12T18:59:07.207+08:00  INFO 19004 --- [control-app] [           main] [                                                 ] c.o.p.c.a.a.RcaStateBackfillJob          : {"event":"rca_state_backfill_reconciled","ts":"2026-09-12T10:59:07.207334020Z","task_rows":5,"violations":0,"run_rows":3,"batches":5,"digest":"4ca1357fd4b199d31c370842c907357ab131a659696953f6c76f10069f374c5d"}
2026-09-12T18:59:07.208+08:00  INFO 19004 --- [control-app] [           main] [                                                 ] c.o.p.c.a.a.RcaStateBackfillJob          : {"event":"rca_state_backfill_progress","ts":"2026-09-12T10:59:07.208557023Z","rows":1,"table":"rca_task","violations":0,"batches":1}
2026-09-12T18:59:07.209+08:00  INFO 19004 --- [control-app] [           main] [                                                 ] c.o.p.c.a.a.RcaStateBackfillJob          : {"event":"rca_state_backfill_progress","ts":"2026-09-12T10:59:07.209618322Z","rows":1,"table":"rca_task","violations":0,"batches":1}
2026-09-12T18:59:07.209+08:00  INFO 19004 --- [control-app] [           main] [                                                 ] c.o.p.c.a.a.RcaStateBackfillJob          : {"event":"rca_state_backfill_progress","ts":"2026-09-12T10:59:07.209856750Z","rows":2,"table":"rca_task","violations":0,"batches":2}
2026-09-12T18:59:07.210+08:00  INFO 19004 --- [control-app] [           main] [                                                 ] c.o.p.c.a.a.RcaStateBackfillJob          : {"event":"rca_state_backfill_progress","ts":"2026-09-12T10:59:07.210076674Z","rows":3,"table":"rca_task","violations":0,"batches":3}
2026-09-12T18:59:07.210+08:00  INFO 19004 --- [control-app] [           main] [                                                 ] c.o.p.c.a.a.RcaStateBackfillJob          : {"event":"rca_state_backfill_progress","ts":"2026-09-12T10:59:07.210237828Z","rows":4,"table":"rca_task","violations":0,"batches":4}
2026-09-12T18:59:07.210+08:00  INFO 19004 --- [control-app] [           main] [                                                 ] c.o.p.c.a.a.RcaStateBackfillJob          : {"event":"rca_state_backfill_progress","ts":"2026-09-12T10:59:07.210433457Z","rows":5,"table":"rca_task","violations":0,"batches":5}
2026-09-12T18:59:07.210+08:00  INFO 19004 --- [control-app] [           main] [                                                 ] c.o.p.c.a.a.RcaStateBackfillJob          : {"event":"rca_state_backfill_progress","ts":"2026-09-12T10:59:07.210564293Z","rows":6,"table":"rca_task","violations":0,"batches":6}
2026-09-12T18:59:07.210+08:00  INFO 19004 --- [control-app] [           main] [                                                 ] c.o.p.c.a.a.RcaStateBackfillJob          : {"event":"rca_state_backfill_progress","ts":"2026-09-12T10:59:07.210701191Z","rows":7,"table":"rca_task","violations":0,"batches":7}
2026-09-12T18:59:07.210+08:00  INFO 19004 --- [control-app] [           main] [                                                 ] c.o.p.c.a.a.RcaStateBackfillJob          : {"event":"rca_state_backfill_progress","ts":"2026-09-12T10:59:07.210871932Z","rows":7,"table":"rca_task","violations":0,"batches":8}
2026-09-12T18:59:07.211+08:00  INFO 19004 --- [control-app] [           main] [                                                 ] c.o.p.c.a.a.RcaStateBackfillJob          : {"event":"rca_state_backfill_progress","ts":"2026-09-12T10:59:07.211070095Z","rows":1,"table":"rca_run","violations":0,"batches":1}
2026-09-12T18:59:07.211+08:00  INFO 19004 --- [control-app] [           main] [                                                 ] c.o.p.c.a.a.RcaStateBackfillJob          : {"event":"rca_state_backfill_progress","ts":"2026-09-12T10:59:07.211261346Z","rows":1,"table":"rca_run","violations":0,"batches":2}
2026-09-12T18:59:07.211+08:00  INFO 19004 --- [control-app] [           main] [                                                 ] c.o.p.c.a.a.RcaStateBackfillJob          : {"event":"rca_state_backfill_reconciled","ts":"2026-09-12T10:59:07.211417069Z","task_rows":7,"violations":0,"run_rows":1,"batches":10,"digest":"2fdb1966afacb8c902f0e49771770522ad967f6eda2dcf5d56fb99480f565edb"}
2026-09-12T18:59:07.211+08:00  INFO 19004 --- [control-app] [           main] [                                                 ] c.o.p.c.a.a.RcaStateBackfillJob          : {"event":"rca_state_backfill_progress","ts":"2026-09-12T10:59:07.211609951Z","rows":7,"table":"rca_task","violations":0,"batches":1}
2026-09-12T18:59:07.211+08:00  INFO 19004 --- [control-app] [           main] [                                                 ] c.o.p.c.a.a.RcaStateBackfillJob          : {"event":"rca_state_backfill_progress","ts":"2026-09-12T10:59:07.211728004Z","rows":1,"table":"rca_run","violations":0,"batches":1}
2026-09-12T18:59:07.211+08:00  INFO 19004 --- [control-app] [           main] [                                                 ] c.o.p.c.a.a.RcaStateBackfillJob          : {"event":"rca_state_backfill_reconciled","ts":"2026-09-12T10:59:07.211886903Z","task_rows":7,"violations":0,"run_rows":1,"batches":2,"digest":"2fdb1966afacb8c902f0e49771770522ad967f6eda2dcf5d56fb99480f565edb"}
2026-09-12T18:59:07.213+08:00  INFO 19004 --- [control-app] [           main] [                                                 ] c.o.p.c.a.a.RcaStateBackfillJob          : {"event":"rca_state_backfill_progress","ts":"2026-09-12T10:59:07.212914088Z","rows":2,"table":"rca_task","violations":1,"batches":1}
2026-09-12T18:59:07.213+08:00  INFO 19004 --- [control-app] [           main] [                                                 ] c.o.p.c.a.a.RcaStateBackfillJob          : {"event":"rca_state_backfill_progress","ts":"2026-09-12T10:59:07.213231515Z","rows":1,"table":"rca_run","violations":0,"batches":1}
2026-09-12T18:59:07.213+08:00  INFO 19004 --- [control-app] [           main] [                                                 ] c.o.p.c.a.a.RcaStateBackfillJob          : {"event":"rca_state_backfill_reconciled","ts":"2026-09-12T10:59:07.213406776Z","task_rows":2,"violations":1,"run_rows":1,"batches":2,"digest":"266d86814df7b18c146e096c5e63a7a2140e4c5217df8b306b76267cff8357de"}
[INFO] Tests run: 5, Failures: 0, Errors: 0, Skipped: 0, Time elapsed: 0.016 s -- in com.objwww.pr.control.alert.application.RcaStateBackfillJobTest
[INFO] Running com.objwww.pr.control.alert.application.CategoryOverrideServiceTest
[INFO] Tests run: 9, Failures: 0, Errors: 0, Skipped: 0, Time elapsed: 0.007 s -- in com.objwww.pr.control.alert.application.CategoryOverrideServiceTest
[INFO] Running com.objwww.pr.control.alert.application.NativeEngineWiringTest
2026-09-12T18:59:07.229+08:00  INFO 19004 --- [control-app] [           main] [                                                 ] c.o.p.c.a.application.IncidentProjector  : incident 60541ce6-a68a-4fe9-a0d7-7cc27a3a0526 路由决策 BUCKETED_HOLMES 为 HOLMES 意愿：第二引擎已退场，决策照记不铸 run
2026-09-12T18:59:07.234+08:00  INFO 19004 --- [control-app] [           main] [                                                 ] c.o.p.c.a.a.RcaRunOrchestrator           : {"event":"rca_task_decision","ts":"2026-09-12T10:59:07.234047283Z","decision":"COMPLETED","run_id":"f603d89c-3418-4a32-a4d9-84ef44c641eb","task_id":"94ff0080-8378-4c9e-9607-6a5f7d47aeed","attempt_id":"85b4eef8-ae35-47c8-8215-b03aed4c57a9","latency_ms":0}
2026-09-12T18:59:07.238+08:00  INFO 19004 --- [control-app] [           main] [                                                 ] c.o.p.c.a.a.RcaRunOrchestrator           : {"event":"rca_task_decision","ts":"2026-09-12T10:59:07.238167633Z","decision":"COMPLETED","run_id":"f8bdd2c5-8788-437b-9af7-ee1979a64443","task_id":"299e77be-dc08-46f0-9fbf-f58de1e8b2e4","attempt_id":"7454b71c-f86a-4073-b1e0-480aa6652d9f","latency_ms":0}
2026-09-12T18:59:07.238+08:00  INFO 19004 --- [control-app] [           main] [                                                 ] c.o.p.c.a.a.RcaRunOrchestrator           : incident 017a91e1-bfdf-4cab-bd5d-a690fdcf92f2 材料变化，铸 RERUN run
2026-09-12T18:59:07.243+08:00  INFO 19004 --- [control-app] [           main] [                                                 ] c.o.p.c.a.a.RcaRunOrchestrator           : {"event":"rca_task_decision","ts":"2026-09-12T10:59:07.243310107Z","decision":"DEAD","run_id":"6d88346f-74c7-49ed-b6a0-46ace2916e37","task_id":"e5a1a940-bdaf-4e0c-9d97-cc434e1a534f","attempt_id":"f62fe169-cb4a-4b35-aa38-426b6b4d4a33","latency_ms":0}
2026-09-12T18:59:07.253+08:00  INFO 19004 --- [control-app] [           main] [                                                 ] c.o.p.c.a.a.RcaRunOrchestrator           : {"event":"rca_task_decision","ts":"2026-09-12T10:59:07.253569967Z","decision":"COMPLETED","run_id":"588cc98b-bf01-4f1c-a000-4372d208af2e","task_id":"83fa1c08-6be7-40d8-94e8-b06e87a3c293","attempt_id":"ea3527c7-ef73-48b4-9eca-e56e71cbea21","latency_ms":0}
2026-09-12T18:59:07.256+08:00  INFO 19004 --- [control-app] [           main] [                                                 ] c.o.p.c.a.a.RcaRunOrchestrator           : {"event":"rca_task_decision","ts":"2026-09-12T10:59:07.255937746Z","decision":"DEAD","run_id":"009c7a9e-4756-4632-8b30-fa34ea184753","task_id":"7a965def-94e5-4c40-896b-7742c4eeb580","attempt_id":"a802dd76-8c21-445a-ae8c-6d55f467fb57","latency_ms":0}
2026-09-12T18:59:07.258+08:00  INFO 19004 --- [control-app] [           main] [                                                 ] c.o.p.c.a.a.RcaRunOrchestrator           : {"event":"rca_task_decision","ts":"2026-09-12T10:59:07.258436271Z","decision":"DEAD","run_id":"ab47a435-31cc-443b-ad0b-3e5dbb34d2fc","task_id":"a30a1342-35a3-4337-b551-5e309043af55","attempt_id":"e9d6c6ac-6e64-4f7d-bd4c-28139d5a15b8","latency_ms":0}
[INFO] Tests run: 9, Failures: 0, Errors: 0, Skipped: 0, Time elapsed: 0.035 s -- in com.objwww.pr.control.alert.application.NativeEngineWiringTest
[INFO] Running com.objwww.pr.control.alert.application.FallbackServiceTest
2026-09-12T18:59:07.262+08:00  INFO 19004 --- [control-app] [           main] [                                                 ] c.o.p.c.a.application.FallbackService    : {"event":"rca_fallback_decision","ts":"2026-09-12T10:59:07.262897773Z","error_class":"TIMEOUT","outcome":"DISABLED","source_run_id":"5140903e-9b61-427c-b619-e25f874ce10c","incident_id":"947d21a7-c52b-4a8f-86e3-019cbfae0539"}
2026-09-12T18:59:07.264+08:00  WARN 19004 --- [control-app] [           main] [                                                 ] c.o.p.c.a.application.FallbackService    : NATIVE run fd921466-d466-4c7e-8046-45a38c1af980 失败（PROPOSAL_MISSING）→ 恰一次铸 HOLMES fallback run d5b22f6f-5b16-45bc-bb36-3c013976ae69
2026-09-12T18:59:07.265+08:00  INFO 19004 --- [control-app] [           main] [                                                 ] c.o.p.c.a.application.FallbackService    : {"event":"rca_fallback_decision","ts":"2026-09-12T10:59:07.265004339Z","error_class":"PROPOSAL_MISSING","outcome":"CAST","source_run_id":"fd921466-d466-4c7e-8046-45a38c1af980","incident_id":"96bcb02d-34e7-4ca7-a1be-056e4b6b4f18"}
2026-09-12T18:59:07.266+08:00  INFO 19004 --- [control-app] [           main] [                                                 ] c.o.p.c.a.application.FallbackService    : {"event":"rca_fallback_decision","ts":"2026-09-12T10:59:07.266295381Z","error_class":"ADAPTER_PACKAGE_REJECTED","outcome":"INELIGIBLE_ERROR_CLASS","source_run_id":"6a1cf38f-ed1a-45cf-8ce1-fa3d845a7f7c","incident_id":"927b1e5c-cc62-4e46-9bb0-25dade8f7055"}
2026-09-12T18:59:07.266+08:00  INFO 19004 --- [control-app] [           main] [                                                 ] c.o.p.c.a.application.FallbackService    : {"event":"rca_fallback_decision","ts":"2026-09-12T10:59:07.266550191Z","error_class":"PLAN_REJECTED","outcome":"INELIGIBLE_ERROR_CLASS","source_run_id":"384cfe4b-12cc-46bb-bdb2-3d4a0ffee14e","incident_id":"86aae1ab-f7e7-4293-b180-2c8aff91a5e3"}
2026-09-12T18:59:07.266+08:00  INFO 19004 --- [control-app] [           main] [                                                 ] c.o.p.c.a.application.FallbackService    : {"event":"rca_fallback_decision","ts":"2026-09-12T10:59:07.266709130Z","error_class":"SOME_FUTURE_CLASS","outcome":"INELIGIBLE_ERROR_CLASS","source_run_id":"17dc16de-7e52-41b9-b087-05e21fd5ba2e","incident_id":"54bfb980-8c76-4121-8342-3417f125fafd"}
2026-09-12T18:59:07.267+08:00  WARN 19004 --- [control-app] [           main] [                                                 ] c.o.p.c.a.application.FallbackService    : NATIVE run d0bd4eeb-b4d9-43d0-9f2d-8bad881d9cc8 失败（TIMEOUT）→ 恰一次铸 HOLMES fallback run b8b30979-aafd-46bd-ab99-909c125c7ded
2026-09-12T18:59:07.267+08:00  INFO 19004 --- [control-app] [           main] [                                                 ] c.o.p.c.a.application.FallbackService    : {"event":"rca_fallback_decision","ts":"2026-09-12T10:59:07.267609926Z","error_class":"TIMEOUT","outcome":"CAST","source_run_id":"d0bd4eeb-b4d9-43d0-9f2d-8bad881d9cc8","incident_id":"efbed8a6-f47f-4502-afca-bdcebb8215b9"}
2026-09-12T18:59:07.267+08:00  INFO 19004 --- [control-app] [           main] [                                                 ] c.o.p.c.a.application.FallbackService    : {"event":"rca_fallback_decision","ts":"2026-09-12T10:59:07.267798942Z","error_class":"TIMEOUT","outcome":"BUDGET_EXHAUSTED","source_run_id":"54125686-8220-4e53-9b67-1f8f0fdf4ade","incident_id":"ef377b3e-b017-4860-8ab9-7f814819ea10"}
2026-09-12T18:59:07.268+08:00  WARN 19004 --- [control-app] [           main] [                                                 ] c.o.p.c.a.application.FallbackService    : NATIVE run 2a607a6d-1359-43f7-af5e-f49edffd0b88 失败（TIMEOUT）→ 恰一次铸 HOLMES fallback run 2da42d3d-bb39-45cd-9d74-f5b7e8e6a207
2026-09-12T18:59:07.268+08:00  INFO 19004 --- [control-app] [           main] [                                                 ] c.o.p.c.a.application.FallbackService    : {"event":"rca_fallback_decision","ts":"2026-09-12T10:59:07.268149171Z","error_class":"TIMEOUT","outcome":"CAST","source_run_id":"2a607a6d-1359-43f7-af5e-f49edffd0b88","incident_id":"357bb16a-220f-4d8a-97d8-a4b8f495c436"}
2026-09-12T18:59:07.268+08:00  WARN 19004 --- [control-app] [           main] [                                                 ] c.o.p.c.a.application.FallbackService    : NATIVE run b95233b4-3f25-43b4-b290-1d40da6cb0d1 失败（EXECUTOR_ERROR）→ 恰一次铸 HOLMES fallback run da25eb63-47d5-4d71-87e8-f51a9b4c52e7
2026-09-12T18:59:07.269+08:00  INFO 19004 --- [control-app] [           main] [                                                 ] c.o.p.c.a.application.FallbackService    : {"event":"rca_fallback_decision","ts":"2026-09-12T10:59:07.268955660Z","error_class":"EXECUTOR_ERROR","outcome":"CAST","source_run_id":"b95233b4-3f25-43b4-b290-1d40da6cb0d1","incident_id":"57b73baa-ca20-430d-962a-19761bb7dc1f"}
2026-09-12T18:59:07.269+08:00  INFO 19004 --- [control-app] [           main] [                                                 ] c.o.p.c.a.application.FallbackService    : {"event":"rca_fallback_decision","ts":"2026-09-12T10:59:07.269432989Z","error_class":"EXECUTOR_ERROR","outcome":"INELIGIBLE_ENGINE","source_run_id":"da25eb63-47d5-4d71-87e8-f51a9b4c52e7","incident_id":"57b73baa-ca20-430d-962a-19761bb7dc1f"}
2026-09-12T18:59:07.270+08:00  WARN 19004 --- [control-app] [           main] [                                                 ] c.o.p.c.a.application.FallbackService    : NATIVE run 47b42b74-980e-423e-9bd9-7aab6ca9b0a6 失败（TIMEOUT）→ 恰一次铸 HOLMES fallback run c81a38e4-68ae-4439-b12a-98a7119e1ff1
2026-09-12T18:59:07.270+08:00  INFO 19004 --- [control-app] [           main] [                                                 ] c.o.p.c.a.application.FallbackService    : {"event":"rca_fallback_decision","ts":"2026-09-12T10:59:07.270718680Z","error_class":"TIMEOUT","outcome":"CAST","source_run_id":"47b42b74-980e-423e-9bd9-7aab6ca9b0a6","incident_id":"b367dc74-05b2-4d3b-b32a-2223b01aab06"}
2026-09-12T18:59:07.270+08:00  INFO 19004 --- [control-app] [           main] [                                                 ] c.o.p.c.a.application.FallbackService    : {"event":"rca_fallback_decision","ts":"2026-09-12T10:59:07.270879583Z","error_class":"TIMEOUT","outcome":"ALREADY_CAST","source_run_id":"47b42b74-980e-423e-9bd9-7aab6ca9b0a6","incident_id":"b367dc74-05b2-4d3b-b32a-2223b01aab06"}
2026-09-12T18:59:07.271+08:00  INFO 19004 --- [control-app] [           main] [                                                 ] c.o.p.c.a.application.FallbackService    : {"event":"rca_fallback_decision","ts":"2026-09-12T10:59:07.271646608Z","error_class":"TIMEOUT","outcome":"INCIDENT_BUSY","source_run_id":"76c23792-9e2a-4f8e-90fe-35f446d2b2ac","incident_id":"1131a2c1-dab3-403f-9ea2-39fb436c5f96"}
[INFO] Tests run: 7, Failures: 0, Errors: 0, Skipped: 0, Time elapsed: 0.011 s -- in com.objwww.pr.control.alert.application.FallbackServiceTest
[INFO] Running com.objwww.pr.control.alert.application.PublicationWinnerGateTest
2026-09-12T18:59:07.276+08:00  INFO 19004 --- [control-app] [           main] [                                                 ] c.o.p.c.a.a.RcaRunOrchestrator           : {"event":"rca_task_decision","ts":"2026-09-12T10:59:07.275869399Z","decision":"COMPLETED","run_id":"74e60b04-20ce-4eed-9cb8-1c0b75698afb","task_id":"4c688d49-9cae-42ea-9d3a-c09f7db93b4e","attempt_id":"7665df9c-8edc-4436-9e10-8c6a41399161","latency_ms":0}
2026-09-12T18:59:07.277+08:00  INFO 19004 --- [control-app] [           main] [                                                 ] c.o.p.c.a.a.RcaRunOrchestrator           : {"event":"report_publication_loser","ts":"2026-09-12T10:59:07.277146605Z","generation":0,"report_id":"0446ce58-afeb-4994-95e7-02eee4e4e765","run_id":"729caff8-6c6c-4d87-950f-976ba09f3179","incident_id":"e7e31e05-fd15-4ac6-9baa-4a941034959c"}
2026-09-12T18:59:07.277+08:00  INFO 19004 --- [control-app] [           main] [                                                 ] c.o.p.c.a.a.RcaRunOrchestrator           : report 0446ce58-afeb-4994-95e7-02eee4e4e765 输给 generation 发布赢家（incident=e7e31e05-fd15-4ac6-9baa-4a941034959c, gen=0），落档不发布
2026-09-12T18:59:07.277+08:00  INFO 19004 --- [control-app] [           main] [                                                 ] c.o.p.c.a.a.RcaRunOrchestrator           : {"event":"rca_task_decision","ts":"2026-09-12T10:59:07.277392698Z","decision":"COMPLETED","run_id":"729caff8-6c6c-4d87-950f-976ba09f3179","task_id":"b01c797b-0c1c-4e7f-820b-6b8bf5f0acc1","attempt_id":"01ae7c33-7a26-4903-97be-6d8542e78a5e","latency_ms":0}
[INFO] Tests run: 1, Failures: 0, Errors: 0, Skipped: 0, Time elapsed: 0.006 s -- in com.objwww.pr.control.alert.application.PublicationWinnerGateTest
[INFO] Running com.objwww.pr.control.alert.application.mcp.McpToolInvokerTest
[INFO] Tests run: 6, Failures: 0, Errors: 0, Skipped: 0, Time elapsed: 0.019 s -- in com.objwww.pr.control.alert.application.mcp.McpToolInvokerTest
[INFO] Running com.objwww.pr.control.alert.application.mcp.McpMountManagerTest
[INFO] Tests run: 10, Failures: 0, Errors: 0, Skipped: 0, Time elapsed: 0.298 s -- in com.objwww.pr.control.alert.application.mcp.McpMountManagerTest
[INFO] Running com.objwww.pr.control.alert.application.AlertInboxProcessorTest
2026-09-12T18:59:07.606+08:00  WARN 19004 --- [control-app] [           main] [                                                 ] c.o.p.c.a.a.AlertInboxProcessor          : alert_inbox 646d4cc0-b415-4971-9999-8d3416630423 死信: payload_raw JSON 解析失败: Unexpected character ('n' (code 110)): was expecting double-quote to start field name
 at [Source: REDACTED (`StreamReadFeature.INCLUDE_SOURCE_IN_LOCATION` disabled); line: 1, column: 2]
2026-09-12T18:59:07.635+08:00  WARN 19004 --- [control-app] [           main] [                                                 ] c.o.p.c.a.a.AlertInboxProcessor          : alert_inbox 17fdc3ba-1cd9-4816-be50-9affc09a5305 死信: 缺少 alertname 标签，无法铸造 incidentKey
[INFO] Tests run: 16, Failures: 0, Errors: 0, Skipped: 0, Time elapsed: 0.043 s -- in com.objwww.pr.control.alert.application.AlertInboxProcessorTest
[INFO] Running com.objwww.pr.control.alert.application.RunConfigSwitchServiceTest
[INFO] Tests run: 18, Failures: 0, Errors: 0, Skipped: 0, Time elapsed: 0.043 s -- in com.objwww.pr.control.alert.application.RunConfigSwitchServiceTest
[INFO] Running com.objwww.pr.control.alert.application.reconcile.ReconcileBudgetGateTest
[INFO] Tests run: 9, Failures: 0, Errors: 0, Skipped: 0, Time elapsed: 0.010 s -- in com.objwww.pr.control.alert.application.reconcile.ReconcileBudgetGateTest
[INFO] Running com.objwww.pr.control.alert.application.reconcile.IncidentSourceReconcilerTest
[INFO] Tests run: 6, Failures: 0, Errors: 0, Skipped: 0, Time elapsed: 0.003 s -- in com.objwww.pr.control.alert.application.reconcile.IncidentSourceReconcilerTest
[INFO] Running com.objwww.pr.control.alert.application.DeterministicSupervisorTest
2026-09-12T18:59:07.707+08:00  INFO 19004 --- [control-app] [           main] [                                                 ] c.o.p.c.a.a.DeterministicSupervisor      : {"event":"am4_run_reporting","ts":"2026-09-12T10:59:07.707546065Z","run_id":"b8d4e1b0-489a-4ee1-96a8-77441774d196"}
2026-09-12T18:59:07.707+08:00  INFO 19004 --- [control-app] [           main] [                                                 ] c.o.p.c.a.a.DeterministicSupervisor      : run b8d4e1b0-489a-4ee1-96a8-77441774d196 全任务终态 → REPORTING（报告链组装）
2026-09-12T18:59:07.714+08:00  INFO 19004 --- [control-app] [           main] [                                                 ] c.o.p.c.a.a.DeterministicSupervisor      : {"event":"am4_run_reporting","ts":"2026-09-12T10:59:07.714719945Z","run_id":"fac591fa-c08a-4085-ae0e-37b2ecd2cb5c"}
2026-09-12T18:59:07.715+08:00  INFO 19004 --- [control-app] [           main] [                                                 ] c.o.p.c.a.a.DeterministicSupervisor      : run fac591fa-c08a-4085-ae0e-37b2ecd2cb5c 全任务终态 → REPORTING（报告链组装）
2026-09-12T18:59:07.716+08:00  INFO 19004 --- [control-app] [           main] [                                                 ] c.o.p.c.a.a.DeterministicSupervisor      : {"event":"am4_plan_rejected","ts":"2026-09-12T10:59:07.716076449Z","run_id":"007d6907-db12-436e-9be2-96f276354200","reason":"提案成环: a -> b -> a"}
2026-09-12T18:59:07.716+08:00  WARN 19004 --- [control-app] [           main] [                                                 ] c.o.p.c.a.a.DeterministicSupervisor      : run 007d6907-db12-436e-9be2-96f276354200 提案被确定性拒绝 → FAILED（提案成环: a -> b -> a）
2026-09-12T18:59:07.721+08:00  INFO 19004 --- [control-app] [           main] [                                                 ] c.o.p.c.a.a.DeterministicSupervisor      : {"event":"am4_run_reporting","ts":"2026-09-12T10:59:07.721246295Z","run_id":"29ac09d0-d7ac-4a35-83ea-16c1c404fd61"}
2026-09-12T18:59:07.721+08:00  INFO 19004 --- [control-app] [           main] [                                                 ] c.o.p.c.a.a.DeterministicSupervisor      : run 29ac09d0-d7ac-4a35-83ea-16c1c404fd61 全任务终态 → REPORTING（报告链组装）
[INFO] Tests run: 11, Failures: 0, Errors: 0, Skipped: 0, Time elapsed: 0.018 s -- in com.objwww.pr.control.alert.application.DeterministicSupervisorTest
[INFO] Running com.objwww.pr.control.alert.application.replay.SnapshotShadowRouterTest
[INFO] Tests run: 3, Failures: 0, Errors: 0, Skipped: 0, Time elapsed: 0.008 s -- in com.objwww.pr.control.alert.application.replay.SnapshotShadowRouterTest
[INFO] Running com.objwww.pr.control.alert.application.replay.InputReplayVerifierTest
[INFO] Tests run: 8, Failures: 0, Errors: 0, Skipped: 0, Time elapsed: 0.005 s -- in com.objwww.pr.control.alert.application.replay.InputReplayVerifierTest
[INFO] Running com.objwww.pr.control.alert.application.replay.AgentReplayRunnerTest
[INFO] Tests run: 4, Failures: 0, Errors: 0, Skipped: 0, Time elapsed: 0.010 s -- in com.objwww.pr.control.alert.application.replay.AgentReplayRunnerTest
[INFO] Running com.objwww.pr.control.alert.application.replay.ReadOnlyToolFaceTest
[INFO] Tests run: 3, Failures: 0, Errors: 0, Skipped: 0, Time elapsed: 0.006 s -- in com.objwww.pr.control.alert.application.replay.ReadOnlyToolFaceTest
[INFO] Running com.objwww.pr.control.alert.application.OperatorMaterialServiceTest
2026-09-12T18:59:07.760+08:00  INFO 19004 --- [control-app] [           main] [                                                 ] c.o.p.c.a.a.OperatorMaterialService      : 人工材料 ACCEPTED incident=95f5b1cc-76c2-4839-8ca8-a83d364407a4 rev=1 kind=EVIDENCE_LINK operator=op-1
2026-09-12T18:59:07.761+08:00  INFO 19004 --- [control-app] [           main] [                                                 ] c.o.p.c.a.a.OperatorMaterialService      : 人工材料 ACCEPTED incident=95f5b1cc-76c2-4839-8ca8-a83d364407a4 rev=2 kind=OBSERVATION operator=op-2
2026-09-12T18:59:07.761+08:00  INFO 19004 --- [control-app] [           main] [                                                 ] c.o.p.c.a.a.OperatorMaterialService      : 人工材料 ACCEPTED incident=74f0d6a6-5cf4-4d7b-971b-d39902f75e64 rev=1 kind=EVIDENCE_LINK operator=op-1
2026-09-12T18:59:07.762+08:00  INFO 19004 --- [control-app] [           main] [                                                 ] c.o.p.c.a.a.OperatorMaterialService      : 人工材料 CAS 冲突 incident=74f0d6a6-5cf4-4d7b-971b-d39902f75e64 base=0 current=1
2026-09-12T18:59:07.762+08:00  INFO 19004 --- [control-app] [           main] [                                                 ] c.o.p.c.a.a.OperatorMaterialService      : 人工材料 ACCEPTED incident=e022e376-2e4a-4aa5-9e24-558eb01a8eb7 rev=1 kind=JUDGMENT operator=op-1
2026-09-12T18:59:07.763+08:00  INFO 19004 --- [control-app] [           main] [                                                 ] c.o.p.c.a.a.OperatorMaterialService      : 人工材料 REJECTED_LATE incident=e39a9019-ebeb-4928-be6b-20741d054951 rev=1（终态明确）
[INFO] Tests run: 6, Failures: 0, Errors: 0, Skipped: 0, Time elapsed: 0.008 s -- in com.objwww.pr.control.alert.application.OperatorMaterialServiceTest
[INFO] Running com.objwww.pr.control.alert.application.NativeReportAdapterTest
[INFO] Tests run: 3, Failures: 0, Errors: 0, Skipped: 0, Time elapsed: 0.004 s -- in com.objwww.pr.control.alert.application.NativeReportAdapterTest
[INFO] Running com.objwww.pr.control.alert.application.ReportCompletedNotifierTest
[INFO] Tests run: 6, Failures: 0, Errors: 0, Skipped: 0, Time elapsed: 0.006 s -- in com.objwww.pr.control.alert.application.ReportCompletedNotifierTest
[INFO] Running com.objwww.pr.control.alert.interfaces.McpMountControllerTest
[INFO] Tests run: 2, Failures: 0, Errors: 0, Skipped: 0, Time elapsed: 0.003 s -- in com.objwww.pr.control.alert.interfaces.McpMountControllerTest
[INFO] Running com.objwww.pr.control.alert.interfaces.RunCommandControllerTest
2026-09-12T18:59:07.790+08:00  INFO 19004 --- [control-app] [           main] [                                                 ] o.s.mock.web.MockServletContext          : Initializing Spring TestDispatcherServlet ''
2026-09-12T18:59:07.790+08:00  INFO 19004 --- [control-app] [           main] [                                                 ] o.s.t.web.servlet.TestDispatcherServlet  : Initializing Servlet ''
2026-09-12T18:59:07.790+08:00  INFO 19004 --- [control-app] [           main] [                                                 ] o.s.t.web.servlet.TestDispatcherServlet  : Completed initialization in 0 ms
2026-09-12T18:59:07.800+08:00  INFO 19004 --- [control-app] [           main] [                                                 ] o.s.mock.web.MockServletContext          : Initializing Spring TestDispatcherServlet ''
2026-09-12T18:59:07.800+08:00  INFO 19004 --- [control-app] [           main] [                                                 ] o.s.t.web.servlet.TestDispatcherServlet  : Initializing Servlet ''
2026-09-12T18:59:07.800+08:00  INFO 19004 --- [control-app] [           main] [                                                 ] o.s.t.web.servlet.TestDispatcherServlet  : Completed initialization in 0 ms
2026-09-12T18:59:07.812+08:00  INFO 19004 --- [control-app] [           main] [                                                 ] o.s.mock.web.MockServletContext          : Initializing Spring TestDispatcherServlet ''
2026-09-12T18:59:07.812+08:00  INFO 19004 --- [control-app] [           main] [                                                 ] o.s.t.web.servlet.TestDispatcherServlet  : Initializing Servlet ''
2026-09-12T18:59:07.812+08:00  INFO 19004 --- [control-app] [           main] [                                                 ] o.s.t.web.servlet.TestDispatcherServlet  : Completed initialization in 0 ms
[INFO] Tests run: 3, Failures: 0, Errors: 0, Skipped: 0, Time elapsed: 0.041 s -- in com.objwww.pr.control.alert.interfaces.RunCommandControllerTest
[INFO] Running com.objwww.pr.control.alert.interfaces.AlertWebhookControllerTest
2026-09-12T18:59:07.833+08:00  INFO 19004 --- [control-app] [           main] [                                                 ] o.s.mock.web.MockServletContext          : Initializing Spring TestDispatcherServlet ''
2026-09-12T18:59:07.834+08:00  INFO 19004 --- [control-app] [           main] [                                                 ] o.s.t.web.servlet.TestDispatcherServlet  : Initializing Servlet ''
2026-09-12T18:59:07.834+08:00  INFO 19004 --- [control-app] [           main] [                                                 ] o.s.t.web.servlet.TestDispatcherServlet  : Completed initialization in 0 ms
2026-09-12T18:59:07.845+08:00  INFO 19004 --- [control-app] [           main] [                                                 ] o.s.mock.web.MockServletContext          : Initializing Spring TestDispatcherServlet ''
2026-09-12T18:59:07.845+08:00  INFO 19004 --- [control-app] [           main] [                                                 ] o.s.t.web.servlet.TestDispatcherServlet  : Initializing Servlet ''
2026-09-12T18:59:07.845+08:00  INFO 19004 --- [control-app] [           main] [                                                 ] o.s.t.web.servlet.TestDispatcherServlet  : Completed initialization in 0 ms
2026-09-12T18:59:07.854+08:00  INFO 19004 --- [control-app] [           main] [                                                 ] o.s.mock.web.MockServletContext          : Initializing Spring TestDispatcherServlet ''
2026-09-12T18:59:07.855+08:00  INFO 19004 --- [control-app] [           main] [                                                 ] o.s.t.web.servlet.TestDispatcherServlet  : Initializing Servlet ''
2026-09-12T18:59:07.855+08:00  INFO 19004 --- [control-app] [           main] [                                                 ] o.s.t.web.servlet.TestDispatcherServlet  : Completed initialization in 0 ms
2026-09-12T18:59:07.863+08:00  INFO 19004 --- [control-app] [           main] [                                                 ] o.s.mock.web.MockServletContext          : Initializing Spring TestDispatcherServlet ''
2026-09-12T18:59:07.864+08:00  INFO 19004 --- [control-app] [           main] [                                                 ] o.s.t.web.servlet.TestDispatcherServlet  : Initializing Servlet ''
2026-09-12T18:59:07.864+08:00  INFO 19004 --- [control-app] [           main] [                                                 ] o.s.t.web.servlet.TestDispatcherServlet  : Completed initialization in 0 ms
2026-09-12T18:59:07.868+08:00  INFO 19004 --- [control-app] [           main] [                                                 ] o.s.mock.web.MockServletContext          : Initializing Spring TestDispatcherServlet ''
2026-09-12T18:59:07.868+08:00  INFO 19004 --- [control-app] [           main] [                                                 ] o.s.t.web.servlet.TestDispatcherServlet  : Initializing Servlet ''
2026-09-12T18:59:07.868+08:00  INFO 19004 --- [control-app] [           main] [                                                 ] o.s.t.web.servlet.TestDispatcherServlet  : Completed initialization in 0 ms
2026-09-12T18:59:07.876+08:00  INFO 19004 --- [control-app] [           main] [                                                 ] o.s.mock.web.MockServletContext          : Initializing Spring TestDispatcherServlet ''
2026-09-12T18:59:07.876+08:00  INFO 19004 --- [control-app] [           main] [                                                 ] o.s.t.web.servlet.TestDispatcherServlet  : Initializing Servlet ''
2026-09-12T18:59:07.877+08:00  INFO 19004 --- [control-app] [           main] [                                                 ] o.s.t.web.servlet.TestDispatcherServlet  : Completed initialization in 1 ms
2026-09-12T18:59:07.885+08:00  INFO 19004 --- [control-app] [           main] [                                                 ] o.s.mock.web.MockServletContext          : Initializing Spring TestDispatcherServlet ''
2026-09-12T18:59:07.885+08:00  INFO 19004 --- [control-app] [           main] [                                                 ] o.s.t.web.servlet.TestDispatcherServlet  : Initializing Servlet ''
2026-09-12T18:59:07.885+08:00  INFO 19004 --- [control-app] [           main] [                                                 ] o.s.t.web.servlet.TestDispatcherServlet  : Completed initialization in 0 ms
2026-09-12T18:59:07.889+08:00  INFO 19004 --- [control-app] [           main] [                                                 ] o.s.mock.web.MockServletContext          : Initializing Spring TestDispatcherServlet ''
2026-09-12T18:59:07.889+08:00  INFO 19004 --- [control-app] [           main] [                                                 ] o.s.t.web.servlet.TestDispatcherServlet  : Initializing Servlet ''
2026-09-12T18:59:07.889+08:00  INFO 19004 --- [control-app] [           main] [                                                 ] o.s.t.web.servlet.TestDispatcherServlet  : Completed initialization in 0 ms
2026-09-12T18:59:07.896+08:00  INFO 19004 --- [control-app] [           main] [                                                 ] o.s.mock.web.MockServletContext          : Initializing Spring TestDispatcherServlet ''
2026-09-12T18:59:07.896+08:00  INFO 19004 --- [control-app] [           main] [                                                 ] o.s.t.web.servlet.TestDispatcherServlet  : Initializing Servlet ''
2026-09-12T18:59:07.897+08:00  INFO 19004 --- [control-app] [           main] [                                                 ] o.s.t.web.servlet.TestDispatcherServlet  : Completed initialization in 1 ms
2026-09-12T18:59:07.905+08:00  INFO 19004 --- [control-app] [           main] [                                                 ] o.s.mock.web.MockServletContext          : Initializing Spring TestDispatcherServlet ''
2026-09-12T18:59:07.905+08:00  INFO 19004 --- [control-app] [           main] [                                                 ] o.s.t.web.servlet.TestDispatcherServlet  : Initializing Servlet ''
2026-09-12T18:59:07.905+08:00  INFO 19004 --- [control-app] [           main] [                                                 ] o.s.t.web.servlet.TestDispatcherServlet  : Completed initialization in 0 ms
2026-09-12T18:59:07.911+08:00  INFO 19004 --- [control-app] [           main] [                                                 ] o.s.mock.web.MockServletContext          : Initializing Spring TestDispatcherServlet ''
2026-09-12T18:59:07.912+08:00  INFO 19004 --- [control-app] [           main] [                                                 ] o.s.t.web.servlet.TestDispatcherServlet  : Initializing Servlet ''
2026-09-12T18:59:07.912+08:00  INFO 19004 --- [control-app] [           main] [                                                 ] o.s.t.web.servlet.TestDispatcherServlet  : Completed initialization in 0 ms
2026-09-12T18:59:07.914+08:00  INFO 19004 --- [control-app] [           main] [                                                 ] c.o.p.c.a.a.ControlAlertRouter           : {"event":"CONTROL_ALERT_REJECTED","ts":"2026-09-12T10:59:07.913995703Z","receiver":"control-app","gate":"identity"}
2026-09-12T18:59:07.918+08:00  INFO 19004 --- [control-app] [           main] [                                                 ] o.s.mock.web.MockServletContext          : Initializing Spring TestDispatcherServlet ''
2026-09-12T18:59:07.918+08:00  INFO 19004 --- [control-app] [           main] [                                                 ] o.s.t.web.servlet.TestDispatcherServlet  : Initializing Servlet ''
2026-09-12T18:59:07.918+08:00  INFO 19004 --- [control-app] [           main] [                                                 ] o.s.t.web.servlet.TestDispatcherServlet  : Completed initialization in 0 ms
2026-09-12T18:59:07.925+08:00  INFO 19004 --- [control-app] [           main] [                                                 ] o.s.mock.web.MockServletContext          : Initializing Spring TestDispatcherServlet ''
2026-09-12T18:59:07.925+08:00  INFO 19004 --- [control-app] [           main] [                                                 ] o.s.t.web.servlet.TestDispatcherServlet  : Initializing Servlet ''
2026-09-12T18:59:07.925+08:00  INFO 19004 --- [control-app] [           main] [                                                 ] o.s.t.web.servlet.TestDispatcherServlet  : Completed initialization in 0 ms
2026-09-12T18:59:07.927+08:00  INFO 19004 --- [control-app] [           main] [                                                 ] o.s.mock.web.MockServletContext          : Initializing Spring TestDispatcherServlet ''
2026-09-12T18:59:07.927+08:00  INFO 19004 --- [control-app] [           main] [                                                 ] o.s.t.web.servlet.TestDispatcherServlet  : Initializing Servlet ''
2026-09-12T18:59:07.927+08:00  INFO 19004 --- [control-app] [           main] [                                                 ] o.s.t.web.servlet.TestDispatcherServlet  : Completed initialization in 0 ms
2026-09-12T18:59:07.929+08:00  INFO 19004 --- [control-app] [           main] [                                                 ] c.o.p.c.a.a.ControlAlertRouter           : {"event":"CONTROL_ALERT_ONCALL","ts":"2026-09-12T10:59:07.928958350Z","inbox_id":"b36ec40d-20c5-478f-b221-8374478dc67d","receiver":"rca-oncall","group_key":"g:RCA_SYSTEM:collector","alertnames":"RCA_SYSTEM_CollectorDown","scopes":"rca_system","alert_count":1}
2026-09-12T18:59:07.934+08:00  INFO 19004 --- [control-app] [           main] [                                                 ] o.s.mock.web.MockServletContext          : Initializing Spring TestDispatcherServlet ''
2026-09-12T18:59:07.934+08:00  INFO 19004 --- [control-app] [           main] [                                                 ] o.s.t.web.servlet.TestDispatcherServlet  : Initializing Servlet ''
2026-09-12T18:59:07.934+08:00  INFO 19004 --- [control-app] [           main] [                                                 ] o.s.t.web.servlet.TestDispatcherServlet  : Completed initialization in 0 ms
2026-09-12T18:59:07.942+08:00  INFO 19004 --- [control-app] [           main] [                                                 ] o.s.mock.web.MockServletContext          : Initializing Spring TestDispatcherServlet ''
2026-09-12T18:59:07.943+08:00  INFO 19004 --- [control-app] [           main] [                                                 ] o.s.t.web.servlet.TestDispatcherServlet  : Initializing Servlet ''
2026-09-12T18:59:07.943+08:00  INFO 19004 --- [control-app] [           main] [                                                 ] o.s.t.web.servlet.TestDispatcherServlet  : Completed initialization in 0 ms
2026-09-12T18:59:07.945+08:00  INFO 19004 --- [control-app] [           main] [                                                 ] o.s.mock.web.MockServletContext          : Initializing Spring TestDispatcherServlet ''
2026-09-12T18:59:07.946+08:00  INFO 19004 --- [control-app] [           main] [                                                 ] o.s.t.web.servlet.TestDispatcherServlet  : Initializing Servlet ''
2026-09-12T18:59:07.946+08:00  INFO 19004 --- [control-app] [           main] [                                                 ] o.s.t.web.servlet.TestDispatcherServlet  : Completed initialization in 0 ms
2026-09-12T18:59:07.947+08:00  WARN 19004 --- [control-app] [           main] [                                                 ] c.o.p.c.a.i.AlertWebhookController       : 整组无法持久化，返回 503: db down
[INFO] Tests run: 12, Failures: 0, Errors: 0, Skipped: 0, Time elapsed: 0.128 s -- in com.objwww.pr.control.alert.interfaces.AlertWebhookControllerTest
[INFO] Running com.objwww.pr.control.alert.interfaces.EventQueryControllerTest
2026-09-12T18:59:07.957+08:00  INFO 19004 --- [control-app] [           main] [                                                 ] o.s.mock.web.MockServletContext          : Initializing Spring TestDispatcherServlet ''
2026-09-12T18:59:07.958+08:00  INFO 19004 --- [control-app] [           main] [                                                 ] o.s.t.web.servlet.TestDispatcherServlet  : Initializing Servlet ''
2026-09-12T18:59:07.958+08:00  INFO 19004 --- [control-app] [           main] [                                                 ] o.s.t.web.servlet.TestDispatcherServlet  : Completed initialization in 0 ms
2026-09-12T18:59:07.971+08:00  INFO 19004 --- [control-app] [           main] [                                                 ] o.s.mock.web.MockServletContext          : Initializing Spring TestDispatcherServlet ''
2026-09-12T18:59:07.971+08:00  INFO 19004 --- [control-app] [           main] [                                                 ] o.s.t.web.servlet.TestDispatcherServlet  : Initializing Servlet ''
2026-09-12T18:59:07.972+08:00  INFO 19004 --- [control-app] [           main] [                                                 ] o.s.t.web.servlet.TestDispatcherServlet  : Completed initialization in 0 ms
2026-09-12T18:59:07.983+08:00  INFO 19004 --- [control-app] [           main] [                                                 ] o.s.mock.web.MockServletContext          : Initializing Spring TestDispatcherServlet ''
2026-09-12T18:59:07.984+08:00  INFO 19004 --- [control-app] [           main] [                                                 ] o.s.t.web.servlet.TestDispatcherServlet  : Initializing Servlet ''
2026-09-12T18:59:07.984+08:00  INFO 19004 --- [control-app] [           main] [                                                 ] o.s.t.web.servlet.TestDispatcherServlet  : Completed initialization in 0 ms
2026-09-12T18:59:08.002+08:00  INFO 19004 --- [control-app] [           main] [                                                 ] o.s.mock.web.MockServletContext          : Initializing Spring TestDispatcherServlet ''
2026-09-12T18:59:08.002+08:00  INFO 19004 --- [control-app] [           main] [                                                 ] o.s.t.web.servlet.TestDispatcherServlet  : Initializing Servlet ''
2026-09-12T18:59:08.002+08:00  INFO 19004 --- [control-app] [           main] [                                                 ] o.s.t.web.servlet.TestDispatcherServlet  : Completed initialization in 0 ms
2026-09-12T18:59:08.028+08:00  INFO 19004 --- [control-app] [           main] [                                                 ] o.s.mock.web.MockServletContext          : Initializing Spring TestDispatcherServlet ''
2026-09-12T18:59:08.028+08:00  INFO 19004 --- [control-app] [           main] [                                                 ] o.s.t.web.servlet.TestDispatcherServlet  : Initializing Servlet ''
2026-09-12T18:59:08.028+08:00  INFO 19004 --- [control-app] [           main] [                                                 ] o.s.t.web.servlet.TestDispatcherServlet  : Completed initialization in 0 ms
[INFO] Tests run: 5, Failures: 0, Errors: 0, Skipped: 0, Time elapsed: 0.081 s -- in com.objwww.pr.control.alert.interfaces.EventQueryControllerTest
[INFO] Running com.objwww.pr.control.alert.interfaces.RunConfigEpochControllerTest
[INFO] Tests run: 3, Failures: 0, Errors: 0, Skipped: 0, Time elapsed: 0.124 s -- in com.objwww.pr.control.alert.interfaces.RunConfigEpochControllerTest
[INFO] Running com.objwww.pr.control.alert.support.AlertInMemoryStoresTest
[INFO] Tests run: 6, Failures: 0, Errors: 0, Skipped: 0, Time elapsed: 0.004 s -- in com.objwww.pr.control.alert.support.AlertInMemoryStoresTest
[INFO] Running com.objwww.pr.control.application.ModelGatewayTest
2026-09-12T18:59:08.163+08:00  WARN 19004 --- [control-app] [           main] [                                                 ] c.o.pr.control.application.ModelGateway  : 账本 STARTED 写失败，零触网（D5）: RuntimeException
2026-09-12T18:59:08.171+08:00  WARN 19004 --- [control-app] [           main] [                                                 ] c.o.pr.control.application.ModelGateway  : 账本终态写失败（SUCCEEDED），转 UNKNOWN 语义: RuntimeException
[INFO] Tests run: 10, Failures: 0, Errors: 0, Skipped: 0, Time elapsed: 0.013 s -- in com.objwww.pr.control.application.ModelGatewayTest
[INFO] Running com.objwww.pr.control.ControlContextSmokeTest
2026-09-12T18:59:08.179+08:00  INFO 19004 --- [control-app] [           main] [                                                 ] t.c.s.AnnotationConfigContextLoaderUtils : Could not detect default configuration classes for test class [com.objwww.pr.control.ControlContextSmokeTest]: ControlContextSmokeTest does not declare any static, non-private, non-final, nested classes annotated with @Configuration.
2026-09-12T18:59:08.230+08:00  INFO 19004 --- [control-app] [           main] [                                                 ] .b.t.c.SpringBootTestContextBootstrapper : Found @SpringBootConfiguration com.objwww.pr.control.ControlApplication for test class com.objwww.pr.control.ControlContextSmokeTest

  .   ____          _            __ _ _
 /\\ / ___'_ __ _ _(_)_ __  __ _ \ \ \ \
( ( )\___ | '_ | '_| | '_ \/ _` | \ \ \ \
 \\/  ___)| |_)| | | | | || (_| |  ) ) ) )
  '  |____| .__|_| |_|_| |_\__, | / / / /
 =========|_|==============|___/=/_/_/_/

 :: Spring Boot ::                (v3.4.5)

2026-09-12T18:59:08.306+08:00  INFO 19004 --- [control-app] [           main] [                                                 ] c.o.pr.control.ControlContextSmokeTest   : Starting ControlContextSmokeTest using Java 21.0.12.1 with PID 19004 (started by root in /opt/build/pr/control-app)
2026-09-12T18:59:08.306+08:00  INFO 19004 --- [control-app] [           main] [                                                 ] c.o.pr.control.ControlContextSmokeTest   : No active profile set, falling back to 1 default profile: "default"
2026-09-12T18:59:09.146+08:00  INFO 19004 --- [control-app] [           main] [                                                 ] r$InitializeUserDetailsManagerConfigurer : Global AuthenticationManager configured with UserDetailsService bean with name authUserDetailsService
2026-09-12T18:59:09.317+08:00  INFO 19004 --- [control-app] [           main] [                                                 ] o.s.b.a.e.web.EndpointLinksResolver      : Exposing 3 endpoints beneath base path '/actuator'
2026-09-12T18:59:09.503+08:00  INFO 19004 --- [control-app] [           main] [                                                 ] c.o.pr.control.ControlContextSmokeTest   : Started ControlContextSmokeTest in 1.265 seconds (process running for 22.966)
[INFO] Tests run: 1, Failures: 0, Errors: 0, Skipped: 0, Time elapsed: 1.340 s -- in com.objwww.pr.control.ControlContextSmokeTest
[INFO] Running com.objwww.pr.control.ops.domain.statemachine.OperatorCaseStateMachineTest
[INFO] Tests run: 4, Failures: 0, Errors: 0, Skipped: 0, Time elapsed: 0.005 s -- in com.objwww.pr.control.ops.domain.statemachine.OperatorCaseStateMachineTest
[INFO] Running com.objwww.pr.control.ops.domain.model.RetentionPolicyTest
[INFO] Tests run: 5, Failures: 0, Errors: 0, Skipped: 0, Time elapsed: 0.005 s -- in com.objwww.pr.control.ops.domain.model.RetentionPolicyTest
[INFO] Running com.objwww.pr.control.ops.application.ArchiveServiceTest
2026-09-12T18:59:09.536+08:00  INFO 19004 --- [control-app] [           main] [                                                 ] c.o.p.c.ops.application.ArchiveService   : CONTROL_ARCHIVE_REJECTED table=rca_event partition=rca_event_2026_07 gate=verify_failed
2026-09-12T18:59:09.538+08:00  INFO 19004 --- [control-app] [           main] [                                                 ] c.o.p.c.ops.application.ArchiveService   : CONTROL_ARCHIVE_REJECTED table=rca_event partition=rca_event_2026_07 gate=legal_hold
2026-09-12T18:59:09.538+08:00  INFO 19004 --- [control-app] [           main] [                                                 ] c.o.p.c.ops.application.ArchiveService   : CONTROL_ARCHIVE_REJECTED table=rca_event partition=rca_event_2026_07 gate=export_failed
[INFO] Tests run: 7, Failures: 0, Errors: 0, Skipped: 0, Time elapsed: 0.006 s -- in com.objwww.pr.control.ops.application.ArchiveServiceTest
[INFO] Running com.objwww.pr.control.ops.application.RetentionServiceTest
[INFO] Tests run: 8, Failures: 0, Errors: 0, Skipped: 0, Time elapsed: 0.006 s -- in com.objwww.pr.control.ops.application.RetentionServiceTest
[INFO] Running com.objwww.pr.control.ops.application.AgentOpsSummaryServiceTest
[INFO] Tests run: 2, Failures: 0, Errors: 0, Skipped: 0, Time elapsed: 0.003 s -- in com.objwww.pr.control.ops.application.AgentOpsSummaryServiceTest
[INFO] Running com.objwww.pr.control.ops.application.OperatorCaseServiceTest
2026-09-12T18:59:09.553+08:00  INFO 19004 --- [control-app] [           main] [                                                 ] c.o.p.c.o.a.OperatorCaseService          : {"event":"operator_case_transition","ts":"2026-09-12T10:59:09.553074022Z","caseId":"c042edd8-f3a3-4a06-beff-ef446642dcf7","rule":"T00_CREATE","to":"OPEN","revision":1}
2026-09-12T18:59:09.557+08:00  INFO 19004 --- [control-app] [           main] [                                                 ] c.o.p.c.o.a.OperatorCaseService          : {"event":"operator_case_transition","ts":"2026-09-12T10:59:09.557704913Z","caseId":"c042edd8-f3a3-4a06-beff-ef446642dcf7","rule":"T10_CLAIM","to":"ACKED","revision":2}
2026-09-12T18:59:09.558+08:00  INFO 19004 --- [control-app] [           main] [                                                 ] c.o.p.c.o.a.OperatorCaseService          : {"event":"operator_case_transition","ts":"2026-09-12T10:59:09.558686100Z","caseId":"c042edd8-f3a3-4a06-beff-ef446642dcf7","rule":"T31_RESOLVE","to":"RESOLVED","revision":3}
2026-09-12T18:59:09.559+08:00  INFO 19004 --- [control-app] [           main] [                                                 ] c.o.p.c.o.a.OperatorCaseService          : {"event":"operator_case_transition","ts":"2026-09-12T10:59:09.559887142Z","caseId":"055a3f09-c2ff-41d2-a3c7-3ef3b7db97bf","rule":"T00_CREATE","to":"OPEN","revision":1}
2026-09-12T18:59:09.560+08:00  INFO 19004 --- [control-app] [           main] [                                                 ] c.o.p.c.o.a.OperatorCaseService          : {"event":"operator_case_transition","ts":"2026-09-12T10:59:09.560314887Z","caseId":"055a3f09-c2ff-41d2-a3c7-3ef3b7db97bf","rule":"T50_MERGE","to":"OPEN","revision":2}
2026-09-12T18:59:09.561+08:00  INFO 19004 --- [control-app] [           main] [                                                 ] c.o.p.c.o.a.OperatorCaseService          : {"event":"operator_case_transition","ts":"2026-09-12T10:59:09.561152655Z","caseId":"e5131811-c3cd-4b0b-8340-5681811c1910","rule":"T00_CREATE","to":"OPEN","revision":1}
2026-09-12T18:59:09.562+08:00  INFO 19004 --- [control-app] [           main] [                                                 ] c.o.p.c.o.a.OperatorCaseService          : {"event":"operator_case_transition","ts":"2026-09-12T10:59:09.562525139Z","caseId":"e5131811-c3cd-4b0b-8340-5681811c1910","rule":"T40_ASSIGN","to":"OPEN","revision":2}
2026-09-12T18:59:09.563+08:00  INFO 19004 --- [control-app] [           main] [                                                 ] c.o.p.c.o.a.OperatorCaseService          : {"event":"operator_case_transition","ts":"2026-09-12T10:59:09.563611204Z","caseId":"d2757cbf-898e-4368-8fe7-0b510f0e8a2d","rule":"T00_CREATE","to":"OPEN","revision":1}
2026-09-12T18:59:09.563+08:00  INFO 19004 --- [control-app] [           main] [                                                 ] c.o.p.c.o.a.OperatorCaseService          : {"event":"operator_case_transition","ts":"2026-09-12T10:59:09.563798236Z","caseId":"d2757cbf-898e-4368-8fe7-0b510f0e8a2d","rule":"T10_CLAIM","to":"ACKED","revision":2}
2026-09-12T18:59:09.564+08:00  INFO 19004 --- [control-app] [           main] [                                                 ] c.o.p.c.o.a.OperatorCaseService          : {"event":"operator_case_transition","ts":"2026-09-12T10:59:09.564433864Z","caseId":"020d2953-f020-4190-a54b-c5efd30adc66","rule":"T00_CREATE","to":"OPEN","revision":1}
2026-09-12T18:59:09.564+08:00  INFO 19004 --- [control-app] [           main] [                                                 ] c.o.p.c.o.a.OperatorCaseService          : {"event":"operator_case_transition","ts":"2026-09-12T10:59:09.564599405Z","caseId":"020d2953-f020-4190-a54b-c5efd30adc66","rule":"T30_RESOLVE","to":"RESOLVED","revision":2}
2026-09-12T18:59:09.574+08:00  INFO 19004 --- [control-app] [           main] [                                                 ] c.o.p.c.o.a.OperatorCaseService          : {"event":"operator_case_transition","ts":"2026-09-12T10:59:09.574140884Z","caseId":"711a6925-de99-41d6-9026-b9b4a06bb517","rule":"T00_CREATE","to":"OPEN","revision":1}
2026-09-12T18:59:09.574+08:00  INFO 19004 --- [control-app] [           main] [                                                 ] c.o.p.c.o.a.OperatorCaseService          : {"event":"operator_case_transition","ts":"2026-09-12T10:59:09.574500310Z","caseId":"711a6925-de99-41d6-9026-b9b4a06bb517","rule":"T60_ESCALATE","to":"OPEN","revision":2}
2026-09-12T18:59:09.575+08:00  INFO 19004 --- [control-app] [           main] [                                                 ] c.o.p.c.o.a.OperatorCaseService          : {"event":"operator_case_transition","ts":"2026-09-12T10:59:09.575405094Z","caseId":"75c84eb8-2064-4e20-bc5b-caaf475478a0","rule":"T00_CREATE","to":"OPEN","revision":1}
2026-09-12T18:59:09.575+08:00  INFO 19004 --- [control-app] [           main] [                                                 ] c.o.p.c.o.a.OperatorCaseService          : {"event":"operator_case_transition","ts":"2026-09-12T10:59:09.575598418Z","caseId":"75c84eb8-2064-4e20-bc5b-caaf475478a0","rule":"T10_CLAIM","to":"ACKED","revision":2}
2026-09-12T18:59:09.575+08:00  INFO 19004 --- [control-app] [           main] [                                                 ] c.o.p.c.o.a.OperatorCaseService          : {"event":"operator_case_transition","ts":"2026-09-12T10:59:09.575734604Z","caseId":"75c84eb8-2064-4e20-bc5b-caaf475478a0","rule":"T31_RESOLVE","to":"RESOLVED","revision":3}
2026-09-12T18:59:09.576+08:00  INFO 19004 --- [control-app] [           main] [                                                 ] c.o.p.c.o.a.OperatorCaseService          : {"event":"operator_case_transition","ts":"2026-09-12T10:59:09.575969116Z","caseId":"75c84eb8-2064-4e20-bc5b-caaf475478a0","rule":"T52_MERGE","to":"RESOLVED","revision":4}
2026-09-12T18:59:09.576+08:00  INFO 19004 --- [control-app] [           main] [                                                 ] c.o.p.c.o.a.OperatorCaseService          : {"event":"operator_case_transition","ts":"2026-09-12T10:59:09.576593312Z","caseId":"31c5e84f-9cc6-4d38-acae-30f09eefe791","rule":"T00_CREATE","to":"OPEN","revision":1}
2026-09-12T18:59:09.580+08:00  INFO 19004 --- [control-app] [           main] [                                                 ] c.o.p.c.o.a.OperatorCaseService          : {"event":"operator_case_transition","ts":"2026-09-12T10:59:09.580807658Z","caseId":"3e3595ca-2822-4671-a18c-ebdd57d35b55","rule":"T00_CREATE","to":"OPEN","revision":1}
2026-09-12T18:59:09.581+08:00  INFO 19004 --- [control-app] [           main] [                                                 ] c.o.p.c.o.a.OperatorCaseService          : {"event":"operator_case_transition","ts":"2026-09-12T10:59:09.581205897Z","caseId":"3e3595ca-2822-4671-a18c-ebdd57d35b55","rule":"T10_CLAIM","to":"ACKED","revision":2}
2026-09-12T18:59:09.582+08:00  INFO 19004 --- [control-app] [           main] [                                                 ] c.o.p.c.o.a.OperatorCaseService          : {"event":"operator_case_transition","ts":"2026-09-12T10:59:09.582375349Z","caseId":"e0bf29ae-7a79-43f4-a45b-baf889c6e535","rule":"T00_CREATE","to":"OPEN","revision":1}
2026-09-12T18:59:09.582+08:00  INFO 19004 --- [control-app] [           main] [                                                 ] c.o.p.c.o.a.OperatorCaseService          : {"event":"operator_case_transition","ts":"2026-09-12T10:59:09.582583913Z","caseId":"e0bf29ae-7a79-43f4-a45b-baf889c6e535","rule":"T10_CLAIM","to":"ACKED","revision":2}
2026-09-12T18:59:09.586+08:00  INFO 19004 --- [control-app] [           main] [                                                 ] c.o.p.c.o.a.OperatorCaseService          : {"event":"operator_case_transition","ts":"2026-09-12T10:59:09.586632897Z","caseId":"1f1d848b-774d-41c2-a2ce-b048c1718a4d","rule":"T00_CREATE","to":"OPEN","revision":1}
2026-09-12T18:59:09.587+08:00  INFO 19004 --- [control-app] [           main] [                                                 ] c.o.p.c.o.a.OperatorCaseService          : {"event":"operator_case_transition","ts":"2026-09-12T10:59:09.587133139Z","caseId":"1f1d848b-774d-41c2-a2ce-b048c1718a4d","rule":"T50_MERGE","to":"OPEN","revision":2}
2026-09-12T18:59:09.587+08:00  INFO 19004 --- [control-app] [           main] [                                                 ] c.o.p.c.o.a.OperatorCaseService          : {"event":"operator_case_transition","ts":"2026-09-12T10:59:09.587389993Z","caseId":"1f1d848b-774d-41c2-a2ce-b048c1718a4d","rule":"T50_MERGE","to":"OPEN","revision":3}
2026-09-12T18:59:09.588+08:00  INFO 19004 --- [control-app] [           main] [                                                 ] c.o.p.c.o.a.OperatorCaseService          : {"event":"operator_case_transition","ts":"2026-09-12T10:59:09.588206961Z","caseId":"5090a859-6f92-46ff-81e4-9aef1d525b11","rule":"T00_CREATE","to":"OPEN","revision":1}
2026-09-12T18:59:09.588+08:00  INFO 19004 --- [control-app] [           main] [                                                 ] c.o.p.c.o.a.OperatorCaseService          : {"event":"operator_case_transition","ts":"2026-09-12T10:59:09.588414613Z","caseId":"5090a859-6f92-46ff-81e4-9aef1d525b11","rule":"T60_ESCALATE","to":"OPEN","revision":2}
2026-09-12T18:59:09.589+08:00  INFO 19004 --- [control-app] [           main] [                                                 ] c.o.p.c.o.a.OperatorCaseService          : {"event":"operator_case_transition","ts":"2026-09-12T10:59:09.589512209Z","caseId":"2dd0256b-3f4d-46c9-8fd6-22f63e27b0d8","rule":"T00_CREATE","to":"OPEN","revision":1}
2026-09-12T18:59:09.589+08:00  INFO 19004 --- [control-app] [           main] [                                                 ] c.o.p.c.o.a.OperatorCaseService          : {"event":"operator_case_transition","ts":"2026-09-12T10:59:09.589715662Z","caseId":"2dd0256b-3f4d-46c9-8fd6-22f63e27b0d8","rule":"T10_CLAIM","to":"ACKED","revision":2}
2026-09-12T18:59:09.590+08:00  INFO 19004 --- [control-app] [           main] [                                                 ] c.o.p.c.o.a.OperatorCaseService          : {"event":"operator_case_transition","ts":"2026-09-12T10:59:09.590418505Z","caseId":"2dd0256b-3f4d-46c9-8fd6-22f63e27b0d8","rule":"T31_RESOLVE","to":"RESOLVED","revision":3}
2026-09-12T18:59:09.591+08:00  INFO 19004 --- [control-app] [           main] [                                                 ] c.o.p.c.o.a.OperatorCaseService          : {"event":"operator_case_transition","ts":"2026-09-12T10:59:09.591163048Z","caseId":"b21e0596-be92-489f-a130-be3ecb6a9231","rule":"T00_CREATE","to":"OPEN","revision":1}
2026-09-12T18:59:09.591+08:00  INFO 19004 --- [control-app] [           main] [                                                 ] c.o.p.c.o.a.OperatorCaseService          : {"event":"operator_case_transition","ts":"2026-09-12T10:59:09.591318851Z","caseId":"b21e0596-be92-489f-a130-be3ecb6a9231","rule":"T40_ASSIGN","to":"OPEN","revision":2}
2026-09-12T18:59:09.596+08:00  INFO 19004 --- [control-app] [           main] [                                                 ] c.o.p.c.o.a.OperatorCaseService          : {"event":"operator_case_transition","ts":"2026-09-12T10:59:09.596455755Z","caseId":"0895840c-8b92-4024-8ce1-74d243d28fde","rule":"T00_CREATE","to":"OPEN","revision":1}
2026-09-12T18:59:09.596+08:00  INFO 19004 --- [control-app] [           main] [                                                 ] c.o.p.c.o.a.OperatorCaseService          : {"event":"operator_case_transition","ts":"2026-09-12T10:59:09.596927443Z","caseId":"0895840c-8b92-4024-8ce1-74d243d28fde","rule":"T10_CLAIM","to":"ACKED","revision":2}
[INFO] Tests run: 16, Failures: 0, Errors: 0, Skipped: 0, Time elapsed: 0.048 s -- in com.objwww.pr.control.ops.application.OperatorCaseServiceTest
[INFO] Running com.objwww.pr.control.ops.dutybot.domain.BotIntentRecognizerTest
[INFO] Tests run: 10, Failures: 0, Errors: 0, Skipped: 0, Time elapsed: 0.010 s -- in com.objwww.pr.control.ops.dutybot.domain.BotIntentRecognizerTest
[INFO] Running com.objwww.pr.control.ops.dutybot.application.DutyBotServiceTest
[INFO] Tests run: 15, Failures: 0, Errors: 0, Skipped: 0, Time elapsed: 0.036 s -- in com.objwww.pr.control.ops.dutybot.application.DutyBotServiceTest
[INFO] Running com.objwww.pr.control.ops.interfaces.OperatorApiControllerTest
2026-09-12T18:59:09.660+08:00  INFO 19004 --- [control-app] [           main] [                                                 ] o.s.mock.web.MockServletContext          : Initializing Spring TestDispatcherServlet ''
2026-09-12T18:59:09.660+08:00  INFO 19004 --- [control-app] [           main] [                                                 ] o.s.t.web.servlet.TestDispatcherServlet  : Initializing Servlet ''
2026-09-12T18:59:09.660+08:00  INFO 19004 --- [control-app] [           main] [                                                 ] o.s.t.web.servlet.TestDispatcherServlet  : Completed initialization in 0 ms
2026-09-12T18:59:09.668+08:00  INFO 19004 --- [control-app] [           main] [                                                 ] o.s.mock.web.MockServletContext          : Initializing Spring TestDispatcherServlet ''
2026-09-12T18:59:09.668+08:00  INFO 19004 --- [control-app] [           main] [                                                 ] o.s.t.web.servlet.TestDispatcherServlet  : Initializing Servlet ''
2026-09-12T18:59:09.669+08:00  INFO 19004 --- [control-app] [           main] [                                                 ] o.s.t.web.servlet.TestDispatcherServlet  : Completed initialization in 1 ms
2026-09-12T18:59:09.669+08:00  INFO 19004 --- [control-app] [           main] [                                                 ] c.o.p.c.o.a.OperatorCaseService          : {"event":"operator_case_transition","ts":"2026-09-12T10:59:09.669567633Z","caseId":"979fe44f-492b-491d-8781-d3a65562eda0","rule":"T00_CREATE","to":"OPEN","revision":1}
2026-09-12T18:59:09.669+08:00  INFO 19004 --- [control-app] [           main] [                                                 ] c.o.p.c.o.a.OperatorCaseService          : {"event":"operator_case_transition","ts":"2026-09-12T10:59:09.669854763Z","caseId":"420ca7d4-764c-4579-9f6d-7d416b7446d8","rule":"T00_CREATE","to":"OPEN","revision":1}
2026-09-12T18:59:09.670+08:00  INFO 19004 --- [control-app] [           main] [                                                 ] c.o.p.c.o.a.OperatorCaseService          : {"event":"operator_case_transition","ts":"2026-09-12T10:59:09.670010687Z","caseId":"420ca7d4-764c-4579-9f6d-7d416b7446d8","rule":"T10_CLAIM","to":"ACKED","revision":2}
2026-09-12T18:59:09.670+08:00  INFO 19004 --- [control-app] [           main] [                                                 ] c.o.p.c.o.a.OperatorCaseService          : {"event":"operator_case_transition","ts":"2026-09-12T10:59:09.670214200Z","caseId":"230789ec-c07b-4f1a-939c-82d6e65e8cb6","rule":"T00_CREATE","to":"OPEN","revision":1}
2026-09-12T18:59:09.670+08:00  INFO 19004 --- [control-app] [           main] [                                                 ] c.o.p.c.o.a.OperatorCaseService          : {"event":"operator_case_transition","ts":"2026-09-12T10:59:09.670398678Z","caseId":"49fe4c0e-552d-4202-ac15-8bb007bf9ddd","rule":"T00_CREATE","to":"OPEN","revision":1}
2026-09-12T18:59:09.670+08:00  INFO 19004 --- [control-app] [           main] [                                                 ] c.o.p.c.o.a.OperatorCaseService          : {"event":"operator_case_transition","ts":"2026-09-12T10:59:09.670539773Z","caseId":"49fe4c0e-552d-4202-ac15-8bb007bf9ddd","rule":"T10_CLAIM","to":"ACKED","revision":2}
2026-09-12T18:59:09.670+08:00  INFO 19004 --- [control-app] [           main] [                                                 ] c.o.p.c.o.a.OperatorCaseService          : {"event":"operator_case_transition","ts":"2026-09-12T10:59:09.670736333Z","caseId":"86be6909-75d7-4050-9cfb-f11afcb179f6","rule":"T00_CREATE","to":"OPEN","revision":1}
2026-09-12T18:59:09.670+08:00  INFO 19004 --- [control-app] [           main] [                                                 ] c.o.p.c.o.a.OperatorCaseService          : {"event":"operator_case_transition","ts":"2026-09-12T10:59:09.670911934Z","caseId":"86be6909-75d7-4050-9cfb-f11afcb179f6","rule":"T30_RESOLVE","to":"RESOLVED","revision":2}
2026-09-12T18:59:09.685+08:00  INFO 19004 --- [control-app] [           main] [                                                 ] o.s.mock.web.MockServletContext          : Initializing Spring TestDispatcherServlet ''
2026-09-12T18:59:09.685+08:00  INFO 19004 --- [control-app] [           main] [                                                 ] o.s.t.web.servlet.TestDispatcherServlet  : Initializing Servlet ''
2026-09-12T18:59:09.685+08:00  INFO 19004 --- [control-app] [           main] [                                                 ] o.s.t.web.servlet.TestDispatcherServlet  : Completed initialization in 0 ms
2026-09-12T18:59:09.685+08:00  INFO 19004 --- [control-app] [           main] [                                                 ] c.o.p.c.o.a.OperatorCaseService          : {"event":"operator_case_transition","ts":"2026-09-12T10:59:09.685792075Z","caseId":"f72f24d3-ffd7-4e65-876e-ad4986289f01","rule":"T00_CREATE","to":"OPEN","revision":1}
2026-09-12T18:59:09.686+08:00  INFO 19004 --- [control-app] [           main] [                                                 ] c.o.p.c.o.a.OperatorCaseService          : {"event":"operator_case_transition","ts":"2026-09-12T10:59:09.685983876Z","caseId":"f72f24d3-ffd7-4e65-876e-ad4986289f01","rule":"T10_CLAIM","to":"ACKED","revision":2}
2026-09-12T18:59:09.689+08:00  INFO 19004 --- [control-app] [           main] [                                                 ] c.o.p.c.o.i.OperatorApiController        : operator-case resolve: case=f72f24d3-ffd7-4e65-876e-ad4986289f01 idem-key=ui-5 operator=operator-a
2026-09-12T18:59:09.689+08:00  INFO 19004 --- [control-app] [           main] [                                                 ] c.o.p.c.o.a.OperatorCaseService          : {"event":"operator_case_transition","ts":"2026-09-12T10:59:09.689292166Z","caseId":"f72f24d3-ffd7-4e65-876e-ad4986289f01","rule":"T31_RESOLVE","to":"RESOLVED","revision":3}
2026-09-12T18:59:09.696+08:00  INFO 19004 --- [control-app] [           main] [                                                 ] o.s.mock.web.MockServletContext          : Initializing Spring TestDispatcherServlet ''
2026-09-12T18:59:09.696+08:00  INFO 19004 --- [control-app] [           main] [                                                 ] o.s.t.web.servlet.TestDispatcherServlet  : Initializing Servlet ''
2026-09-12T18:59:09.696+08:00  INFO 19004 --- [control-app] [           main] [                                                 ] o.s.t.web.servlet.TestDispatcherServlet  : Completed initialization in 0 ms
2026-09-12T18:59:09.698+08:00  INFO 19004 --- [control-app] [           main] [                                                 ] c.o.p.c.o.a.OperatorCaseService          : {"event":"operator_case_transition","ts":"2026-09-12T10:59:09.698199860Z","caseId":"3b88d82c-a79a-4531-ad0a-bbcf9e3e1fb5","rule":"T00_CREATE","to":"OPEN","revision":1}
2026-09-12T18:59:09.700+08:00  INFO 19004 --- [control-app] [           main] [                                                 ] c.o.p.c.o.i.OperatorApiController        : operator-case assign: case=3b88d82c-a79a-4531-ad0a-bbcf9e3e1fb5 idem-key=ui-6 operator=dispatcher
2026-09-12T18:59:09.706+08:00  INFO 19004 --- [control-app] [           main] [                                                 ] c.o.p.c.o.a.OperatorCaseService          : {"event":"operator_case_transition","ts":"2026-09-12T10:59:09.700810356Z","caseId":"3b88d82c-a79a-4531-ad0a-bbcf9e3e1fb5","rule":"T40_ASSIGN","to":"OPEN","revision":2}
2026-09-12T18:59:09.709+08:00  INFO 19004 --- [control-app] [           main] [                                                 ] c.o.p.c.o.i.OperatorApiController        : operator-case assign: case=3b88d82c-a79a-4531-ad0a-bbcf9e3e1fb5 idem-key=ui-7 operator=dispatcher
2026-09-12T18:59:09.709+08:00  INFO 19004 --- [control-app] [           main] [                                                 ] c.o.p.c.o.a.OperatorCaseService          : {"event":"operator_case_transition","ts":"2026-09-12T10:59:09.709662837Z","caseId":"3b88d82c-a79a-4531-ad0a-bbcf9e3e1fb5","rule":"T40_ASSIGN","to":"OPEN","revision":3}
2026-09-12T18:59:09.721+08:00  INFO 19004 --- [control-app] [           main] [                                                 ] o.s.mock.web.MockServletContext          : Initializing Spring TestDispatcherServlet ''
2026-09-12T18:59:09.721+08:00  INFO 19004 --- [control-app] [           main] [                                                 ] o.s.t.web.servlet.TestDispatcherServlet  : Initializing Servlet ''
2026-09-12T18:59:09.721+08:00  INFO 19004 --- [control-app] [           main] [                                                 ] o.s.t.web.servlet.TestDispatcherServlet  : Completed initialization in 0 ms
2026-09-12T18:59:09.721+08:00  INFO 19004 --- [control-app] [           main] [                                                 ] c.o.p.c.o.a.OperatorCaseService          : {"event":"operator_case_transition","ts":"2026-09-12T10:59:09.721882958Z","caseId":"0a06e6bb-fa37-4015-9119-d71da8075d54","rule":"T00_CREATE","to":"OPEN","revision":1}
2026-09-12T18:59:09.722+08:00  INFO 19004 --- [control-app] [           main] [                                                 ] c.o.p.c.o.a.OperatorCaseService          : {"event":"operator_case_transition","ts":"2026-09-12T10:59:09.722064460Z","caseId":"0a06e6bb-fa37-4015-9119-d71da8075d54","rule":"T10_CLAIM","to":"ACKED","revision":2}
2026-09-12T18:59:09.733+08:00  INFO 19004 --- [control-app] [           main] [                                                 ] o.s.mock.web.MockServletContext          : Initializing Spring TestDispatcherServlet ''
2026-09-12T18:59:09.733+08:00  INFO 19004 --- [control-app] [           main] [                                                 ] o.s.t.web.servlet.TestDispatcherServlet  : Initializing Servlet ''
2026-09-12T18:59:09.733+08:00  INFO 19004 --- [control-app] [           main] [                                                 ] o.s.t.web.servlet.TestDispatcherServlet  : Completed initialization in 0 ms
2026-09-12T18:59:09.733+08:00  INFO 19004 --- [control-app] [           main] [                                                 ] c.o.p.c.o.a.OperatorCaseService          : {"event":"operator_case_transition","ts":"2026-09-12T10:59:09.733646640Z","caseId":"dcbef656-c369-4a97-857b-570da76ce1b7","rule":"T00_CREATE","to":"OPEN","revision":1}
2026-09-12T18:59:09.733+08:00  INFO 19004 --- [control-app] [           main] [                                                 ] c.o.p.c.o.a.OperatorCaseService          : {"event":"operator_case_transition","ts":"2026-09-12T10:59:09.733829745Z","caseId":"dcbef656-c369-4a97-857b-570da76ce1b7","rule":"T30_RESOLVE","to":"RESOLVED","revision":2}
2026-09-12T18:59:09.736+08:00  INFO 19004 --- [control-app] [           main] [                                                 ] c.o.p.c.o.i.OperatorApiController        : operator-case claim: case=dcbef656-c369-4a97-857b-570da76ce1b7 idem-key=ui-8 operator=sre-b
2026-09-12T18:59:09.738+08:00  INFO 19004 --- [control-app] [           main] [                                                 ] c.o.p.c.o.i.OperatorApiController        : operator-case claim: case=545429ad-7c39-4833-a553-f3a2f87e1638 idem-key=ui-9 operator=sre-b
2026-09-12T18:59:09.743+08:00  INFO 19004 --- [control-app] [           main] [                                                 ] o.s.mock.web.MockServletContext          : Initializing Spring TestDispatcherServlet ''
2026-09-12T18:59:09.743+08:00  INFO 19004 --- [control-app] [           main] [                                                 ] o.s.t.web.servlet.TestDispatcherServlet  : Initializing Servlet ''
2026-09-12T18:59:09.743+08:00  INFO 19004 --- [control-app] [           main] [                                                 ] o.s.t.web.servlet.TestDispatcherServlet  : Completed initialization in 0 ms
2026-09-12T18:59:09.744+08:00  INFO 19004 --- [control-app] [           main] [                                                 ] c.o.p.c.o.a.OperatorCaseService          : {"event":"operator_case_transition","ts":"2026-09-12T10:59:09.744039361Z","caseId":"00a2020e-594e-4cbd-9129-cf13ae239b6f","rule":"T00_CREATE","to":"OPEN","revision":1}
2026-09-12T18:59:09.745+08:00  INFO 19004 --- [control-app] [           main] [                                                 ] c.o.p.c.o.i.OperatorApiController        : operator-case claim: case=00a2020e-594e-4cbd-9129-cf13ae239b6f idem-key=ui-1 operator=sre-li
2026-09-12T18:59:09.745+08:00  INFO 19004 --- [control-app] [           main] [                                                 ] c.o.p.c.o.a.OperatorCaseService          : {"event":"operator_case_transition","ts":"2026-09-12T10:59:09.745852946Z","caseId":"00a2020e-594e-4cbd-9129-cf13ae239b6f","rule":"T10_CLAIM","to":"ACKED","revision":2}
2026-09-12T18:59:09.752+08:00  INFO 19004 --- [control-app] [           main] [                                                 ] o.s.mock.web.MockServletContext          : Initializing Spring TestDispatcherServlet ''
2026-09-12T18:59:09.752+08:00  INFO 19004 --- [control-app] [           main] [                                                 ] o.s.t.web.servlet.TestDispatcherServlet  : Initializing Servlet ''
2026-09-12T18:59:09.752+08:00  INFO 19004 --- [control-app] [           main] [                                                 ] o.s.t.web.servlet.TestDispatcherServlet  : Completed initialization in 0 ms
2026-09-12T18:59:09.752+08:00  INFO 19004 --- [control-app] [           main] [                                                 ] c.o.p.c.o.a.OperatorCaseService          : {"event":"operator_case_transition","ts":"2026-09-12T10:59:09.752876433Z","caseId":"778e12e5-f5f3-4733-b408-b25d3fb8044f","rule":"T00_CREATE","to":"OPEN","revision":1}
2026-09-12T18:59:09.753+08:00  INFO 19004 --- [control-app] [           main] [                                                 ] c.o.p.c.o.a.OperatorCaseService          : {"event":"operator_case_transition","ts":"2026-09-12T10:59:09.753090425Z","caseId":"8c94b395-add3-44e5-a833-27d8d89aed6d","rule":"T00_CREATE","to":"OPEN","revision":1}
2026-09-12T18:59:09.753+08:00  INFO 19004 --- [control-app] [           main] [                                                 ] c.o.p.c.o.a.OperatorCaseService          : {"event":"operator_case_transition","ts":"2026-09-12T10:59:09.753220620Z","caseId":"24c4b14f-7609-41de-867b-15e577398c36","rule":"T00_CREATE","to":"OPEN","revision":1}
2026-09-12T18:59:09.765+08:00  INFO 19004 --- [control-app] [           main] [                                                 ] o.s.mock.web.MockServletContext          : Initializing Spring TestDispatcherServlet ''
2026-09-12T18:59:09.765+08:00  INFO 19004 --- [control-app] [           main] [                                                 ] o.s.t.web.servlet.TestDispatcherServlet  : Initializing Servlet ''
2026-09-12T18:59:09.765+08:00  INFO 19004 --- [control-app] [           main] [                                                 ] o.s.t.web.servlet.TestDispatcherServlet  : Completed initialization in 0 ms
2026-09-12T18:59:09.765+08:00  INFO 19004 --- [control-app] [           main] [                                                 ] c.o.p.c.o.a.OperatorCaseService          : {"event":"operator_case_transition","ts":"2026-09-12T10:59:09.765700562Z","caseId":"9d961ebd-61d9-4c4a-a3aa-2fb34ec0e963","rule":"T00_CREATE","to":"OPEN","revision":1}
2026-09-12T18:59:09.765+08:00  INFO 19004 --- [control-app] [           main] [                                                 ] c.o.p.c.o.a.OperatorCaseService          : {"event":"operator_case_transition","ts":"2026-09-12T10:59:09.765889357Z","caseId":"9d961ebd-61d9-4c4a-a3aa-2fb34ec0e963","rule":"T10_CLAIM","to":"ACKED","revision":2}
2026-09-12T18:59:09.769+08:00  INFO 19004 --- [control-app] [           main] [                                                 ] c.o.p.c.o.i.OperatorApiController        : operator-case resolve: case=9d961ebd-61d9-4c4a-a3aa-2fb34ec0e963 idem-key=ui-4 operator=operator-a
2026-09-12T18:59:09.769+08:00  INFO 19004 --- [control-app] [           main] [                                                 ] c.o.p.c.o.a.OperatorCaseService          : {"event":"operator_case_transition","ts":"2026-09-12T10:59:09.769919156Z","caseId":"9d961ebd-61d9-4c4a-a3aa-2fb34ec0e963","rule":"T31_RESOLVE","to":"RESOLVED","revision":3}
2026-09-12T18:59:09.775+08:00  INFO 19004 --- [control-app] [           main] [                                                 ] o.s.mock.web.MockServletContext          : Initializing Spring TestDispatcherServlet ''
2026-09-12T18:59:09.775+08:00  INFO 19004 --- [control-app] [           main] [                                                 ] o.s.t.web.servlet.TestDispatcherServlet  : Initializing Servlet ''
2026-09-12T18:59:09.775+08:00  INFO 19004 --- [control-app] [           main] [                                                 ] o.s.t.web.servlet.TestDispatcherServlet  : Completed initialization in 0 ms
2026-09-12T18:59:09.776+08:00  INFO 19004 --- [control-app] [           main] [                                                 ] c.o.p.c.o.a.OperatorCaseService          : {"event":"operator_case_transition","ts":"2026-09-12T10:59:09.776192739Z","caseId":"2165c89e-d8c8-4723-ad73-8acbe28cb131","rule":"T00_CREATE","to":"OPEN","revision":1}
2026-09-12T18:59:09.776+08:00  INFO 19004 --- [control-app] [           main] [                                                 ] c.o.p.c.o.a.OperatorCaseService          : {"event":"operator_case_transition","ts":"2026-09-12T10:59:09.776384380Z","caseId":"2165c89e-d8c8-4723-ad73-8acbe28cb131","rule":"T40_ASSIGN","to":"OPEN","revision":2}
2026-09-12T18:59:09.778+08:00  INFO 19004 --- [control-app] [           main] [                                                 ] c.o.p.c.o.i.OperatorApiController        : operator-case claim: case=2165c89e-d8c8-4723-ad73-8acbe28cb131 idem-key=ui-2 operator=sre-b
2026-09-12T18:59:09.787+08:00  INFO 19004 --- [control-app] [           main] [                                                 ] o.s.mock.web.MockServletContext          : Initializing Spring TestDispatcherServlet ''
2026-09-12T18:59:09.787+08:00  INFO 19004 --- [control-app] [           main] [                                                 ] o.s.t.web.servlet.TestDispatcherServlet  : Initializing Servlet ''
2026-09-12T18:59:09.787+08:00  INFO 19004 --- [control-app] [           main] [                                                 ] o.s.t.web.servlet.TestDispatcherServlet  : Completed initialization in 0 ms
2026-09-12T18:59:09.787+08:00  INFO 19004 --- [control-app] [           main] [                                                 ] c.o.p.c.o.a.OperatorCaseService          : {"event":"operator_case_transition","ts":"2026-09-12T10:59:09.787860982Z","caseId":"b0f5dabf-a7a0-473c-ba35-22eac699a847","rule":"T00_CREATE","to":"OPEN","revision":1}
2026-09-12T18:59:09.788+08:00  INFO 19004 --- [control-app] [           main] [                                                 ] c.o.p.c.o.a.OperatorCaseService          : {"event":"operator_case_transition","ts":"2026-09-12T10:59:09.788055097Z","caseId":"b0f5dabf-a7a0-473c-ba35-22eac699a847","rule":"T10_CLAIM","to":"ACKED","revision":2}
2026-09-12T18:59:09.788+08:00  INFO 19004 --- [control-app] [           main] [                                                 ] c.o.p.c.o.a.OperatorCaseService          : {"event":"operator_case_transition","ts":"2026-09-12T10:59:09.788248733Z","caseId":"2171ee49-4768-4897-a2bf-4f678b323267","rule":"T00_CREATE","to":"OPEN","revision":1}
[INFO] Tests run: 11, Failures: 0, Errors: 0, Skipped: 0, Time elapsed: 0.145 s -- in com.objwww.pr.control.ops.interfaces.OperatorApiControllerTest
[INFO] Running com.objwww.pr.control.ops.duty.domain.DutyResolverTest
[INFO] Tests run: 7, Failures: 0, Errors: 0, Skipped: 0, Time elapsed: 0.003 s -- in com.objwww.pr.control.ops.duty.domain.DutyResolverTest
[INFO] Running com.objwww.pr.control.ops.duty.domain.RotationMathTest
[INFO] Tests run: 7, Failures: 0, Errors: 0, Skipped: 0, Time elapsed: 0.004 s -- in com.objwww.pr.control.ops.duty.domain.RotationMathTest
[INFO] Running com.objwww.pr.control.ops.duty.application.DutyDispatchServiceTest
2026-09-12T18:59:09.807+08:00  INFO 19004 --- [control-app] [           main] [                                                 ] c.o.p.c.o.d.a.DutyDispatchService        : {"event":"DUTY_DISPATCH_NO_CHANNEL","ts":"2026-09-12T10:59:09.807624970Z","notification_id":"1b21d8d3-5cfc-4fe7-9631-a8fb2d97044e","source":"RCA_SYSTEM","episode_id":"c1a9585c51d49e59048e71f327d1adcb237326bd0cdf3e6e3705ce2c99d93910","reason":"no_channel_configured"}
2026-09-12T18:59:09.808+08:00  INFO 19004 --- [control-app] [           main] [                                                 ] c.o.p.c.o.d.a.DutyDispatchService        : {"event":"DUTY_DISPATCH_NO_CHANNEL","ts":"2026-09-12T10:59:09.808770006Z","notification_id":"c82561ec-215a-3e31-807c-eedf3b3bd25e","source":"MANUAL","episode_id":"4ec9858a-99ff-469d-b42b-a54816157831","reason":"no_channel_configured"}
2026-09-12T18:59:09.809+08:00  INFO 19004 --- [control-app] [           main] [                                                 ] c.o.p.c.o.d.a.DutyDispatchService        : {"event":"DUTY_DISPATCH_NO_CHANNEL","ts":"2026-09-12T10:59:09.808999869Z","notification_id":"a6bbc91a-e73d-321c-8533-f735470a9cd0","source":"MANUAL","episode_id":"e1185dc7-5b8c-416c-af5c-d4ef9afd04d7","reason":"no_channel_configured"}
2026-09-12T18:59:09.810+08:00  INFO 19004 --- [control-app] [           main] [                                                 ] c.o.p.c.o.d.a.DutyDispatchService        : {"event":"DUTY_DISPATCH_NO_CHANNEL","ts":"2026-09-12T10:59:09.810681055Z","notification_id":"c82561ec-215a-3e31-807c-eedf3b3bd25e","source":"RCA_SYSTEM","episode_id":"a4f724be1a3a5392512887fb10b511f976f4f4fe101b7a85636e4bef50950796","reason":"no_channel_configured"}
[INFO] Tests run: 5, Failures: 0, Errors: 0, Skipped: 0, Time elapsed: 0.006 s -- in com.objwww.pr.control.ops.duty.application.DutyDispatchServiceTest
[INFO] Running com.objwww.pr.control.ops.duty.application.DutyFallbackWatcherTest
2026-09-12T18:59:09.814+08:00  INFO 19004 --- [control-app] [           main] [                                                 ] c.o.p.c.o.d.a.DutyFallbackWatcher        : {"event":"DUTY_DEGRADE_DEADLINE","ts":"2026-09-12T10:59:09.814426878Z","notification_id":"3161b3e8-ba12-41c3-b331-6c851c22f8df","dead_priority":1,"reason":"age_beyond_max"}
2026-09-12T18:59:09.815+08:00  INFO 19004 --- [control-app] [           main] [                                                 ] c.o.p.c.o.d.a.DutyFallbackWatcher        : {"event":"DUTY_CHAIN_EXHAUSTED","ts":"2026-09-12T10:59:09.815010428Z","notification_id":"8191b296-217a-4ec3-8744-e1576d3c8944","dead_priority":1,"reason":"no_next_channel"}
[INFO] Tests run: 5, Failures: 0, Errors: 0, Skipped: 0, Time elapsed: 0.004 s -- in com.objwww.pr.control.ops.duty.application.DutyFallbackWatcherTest
[INFO] Running com.objwww.pr.control.ops.duty.interfaces.DutyAdminControllerTest
2026-09-12T18:59:09.965+08:00  INFO 19004 --- [control-app] [           main] [                                                 ] o.s.mock.web.MockServletContext          : Initializing Spring TestDispatcherServlet ''
2026-09-12T18:59:09.965+08:00  INFO 19004 --- [control-app] [           main] [                                                 ] o.s.t.web.servlet.TestDispatcherServlet  : Initializing Servlet ''
2026-09-12T18:59:09.965+08:00  INFO 19004 --- [control-app] [           main] [                                                 ] o.s.t.web.servlet.TestDispatcherServlet  : Completed initialization in 0 ms
2026-09-12T18:59:09.980+08:00  INFO 19004 --- [control-app] [           main] [                                                 ] o.s.mock.web.MockServletContext          : Initializing Spring TestDispatcherServlet ''
2026-09-12T18:59:09.980+08:00  INFO 19004 --- [control-app] [           main] [                                                 ] o.s.t.web.servlet.TestDispatcherServlet  : Initializing Servlet ''
2026-09-12T18:59:09.980+08:00  INFO 19004 --- [control-app] [           main] [                                                 ] o.s.t.web.servlet.TestDispatcherServlet  : Completed initialization in 0 ms
2026-09-12T18:59:09.996+08:00  INFO 19004 --- [control-app] [           main] [                                                 ] o.s.mock.web.MockServletContext          : Initializing Spring TestDispatcherServlet ''
2026-09-12T18:59:09.997+08:00  INFO 19004 --- [control-app] [           main] [                                                 ] o.s.t.web.servlet.TestDispatcherServlet  : Initializing Servlet ''
2026-09-12T18:59:09.997+08:00  INFO 19004 --- [control-app] [           main] [                                                 ] o.s.t.web.servlet.TestDispatcherServlet  : Completed initialization in 0 ms
2026-09-12T18:59:10.015+08:00  INFO 19004 --- [control-app] [           main] [                                                 ] o.s.mock.web.MockServletContext          : Initializing Spring TestDispatcherServlet ''
2026-09-12T18:59:10.015+08:00  INFO 19004 --- [control-app] [           main] [                                                 ] o.s.t.web.servlet.TestDispatcherServlet  : Initializing Servlet ''
2026-09-12T18:59:10.016+08:00  INFO 19004 --- [control-app] [           main] [                                                 ] o.s.t.web.servlet.TestDispatcherServlet  : Completed initialization in 1 ms
[INFO] Tests run: 4, Failures: 0, Errors: 0, Skipped: 0, Time elapsed: 0.217 s -- in com.objwww.pr.control.ops.duty.interfaces.DutyAdminControllerTest
[INFO] Running com.objwww.pr.control.ops.duty.interfaces.DutyQueryControllerTest
2026-09-12T18:59:10.041+08:00  INFO 19004 --- [control-app] [           main] [                                                 ] o.s.mock.web.MockServletContext          : Initializing Spring TestDispatcherServlet ''
2026-09-12T18:59:10.041+08:00  INFO 19004 --- [control-app] [           main] [                                                 ] o.s.t.web.servlet.TestDispatcherServlet  : Initializing Servlet ''
2026-09-12T18:59:10.042+08:00  INFO 19004 --- [control-app] [           main] [                                                 ] o.s.t.web.servlet.TestDispatcherServlet  : Completed initialization in 1 ms
2026-09-12T18:59:10.051+08:00  INFO 19004 --- [control-app] [           main] [                                                 ] o.s.mock.web.MockServletContext          : Initializing Spring TestDispatcherServlet ''
2026-09-12T18:59:10.051+08:00  INFO 19004 --- [control-app] [           main] [                                                 ] o.s.t.web.servlet.TestDispatcherServlet  : Initializing Servlet ''
2026-09-12T18:59:10.051+08:00  INFO 19004 --- [control-app] [           main] [                                                 ] o.s.t.web.servlet.TestDispatcherServlet  : Completed initialization in 0 ms
2026-09-12T18:59:10.061+08:00  INFO 19004 --- [control-app] [           main] [                                                 ] o.s.mock.web.MockServletContext          : Initializing Spring TestDispatcherServlet ''
2026-09-12T18:59:10.062+08:00  INFO 19004 --- [control-app] [           main] [                                                 ] o.s.t.web.servlet.TestDispatcherServlet  : Initializing Servlet ''
2026-09-12T18:59:10.062+08:00  INFO 19004 --- [control-app] [           main] [                                                 ] o.s.t.web.servlet.TestDispatcherServlet  : Completed initialization in 0 ms
2026-09-12T18:59:10.073+08:00  INFO 19004 --- [control-app] [           main] [                                                 ] o.s.mock.web.MockServletContext          : Initializing Spring TestDispatcherServlet ''
2026-09-12T18:59:10.073+08:00  INFO 19004 --- [control-app] [           main] [                                                 ] o.s.t.web.servlet.TestDispatcherServlet  : Initializing Servlet ''
2026-09-12T18:59:10.073+08:00  INFO 19004 --- [control-app] [           main] [                                                 ] o.s.t.web.servlet.TestDispatcherServlet  : Completed initialization in 0 ms
2026-09-12T18:59:10.080+08:00  INFO 19004 --- [control-app] [           main] [                                                 ] o.s.mock.web.MockServletContext          : Initializing Spring TestDispatcherServlet ''
2026-09-12T18:59:10.080+08:00  INFO 19004 --- [control-app] [           main] [                                                 ] o.s.t.web.servlet.TestDispatcherServlet  : Initializing Servlet ''
2026-09-12T18:59:10.081+08:00  INFO 19004 --- [control-app] [           main] [                                                 ] o.s.t.web.servlet.TestDispatcherServlet  : Completed initialization in 0 ms
2026-09-12T18:59:10.082+08:00  INFO 19004 --- [control-app] [           main] [                                                 ] c.o.p.c.o.d.a.DutyDispatchService        : {"event":"DUTY_DISPATCH_NO_CHANNEL","ts":"2026-09-12T10:59:10.082857894Z","notification_id":"ca8d6a6d-4b01-45e8-8468-99b9529f08bc","source":"MANUAL","episode_id":"e77a2e57-2d56-4f1c-8619-3e79f3c94666","reason":"no_channel_configured"}
2026-09-12T18:59:10.090+08:00  INFO 19004 --- [control-app] [           main] [                                                 ] o.s.mock.web.MockServletContext          : Initializing Spring TestDispatcherServlet ''
2026-09-12T18:59:10.090+08:00  INFO 19004 --- [control-app] [           main] [                                                 ] o.s.t.web.servlet.TestDispatcherServlet  : Initializing Servlet ''
2026-09-12T18:59:10.090+08:00  INFO 19004 --- [control-app] [           main] [                                                 ] o.s.t.web.servlet.TestDispatcherServlet  : Completed initialization in 0 ms
[INFO] Tests run: 6, Failures: 0, Errors: 0, Skipped: 0, Time elapsed: 0.060 s -- in com.objwww.pr.control.ops.duty.interfaces.DutyQueryControllerTest
[INFO] Running com.objwww.pr.control.auth.interfaces.AuthUserAdminControllerTest
2026-09-12T18:59:10.193+08:00  INFO 19004 --- [control-app] [           main] [                                                 ] o.s.mock.web.MockServletContext          : Initializing Spring TestDispatcherServlet ''
2026-09-12T18:59:10.193+08:00  INFO 19004 --- [control-app] [           main] [                                                 ] o.s.t.web.servlet.TestDispatcherServlet  : Initializing Servlet ''
2026-09-12T18:59:10.193+08:00  INFO 19004 --- [control-app] [           main] [                                                 ] o.s.t.web.servlet.TestDispatcherServlet  : Completed initialization in 0 ms
2026-09-12T18:59:10.415+08:00  INFO 19004 --- [control-app] [           main] [                                                 ] o.s.mock.web.MockServletContext          : Initializing Spring TestDispatcherServlet ''
2026-09-12T18:59:10.416+08:00  INFO 19004 --- [control-app] [           main] [                                                 ] o.s.t.web.servlet.TestDispatcherServlet  : Initializing Servlet ''
2026-09-12T18:59:10.416+08:00  INFO 19004 --- [control-app] [           main] [                                                 ] o.s.t.web.servlet.TestDispatcherServlet  : Completed initialization in 0 ms
2026-09-12T18:59:10.503+08:00  INFO 19004 --- [control-app] [           main] [                                                 ] o.s.mock.web.MockServletContext          : Initializing Spring TestDispatcherServlet ''
2026-09-12T18:59:10.503+08:00  INFO 19004 --- [control-app] [           main] [                                                 ] o.s.t.web.servlet.TestDispatcherServlet  : Initializing Servlet ''
2026-09-12T18:59:10.503+08:00  INFO 19004 --- [control-app] [           main] [                                                 ] o.s.t.web.servlet.TestDispatcherServlet  : Completed initialization in 0 ms
2026-09-12T18:59:10.516+08:00  INFO 19004 --- [control-app] [           main] [                                                 ] o.s.mock.web.MockServletContext          : Initializing Spring TestDispatcherServlet ''
2026-09-12T18:59:10.516+08:00  INFO 19004 --- [control-app] [           main] [                                                 ] o.s.t.web.servlet.TestDispatcherServlet  : Initializing Servlet ''
2026-09-12T18:59:10.516+08:00  INFO 19004 --- [control-app] [           main] [                                                 ] o.s.t.web.servlet.TestDispatcherServlet  : Completed initialization in 0 ms
2026-09-12T18:59:10.525+08:00  INFO 19004 --- [control-app] [           main] [                                                 ] o.s.mock.web.MockServletContext          : Initializing Spring TestDispatcherServlet ''
2026-09-12T18:59:10.525+08:00  INFO 19004 --- [control-app] [           main] [                                                 ] o.s.t.web.servlet.TestDispatcherServlet  : Initializing Servlet ''
2026-09-12T18:59:10.526+08:00  INFO 19004 --- [control-app] [           main] [                                                 ] o.s.t.web.servlet.TestDispatcherServlet  : Completed initialization in 1 ms
[INFO] Tests run: 5, Failures: 0, Errors: 0, Skipped: 0, Time elapsed: 0.515 s -- in com.objwww.pr.control.auth.interfaces.AuthUserAdminControllerTest
2026-09-12T18:59:10.620+08:00  INFO 19004 --- [control-app] [           main] [                                                 ] org.testcontainers.DockerClientFactory   : Testcontainers version: 1.20.4
2026-09-12T18:59:10.760+08:00  INFO 19004 --- [control-app] [           main] [                                                 ] o.t.d.DockerClientProviderStrategy       : Loaded org.testcontainers.dockerclient.UnixSocketClientProviderStrategy from ~/.testcontainers.properties, will try it first
2026-09-12T18:59:11.036+08:00  INFO 19004 --- [control-app] [           main] [                                                 ] o.t.d.DockerClientProviderStrategy       : Found Docker environment with local Unix socket (unix:///var/run/docker.sock)
2026-09-12T18:59:11.038+08:00  INFO 19004 --- [control-app] [           main] [                                                 ] org.testcontainers.DockerClientFactory   : Docker host IP address is localhost
2026-09-12T18:59:11.075+08:00  INFO 19004 --- [control-app] [           main] [                                                 ] org.testcontainers.DockerClientFactory   : Connected to docker: 
  Server Version: 26.1.4
  API Version: 1.45
  Operating System: CentOS Linux 7 (Core)
  Total Memory: 7725 MB
2026-09-12T18:59:11.087+08:00  INFO 19004 --- [control-app] [           main] [                                                 ] org.testcontainers.images.PullPolicy     : Image pull policy will be performed by: DefaultPullPolicy()
2026-09-12T18:59:11.089+08:00  INFO 19004 --- [control-app] [           main] [                                                 ] o.t.utility.ImageNameSubstitutor         : Image name substitution will be performed by: DefaultImageNameSubstitutor (composite of 'ConfigurationFileImageNameSubstitutor' and 'PrefixingImageNameSubstitutor')
2026-09-12T18:59:11.152+08:00  INFO 19004 --- [control-app] [           main] [                                                 ] tc.testcontainers/ryuk:0.11.0            : Creating container for image: testcontainers/ryuk:0.11.0
2026-09-12T18:59:11.157+08:00  INFO 19004 --- [control-app] [           main] [                                                 ] o.t.utility.RegistryAuthLocator          : Failure when attempting to lookup auth config. Please ignore if you don't have images in an authenticated registry. Details: (dockerImageName: testcontainers/ryuk:0.11.0, configFile: /root/.docker/config.json, configEnv: DOCKER_AUTH_CONFIG). Falling back to docker-java default behaviour. Exception message: Status 404: No config supplied. Checked in order: /root/.docker/config.json (file not found), DOCKER_AUTH_CONFIG (not set)
2026-09-12T18:59:11.286+08:00  INFO 19004 --- [control-app] [           main] [                                                 ] tc.testcontainers/ryuk:0.11.0            : Container testcontainers/ryuk:0.11.0 is starting: 706cec2d46ff6c97b572d7c9ca66ae335c58a0c632a6f1b517ec2f9d8b817a37
2026-09-12T18:59:11.656+08:00  INFO 19004 --- [control-app] [           main] [                                                 ] tc.testcontainers/ryuk:0.11.0            : Container testcontainers/ryuk:0.11.0 started in PT0.504548623S
2026-09-12T18:59:11.662+08:00  INFO 19004 --- [control-app] [           main] [                                                 ] o.t.utility.RyukResourceReaper           : Ryuk started - will monitor and terminate Testcontainers containers on JVM exit
2026-09-12T18:59:11.662+08:00  INFO 19004 --- [control-app] [           main] [                                                 ] org.testcontainers.DockerClientFactory   : Checking the system...
2026-09-12T18:59:11.663+08:00  INFO 19004 --- [control-app] [           main] [                                                 ] org.testcontainers.DockerClientFactory   : ✔︎ Docker server version should be at least 1.6.0
[INFO] Running com.objwww.pr.control.it.PostgresDatasetPartitionAccessTest
2026-09-12T18:59:11.670+08:00  INFO 19004 --- [control-app] [           main] [                                                 ] tc.postgres:16-alpine                    : Creating container for image: postgres:16-alpine
2026-09-12T18:59:11.746+08:00  INFO 19004 --- [control-app] [           main] [                                                 ] tc.postgres:16-alpine                    : Container postgres:16-alpine is starting: 365af5f2d4b7c13f4002a6dacbbde6aff474b89e94b4d0e9f659d7df1fbf7c80
2026-09-12T18:59:13.465+08:00  INFO 19004 --- [control-app] [           main] [                                                 ] tc.postgres:16-alpine                    : Container postgres:16-alpine started in PT1.794643866S
2026-09-12T18:59:13.468+08:00  INFO 19004 --- [control-app] [           main] [                                                 ] tc.postgres:16-alpine                    : Container is started (JDBC URL: jdbc:postgresql://localhost:33676/test?loggerLevel=OFF)
2026-09-12T18:59:13.476+08:00  INFO 19004 --- [control-app] [           main] [                                                 ] com.zaxxer.hikari.HikariDataSource       : HikariPool-1 - Starting...
2026-09-12T18:59:13.608+08:00  INFO 19004 --- [control-app] [           main] [                                                 ] com.zaxxer.hikari.pool.HikariPool        : HikariPool-1 - Added connection org.postgresql.jdbc.PgConnection@6fb31fe2
2026-09-12T18:59:13.609+08:00  INFO 19004 --- [control-app] [           main] [                                                 ] com.zaxxer.hikari.HikariDataSource       : HikariPool-1 - Start completed.
2026-09-12T18:59:13.772+08:00  INFO 19004 --- [control-app] [           main] [                                                 ] org.flywaydb.core.FlywayExecutor         : Database: jdbc:postgresql://localhost:33676/test?loggerLevel=OFF (PostgreSQL 16.15)
2026-09-12T18:59:13.853+08:00  INFO 19004 --- [control-app] [           main] [                                                 ] o.f.c.i.s.JdbcTableSchemaHistory         : Schema history table "public"."flyway_schema_history" does not exist yet
2026-09-12T18:59:13.862+08:00  INFO 19004 --- [control-app] [           main] [                                                 ] o.f.core.internal.command.DbValidate     : Successfully validated 69 migrations (execution time 00:00.060s)
2026-09-12T18:59:13.877+08:00  INFO 19004 --- [control-app] [           main] [                                                 ] o.f.c.i.s.JdbcTableSchemaHistory         : Creating Schema History table "public"."flyway_schema_history" ...
2026-09-12T18:59:13.927+08:00  INFO 19004 --- [control-app] [           main] [                                                 ] o.f.core.internal.command.DbMigrate      : Current version of schema "public": << Empty Schema >>
2026-09-12T18:59:14.019+08:00  INFO 19004 --- [control-app] [           main] [                                                 ] o.f.core.internal.command.DbMigrate      : Migrating schema "public" to version "1 - m0 schema"
2026-09-12T18:59:14.153+08:00  INFO 19004 --- [control-app] [           main] [                                                 ] o.f.core.internal.command.DbMigrate      : Migrating schema "public" to version "2 - grants"
2026-09-12T18:59:14.214+08:00  INFO 19004 --- [control-app] [           main] [                                                 ] o.f.core.internal.command.DbMigrate      : Migrating schema "public" to version "3 - m1 inbox reconcile"
2026-09-12T18:59:14.265+08:00  INFO 19004 --- [control-app] [           main] [                                                 ] o.f.core.internal.command.DbMigrate      : Migrating schema "public" to version "4 - m2 checkpoint repair"
2026-09-12T18:59:14.315+08:00  INFO 19004 --- [control-app] [           main] [                                                 ] o.f.core.internal.command.DbMigrate      : Migrating schema "public" to version "5 - m3 model governance"
2026-09-12T18:59:14.370+08:00  INFO 19004 --- [control-app] [           main] [                                                 ] o.f.core.internal.command.DbMigrate      : Migrating schema "public" to version "6 - m4 sandbox"
2026-09-12T18:59:14.453+08:00  INFO 19004 --- [control-app] [           main] [                                                 ] o.f.core.internal.command.DbMigrate      : Migrating schema "public" to version "7 - am1 alert domain"
2026-09-12T18:59:14.527+08:00  INFO 19004 --- [control-app] [           main] [                                                 ] o.f.core.internal.command.DbMigrate      : Migrating schema "public" to version "8 - am1 dag reserve"
2026-09-12T18:59:14.555+08:00  INFO 19004 --- [control-app] [           main] [                                                 ] o.f.core.internal.command.DbMigrate      : Migrating schema "public" to version "9 - am3 eval notify"
2026-09-12T18:59:14.615+08:00  INFO 19004 --- [control-app] [           main] [                                                 ] o.f.core.internal.command.DbMigrate      : Migrating schema "public" to version "10 - am3 eval run"
2026-09-12T18:59:14.641+08:00  INFO 19004 --- [control-app] [           main] [                                                 ] o.f.core.internal.command.DbMigrate      : Migrating schema "public" to version "11 - am3 eval readonly"
2026-09-12T18:59:14.650+08:00  INFO 19004 --- [control-app] [           main] [                                                 ] o.f.core.internal.command.DbMigrate      : Migrating schema "public" to version "12 - am4 state expansion"
2026-09-12T18:59:14.673+08:00  INFO 19004 --- [control-app] [           main] [                                                 ] o.f.core.internal.command.DbMigrate      : Migrating schema "public" to version "13 - am4 budget ledger"
2026-09-12T18:59:14.695+08:00  INFO 19004 --- [control-app] [           main] [                                                 ] o.f.core.internal.command.DbMigrate      : Migrating schema "public" to version "14 - am4 rca event"
2026-09-12T18:59:14.722+08:00  INFO 19004 --- [control-app] [           main] [                                                 ] o.f.core.internal.command.DbMigrate      : Migrating schema "public" to version "15 - am4 tool invocation ledger"
2026-09-12T18:59:14.736+08:00  INFO 19004 --- [control-app] [           main] [                                                 ] o.f.core.internal.command.DbMigrate      : Migrating schema "public" to version "16 - am4 evidence snapshot"
2026-09-12T18:59:14.767+08:00  INFO 19004 --- [control-app] [           main] [                                                 ] o.f.core.internal.command.DbMigrate      : Migrating schema "public" to version "17 - am4 claim"
2026-09-12T18:59:14.780+08:00  INFO 19004 --- [control-app] [           main] [                                                 ] o.f.core.internal.command.DbMigrate      : Migrating schema "public" to version "18 - am4 task edge run scope"
2026-09-12T18:59:14.790+08:00  INFO 19004 --- [control-app] [           main] [                                                 ] o.f.core.internal.command.DbMigrate      : Migrating schema "public" to version "19 - am4 tool replay"
2026-09-12T18:59:14.812+08:00  INFO 19004 --- [control-app] [           main] [                                                 ] o.f.core.internal.command.DbMigrate      : Migrating schema "public" to version "20 - am5 dataset version"
2026-09-12T18:59:14.833+08:00  INFO 19004 --- [control-app] [           main] [                                                 ] o.f.core.internal.command.DbMigrate      : Migrating schema "public" to version "21 - am5 dataset partition"
2026-09-12T18:59:14.856+08:00  INFO 19004 --- [control-app] [           main] [                                                 ] o.f.core.internal.command.DbMigrate      : Migrating schema "public" to version "22 - am5 golden candidate"
2026-09-12T18:59:14.887+08:00  INFO 19004 --- [control-app] [           main] [                                                 ] o.f.core.internal.command.DbMigrate      : Migrating schema "public" to version "23 - am5 sampling fingerprint"
2026-09-12T18:59:14.899+08:00  INFO 19004 --- [control-app] [           main] [                                                 ] o.f.core.internal.command.DbMigrate      : Migrating schema "public" to version "24 - am5 config bundle"
2026-09-12T18:59:14.919+08:00  INFO 19004 --- [control-app] [           main] [                                                 ] o.f.core.internal.command.DbMigrate      : Migrating schema "public" to version "25 - am5 canary route"
2026-09-12T18:59:14.942+08:00  INFO 19004 --- [control-app] [           main] [                                                 ] o.f.core.internal.command.DbMigrate      : Migrating schema "public" to version "26 - am5 operator case"
2026-09-12T18:59:14.961+08:00  INFO 19004 --- [control-app] [           main] [                                                 ] o.f.core.internal.command.DbMigrate      : Migrating schema "public" to version "27 - am5 operator command"
2026-09-12T18:59:14.977+08:00  INFO 19004 --- [control-app] [           main] [                                                 ] o.f.core.internal.command.DbMigrate      : Migrating schema "public" to version "28 - am5 monthly partition"
2026-09-12T18:59:15.014+08:00  INFO 19004 --- [control-app] [           main] [                                                 ] o.f.core.internal.command.DbMigrate      : Migrating schema "public" to version "29 - am5 retention archive"
2026-09-12T18:59:15.039+08:00  INFO 19004 --- [control-app] [           main] [                                                 ] o.f.core.internal.command.DbMigrate      : Migrating schema "public" to version "30 - am6 canary window verdict"
2026-09-12T18:59:15.065+08:00  INFO 19004 --- [control-app] [           main] [                                                 ] o.f.core.internal.command.DbMigrate      : Migrating schema "public" to version "31 - ba52 canary decision fk deferred"
2026-09-12T18:59:15.078+08:00  INFO 19004 --- [control-app] [           main] [                                                 ] o.f.core.internal.command.DbMigrate      : Migrating schema "public" to version "32 - am6 engine comparison"
2026-09-12T18:59:15.100+08:00  INFO 19004 --- [control-app] [           main] [                                                 ] o.f.core.internal.command.DbMigrate      : Migrating schema "public" to version "33 - am6 run fallback"
2026-09-12T18:59:15.127+08:00  INFO 19004 --- [control-app] [           main] [                                                 ] o.f.core.internal.command.DbMigrate      : Migrating schema "public" to version "34 - am6 engine shadow work"
2026-09-12T18:59:15.146+08:00  INFO 19004 --- [control-app] [           main] [                                                 ] o.f.core.internal.command.DbMigrate      : Migrating schema "public" to version "35 - m607 holmes wish decision run id nullable"
2026-09-12T18:59:15.154+08:00  INFO 19004 --- [control-app] [           main] [                                                 ] o.f.core.internal.command.DbMigrate      : Migrating schema "public" to version "36 - exa0 investigation identity"
2026-09-12T18:59:15.162+08:00  INFO 19004 --- [control-app] [           main] [                                                 ] o.f.core.internal.command.DbMigrate      : Migrating schema "public" to version "37 - exa4a claim kind"
2026-09-12T18:59:15.170+08:00  INFO 19004 --- [control-app] [           main] [                                                 ] o.f.core.internal.command.DbMigrate      : Migrating schema "public" to version "38 - exa3 tool invocation result ref"
2026-09-12T18:59:15.178+08:00  INFO 19004 --- [control-app] [           main] [                                                 ] o.f.core.internal.command.DbMigrate      : Migrating schema "public" to version "39 - b21 operator command state widen"
2026-09-12T18:59:15.188+08:00  INFO 19004 --- [control-app] [           main] [                                                 ] o.f.core.internal.command.DbMigrate      : Migrating schema "public" to version "40 - exb1 change event"
2026-09-12T18:59:15.201+08:00  INFO 19004 --- [control-app] [           main] [                                                 ] o.f.core.internal.command.DbMigrate      : Migrating schema "public" to version "41 - exa4b incident waiting reason"
2026-09-12T18:59:15.207+08:00  INFO 19004 --- [control-app] [           main] [                                                 ] o.f.core.internal.command.DbMigrate      : Migrating schema "public" to version "42 - exc3a auth event"
2026-09-12T18:59:15.232+08:00  INFO 19004 --- [control-app] [           main] [                                                 ] o.f.core.internal.command.DbMigrate      : Migrating schema "public" to version "43 - am7 duty"
2026-09-12T18:59:15.281+08:00  INFO 19004 --- [control-app] [           main] [                                                 ] o.f.core.internal.command.DbMigrate      : Migrating schema "public" to version "44 - auth1 platform user"
2026-09-12T18:59:15.293+08:00  INFO 19004 --- [control-app] [           main] [                                                 ] o.f.core.internal.command.DbMigrate      : Migrating schema "public" to version "45 - ui5 eval readonly grants"
2026-09-12T18:59:15.303+08:00  INFO 19004 --- [control-app] [           main] [                                                 ] o.f.core.internal.command.DbMigrate      : Migrating schema "public" to version "46 - r7x1 task execution binding"
2026-09-12T18:59:15.321+08:00  INFO 19004 --- [control-app] [           main] [                                                 ] o.f.core.internal.command.DbMigrate      : Migrating schema "public" to version "47 - r7x4 primary state"
2026-09-12T18:59:15.341+08:00  INFO 19004 --- [control-app] [           main] [                                                 ] o.f.core.internal.command.DbMigrate      : Migrating schema "public" to version "48 - r7a1 rca model call"
2026-09-12T18:59:15.359+08:00  INFO 19004 --- [control-app] [           main] [                                                 ] o.f.core.internal.command.DbMigrate      : Migrating schema "public" to version "60 - en01 release asset"
2026-09-12T18:59:15.371+08:00  INFO 19004 --- [control-app] [           main] [                                                 ] o.f.core.internal.command.DbMigrate      : Migrating schema "public" to version "61 - en02 release qualification"
2026-09-12T18:59:15.381+08:00  INFO 19004 --- [control-app] [           main] [                                                 ] o.f.core.internal.command.DbMigrate      : Migrating schema "public" to version "62 - en09 eval grader version"
2026-09-12T18:59:15.391+08:00  INFO 19004 --- [control-app] [           main] [                                                 ] o.f.core.internal.command.DbMigrate      : Migrating schema "public" to version "63 - en04 run config epoch"
2026-09-12T18:59:15.411+08:00  INFO 19004 --- [control-app] [           main] [                                                 ] o.f.core.internal.command.DbMigrate      : Migrating schema "public" to version "64 - en06 mcp server registry"
2026-09-12T18:59:15.428+08:00  INFO 19004 --- [control-app] [           main] [                                                 ] o.f.core.internal.command.DbMigrate      : Migrating schema "public" to version "80 - ev03 eval projection contract"
2026-09-12T18:59:15.452+08:00  INFO 19004 --- [control-app] [           main] [                                                 ] o.f.core.internal.command.DbMigrate      : Migrating schema "public" to version "81 - ev04 eval lifecycle"
2026-09-12T18:59:15.487+08:00  INFO 19004 --- [control-app] [           main] [                                                 ] o.f.core.internal.command.DbMigrate      : Migrating schema "public" to version "82 - ux01 incident classification"
2026-09-12T18:59:15.518+08:00  INFO 19004 --- [control-app] [           main] [                                                 ] o.f.core.internal.command.DbMigrate      : Migrating schema "public" to version "83 - ux02 duty bot"
2026-09-12T18:59:15.542+08:00  INFO 19004 --- [control-app] [           main] [                                                 ] o.f.core.internal.command.DbMigrate      : Migrating schema "public" to version "85 - ev07 eval comparison"
2026-09-12T18:59:15.563+08:00  INFO 19004 --- [control-app] [           main] [                                                 ] o.f.core.internal.command.DbMigrate      : Migrating schema "public" to version "86 - dr02 drill job"
2026-09-12T18:59:15.592+08:00  INFO 19004 --- [control-app] [           main] [                                                 ] o.f.core.internal.command.DbMigrate      : Migrating schema "public" to version "87 - ev08 eval review"
2026-09-12T18:59:15.615+08:00  INFO 19004 --- [control-app] [           main] [                                                 ] o.f.core.internal.command.DbMigrate      : Migrating schema "public" to version "88 - r7 checkpoint last error"
2026-09-12T18:59:15.621+08:00  INFO 19004 --- [control-app] [           main] [                                                 ] o.f.core.internal.command.DbMigrate      : Migrating schema "public" to version "89 - en07 release asset kinds"
2026-09-12T18:59:15.629+08:00  INFO 19004 --- [control-app] [           main] [                                                 ] o.f.core.internal.command.DbMigrate      : Migrating schema "public" to version "90 - r2 input capture"
2026-09-12T18:59:15.640+08:00  INFO 19004 --- [control-app] [           main] [                                                 ] o.f.core.internal.command.DbMigrate      : Migrating schema "public" to version "91 - r10 working memory"
2026-09-12T18:59:15.653+08:00  INFO 19004 --- [control-app] [           main] [                                                 ] o.f.core.internal.command.DbMigrate      : Migrating schema "public" to version "92 - r11 context summary"
2026-09-12T18:59:15.665+08:00  INFO 19004 --- [control-app] [           main] [                                                 ] o.f.core.internal.command.DbMigrate      : Migrating schema "public" to version "93 - r6 eval app model call grant"
2026-09-12T18:59:15.674+08:00  INFO 19004 --- [control-app] [           main] [                                                 ] o.f.core.internal.command.DbMigrate      : Migrating schema "public" to version "96 - mc2123 receipt and operator material"
2026-09-12T18:59:15.698+08:00  INFO 19004 --- [control-app] [           main] [                                                 ] o.f.core.internal.command.DbMigrate      : Migrating schema "public" to version "97 - en08 skill candidate"
2026-09-12T18:59:15.710+08:00  INFO 19004 --- [control-app] [           main] [                                                 ] o.f.core.internal.command.DbMigrate      : Migrating schema "public" to version "98 - context policy asset"
2026-09-12T18:59:15.719+08:00  INFO 19004 --- [control-app] [           main] [                                                 ] o.f.core.internal.command.DbMigrate      : Successfully applied 69 migrations to schema "public", now at version v98 (execution time 00:01.009s)
2026-09-12T18:59:15.721+08:00  INFO 19004 --- [control-app] [           main] [                                                 ] com.zaxxer.hikari.HikariDataSource       : HikariPool-2 - Starting...
2026-09-12T18:59:15.738+08:00  INFO 19004 --- [control-app] [           main] [                                                 ] com.zaxxer.hikari.pool.HikariPool        : HikariPool-2 - Added connection org.postgresql.jdbc.PgConnection@43466da9
2026-09-12T18:59:15.738+08:00  INFO 19004 --- [control-app] [           main] [                                                 ] com.zaxxer.hikari.HikariDataSource       : HikariPool-2 - Start completed.
2026-09-12T18:59:15.739+08:00  INFO 19004 --- [control-app] [           main] [                                                 ] com.zaxxer.hikari.HikariDataSource       : HikariPool-3 - Starting...
2026-09-12T18:59:15.759+08:00  INFO 19004 --- [control-app] [           main] [                                                 ] com.zaxxer.hikari.pool.HikariPool        : HikariPool-3 - Added connection org.postgresql.jdbc.PgConnection@25a1921a
2026-09-12T18:59:15.759+08:00  INFO 19004 --- [control-app] [           main] [                                                 ] com.zaxxer.hikari.HikariDataSource       : HikariPool-3 - Start completed.
2026-09-12T18:59:15.760+08:00  INFO 19004 --- [control-app] [           main] [                                                 ] com.zaxxer.hikari.HikariDataSource       : HikariPool-4 - Starting...
2026-09-12T18:59:15.778+08:00  INFO 19004 --- [control-app] [           main] [                                                 ] com.zaxxer.hikari.pool.HikariPool        : HikariPool-4 - Added connection org.postgresql.jdbc.PgConnection@5ceb676f
2026-09-12T18:59:15.778+08:00  INFO 19004 --- [control-app] [           main] [                                                 ] com.zaxxer.hikari.HikariDataSource       : HikariPool-4 - Start completed.
2026-09-12T18:59:15.778+08:00  INFO 19004 --- [control-app] [           main] [                                                 ] com.zaxxer.hikari.HikariDataSource       : HikariPool-5 - Starting...
2026-09-12T18:59:15.794+08:00  INFO 19004 --- [control-app] [           main] [                                                 ] com.zaxxer.hikari.pool.HikariPool        : HikariPool-5 - Added connection org.postgresql.jdbc.PgConnection@3a4c4d10
2026-09-12T18:59:15.794+08:00  INFO 19004 --- [control-app] [           main] [                                                 ] com.zaxxer.hikari.HikariDataSource       : HikariPool-5 - Start completed.
2026-09-12T18:59:15.959+08:00  INFO 19004 --- [control-app] [           main] [                                                 ] com.zaxxer.hikari.HikariDataSource       : HikariPool-6 - Starting...
2026-09-12T18:59:16.003+08:00  INFO 19004 --- [control-app] [           main] [                                                 ] com.zaxxer.hikari.pool.HikariPool        : HikariPool-6 - Added connection org.postgresql.jdbc.PgConnection@7498d7a7
2026-09-12T18:59:16.004+08:00  INFO 19004 --- [control-app] [           main] [                                                 ] com.zaxxer.hikari.HikariDataSource       : HikariPool-6 - Start completed.
2026-09-12T18:59:16.274+08:00  INFO 19004 --- [control-app] [           main] [                                                 ] com.zaxxer.hikari.HikariDataSource       : HikariPool-7 - Starting...
2026-09-12T18:59:16.303+08:00  INFO 19004 --- [control-app] [           main] [                                                 ] com.zaxxer.hikari.pool.HikariPool        : HikariPool-7 - Added connection org.postgresql.jdbc.PgConnection@24381ab3
2026-09-12T18:59:16.303+08:00  INFO 19004 --- [control-app] [           main] [                                                 ] com.zaxxer.hikari.HikariDataSource       : HikariPool-7 - Start completed.
2026-09-12T18:59:16.476+08:00  INFO 19004 --- [control-app] [           main] [                                                 ] com.zaxxer.hikari.HikariDataSource       : HikariPool-8 - Starting...
2026-09-12T18:59:16.496+08:00  INFO 19004 --- [control-app] [           main] [                                                 ] com.zaxxer.hikari.pool.HikariPool        : HikariPool-8 - Added connection org.postgresql.jdbc.PgConnection@7a26da49
2026-09-12T18:59:16.496+08:00  INFO 19004 --- [control-app] [           main] [                                                 ] com.zaxxer.hikari.HikariDataSource       : HikariPool-8 - Start completed.
2026-09-12T18:59:16.645+08:00  INFO 19004 --- [control-app] [           main] [                                                 ] com.zaxxer.hikari.HikariDataSource       : HikariPool-9 - Starting...
2026-09-12T18:59:16.659+08:00  INFO 19004 --- [control-app] [           main] [                                                 ] com.zaxxer.hikari.pool.HikariPool        : HikariPool-9 - Added connection org.postgresql.jdbc.PgConnection@3b8d756f
2026-09-12T18:59:16.659+08:00  INFO 19004 --- [control-app] [           main] [                                                 ] com.zaxxer.hikari.HikariDataSource       : HikariPool-9 - Start completed.
2026-09-12T18:59:16.807+08:00  INFO 19004 --- [control-app] [           main] [                                                 ] com.zaxxer.hikari.HikariDataSource       : HikariPool-10 - Starting...
2026-09-12T18:59:16.823+08:00  INFO 19004 --- [control-app] [           main] [                                                 ] com.zaxxer.hikari.pool.HikariPool        : HikariPool-10 - Added connection org.postgresql.jdbc.PgConnection@22730cc0
2026-09-12T18:59:16.823+08:00  INFO 19004 --- [control-app] [           main] [                                                 ] com.zaxxer.hikari.HikariDataSource       : HikariPool-10 - Start completed.
[INFO] Tests run: 5, Failures: 0, Errors: 0, Skipped: 0, Time elapsed: 5.166 s -- in com.objwww.pr.control.it.PostgresDatasetPartitionAccessTest
[INFO] Running com.objwww.pr.control.it.PostgresConfigBundleRepositoryTest
2026-09-12T18:59:16.975+08:00  INFO 19004 --- [control-app] [           main] [                                                 ] c.o.p.c.r.a.ConfigBundleService          : bundle 发布: 30ad808ed98886e339611e59f7bac711638e216776d0231c3aad2a5fe468382c revision=1 by=op-1 policy=policy-2026-09
2026-09-12T18:59:16.983+08:00  INFO 19004 --- [control-app] [           main] [                                                 ] c.o.p.c.r.a.ConfigBundleService          : 资格授予: candidate=30ad808ed98886e339611e59f7bac711638e216776d0231c3aad2a5fe468382c verdict=PASS usage=MATCHED by=it-grader
2026-09-12T18:59:16.992+08:00  INFO 19004 --- [control-app] [           main] [                                                 ] c.o.p.c.r.a.ConfigBundleService          : ACTIVATE 落位: 30ad808ed98886e339611e59f7bac711638e216776d0231c3aad2a5fe468382c revision=1 by=op-1
2026-09-12T18:59:17.129+08:00  INFO 19004 --- [control-app] [           main] [                                                 ] c.o.p.c.r.a.ConfigBundleService          : bundle 发布: 30ad808ed98886e339611e59f7bac711638e216776d0231c3aad2a5fe468382c revision=1 by=op-1 policy=policy-2026-09
2026-09-12T18:59:17.133+08:00  INFO 19004 --- [control-app] [           main] [                                                 ] c.o.p.c.r.a.ConfigBundleService          : 资格授予: candidate=30ad808ed98886e339611e59f7bac711638e216776d0231c3aad2a5fe468382c verdict=PASS usage=MATCHED by=it-grader
2026-09-12T18:59:17.254+08:00  INFO 19004 --- [control-app] [           main] [                                                 ] c.o.p.c.r.a.ConfigBundleService          : bundle 发布: 30ad808ed98886e339611e59f7bac711638e216776d0231c3aad2a5fe468382c revision=1 by=op-1 policy=policy-2026-09
2026-09-12T18:59:17.256+08:00  INFO 19004 --- [control-app] [           main] [                                                 ] c.o.p.c.r.a.ConfigBundleService          : bundle 发布: be840a4ff5d98fc58380e1ed2d6501f2a7edb25711430dc0e9023b687140db80 revision=2 by=op-1 policy=policy-2026-09
2026-09-12T18:59:17.258+08:00  INFO 19004 --- [control-app] [           main] [                                                 ] c.o.p.c.r.a.ConfigBundleService          : 资格授予: candidate=30ad808ed98886e339611e59f7bac711638e216776d0231c3aad2a5fe468382c verdict=PASS usage=MATCHED by=it-grader
2026-09-12T18:59:17.259+08:00  INFO 19004 --- [control-app] [           main] [                                                 ] c.o.p.c.r.a.ConfigBundleService          : 资格授予: candidate=be840a4ff5d98fc58380e1ed2d6501f2a7edb25711430dc0e9023b687140db80 verdict=PASS usage=MATCHED by=it-grader
2026-09-12T18:59:17.263+08:00  INFO 19004 --- [control-app] [           main] [                                                 ] c.o.p.c.r.a.ConfigBundleService          : ACTIVATE 落位: 30ad808ed98886e339611e59f7bac711638e216776d0231c3aad2a5fe468382c revision=1 by=op-1
2026-09-12T18:59:17.267+08:00  INFO 19004 --- [control-app] [           main] [                                                 ] c.o.p.c.r.a.ConfigBundleService          : ACTIVATE 落位: be840a4ff5d98fc58380e1ed2d6501f2a7edb25711430dc0e9023b687140db80 revision=2 by=op-1
2026-09-12T18:59:17.271+08:00  INFO 19004 --- [control-app] [           main] [                                                 ] c.o.p.c.r.a.ConfigBundleService          : ROLLBACK 落位: 30ad808ed98886e339611e59f7bac711638e216776d0231c3aad2a5fe468382c revision=1 by=op-2
2026-09-12T18:59:17.424+08:00  INFO 19004 --- [control-app] [           main] [                                                 ] c.o.p.c.r.a.ConfigBundleService          : bundle 发布: 30ad808ed98886e339611e59f7bac711638e216776d0231c3aad2a5fe468382c revision=1 by=op-1 policy=policy-2026-09
2026-09-12T18:59:17.427+08:00  INFO 19004 --- [control-app] [           main] [                                                 ] c.o.p.c.r.a.ConfigBundleService          : bundle 幂等重放: 30ad808ed98886e339611e59f7bac711638e216776d0231c3aad2a5fe468382c revision=1 by=op-2
[INFO] Tests run: 4, Failures: 0, Errors: 0, Skipped: 0, Time elapsed: 0.599 s -- in com.objwww.pr.control.it.PostgresConfigBundleRepositoryTest
[INFO] Running com.objwww.pr.control.it.PostgresModelCallLedgerRepositoryTest
[INFO] Tests run: 2, Failures: 0, Errors: 0, Skipped: 0, Time elapsed: 0.361 s -- in com.objwww.pr.control.it.PostgresModelCallLedgerRepositoryTest
[INFO] Running com.objwww.pr.control.it.PostgresGoldenCandidateRepositoryTest
2026-09-12T18:59:17.933+08:00  INFO 19004 --- [control-app] [           main] [                                                 ] com.zaxxer.hikari.HikariDataSource       : HikariPool-11 - Starting...
2026-09-12T18:59:17.943+08:00  INFO 19004 --- [control-app] [           main] [                                                 ] com.zaxxer.hikari.pool.HikariPool        : HikariPool-11 - Added connection org.postgresql.jdbc.PgConnection@4982945a
2026-09-12T18:59:17.943+08:00  INFO 19004 --- [control-app] [           main] [                                                 ] com.zaxxer.hikari.HikariDataSource       : HikariPool-11 - Start completed.
2026-09-12T18:59:17.958+08:00  INFO 19004 --- [control-app] [           main] [                                                 ] com.zaxxer.hikari.HikariDataSource       : HikariPool-11 - Shutdown initiated...
2026-09-12T18:59:17.960+08:00  INFO 19004 --- [control-app] [           main] [                                                 ] com.zaxxer.hikari.HikariDataSource       : HikariPool-11 - Shutdown completed.
2026-09-12T18:59:18.085+08:00  INFO 19004 --- [control-app] [           main] [                                                 ] com.zaxxer.hikari.HikariDataSource       : HikariPool-12 - Starting...
2026-09-12T18:59:18.096+08:00  INFO 19004 --- [control-app] [           main] [                                                 ] com.zaxxer.hikari.pool.HikariPool        : HikariPool-12 - Added connection org.postgresql.jdbc.PgConnection@508e75eb
2026-09-12T18:59:18.096+08:00  INFO 19004 --- [control-app] [           main] [                                                 ] com.zaxxer.hikari.HikariDataSource       : HikariPool-12 - Start completed.
2026-09-12T18:59:18.101+08:00  INFO 19004 --- [control-app] [           main] [                                                 ] com.zaxxer.hikari.HikariDataSource       : HikariPool-12 - Shutdown initiated...
2026-09-12T18:59:18.102+08:00  INFO 19004 --- [control-app] [           main] [                                                 ] com.zaxxer.hikari.HikariDataSource       : HikariPool-12 - Shutdown completed.
2026-09-12T18:59:18.232+08:00  INFO 19004 --- [control-app] [           main] [                                                 ] com.zaxxer.hikari.HikariDataSource       : HikariPool-13 - Starting...
2026-09-12T18:59:18.242+08:00  INFO 19004 --- [control-app] [           main] [                                                 ] com.zaxxer.hikari.pool.HikariPool        : HikariPool-13 - Added connection org.postgresql.jdbc.PgConnection@579caf79
2026-09-12T18:59:18.242+08:00  INFO 19004 --- [control-app] [           main] [                                                 ] com.zaxxer.hikari.HikariDataSource       : HikariPool-13 - Start completed.
2026-09-12T18:59:18.256+08:00  INFO 19004 --- [control-app] [           main] [                                                 ] com.zaxxer.hikari.HikariDataSource       : HikariPool-13 - Shutdown initiated...
2026-09-12T18:59:18.257+08:00  INFO 19004 --- [control-app] [           main] [                                                 ] com.zaxxer.hikari.HikariDataSource       : HikariPool-13 - Shutdown completed.
2026-09-12T18:59:18.399+08:00  INFO 19004 --- [control-app] [           main] [                                                 ] com.zaxxer.hikari.HikariDataSource       : HikariPool-14 - Starting...
2026-09-12T18:59:18.409+08:00  INFO 19004 --- [control-app] [           main] [                                                 ] com.zaxxer.hikari.pool.HikariPool        : HikariPool-14 - Added connection org.postgresql.jdbc.PgConnection@7edb7862
2026-09-12T18:59:18.409+08:00  INFO 19004 --- [control-app] [           main] [                                                 ] com.zaxxer.hikari.HikariDataSource       : HikariPool-14 - Start completed.
2026-09-12T18:59:18.427+08:00  INFO 19004 --- [control-app] [           main] [                                                 ] com.zaxxer.hikari.HikariDataSource       : HikariPool-14 - Shutdown initiated...
2026-09-12T18:59:18.427+08:00  INFO 19004 --- [control-app] [           main] [                                                 ] com.zaxxer.hikari.HikariDataSource       : HikariPool-14 - Shutdown completed.
2026-09-12T18:59:18.566+08:00  INFO 19004 --- [control-app] [           main] [                                                 ] com.zaxxer.hikari.HikariDataSource       : HikariPool-15 - Starting...
2026-09-12T18:59:18.575+08:00  INFO 19004 --- [control-app] [           main] [                                                 ] com.zaxxer.hikari.pool.HikariPool        : HikariPool-15 - Added connection org.postgresql.jdbc.PgConnection@58e1e768
2026-09-12T18:59:18.575+08:00  INFO 19004 --- [control-app] [           main] [                                                 ] com.zaxxer.hikari.HikariDataSource       : HikariPool-15 - Start completed.
2026-09-12T18:59:18.592+08:00  INFO 19004 --- [control-app] [           main] [                                                 ] com.zaxxer.hikari.HikariDataSource       : HikariPool-15 - Shutdown initiated...
2026-09-12T18:59:18.592+08:00  INFO 19004 --- [control-app] [           main] [                                                 ] com.zaxxer.hikari.HikariDataSource       : HikariPool-15 - Shutdown completed.
[INFO] Tests run: 5, Failures: 0, Errors: 0, Skipped: 0, Time elapsed: 0.800 s -- in com.objwww.pr.control.it.PostgresGoldenCandidateRepositoryTest
[INFO] Running com.objwww.pr.control.it.PostgresDatasetVersionRepositoryTest
[INFO] Tests run: 5, Failures: 0, Errors: 0, Skipped: 0, Time elapsed: 0.673 s -- in com.objwww.pr.control.it.PostgresDatasetVersionRepositoryTest
[INFO] Running com.objwww.pr.control.it.PostgresReleaseAssetRepositoryTest
2026-09-12T18:59:19.409+08:00  INFO 19004 --- [control-app] [           main] [                                                 ] c.o.p.c.r.a.ConfigBundleService          : 资产注册: PROMPT 1c2cb70b06ff9fb87bacf727276b6730bb7451dd0953cd87c9e97b91c2190cb5 by=op-1
2026-09-12T18:59:19.410+08:00  INFO 19004 --- [control-app] [           main] [                                                 ] c.o.p.c.r.a.ConfigBundleService          : 资产注册: SKILL c620038518f08e426605f81f47c121ecb851dc46885c954dc9528092fa5911d3 by=op-1
2026-09-12T18:59:19.410+08:00  INFO 19004 --- [control-app] [           main] [                                                 ] c.o.p.c.r.a.ConfigBundleService          : 资产注册: TOOL_SCHEMA c3dcd8c37f33f564cd506ece7666493ae7938c2804117db2f4fa7468c92be37f by=op-1
2026-09-12T18:59:19.414+08:00  INFO 19004 --- [control-app] [           main] [                                                 ] c.o.p.c.r.a.ConfigBundleService          : release_manifest 依赖闭包通过: roles=[primary] skills=1 toolSchemas=1
2026-09-12T18:59:19.419+08:00  INFO 19004 --- [control-app] [           main] [                                                 ] c.o.p.c.r.a.ConfigBundleService          : bundle 发布: d75424d2b53b9451d2862936b9ff40200860203e72d671422029f7928ea16fc6 revision=1 by=op-1 policy=policy-2026-09
2026-09-12T18:59:19.421+08:00  INFO 19004 --- [control-app] [           main] [                                                 ] c.o.p.c.r.a.ConfigBundleService          : 资格授予: candidate=d75424d2b53b9451d2862936b9ff40200860203e72d671422029f7928ea16fc6 verdict=PASS usage=UNKNOWN by=op-1
2026-09-12T18:59:19.429+08:00  INFO 19004 --- [control-app] [           main] [                                                 ] c.o.p.c.r.a.ConfigBundleService          : ACTIVATE 落位: d75424d2b53b9451d2862936b9ff40200860203e72d671422029f7928ea16fc6 revision=1 by=op-1
[INFO] Tests run: 4, Failures: 0, Errors: 0, Skipped: 0, Time elapsed: 0.570 s -- in com.objwww.pr.control.it.PostgresReleaseAssetRepositoryTest
[INFO] Running com.objwww.pr.control.drill.domain.statemachine.DrillLifecycleTest
[INFO] Tests run: 5, Failures: 0, Errors: 0, Skipped: 0, Time elapsed: 0.003 s -- in com.objwww.pr.control.drill.domain.statemachine.DrillLifecycleTest
[INFO] Running com.objwww.pr.control.drill.domain.model.DrillJobTest
[INFO] Tests run: 4, Failures: 0, Errors: 0, Skipped: 0, Time elapsed: 0.002 s -- in com.objwww.pr.control.drill.domain.model.DrillJobTest
[INFO] Running com.objwww.pr.control.drill.application.DrillTimelineTest
[INFO] Tests run: 6, Failures: 0, Errors: 0, Skipped: 0, Time elapsed: 0.003 s -- in com.objwww.pr.control.drill.application.DrillTimelineTest
[INFO] Running com.objwww.pr.control.drill.application.DrillWorkerTest
2026-09-12T18:59:19.852+08:00  WARN 19004 --- [control-app] [           main] [                                                 ] c.o.p.c.drill.application.DrillWorker    : drill worker drill-worker-1 领取作业：drill=2eef946b-ac48-4297-ac01-d7370a26ce64 scenario=T1 env=arena-195
2026-09-12T18:59:19.858+08:00  WARN 19004 --- [control-app] [           main] [                                                 ] c.o.p.c.drill.application.DrillWorker    : drill 2eef946b-ac48-4297-ac01-d7370a26ce64 已进入 OBSERVING——症状等待/恢复/核验推进随 DR-03/04 接线交付，本拍到此为止（作业保持活动占位）
2026-09-12T18:59:19.860+08:00  WARN 19004 --- [control-app] [           main] [                                                 ] c.o.p.c.drill.application.DrillWorker    : drill worker drill-worker-1 领取作业：drill=7daa85ca-e895-4ca3-8ec9-b5b880763bfc scenario=T1 env=arena-195
2026-09-12T18:59:19.861+08:00  WARN 19004 --- [control-app] [           main] [                                                 ] c.o.p.c.drill.application.DrillWorker    : drill worker drill-worker-1 领取作业：drill=5b95ecb3-dfc0-455b-a406-2a10512f2fa7 scenario=T1 env=arena-195
2026-09-12T18:59:19.862+08:00  WARN 19004 --- [control-app] [           main] [                                                 ] c.o.p.c.drill.application.DrillWorker    : drill worker drill-worker-1 领取作业：drill=9b4efd66-b3af-45eb-bd2a-18a71a3dfe29 scenario=T1 env=arena-195
2026-09-12T18:59:19.864+08:00  WARN 19004 --- [control-app] [           main] [                                                 ] c.o.p.c.drill.application.DrillWorker    : 孤儿 drill a3057eaf-8862-4005-935d-83240811f75c → RECOVERY_FAILED（worker_lost，保留占位）
2026-09-12T18:59:19.866+08:00  WARN 19004 --- [control-app] [           main] [                                                 ] c.o.p.c.drill.application.DrillWorker    : 孤儿 drill 9e014e21-61a3-4e64-85c1-5c4ace73c199 重排队（state=PRECHECK）
2026-09-12T18:59:19.867+08:00  WARN 19004 --- [control-app] [           main] [                                                 ] c.o.p.c.drill.application.DrillWorker    : drill worker drill-worker-1 领取作业：drill=e1a09aad-5c2d-4c6e-a952-5bc8f0699ab8 scenario=T1 env=arena-195
2026-09-12T18:59:19.868+08:00  WARN 19004 --- [control-app] [           main] [                                                 ] c.o.p.c.drill.application.DrillWorker    : 孤儿 drill da032e9f-6d6a-4d5f-9a02-1cb9b5783263 → RECOVERY_FAILED（worker_lost，保留占位）
[INFO] Tests run: 8, Failures: 0, Errors: 0, Skipped: 0, Time elapsed: 0.019 s -- in com.objwww.pr.control.drill.application.DrillWorkerTest
[INFO] Running com.objwww.pr.control.drill.application.DrillJobServiceTest
[INFO] Tests run: 12, Failures: 0, Errors: 0, Skipped: 0, Time elapsed: 0.034 s -- in com.objwww.pr.control.drill.application.DrillJobServiceTest
[INFO] Running com.objwww.pr.control.drill.application.DrillTemplateCatalogTest
[INFO] Tests run: 5, Failures: 0, Errors: 0, Skipped: 0, Time elapsed: 0.017 s -- in com.objwww.pr.control.drill.application.DrillTemplateCatalogTest
[INFO] Running com.objwww.pr.control.drill.application.DrillPrecheckTest
[INFO] Tests run: 5, Failures: 0, Errors: 0, Skipped: 0, Time elapsed: 0.003 s -- in com.objwww.pr.control.drill.application.DrillPrecheckTest
[INFO] 
[INFO] Results:
[INFO] 
[WARNING] Tests run: 1669, Failures: 0, Errors: 0, Skipped: 1
[INFO] 
[INFO] ------------------------------------------------------------------------
[INFO] BUILD SUCCESS
[INFO] ------------------------------------------------------------------------
[INFO] Total time:  56.712 s
[INFO] Finished at: 2026-09-12T18:59:20+08:00
[INFO] ------------------------------------------------------------------------
