[INFO] Scanning for projects...
[INFO] 
[INFO] ---------------------< com.objwww.pr:control-app >----------------------
[INFO] Building control-app 0.0.1-SNAPSHOT
[INFO]   from pom.xml
[INFO] --------------------------------[ jar ]---------------------------------
[INFO] 
[INFO] --- resources:3.3.1:resources (default-resources) @ control-app ---
[INFO] Copying 3 resources from src/main/resources to target/classes
[INFO] Copying 73 resources from src/main/resources to target/classes
[INFO] 
[INFO] --- compiler:3.13.0:compile (default-compile) @ control-app ---
[INFO] Recompiling the module because of changed source code.
[INFO] Compiling 604 source files with javac [debug parameters release 21] to target/classes
[WARNING] /opt/build/pr/control-app/src/main/java/com/objwww/pr/control/infrastructure/model/RawHttpErrorCapture.java:[23,17] handleError(org.springframework.http.client.ClientHttpResponse) in org.springframework.web.client.ResponseErrorHandler has been deprecated and marked for removal
[INFO] /opt/build/pr/control-app/src/main/java/com/objwww/pr/control/alert/domain/agent/AgentProfile.java: Some input files use or override a deprecated API.
[INFO] /opt/build/pr/control-app/src/main/java/com/objwww/pr/control/alert/domain/agent/AgentProfile.java: Recompile with -Xlint:deprecation for details.
[INFO] /opt/build/pr/control-app/src/main/java/com/objwww/pr/control/alert/application/agent/SingleToolEvidenceAgent.java: Some input files use unchecked or unsafe operations.
[INFO] /opt/build/pr/control-app/src/main/java/com/objwww/pr/control/alert/application/agent/SingleToolEvidenceAgent.java: Recompile with -Xlint:unchecked for details.
[INFO] 
[INFO] --- resources:3.3.1:testResources (default-testResources) @ control-app ---
[INFO] Copying 7 resources from src/test/resources to target/test-classes
[INFO] 
[INFO] --- compiler:3.13.0:testCompile (default-testCompile) @ control-app ---
[INFO] Recompiling the module because of changed dependency.
[INFO] Compiling 325 source files with javac [debug parameters release 21] to target/test-classes
[INFO] /opt/build/pr/control-app/src/test/java/com/objwww/pr/control/alert/application/mcp/McpMountManagerTest.java: Some input files use or override a deprecated API.
[INFO] /opt/build/pr/control-app/src/test/java/com/objwww/pr/control/alert/application/mcp/McpMountManagerTest.java: Recompile with -Xlint:deprecation for details.
[INFO] /opt/build/pr/control-app/src/test/java/com/objwww/pr/control/alert/application/PlanCompilerTest.java: Some input files use unchecked or unsafe operations.
[INFO] /opt/build/pr/control-app/src/test/java/com/objwww/pr/control/alert/application/PlanCompilerTest.java: Recompile with -Xlint:unchecked for details.
[INFO] 
[INFO] --- surefire:3.5.3:test (default-test) @ control-app ---
[INFO] Using auto detected provider org.apache.maven.surefire.junitplatform.JUnitPlatformProvider
[INFO] 
[INFO] -------------------------------------------------------
[INFO]  T E S T S
[INFO] -------------------------------------------------------
[INFO] Running com.objwww.pr.control.domain.ai.CircuitBreakerTest
[INFO] Tests run: 10, Failures: 0, Errors: 0, Skipped: 0, Time elapsed: 0.177 s -- in com.objwww.pr.control.domain.ai.CircuitBreakerTest
[INFO] Running com.objwww.pr.control.domain.ai.ModelRouterTest
[INFO] Tests run: 33, Failures: 0, Errors: 0, Skipped: 0, Time elapsed: 0.077 s -- in com.objwww.pr.control.domain.ai.ModelRouterTest
[INFO] Running com.objwww.pr.control.domain.ai.PricingServiceTest
[INFO] Tests run: 8, Failures: 0, Errors: 0, Skipped: 0, Time elapsed: 0.036 s -- in com.objwww.pr.control.domain.ai.PricingServiceTest
[INFO] Running com.objwww.pr.control.domain.ai.ModelStepBudgetGuardTest
[INFO] Tests run: 7, Failures: 0, Errors: 0, Skipped: 0, Time elapsed: 0.023 s -- in com.objwww.pr.control.domain.ai.ModelStepBudgetGuardTest
[INFO] Running com.objwww.pr.control.release.domain.model.ReleaseManifestTest
[INFO] Tests run: 8, Failures: 0, Errors: 0, Skipped: 0, Time elapsed: 0.041 s -- in com.objwww.pr.control.release.domain.model.ReleaseManifestTest
[INFO] Running com.objwww.pr.control.release.domain.model.ConfigBundleTest
[INFO] Tests run: 9, Failures: 0, Errors: 0, Skipped: 0, Time elapsed: 0.059 s -- in com.objwww.pr.control.release.domain.model.ConfigBundleTest
[INFO] Running com.objwww.pr.control.release.domain.model.ReleaseAssetTest
[INFO] Tests run: 10, Failures: 0, Errors: 0, Skipped: 0, Time elapsed: 0.020 s -- in com.objwww.pr.control.release.domain.model.ReleaseAssetTest
[INFO] Running com.objwww.pr.control.release.domain.model.ReleaseQualificationTest
[INFO] Tests run: 6, Failures: 0, Errors: 0, Skipped: 0, Time elapsed: 0.015 s -- in com.objwww.pr.control.release.domain.model.ReleaseQualificationTest
[INFO] Running com.objwww.pr.control.release.domain.service.CanaryBucketerTest
[INFO] Tests run: 7, Failures: 0, Errors: 0, Skipped: 0, Time elapsed: 0.042 s -- in com.objwww.pr.control.release.domain.service.CanaryBucketerTest
[INFO] Running com.objwww.pr.control.release.domain.service.SkillMatcherTest
[INFO] Tests run: 3, Failures: 0, Errors: 0, Skipped: 0, Time elapsed: 0.006 s -- in com.objwww.pr.control.release.domain.service.SkillMatcherTest
[INFO] Running com.objwww.pr.control.release.domain.service.CanaryWindowEvaluatorTest
[INFO] Tests run: 9, Failures: 0, Errors: 0, Skipped: 0, Time elapsed: 0.020 s -- in com.objwww.pr.control.release.domain.service.CanaryWindowEvaluatorTest
[INFO] Running com.objwww.pr.control.release.application.SkillCuratorServiceTest
01:15:30.358 [main] INFO com.objwww.pr.control.release.application.SkillCuratorService -- Skill 源头提炼：run=1208cb9b-8941-4178-8cd8-8a748d81e26a name=heap-runbook → REJECTED（verified=false）
01:15:30.371 [main] INFO com.objwww.pr.control.release.application.SkillCandidateService -- Skill 候选 DRAFT 落档（S01）：name=heap-runbook asset=56ccab56，无任何 ACTIVE 面
01:15:30.372 [main] INFO com.objwww.pr.control.release.application.SkillCuratorService -- Skill 源头提炼：run=a5b3392f-fc5d-4cde-a306-1d710c0d3d24 name=heap-runbook → DRAFT（verified=true）
01:15:30.377 [main] INFO com.objwww.pr.control.release.application.SkillCandidateService -- Skill 候选 DRAFT 落档（S01）：name=heap-runbook asset=2c161937，无任何 ACTIVE 面
01:15:30.377 [main] INFO com.objwww.pr.control.release.application.SkillCuratorService -- Skill 源头提炼：run=ade0b35b-cb34-45ed-bb4b-5a561b9dccc2 name=heap-runbook → DRAFT（verified=true）
01:15:30.378 [main] INFO com.objwww.pr.control.release.application.SkillCandidateService -- Skill 候选幂等重放（S14）：name=heap-runbook source=6de44460
01:15:30.378 [main] INFO com.objwww.pr.control.release.application.SkillCuratorService -- Skill 源头提炼：run=ade0b35b-cb34-45ed-bb4b-5a561b9dccc2 name=heap-runbook → DRAFT（verified=true）
[INFO] Tests run: 4, Failures: 0, Errors: 0, Skipped: 0, Time elapsed: 0.043 s -- in com.objwww.pr.control.release.application.SkillCuratorServiceTest
[INFO] Running com.objwww.pr.control.release.application.SkillCandidateServiceTest
01:15:30.387 [main] INFO com.objwww.pr.control.release.application.SkillCandidateService -- Skill 候选 DRAFT 落档（S01）：name=ok-skill asset=9a3ae4e4，无任何 ACTIVE 面
01:15:30.391 [main] INFO com.objwww.pr.control.release.application.SkillCandidateService -- Skill 候选 DRAFT 落档（S01）：name=bad-skill asset=e484b40d，无任何 ACTIVE 面
01:15:30.391 [main] INFO com.objwww.pr.control.release.application.SkillCandidateService -- Skill 候选校验拒绝（远端零调用）：bad-skill —— S05：Skill 声明工具不在授权交集内（不能扩权/触发副作用）: prometheus.instant
01:15:30.393 [main] INFO com.objwww.pr.control.release.application.SkillCandidateService -- Skill 候选 DRAFT 落档（S01）：name=svc-a-runbook asset=007afa03，无任何 ACTIVE 面
01:15:30.398 [main] INFO com.objwww.pr.control.release.application.SkillCandidateService -- Skill 候选 DRAFT 落档（S01）：name=normal-exit asset=07f5d382，无任何 ACTIVE 面
01:15:30.400 [main] INFO com.objwww.pr.control.release.application.SkillCandidateService -- Skill 候选人工授权激活：name=normal-exit by=operator-bob asset=07f5d382
01:15:30.401 [main] INFO com.objwww.pr.control.release.application.SkillCandidateService -- Skill 候选 DRAFT 落档（S01）：name=emergency-exit asset=4e89ddb9，无任何 ACTIVE 面
01:15:30.402 [main] INFO com.objwww.pr.control.release.application.SkillCandidateService -- Skill 候选人工授权激活：name=emergency-exit by=operator-carol asset=4e89ddb9
01:15:30.407 [main] INFO com.objwww.pr.control.release.application.SkillCandidateService -- Skill 候选 DRAFT 落档（S01）：name=dup-skill asset=b9667d1b，无任何 ACTIVE 面
01:15:30.407 [main] INFO com.objwww.pr.control.release.application.SkillCandidateService -- Skill 候选幂等重放（S14）：name=dup-skill source=aaaaaaaa
01:15:30.411 [main] INFO com.objwww.pr.control.release.application.SkillCandidateService -- Skill 候选 DRAFT 落档（S01）：name=gate-skill asset=6df708f9，无任何 ACTIVE 面
01:15:30.412 [main] INFO com.objwww.pr.control.release.application.SkillCandidateService -- Skill 候选 DRAFT 落档（S01）：name=inconclusive-skill asset=40b06b8d，无任何 ACTIVE 面
01:15:30.413 [main] INFO com.objwww.pr.control.release.application.SkillCandidateService -- Skill 候选 DRAFT 落档（S01）：name=pass-skill asset=1ea3a813，无任何 ACTIVE 面
01:15:30.421 [main] INFO com.objwww.pr.control.release.application.SkillCandidateService -- Skill 候选 DRAFT 落档（S01）：name=tamper-skill asset=ddc468df，无任何 ACTIVE 面
[INFO] Tests run: 10, Failures: 0, Errors: 0, Skipped: 0, Time elapsed: 0.037 s -- in com.objwww.pr.control.release.application.SkillCandidateServiceTest
[INFO] Running com.objwww.pr.control.release.application.ConfigBundleServiceTest
01:15:30.433 [main] INFO com.objwww.pr.control.release.application.ConfigBundleService -- bundle 发布: 30ad808ed98886e339611e59f7bac711638e216776d0231c3aad2a5fe468382c revision=1 by=op policy=policy-2026-09
01:15:30.433 [main] INFO com.objwww.pr.control.release.application.ConfigBundleService -- 资格授予: candidate=30ad808ed98886e339611e59f7bac711638e216776d0231c3aad2a5fe468382c verdict=PASS usage=MATCHED by=grader-1
01:15:30.434 [main] INFO com.objwww.pr.control.release.application.ConfigBundleService -- bundle 发布: be840a4ff5d98fc58380e1ed2d6501f2a7edb25711430dc0e9023b687140db80 revision=2 by=op policy=policy-2026-09
01:15:30.434 [main] INFO com.objwww.pr.control.release.application.ConfigBundleService -- 资格授予: candidate=be840a4ff5d98fc58380e1ed2d6501f2a7edb25711430dc0e9023b687140db80 verdict=PASS usage=MATCHED by=grader-1
01:15:30.440 [main] INFO com.objwww.pr.control.release.application.ConfigBundleService -- ACTIVATE 落位: 30ad808ed98886e339611e59f7bac711638e216776d0231c3aad2a5fe468382c revision=1 by=op
01:15:30.443 [main] INFO com.objwww.pr.control.release.application.ConfigBundleService -- 资产注册: PROMPT 2f36beb53b822b9d312b2353e257c8de8b87386bdf4484e342dd2f0d6ef60ea7 by=op
01:15:30.443 [main] INFO com.objwww.pr.control.release.application.ConfigBundleService -- 资产注册幂等重放: PROMPT 2f36beb53b822b9d312b2353e257c8de8b87386bdf4484e342dd2f0d6ef60ea7 by=op
01:15:30.443 [main] INFO com.objwww.pr.control.release.application.ConfigBundleService -- 资产注册: PROMPT 601e38f862b9f79a54706b3d6728a99e8ba86ea17cda34cd51b3a747c1a13b31 by=op
01:15:30.445 [main] INFO com.objwww.pr.control.release.application.ConfigBundleService -- bundle 发布: 30ad808ed98886e339611e59f7bac711638e216776d0231c3aad2a5fe468382c revision=1 by=op policy=policy-2026-09
01:15:30.445 [main] INFO com.objwww.pr.control.release.application.ConfigBundleService -- 资格授予: candidate=30ad808ed98886e339611e59f7bac711638e216776d0231c3aad2a5fe468382c verdict=PASS usage=MATCHED by=grader-1
01:15:30.445 [main] INFO com.objwww.pr.control.release.application.ConfigBundleService -- bundle 发布: be840a4ff5d98fc58380e1ed2d6501f2a7edb25711430dc0e9023b687140db80 revision=2 by=op policy=policy-2026-09
01:15:30.445 [main] INFO com.objwww.pr.control.release.application.ConfigBundleService -- 资格授予: candidate=be840a4ff5d98fc58380e1ed2d6501f2a7edb25711430dc0e9023b687140db80 verdict=PASS usage=MATCHED by=grader-1
01:15:30.447 [main] INFO com.objwww.pr.control.release.application.ConfigBundleService -- ACTIVATE 落位: 30ad808ed98886e339611e59f7bac711638e216776d0231c3aad2a5fe468382c revision=1 by=op
01:15:30.448 [main] WARN com.objwww.pr.control.release.application.ConfigBundleService -- ACTIVATE CAS 竞争失败: target=be840a4ff5d98fc58380e1ed2d6501f2a7edb25711430dc0e9023b687140db80 expected=0 by=op-2
01:15:30.448 [main] INFO com.objwww.pr.control.release.application.ConfigBundleService -- ACTIVATE 落位: be840a4ff5d98fc58380e1ed2d6501f2a7edb25711430dc0e9023b687140db80 revision=2 by=op-2
01:15:30.451 [main] INFO com.objwww.pr.control.release.application.ConfigBundleService -- 资产注册: PROMPT 2f36beb53b822b9d312b2353e257c8de8b87386bdf4484e342dd2f0d6ef60ea7 by=op
01:15:30.451 [main] INFO com.objwww.pr.control.release.application.ConfigBundleService -- 资产注册: SKILL 64b41e2057c0e0e6c3f077b72c0951ce8e27fc157de2fdd60ddc22f5024bdaf7 by=op
01:15:30.451 [main] INFO com.objwww.pr.control.release.application.ConfigBundleService -- 资产注册: TOOL_SCHEMA c3dcd8c37f33f564cd506ece7666493ae7938c2804117db2f4fa7468c92be37f by=op
01:15:30.455 [main] INFO com.objwww.pr.control.release.application.ConfigBundleService -- release_manifest 依赖闭包通过: roles=[primary] skills=1 toolSchemas=1
01:15:30.456 [main] INFO com.objwww.pr.control.release.application.ConfigBundleService -- bundle 发布: 3c79c27ea1867f2e5e1caf088a8581c5fd2382c6c5e199dfbb8f05028977b9bc revision=1 by=op policy=policy-2026-09
01:15:30.456 [main] INFO com.objwww.pr.control.release.application.ConfigBundleService -- bundle 幂等重放: 3c79c27ea1867f2e5e1caf088a8581c5fd2382c6c5e199dfbb8f05028977b9bc revision=1 by=op
01:15:30.457 [main] INFO com.objwww.pr.control.release.application.ConfigBundleService -- bundle 发布: 30ad808ed98886e339611e59f7bac711638e216776d0231c3aad2a5fe468382c revision=1 by=op policy=policy-2026-09
01:15:30.458 [main] INFO com.objwww.pr.control.release.application.ConfigBundleService -- 资格授予: candidate=30ad808ed98886e339611e59f7bac711638e216776d0231c3aad2a5fe468382c verdict=PASS usage=MATCHED by=grader-1
01:15:30.458 [main] INFO com.objwww.pr.control.release.application.ConfigBundleService -- ACTIVATE 落位: 30ad808ed98886e339611e59f7bac711638e216776d0231c3aad2a5fe468382c revision=1 by=op
01:15:30.459 [main] INFO com.objwww.pr.control.release.application.ConfigBundleService -- bundle 发布: 30ad808ed98886e339611e59f7bac711638e216776d0231c3aad2a5fe468382c revision=1 by=op policy=policy-2026-09
01:15:30.460 [main] INFO com.objwww.pr.control.release.application.ConfigBundleService -- bundle 发布: 30ad808ed98886e339611e59f7bac711638e216776d0231c3aad2a5fe468382c revision=1 by=op policy=policy-2026-09
01:15:30.461 [main] INFO com.objwww.pr.control.release.application.ConfigBundleService -- 资格授予: candidate=30ad808ed98886e339611e59f7bac711638e216776d0231c3aad2a5fe468382c verdict=PASS usage=MATCHED by=grader-1
01:15:30.461 [main] INFO com.objwww.pr.control.release.application.ConfigBundleService -- ACTIVATE 落位: 30ad808ed98886e339611e59f7bac711638e216776d0231c3aad2a5fe468382c revision=1 by=op
01:15:30.462 [main] INFO com.objwww.pr.control.release.application.ConfigBundleService -- bundle 发布: 30ad808ed98886e339611e59f7bac711638e216776d0231c3aad2a5fe468382c revision=1 by=op policy=policy-2026-09
01:15:30.463 [main] INFO com.objwww.pr.control.release.application.ConfigBundleService -- 资格授予: candidate=30ad808ed98886e339611e59f7bac711638e216776d0231c3aad2a5fe468382c verdict=PASS usage=MATCHED by=grader-1
01:15:30.463 [main] INFO com.objwww.pr.control.release.application.ConfigBundleService -- bundle 发布: be840a4ff5d98fc58380e1ed2d6501f2a7edb25711430dc0e9023b687140db80 revision=2 by=op policy=policy-2026-09
01:15:30.463 [main] INFO com.objwww.pr.control.release.application.ConfigBundleService -- 资格授予: candidate=be840a4ff5d98fc58380e1ed2d6501f2a7edb25711430dc0e9023b687140db80 verdict=PASS usage=MATCHED by=grader-1
01:15:30.463 [main] INFO com.objwww.pr.control.release.application.ConfigBundleService -- ACTIVATE 落位: 30ad808ed98886e339611e59f7bac711638e216776d0231c3aad2a5fe468382c revision=1 by=op
01:15:30.463 [main] INFO com.objwww.pr.control.release.application.ConfigBundleService -- ACTIVATE 落位: be840a4ff5d98fc58380e1ed2d6501f2a7edb25711430dc0e9023b687140db80 revision=2 by=op
01:15:30.465 [main] INFO com.objwww.pr.control.release.application.ConfigBundleService -- ROLLBACK 落位: 30ad808ed98886e339611e59f7bac711638e216776d0231c3aad2a5fe468382c revision=1 by=release-operator
01:15:30.466 [main] INFO com.objwww.pr.control.release.application.ConfigBundleService -- bundle 发布: 30ad808ed98886e339611e59f7bac711638e216776d0231c3aad2a5fe468382c revision=1 by=op policy=policy-2026-09
01:15:30.467 [main] INFO com.objwww.pr.control.release.application.ConfigBundleService -- 资格授予: candidate=30ad808ed98886e339611e59f7bac711638e216776d0231c3aad2a5fe468382c verdict=PASS usage=MATCHED by=grader-1
01:15:30.467 [main] INFO com.objwww.pr.control.release.application.ConfigBundleService -- bundle 发布: be840a4ff5d98fc58380e1ed2d6501f2a7edb25711430dc0e9023b687140db80 revision=2 by=op policy=policy-2026-09
01:15:30.467 [main] INFO com.objwww.pr.control.release.application.ConfigBundleService -- 资格授予: candidate=be840a4ff5d98fc58380e1ed2d6501f2a7edb25711430dc0e9023b687140db80 verdict=PASS usage=MATCHED by=grader-1
01:15:30.467 [main] INFO com.objwww.pr.control.release.application.ConfigBundleService -- ACTIVATE 落位: 30ad808ed98886e339611e59f7bac711638e216776d0231c3aad2a5fe468382c revision=1 by=op
01:15:30.468 [main] INFO com.objwww.pr.control.release.application.ConfigBundleService -- ACTIVATE 落位: be840a4ff5d98fc58380e1ed2d6501f2a7edb25711430dc0e9023b687140db80 revision=2 by=op
01:15:30.468 [main] INFO com.objwww.pr.control.release.application.ConfigBundleService -- ROLLBACK 落位: 30ad808ed98886e339611e59f7bac711638e216776d0231c3aad2a5fe468382c revision=1 by=op
01:15:30.469 [main] INFO com.objwww.pr.control.release.application.ConfigBundleService -- bundle 发布: 30ad808ed98886e339611e59f7bac711638e216776d0231c3aad2a5fe468382c revision=1 by=release-operator policy=policy-2026-09
01:15:30.469 [main] INFO com.objwww.pr.control.release.application.ConfigBundleService -- bundle 幂等重放: 30ad808ed98886e339611e59f7bac711638e216776d0231c3aad2a5fe468382c revision=1 by=release-operator
01:15:30.470 [main] INFO com.objwww.pr.control.release.application.ConfigBundleService -- bundle 发布: be840a4ff5d98fc58380e1ed2d6501f2a7edb25711430dc0e9023b687140db80 revision=2 by=release-operator policy=policy-2026-09
01:15:30.471 [main] INFO com.objwww.pr.control.release.application.ConfigBundleService -- bundle 发布: 30ad808ed98886e339611e59f7bac711638e216776d0231c3aad2a5fe468382c revision=1 by=op policy=policy-2026-09
01:15:30.471 [main] INFO com.objwww.pr.control.release.application.ConfigBundleService -- 资格授予: candidate=30ad808ed98886e339611e59f7bac711638e216776d0231c3aad2a5fe468382c verdict=PASS usage=MATCHED by=grader-1
01:15:30.471 [main] INFO com.objwww.pr.control.release.application.ConfigBundleService -- bundle 发布: be840a4ff5d98fc58380e1ed2d6501f2a7edb25711430dc0e9023b687140db80 revision=2 by=op policy=policy-2026-09
01:15:30.471 [main] INFO com.objwww.pr.control.release.application.ConfigBundleService -- 资格授予: candidate=be840a4ff5d98fc58380e1ed2d6501f2a7edb25711430dc0e9023b687140db80 verdict=PASS usage=MATCHED by=grader-1
01:15:30.471 [main] INFO com.objwww.pr.control.release.application.ConfigBundleService -- ACTIVATE 落位: 30ad808ed98886e339611e59f7bac711638e216776d0231c3aad2a5fe468382c revision=1 by=op
01:15:30.471 [main] INFO com.objwww.pr.control.release.application.ConfigBundleService -- ACTIVATE 落位: be840a4ff5d98fc58380e1ed2d6501f2a7edb25711430dc0e9023b687140db80 revision=2 by=op
01:15:30.472 [main] INFO com.objwww.pr.control.release.application.ConfigBundleService -- bundle 发布: 40823ce96c5c1702de39e6181ae2e62f27ca5beef2e0bf4317c054515b83c86c revision=3 by=op policy=policy-2026-09
01:15:30.472 [main] INFO com.objwww.pr.control.release.application.ConfigBundleService -- ROLLBACK 落位: 30ad808ed98886e339611e59f7bac711638e216776d0231c3aad2a5fe468382c revision=1 by=op
01:15:30.473 [main] INFO com.objwww.pr.control.release.application.ConfigBundleService -- bundle 发布: 30ad808ed98886e339611e59f7bac711638e216776d0231c3aad2a5fe468382c revision=1 by=op policy=policy-2026-09
01:15:30.473 [main] INFO com.objwww.pr.control.release.application.ConfigBundleService -- 资格授予: candidate=30ad808ed98886e339611e59f7bac711638e216776d0231c3aad2a5fe468382c verdict=PASS usage=MATCHED by=grader-1
01:15:30.473 [main] INFO com.objwww.pr.control.release.application.ConfigBundleService -- bundle 发布: be840a4ff5d98fc58380e1ed2d6501f2a7edb25711430dc0e9023b687140db80 revision=2 by=op policy=policy-2026-09
01:15:30.474 [main] INFO com.objwww.pr.control.release.application.ConfigBundleService -- 资格授予: candidate=be840a4ff5d98fc58380e1ed2d6501f2a7edb25711430dc0e9023b687140db80 verdict=PASS usage=MATCHED by=grader-1
01:15:30.474 [main] INFO com.objwww.pr.control.release.application.ConfigBundleService -- ACTIVATE 落位: 30ad808ed98886e339611e59f7bac711638e216776d0231c3aad2a5fe468382c revision=1 by=release-operator
01:15:30.474 [main] INFO com.objwww.pr.control.release.application.ConfigBundleService -- ACTIVATE 落位: be840a4ff5d98fc58380e1ed2d6501f2a7edb25711430dc0e9023b687140db80 revision=2 by=release-operator
01:15:30.475 [main] INFO com.objwww.pr.control.release.application.ConfigBundleService -- 资产注册: PROMPT 2f36beb53b822b9d312b2353e257c8de8b87386bdf4484e342dd2f0d6ef60ea7 by=op
01:15:30.477 [main] INFO com.objwww.pr.control.release.application.ConfigBundleService -- bundle 发布: 30ad808ed98886e339611e59f7bac711638e216776d0231c3aad2a5fe468382c revision=1 by=op policy=policy-2026-09
01:15:30.477 [main] INFO com.objwww.pr.control.release.application.ConfigBundleService -- bundle 发布: be840a4ff5d98fc58380e1ed2d6501f2a7edb25711430dc0e9023b687140db80 revision=2 by=op policy=policy-2026-09
01:15:30.478 [main] INFO com.objwww.pr.control.release.application.ConfigBundleService -- 资格授予: candidate=be840a4ff5d98fc58380e1ed2d6501f2a7edb25711430dc0e9023b687140db80 verdict=FAIL usage=MATCHED by=grader-1
01:15:30.478 [main] INFO com.objwww.pr.control.release.application.ConfigBundleService -- bundle 发布: 97ec86dedfff69924f440c7dc4b94e5f83087c6c483f5b0e12e74bf22521b23c revision=3 by=op policy=policy-2026-09
01:15:30.478 [main] INFO com.objwww.pr.control.release.application.ConfigBundleService -- 资格授予: candidate=97ec86dedfff69924f440c7dc4b94e5f83087c6c483f5b0e12e74bf22521b23c verdict=INCONCLUSIVE usage=UNKNOWN by=grader-1
01:15:30.480 [main] INFO com.objwww.pr.control.release.application.ConfigBundleService -- bundle 发布: 30ad808ed98886e339611e59f7bac711638e216776d0231c3aad2a5fe468382c revision=1 by=op policy=policy-2026-09
01:15:30.480 [main] INFO com.objwww.pr.control.release.application.ConfigBundleService -- 资格授予: candidate=30ad808ed98886e339611e59f7bac711638e216776d0231c3aad2a5fe468382c verdict=PASS usage=MATCHED by=grader-1
01:15:30.480 [main] INFO com.objwww.pr.control.release.application.ConfigBundleService -- ACTIVATE 落位: 30ad808ed98886e339611e59f7bac711638e216776d0231c3aad2a5fe468382c revision=1 by=op
01:15:30.480 [main] WARN com.objwww.pr.control.release.application.ConfigBundleService -- 资格撤销: id=9c274cb2-a961-4bdc-8b73-c42be9fd9d41 by=safety-officer reason=基线漂移
01:15:30.481 [main] INFO com.objwww.pr.control.release.application.ConfigBundleService -- bundle 发布: be840a4ff5d98fc58380e1ed2d6501f2a7edb25711430dc0e9023b687140db80 revision=2 by=op policy=policy-2026-09
01:15:30.481 [main] INFO com.objwww.pr.control.release.application.ConfigBundleService -- 资格授予: candidate=be840a4ff5d98fc58380e1ed2d6501f2a7edb25711430dc0e9023b687140db80 verdict=PASS usage=MATCHED by=grader-1
01:15:30.481 [main] WARN com.objwww.pr.control.release.application.ConfigBundleService -- 资格撤销: id=fa7ba5d0-74d1-4cb5-815a-455db1ee1c81 by=safety-officer reason=紧急撤回
[INFO] Tests run: 17, Failures: 0, Errors: 0, Skipped: 0, Time elapsed: 0.052 s -- in com.objwww.pr.control.release.application.ConfigBundleServiceTest
[INFO] Running com.objwww.pr.control.release.application.CanaryEvidenceSampleCollectorTest
01:15:30.487 [main] INFO com.objwww.pr.control.release.application.CanaryEvidenceSampleCollector -- canary LIVE 样本落档：run=03043990-3793-410d-a2b2-b4f06956ca4f incident=5313e08f-9b2b-406e-bbe7-f71d376c22b7
[INFO] Tests run: 2, Failures: 0, Errors: 0, Skipped: 0, Time elapsed: 0.005 s -- in com.objwww.pr.control.release.application.CanaryEvidenceSampleCollectorTest
[INFO] Running com.objwww.pr.control.release.application.EngineComparisonRecorderTest
[INFO] Tests run: 6, Failures: 0, Errors: 0, Skipped: 0, Time elapsed: 0.240 s -- in com.objwww.pr.control.release.application.EngineComparisonRecorderTest
[INFO] Running com.objwww.pr.control.release.application.SkillSelectionServiceTest
01:15:30.739 [main] INFO com.objwww.pr.control.release.application.SkillSelectionService -- Skill 钉版（S11）：run=7ff3a04b-7197-4e89-8e10-910cc33a954b name=v1 digest=9bd1bbe0（conflictSuppressed=false）
01:15:30.745 [main] INFO com.objwww.pr.control.release.application.SkillSelectionService -- Skill 钉版（S11）：run=b0edcc8f-9a68-4bd1-a31b-c7a64d7066ed name=v2 digest=7fdcb497（conflictSuppressed=false）
01:15:30.747 [main] INFO com.objwww.pr.control.release.application.SkillSelectionService -- Skill 钉版（S11）：run=87d7fc1b-bee5-442f-b242-667600a646d1 name=real digest=f9c74290（conflictSuppressed=false）
01:15:30.750 [main] INFO com.objwww.pr.control.release.application.SkillSelectionService -- Skill 钉版（S11）：run=5bb4e8dd-c96b-4bce-9b8a-7533f70ef780 name=alpha digest=41ee30cd（conflictSuppressed=true）
[INFO] Tests run: 3, Failures: 0, Errors: 0, Skipped: 0, Time elapsed: 0.014 s -- in com.objwww.pr.control.release.application.SkillSelectionServiceTest
[INFO] Running com.objwww.pr.control.release.application.CanaryRouterTest
01:15:30.763 [main] WARN com.objwww.pr.control.release.application.CanaryRouter -- canary 爆炸半径达上限，自动停放量: nativeRuns=1 cap=1 bundle=be2802f5ee3f3cd8b48e8bc1048f8896d2f57a771f977c998321f60f5eca0d3d
01:15:30.763 [main] WARN com.objwww.pr.control.release.application.CanaryRouter -- canary 爆炸半径达上限，自动停放量: nativeRuns=1 cap=1 bundle=be2802f5ee3f3cd8b48e8bc1048f8896d2f57a771f977c998321f60f5eca0d3d
[INFO] Tests run: 11, Failures: 0, Errors: 0, Skipped: 0, Time elapsed: 0.015 s -- in com.objwww.pr.control.release.application.CanaryRouterTest
[INFO] Running com.objwww.pr.control.release.application.CanaryWindowTaskTest
01:15:30.771 [main] WARN com.objwww.pr.control.release.application.CanaryWindowTask -- canary 评窗失败（独立容错，不阻断 worker 拍）: db down
01:15:30.773 [main] INFO com.objwww.pr.control.release.application.CanaryWindowTask -- canary 评窗：seq=497002 verdict=INCONCLUSIVE eligible=3 appended=true
01:15:30.773 [main] INFO com.objwww.pr.control.release.application.CanaryWindowTask -- canary 评窗：seq=497002 verdict=INCONCLUSIVE eligible=3 appended=false
[INFO] Tests run: 3, Failures: 0, Errors: 0, Skipped: 0, Time elapsed: 0.012 s -- in com.objwww.pr.control.release.application.CanaryWindowTaskTest
[INFO] Running com.objwww.pr.control.release.interfaces.ConfigBundleControllerTest
01:15:31.163 [main] INFO org.springframework.mock.web.MockServletContext -- Initializing Spring TestDispatcherServlet ''
01:15:31.163 [main] INFO org.springframework.test.web.servlet.TestDispatcherServlet -- Initializing Servlet ''
01:15:31.165 [main] INFO org.springframework.test.web.servlet.TestDispatcherServlet -- Completed initialization in 2 ms
01:15:31.310 [main] INFO org.springframework.mock.web.MockServletContext -- Initializing Spring TestDispatcherServlet ''
01:15:31.310 [main] INFO org.springframework.test.web.servlet.TestDispatcherServlet -- Initializing Servlet ''
01:15:31.310 [main] INFO org.springframework.test.web.servlet.TestDispatcherServlet -- Completed initialization in 0 ms
01:15:31.314 [main] INFO com.objwww.pr.control.release.application.ConfigBundleService -- bundle 发布: 30ad808ed98886e339611e59f7bac711638e216776d0231c3aad2a5fe468382c revision=1 by=release-operator policy=policy-2026-09
01:15:31.358 [main] INFO com.objwww.pr.control.release.application.ConfigBundleService -- bundle 发布: be840a4ff5d98fc58380e1ed2d6501f2a7edb25711430dc0e9023b687140db80 revision=2 by=release-operator policy=policy-2026-09
01:15:31.359 [main] INFO com.objwww.pr.control.release.application.ConfigBundleService -- 资格授予: candidate=30ad808ed98886e339611e59f7bac711638e216776d0231c3aad2a5fe468382c verdict=PASS usage=MATCHED by=grader-1
01:15:31.359 [main] INFO com.objwww.pr.control.release.application.ConfigBundleService -- 资格授予: candidate=be840a4ff5d98fc58380e1ed2d6501f2a7edb25711430dc0e9023b687140db80 verdict=PASS usage=MATCHED by=grader-1
01:15:31.363 [main] INFO com.objwww.pr.control.release.interfaces.ConfigBundleController -- config-bundle activate: digest=30ad808ed98886e339611e59f7bac711638e216776d0231c3aad2a5fe468382c body-keys=[expectedActiveRevision]
01:15:31.364 [main] INFO com.objwww.pr.control.release.application.ConfigBundleService -- ACTIVATE 落位: 30ad808ed98886e339611e59f7bac711638e216776d0231c3aad2a5fe468382c revision=1 by=release-operator
01:15:31.366 [main] INFO com.objwww.pr.control.release.interfaces.ConfigBundleController -- config-bundle activate: digest=be840a4ff5d98fc58380e1ed2d6501f2a7edb25711430dc0e9023b687140db80 body-keys=[expectedActiveRevision]
01:15:31.366 [main] INFO com.objwww.pr.control.release.application.ConfigBundleService -- ACTIVATE 落位: be840a4ff5d98fc58380e1ed2d6501f2a7edb25711430dc0e9023b687140db80 revision=2 by=release-operator
01:15:31.369 [main] INFO com.objwww.pr.control.release.interfaces.ConfigBundleController -- config-bundle rollback: digest=30ad808ed98886e339611e59f7bac711638e216776d0231c3aad2a5fe468382c body-keys=[toDigest, expectedActiveRevision]
01:15:31.369 [main] INFO com.objwww.pr.control.release.application.ConfigBundleService -- ROLLBACK 落位: 30ad808ed98886e339611e59f7bac711638e216776d0231c3aad2a5fe468382c revision=1 by=release-operator
01:15:31.374 [main] INFO com.objwww.pr.control.release.interfaces.ConfigBundleController -- config-bundle rollback: digest=null body-keys=[]
01:15:31.383 [main] INFO org.springframework.mock.web.MockServletContext -- Initializing Spring TestDispatcherServlet ''
01:15:31.383 [main] INFO org.springframework.test.web.servlet.TestDispatcherServlet -- Initializing Servlet ''
01:15:31.384 [main] INFO org.springframework.test.web.servlet.TestDispatcherServlet -- Completed initialization in 1 ms
01:15:31.390 [main] INFO com.objwww.pr.control.release.application.ConfigBundleService -- bundle 发布: 30ad808ed98886e339611e59f7bac711638e216776d0231c3aad2a5fe468382c revision=1 by=release-operator policy=policy-2026-09
01:15:31.392 [main] INFO com.objwww.pr.control.release.application.ConfigBundleService -- 资格授予: candidate=30ad808ed98886e339611e59f7bac711638e216776d0231c3aad2a5fe468382c verdict=PASS usage=MATCHED by=grader-1
01:15:31.394 [main] INFO com.objwww.pr.control.release.interfaces.ConfigBundleController -- config-bundle activate: digest=30ad808ed98886e339611e59f7bac711638e216776d0231c3aad2a5fe468382c body-keys=[expectedActiveRevision]
01:15:31.394 [main] INFO com.objwww.pr.control.release.application.ConfigBundleService -- ACTIVATE 落位: 30ad808ed98886e339611e59f7bac711638e216776d0231c3aad2a5fe468382c revision=1 by=release-operator
01:15:31.407 [main] INFO org.springframework.mock.web.MockServletContext -- Initializing Spring TestDispatcherServlet ''
01:15:31.407 [main] INFO org.springframework.test.web.servlet.TestDispatcherServlet -- Initializing Servlet ''
01:15:31.407 [main] INFO org.springframework.test.web.servlet.TestDispatcherServlet -- Completed initialization in 0 ms
01:15:31.410 [main] INFO com.objwww.pr.control.release.application.ConfigBundleService -- bundle 发布: 30ad808ed98886e339611e59f7bac711638e216776d0231c3aad2a5fe468382c revision=1 by=release-operator policy=policy-2026-09
01:15:31.413 [main] INFO com.objwww.pr.control.release.interfaces.ConfigBundleController -- config-bundle activate: digest=30ad808ed98886e339611e59f7bac711638e216776d0231c3aad2a5fe468382c body-keys=[]
01:15:31.416 [main] INFO com.objwww.pr.control.release.interfaces.ConfigBundleController -- config-bundle activate: digest=30ad808ed98886e339611e59f7bac711638e216776d0231c3aad2a5fe468382c body-keys=[expectedActiveRevision]
01:15:31.426 [main] INFO org.springframework.mock.web.MockServletContext -- Initializing Spring TestDispatcherServlet ''
01:15:31.426 [main] INFO org.springframework.test.web.servlet.TestDispatcherServlet -- Initializing Servlet ''
01:15:31.426 [main] INFO org.springframework.test.web.servlet.TestDispatcherServlet -- Completed initialization in 0 ms
01:15:31.428 [main] INFO com.objwww.pr.control.release.application.ConfigBundleService -- bundle 发布: 30ad808ed98886e339611e59f7bac711638e216776d0231c3aad2a5fe468382c revision=1 by=release-operator policy=policy-2026-09
01:15:31.431 [main] INFO com.objwww.pr.control.release.application.ConfigBundleService -- bundle 幂等重放: 30ad808ed98886e339611e59f7bac711638e216776d0231c3aad2a5fe468382c revision=1 by=release-operator
01:15:31.438 [main] INFO org.springframework.mock.web.MockServletContext -- Initializing Spring TestDispatcherServlet ''
01:15:31.438 [main] INFO org.springframework.test.web.servlet.TestDispatcherServlet -- Initializing Servlet ''
01:15:31.438 [main] INFO org.springframework.test.web.servlet.TestDispatcherServlet -- Completed initialization in 0 ms
01:15:31.440 [main] INFO com.objwww.pr.control.release.application.ConfigBundleService -- bundle 发布: 30ad808ed98886e339611e59f7bac711638e216776d0231c3aad2a5fe468382c revision=1 by=release-operator policy=policy-2026-09
01:15:31.442 [main] INFO com.objwww.pr.control.release.application.ConfigBundleService -- bundle 发布: be840a4ff5d98fc58380e1ed2d6501f2a7edb25711430dc0e9023b687140db80 revision=2 by=release-operator policy=policy-2026-09
01:15:31.443 [main] INFO com.objwww.pr.control.release.application.ConfigBundleService -- 资格授予: candidate=30ad808ed98886e339611e59f7bac711638e216776d0231c3aad2a5fe468382c verdict=PASS usage=MATCHED by=grader-1
01:15:31.443 [main] INFO com.objwww.pr.control.release.application.ConfigBundleService -- 资格授予: candidate=be840a4ff5d98fc58380e1ed2d6501f2a7edb25711430dc0e9023b687140db80 verdict=PASS usage=MATCHED by=grader-1
01:15:31.444 [main] INFO com.objwww.pr.control.release.interfaces.ConfigBundleController -- config-bundle activate: digest=30ad808ed98886e339611e59f7bac711638e216776d0231c3aad2a5fe468382c body-keys=[expectedActiveRevision]
01:15:31.444 [main] INFO com.objwww.pr.control.release.application.ConfigBundleService -- ACTIVATE 落位: 30ad808ed98886e339611e59f7bac711638e216776d0231c3aad2a5fe468382c revision=1 by=release-operator
01:15:31.446 [main] INFO com.objwww.pr.control.release.interfaces.ConfigBundleController -- config-bundle activate: digest=be840a4ff5d98fc58380e1ed2d6501f2a7edb25711430dc0e9023b687140db80 body-keys=[expectedActiveRevision]
01:15:31.446 [main] WARN com.objwww.pr.control.release.application.ConfigBundleService -- ACTIVATE CAS 竞争失败: target=be840a4ff5d98fc58380e1ed2d6501f2a7edb25711430dc0e9023b687140db80 expected=1 by=release-operator
01:15:31.453 [main] INFO org.springframework.mock.web.MockServletContext -- Initializing Spring TestDispatcherServlet ''
01:15:31.453 [main] INFO org.springframework.test.web.servlet.TestDispatcherServlet -- Initializing Servlet ''
01:15:31.454 [main] INFO org.springframework.test.web.servlet.TestDispatcherServlet -- Completed initialization in 1 ms
01:15:31.456 [main] INFO com.objwww.pr.control.release.application.ConfigBundleService -- bundle 发布: 30ad808ed98886e339611e59f7bac711638e216776d0231c3aad2a5fe468382c revision=1 by=release-operator policy=policy-2026-09
01:15:31.458 [main] INFO com.objwww.pr.control.release.application.ConfigBundleService -- 资格授予: candidate=30ad808ed98886e339611e59f7bac711638e216776d0231c3aad2a5fe468382c verdict=PASS usage=MATCHED by=grader-1
01:15:31.460 [main] INFO com.objwww.pr.control.release.interfaces.ConfigBundleController -- config-bundle activate: digest=30ad808ed98886e339611e59f7bac711638e216776d0231c3aad2a5fe468382c body-keys=[expectedActiveRevision]
01:15:31.461 [main] INFO com.objwww.pr.control.release.application.ConfigBundleService -- ACTIVATE 落位: 30ad808ed98886e339611e59f7bac711638e216776d0231c3aad2a5fe468382c revision=1 by=release-operator
01:15:31.463 [main] INFO com.objwww.pr.control.release.interfaces.ConfigBundleController -- config-bundle activate: digest=30ad808ed98886e339611e59f7bac711638e216776d0231c3aad2a5fe468382c body-keys=[expectedActiveRevision]
01:15:31.464 [main] INFO com.objwww.pr.control.release.interfaces.ConfigBundleController -- config-bundle activate: digest=ead6ef03d61ee60c533d6d450c50a1e559a8a37f6b796a4094cd0dac6b744428 body-keys=[expectedActiveRevision]
[INFO] Tests run: 7, Failures: 0, Errors: 0, Skipped: 0, Time elapsed: 0.683 s -- in com.objwww.pr.control.release.interfaces.ConfigBundleControllerTest
[INFO] Running com.objwww.pr.control.release.interfaces.CanaryStatusControllerTest
01:15:31.473 [main] INFO org.springframework.mock.web.MockServletContext -- Initializing Spring TestDispatcherServlet ''
01:15:31.473 [main] INFO org.springframework.test.web.servlet.TestDispatcherServlet -- Initializing Servlet ''
01:15:31.473 [main] INFO org.springframework.test.web.servlet.TestDispatcherServlet -- Completed initialization in 0 ms
01:15:31.484 [main] INFO org.springframework.mock.web.MockServletContext -- Initializing Spring TestDispatcherServlet ''
01:15:31.484 [main] INFO org.springframework.test.web.servlet.TestDispatcherServlet -- Initializing Servlet ''
01:15:31.484 [main] INFO org.springframework.test.web.servlet.TestDispatcherServlet -- Completed initialization in 0 ms
01:15:31.496 [main] INFO org.springframework.mock.web.MockServletContext -- Initializing Spring TestDispatcherServlet ''
01:15:31.496 [main] INFO org.springframework.test.web.servlet.TestDispatcherServlet -- Initializing Servlet ''
01:15:31.496 [main] INFO org.springframework.test.web.servlet.TestDispatcherServlet -- Completed initialization in 0 ms
01:15:31.506 [main] INFO org.springframework.mock.web.MockServletContext -- Initializing Spring TestDispatcherServlet ''
01:15:31.506 [main] INFO org.springframework.test.web.servlet.TestDispatcherServlet -- Initializing Servlet ''
01:15:31.506 [main] INFO org.springframework.test.web.servlet.TestDispatcherServlet -- Completed initialization in 0 ms
[INFO] Tests run: 4, Failures: 0, Errors: 0, Skipped: 0, Time elapsed: 0.043 s -- in com.objwww.pr.control.release.interfaces.CanaryStatusControllerTest
[INFO] Running com.objwww.pr.control.release.interfaces.ReleaseAssetQueryControllerTest
[INFO] Tests run: 6, Failures: 0, Errors: 0, Skipped: 0, Time elapsed: 0.011 s -- in com.objwww.pr.control.release.interfaces.ReleaseAssetQueryControllerTest
[INFO] Running com.objwww.pr.control.eval.domain.statemachine.EvalRunLifecycleTest
[INFO] Tests run: 4, Failures: 0, Errors: 0, Skipped: 0, Time elapsed: 0.003 s -- in com.objwww.pr.control.eval.domain.statemachine.EvalRunLifecycleTest
[INFO] Running com.objwww.pr.control.eval.domain.statemachine.GoldenCandidateStateMachineTest
[INFO] Tests run: 2, Failures: 0, Errors: 0, Skipped: 0, Time elapsed: 0.006 s -- in com.objwww.pr.control.eval.domain.statemachine.GoldenCandidateStateMachineTest
[INFO] Running com.objwww.pr.control.eval.domain.ScenarioMetricsTest
[INFO] Tests run: 5, Failures: 0, Errors: 0, Skipped: 0, Time elapsed: 0.006 s -- in com.objwww.pr.control.eval.domain.ScenarioMetricsTest
[INFO] Running com.objwww.pr.control.eval.domain.SynonymLexiconTest
[INFO] Tests run: 5, Failures: 0, Errors: 0, Skipped: 0, Time elapsed: 0.057 s -- in com.objwww.pr.control.eval.domain.SynonymLexiconTest
[INFO] Running com.objwww.pr.control.eval.domain.litellm.UsageLedgerReconcilerTest
[INFO] Tests run: 12, Failures: 0, Errors: 0, Skipped: 0, Time elapsed: 0.037 s -- in com.objwww.pr.control.eval.domain.litellm.UsageLedgerReconcilerTest
[INFO] Running com.objwww.pr.control.eval.domain.GoldenScenarioRegistryTest
[INFO] Tests run: 4, Failures: 0, Errors: 0, Skipped: 0, Time elapsed: 0.041 s -- in com.objwww.pr.control.eval.domain.GoldenScenarioRegistryTest
[INFO] Running com.objwww.pr.control.eval.domain.port.DatasetAdapterTest
[INFO] Tests run: 5, Failures: 0, Errors: 0, Skipped: 0, Time elapsed: 0.008 s -- in com.objwww.pr.control.eval.domain.port.DatasetAdapterTest
[INFO] Running com.objwww.pr.control.eval.domain.model.SamplingFingerprintTest
[INFO] Tests run: 6, Failures: 0, Errors: 0, Skipped: 0, Time elapsed: 0.019 s -- in com.objwww.pr.control.eval.domain.model.SamplingFingerprintTest
[INFO] Running com.objwww.pr.control.eval.domain.model.EvalCaseV1Test
[INFO] Tests run: 3, Failures: 0, Errors: 0, Skipped: 0, Time elapsed: 0.003 s -- in com.objwww.pr.control.eval.domain.model.EvalCaseV1Test
[INFO] Running com.objwww.pr.control.eval.domain.model.EvalLaunchPlanTest
[INFO] Tests run: 3, Failures: 0, Errors: 0, Skipped: 0, Time elapsed: 0.014 s -- in com.objwww.pr.control.eval.domain.model.EvalLaunchPlanTest
[INFO] Running com.objwww.pr.control.eval.domain.model.DatasetVersionTest
[INFO] Tests run: 3, Failures: 0, Errors: 0, Skipped: 0, Time elapsed: 0.009 s -- in com.objwww.pr.control.eval.domain.model.DatasetVersionTest
[INFO] Running com.objwww.pr.control.eval.domain.model.CaseVersionTest
[INFO] Tests run: 4, Failures: 0, Errors: 0, Skipped: 0, Time elapsed: 0.004 s -- in com.objwww.pr.control.eval.domain.model.CaseVersionTest
[INFO] Running com.objwww.pr.control.eval.domain.EvalRunMetadataTest
[INFO] Tests run: 5, Failures: 0, Errors: 0, Skipped: 0, Time elapsed: 0.008 s -- in com.objwww.pr.control.eval.domain.EvalRunMetadataTest
[INFO] Running com.objwww.pr.control.eval.domain.EvalCaseResultTest
[INFO] Tests run: 3, Failures: 0, Errors: 0, Skipped: 0, Time elapsed: 0.005 s -- in com.objwww.pr.control.eval.domain.EvalCaseResultTest
[INFO] Running com.objwww.pr.control.eval.domain.service.SafetyGateTest
[INFO] Tests run: 8, Failures: 0, Errors: 0, Skipped: 0, Time elapsed: 0.014 s -- in com.objwww.pr.control.eval.domain.service.SafetyGateTest
[INFO] Running com.objwww.pr.control.eval.domain.service.QualityGateTest
[INFO] Tests run: 13, Failures: 0, Errors: 0, Skipped: 0, Time elapsed: 0.071 s -- in com.objwww.pr.control.eval.domain.service.QualityGateTest
[INFO] Running com.objwww.pr.control.eval.domain.service.SixDimEvaluatorTest
[INFO] Tests run: 11, Failures: 0, Errors: 0, Skipped: 0, Time elapsed: 0.013 s -- in com.objwww.pr.control.eval.domain.service.SixDimEvaluatorTest
[INFO] Running com.objwww.pr.control.eval.domain.service.HypothesisSearchServiceTest
[INFO] Tests run: 5, Failures: 0, Errors: 0, Skipped: 0, Time elapsed: 0.007 s -- in com.objwww.pr.control.eval.domain.service.HypothesisSearchServiceTest
[INFO] Running com.objwww.pr.control.eval.domain.service.PairedTrialStatsTest
[INFO] Tests run: 8, Failures: 0, Errors: 0, Skipped: 0, Time elapsed: 0.015 s -- in com.objwww.pr.control.eval.domain.service.PairedTrialStatsTest
[INFO] Running com.objwww.pr.control.eval.infrastructure.adapter.OrderArenaAdapterTest
[INFO] Tests run: 2, Failures: 0, Errors: 0, Skipped: 0, Time elapsed: 0.003 s -- in com.objwww.pr.control.eval.infrastructure.adapter.OrderArenaAdapterTest
[INFO] Running com.objwww.pr.control.eval.infrastructure.adapter.RcaEvalAdapterTest
[INFO] Tests run: 1, Failures: 0, Errors: 0, Skipped: 0, Time elapsed: 0.003 s -- in com.objwww.pr.control.eval.infrastructure.adapter.RcaEvalAdapterTest
[INFO] Running com.objwww.pr.control.eval.infrastructure.adapter.Rca100AdapterTest
[INFO] Tests run: 3, Failures: 0, Errors: 0, Skipped: 0, Time elapsed: 0.003 s -- in com.objwww.pr.control.eval.infrastructure.adapter.Rca100AdapterTest
[INFO] Running com.objwww.pr.control.eval.infrastructure.identity.DatasetPartitionAccessTest
[INFO] Tests run: 4, Failures: 0, Errors: 0, Skipped: 0, Time elapsed: 0.006 s -- in com.objwww.pr.control.eval.infrastructure.identity.DatasetPartitionAccessTest
[INFO] Running com.objwww.pr.control.eval.application.EvalRubricRegistryTest
[INFO] Tests run: 3, Failures: 0, Errors: 0, Skipped: 0, Time elapsed: 0.015 s -- in com.objwww.pr.control.eval.application.EvalRubricRegistryTest
[INFO] Running com.objwww.pr.control.eval.application.UsageLedgerServiceTest
01:15:31.927 [main] WARN com.objwww.pr.control.eval.application.UsageLedgerService -- LiteLLM 未配置（app.alert.eval.litellm.base-url 为空），usage 对账按 chain③ 降级 UNMATCHED/BEST_EFFORT
01:15:31.929 [main] WARN com.objwww.pr.control.eval.application.UsageLedgerService -- SpendLogs 查询失败，usage 对账降级 UNMATCHED（run=9ad346da-6fcd-4d80-8e5b-010360fd0386）: LiteLLM /spend/logs 调用失败: HTTP 500
01:15:31.930 [main] WARN com.objwww.pr.control.eval.application.UsageLedgerService -- LiteLLM 未配置（app.alert.eval.litellm.base-url 为空），usage 对账按 chain③ 降级 UNMATCHED/BEST_EFFORT
01:15:31.935 [main] WARN com.objwww.pr.control.eval.application.UsageLedgerService -- usage 对账: run=9ad346da-6fcd-4d80-8e5b-010360fd0386 取得 proxy 行数=1
01:15:31.935 [main] WARN com.objwww.pr.control.eval.application.UsageLedgerService -- LiteLLM 未配置（app.alert.eval.litellm.base-url 为空），usage 对账按 chain③ 降级 UNMATCHED/BEST_EFFORT
01:15:31.936 [main] WARN com.objwww.pr.control.eval.application.UsageLedgerService -- LiteLLM 未配置（app.alert.eval.litellm.base-url 为空），usage 对账按 chain③ 降级 UNMATCHED/BEST_EFFORT
01:15:31.937 [main] WARN com.objwww.pr.control.eval.application.UsageLedgerService -- LiteLLM 未配置（app.alert.eval.litellm.base-url 为空），usage 对账按 chain③ 降级 UNMATCHED/BEST_EFFORT
01:15:31.939 [main] WARN com.objwww.pr.control.eval.application.UsageLedgerService -- LiteLLM 未配置（app.alert.eval.litellm.base-url 为空），usage 对账按 chain③ 降级 UNMATCHED/BEST_EFFORT
[INFO] Tests run: 8, Failures: 0, Errors: 0, Skipped: 0, Time elapsed: 0.015 s -- in com.objwww.pr.control.eval.application.UsageLedgerServiceTest
[INFO] Running com.objwww.pr.control.eval.application.BaselineReportGeneratorTest
[INFO] Tests run: 5, Failures: 0, Errors: 0, Skipped: 0, Time elapsed: 0.023 s -- in com.objwww.pr.control.eval.application.BaselineReportGeneratorTest
[INFO] Running com.objwww.pr.control.eval.application.EvalGateRunnerTest
[INFO] Tests run: 4, Failures: 0, Errors: 0, Skipped: 0, Time elapsed: 0.012 s -- in com.objwww.pr.control.eval.application.EvalGateRunnerTest
[INFO] Running com.objwww.pr.control.eval.application.FlagdScenarioDriverTest
01:15:31.991 [main] WARN com.objwww.pr.control.eval.application.FlagdScenarioDriver -- flagd 条件恢复冲突：flag=paymentFailure current=50%,generation=g3（非本次写入面：他者已改写——不覆盖、不宣称恢复成功）——不覆盖他者改写，不宣称恢复成功
01:15:31.996 [main] WARN com.objwww.pr.control.eval.application.FlagdScenarioDriver -- flagd 条件恢复冲突：flag=paymentFailure current=75%,generation=g3（非本次写入面：他者已改写——不覆盖、不宣称恢复成功）——不覆盖他者改写，不宣称恢复成功
01:15:31.997 [main] WARN com.objwww.pr.control.eval.application.FlagdScenarioDriver -- flagd 条件恢复冲突：flag=paymentFailure current=90%,generation=g3（非本次写入面：他者已改写——不覆盖、不宣称恢复成功）——不覆盖他者改写，不宣称恢复成功
[INFO] Tests run: 6, Failures: 0, Errors: 0, Skipped: 0, Time elapsed: 0.022 s -- in com.objwww.pr.control.eval.application.FlagdScenarioDriverTest
[INFO] Running com.objwww.pr.control.eval.application.EvalCompareServiceTest
[INFO] Tests run: 8, Failures: 0, Errors: 0, Skipped: 0, Time elapsed: 0.067 s -- in com.objwww.pr.control.eval.application.EvalCompareServiceTest
[INFO] Running com.objwww.pr.control.eval.application.SingleCaseScorerTest
[INFO] Tests run: 6, Failures: 0, Errors: 0, Skipped: 0, Time elapsed: 0.024 s -- in com.objwww.pr.control.eval.application.SingleCaseScorerTest
[INFO] Running com.objwww.pr.control.eval.application.EvalCompareTest
[INFO] Tests run: 8, Failures: 0, Errors: 0, Skipped: 0, Time elapsed: 0.018 s -- in com.objwww.pr.control.eval.application.EvalCompareTest
[INFO] Running com.objwww.pr.control.eval.application.FinalReportSelectorTest
[INFO] Tests run: 3, Failures: 0, Errors: 0, Skipped: 0, Time elapsed: 0.005 s -- in com.objwww.pr.control.eval.application.FinalReportSelectorTest
[INFO] Running com.objwww.pr.control.eval.application.EvalReviewServiceTest
[INFO] Tests run: 15, Failures: 0, Errors: 0, Skipped: 0, Time elapsed: 0.033 s -- in com.objwww.pr.control.eval.application.EvalReviewServiceTest
[INFO] Running com.objwww.pr.control.eval.application.EvalLogCompareTest
[INFO] Tests run: 7, Failures: 0, Errors: 0, Skipped: 0, Time elapsed: 0.013 s -- in com.objwww.pr.control.eval.application.EvalLogCompareTest
[INFO] Running com.objwww.pr.control.eval.application.ScenarioEvaluatorTest
[INFO] Tests run: 5, Failures: 0, Errors: 0, Skipped: 0, Time elapsed: 0.005 s -- in com.objwww.pr.control.eval.application.ScenarioEvaluatorTest
[INFO] Running com.objwww.pr.control.eval.application.EvalBatchRunnerTest
01:15:32.176 [main] WARN com.objwww.pr.control.eval.application.EvalBatchRunner -- 场景 S1 第 1 轮注入失败: flagd admin down
01:15:32.192 [main] WARN com.objwww.pr.control.eval.application.EvalBatchRunner -- 场景 S1 注入前 incident 未 resolved（alertname=checkout，预算 10s 耗尽）——本轮判 prev_round_not_resolved 并关门
[INFO] Tests run: 5, Failures: 0, Errors: 0, Skipped: 0, Time elapsed: 0.024 s -- in com.objwww.pr.control.eval.application.EvalBatchRunnerTest
[INFO] Running com.objwww.pr.control.eval.application.ArenaChaosScenarioDriverTest
[INFO] Tests run: 5, Failures: 0, Errors: 0, Skipped: 0, Time elapsed: 0.030 s -- in com.objwww.pr.control.eval.application.ArenaChaosScenarioDriverTest
[INFO] Running com.objwww.pr.control.eval.application.EvalBatchRunnerLifecycleTest
01:15:32.236 [main] WARN com.objwww.pr.control.eval.application.EvalBatchRunner -- 场景 S1 注入前 incident 未 resolved（alertname=checkout，预算 10s 耗尽）——本轮判 prev_round_not_resolved 并关门
01:15:32.237 [main] WARN com.objwww.pr.control.eval.application.EvalBatchRunner -- L 模式取消恢复核验：场景 S1 的 incident 未 RESOLVED（alertname=checkout，预算 10s 耗尽）
[INFO] Tests run: 5, Failures: 0, Errors: 0, Skipped: 0, Time elapsed: 0.018 s -- in com.objwww.pr.control.eval.application.EvalBatchRunnerLifecycleTest
[INFO] Running com.objwww.pr.control.eval.application.GoldenCandidateServiceTest
[INFO] Tests run: 8, Failures: 0, Errors: 0, Skipped: 0, Time elapsed: 0.015 s -- in com.objwww.pr.control.eval.application.GoldenCandidateServiceTest
[INFO] Running com.objwww.pr.control.eval.application.EvalRunnerProfileIsolationTest
01:15:32.760 [main] WARN org.springframework.context.annotation.AnnotationConfigApplicationContext -- Exception encountered during context initialization - cancelling refresh attempt: org.springframework.beans.factory.UnsatisfiedDependencyException: Error creating bean with name 'evalBatchRunner' defined in com.objwww.pr.control.eval.application.EvalRunnerConfig: Unsatisfied dependency expressed through method 'evalBatchRunner' parameter 10: Error creating bean with name 'evalRunMetadata' defined in com.objwww.pr.control.eval.application.EvalRunnerConfig: Failed to instantiate [com.objwww.pr.control.eval.domain.EvalRunMetadata]: Factory method 'evalRunMetadata' threw exception with message: app.alert.eval.grader-version 必填（EN-09：评分器版本入批次身份面）
[INFO] Tests run: 3, Failures: 0, Errors: 0, Skipped: 0, Time elapsed: 0.607 s -- in com.objwww.pr.control.eval.application.EvalRunnerProfileIsolationTest
[INFO] Running com.objwww.pr.control.eval.application.EvalQueryServiceTest
[INFO] Tests run: 35, Failures: 0, Errors: 0, Skipped: 0, Time elapsed: 0.075 s -- in com.objwww.pr.control.eval.application.EvalQueryServiceTest
[INFO] Running com.objwww.pr.control.eval.application.EvalRunWorkerTest
01:15:32.950 [main] WARN com.objwww.pr.control.eval.application.EvalRunWorker -- 孤儿 run 2a906577-bc34-4016-8289-faa309c9284d 终态化 FAILED（worker_lost）
01:15:32.951 [main] WARN com.objwww.pr.control.eval.application.EvalRunWorker -- 孤儿命令 43fcd0fb-15f2-42f6-8af5-d0d04fdf66f5 重排队（run d6749017-ea6a-44e0-a2a7-8fca762ea614 从未落库）
01:15:32.952 [main] WARN com.objwww.pr.control.eval.application.EvalRunWorker -- 孤儿命令 5ed60c69-b2e0-42c6-b85a-ebe6d5e1d433 对齐 run 终态 SUCCEEDED
01:15:32.953 [main] WARN com.objwww.pr.control.eval.application.EvalRunWorker -- eval worker worker-ut 领取 LAUNCH：command=987fa4e6-39d2-4605-b589-a0d8fdd2a426 run=046ab171-b29f-4215-9221-e64aae4d7e4f
01:15:32.953 [main] ERROR com.objwww.pr.control.eval.application.EvalRunWorker -- eval run 046ab171-b29f-4215-9221-e64aae4d7e4f 跑批失败: arena map missing
java.lang.IllegalStateException: arena map missing
	at com.objwww.pr.control.eval.application.EvalRunWorkerTest.lambda$newFailingExecutor$1(EvalRunWorkerTest.java:240)
	at com.objwww.pr.control.eval.application.EvalRunWorker.tick(EvalRunWorker.java:92)
	at com.objwww.pr.control.eval.application.EvalRunWorkerTest.tickClaimsExecutesAndFinishes(EvalRunWorkerTest.java:231)
	at java.base/jdk.internal.reflect.DirectMethodHandleAccessor.invoke(DirectMethodHandleAccessor.java:103)
	at java.base/java.lang.reflect.Method.invoke(Method.java:580)
	at org.junit.platform.commons.util.ReflectionUtils.invokeMethod(ReflectionUtils.java:767)
	at org.junit.jupiter.engine.execution.MethodInvocation.proceed(MethodInvocation.java:60)
	at org.junit.jupiter.engine.execution.InvocationInterceptorChain$ValidatingInvocation.proceed(InvocationInterceptorChain.java:131)
	at org.junit.jupiter.engine.extension.TimeoutExtension.intercept(TimeoutExtension.java:156)
	at org.junit.jupiter.engine.extension.TimeoutExtension.interceptTestableMethod(TimeoutExtension.java:147)
	at org.junit.jupiter.engine.extension.TimeoutExtension.interceptTestMethod(TimeoutExtension.java:86)
	at org.junit.jupiter.engine.execution.InterceptingExecutableInvoker$ReflectiveInterceptorCall.lambda$ofVoidMethod$0(InterceptingExecutableInvoker.java:103)
	at org.junit.jupiter.engine.execution.InterceptingExecutableInvoker.lambda$invoke$0(InterceptingExecutableInvoker.java:93)
	at org.junit.jupiter.engine.execution.InvocationInterceptorChain$InterceptedInvocation.proceed(InvocationInterceptorChain.java:106)
	at org.junit.jupiter.engine.execution.InvocationInterceptorChain.proceed(InvocationInterceptorChain.java:64)
	at org.junit.jupiter.engine.execution.InvocationInterceptorChain.chainAndInvoke(InvocationInterceptorChain.java:45)
	at org.junit.jupiter.engine.execution.InvocationInterceptorChain.invoke(InvocationInterceptorChain.java:37)
	at org.junit.jupiter.engine.execution.InterceptingExecutableInvoker.invoke(InterceptingExecutableInvoker.java:92)
	at org.junit.jupiter.engine.execution.InterceptingExecutableInvoker.invoke(InterceptingExecutableInvoker.java:86)
	at org.junit.jupiter.engine.descriptor.TestMethodTestDescriptor.lambda$invokeTestMethod$8(TestMethodTestDescriptor.java:217)
	at org.junit.platform.engine.support.hierarchical.ThrowableCollector.execute(ThrowableCollector.java:73)
	at org.junit.jupiter.engine.descriptor.TestMethodTestDescriptor.invokeTestMethod(TestMethodTestDescriptor.java:213)
	at org.junit.jupiter.engine.descriptor.TestMethodTestDescriptor.execute(TestMethodTestDescriptor.java:138)
	at org.junit.jupiter.engine.descriptor.TestMethodTestDescriptor.execute(TestMethodTestDescriptor.java:68)
	at org.junit.platform.engine.support.hierarchical.NodeTestTask.lambda$executeRecursively$6(NodeTestTask.java:156)
	at org.junit.platform.engine.support.hierarchical.ThrowableCollector.execute(ThrowableCollector.java:73)
	at org.junit.platform.engine.support.hierarchical.NodeTestTask.lambda$executeRecursively$8(NodeTestTask.java:146)
	at org.junit.platform.engine.support.hierarchical.Node.around(Node.java:137)
	at org.junit.platform.engine.support.hierarchical.NodeTestTask.lambda$executeRecursively$9(NodeTestTask.java:144)
	at org.junit.platform.engine.support.hierarchical.ThrowableCollector.execute(ThrowableCollector.java:73)
	at org.junit.platform.engine.support.hierarchical.NodeTestTask.executeRecursively(NodeTestTask.java:143)
	at org.junit.platform.engine.support.hierarchical.NodeTestTask.execute(NodeTestTask.java:100)
	at java.base/java.util.ArrayList.forEach(ArrayList.java:1596)
	at org.junit.platform.engine.support.hierarchical.SameThreadHierarchicalTestExecutorService.invokeAll(SameThreadHierarchicalTestExecutorService.java:41)
	at org.junit.platform.engine.support.hierarchical.NodeTestTask.lambda$executeRecursively$6(NodeTestTask.java:160)
	at org.junit.platform.engine.support.hierarchical.ThrowableCollector.execute(ThrowableCollector.java:73)
	at org.junit.platform.engine.support.hierarchical.NodeTestTask.lambda$executeRecursively$8(NodeTestTask.java:146)
	at org.junit.platform.engine.support.hierarchical.Node.around(Node.java:137)
	at org.junit.platform.engine.support.hierarchical.NodeTestTask.lambda$executeRecursively$9(NodeTestTask.java:144)
	at org.junit.platform.engine.support.hierarchical.ThrowableCollector.execute(ThrowableCollector.java:73)
	at org.junit.platform.engine.support.hierarchical.NodeTestTask.executeRecursively(NodeTestTask.java:143)
	at org.junit.platform.engine.support.hierarchical.NodeTestTask.execute(NodeTestTask.java:100)
	at java.base/java.util.ArrayList.forEach(ArrayList.java:1596)
	at org.junit.platform.engine.support.hierarchical.SameThreadHierarchicalTestExecutorService.invokeAll(SameThreadHierarchicalTestExecutorService.java:41)
	at org.junit.platform.engine.support.hierarchical.NodeTestTask.lambda$executeRecursively$6(NodeTestTask.java:160)
	at org.junit.platform.engine.support.hierarchical.ThrowableCollector.execute(ThrowableCollector.java:73)
	at org.junit.platform.engine.support.hierarchical.NodeTestTask.lambda$executeRecursively$8(NodeTestTask.java:146)
	at org.junit.platform.engine.support.hierarchical.Node.around(Node.java:137)
	at org.junit.platform.engine.support.hierarchical.NodeTestTask.lambda$executeRecursively$9(NodeTestTask.java:144)
	at org.junit.platform.engine.support.hierarchical.ThrowableCollector.execute(ThrowableCollector.java:73)
	at org.junit.platform.engine.support.hierarchical.NodeTestTask.executeRecursively(NodeTestTask.java:143)
	at org.junit.platform.engine.support.hierarchical.NodeTestTask.execute(NodeTestTask.java:100)
	at org.junit.platform.engine.support.hierarchical.SameThreadHierarchicalTestExecutorService.submit(SameThreadHierarchicalTestExecutorService.java:35)
	at org.junit.platform.engine.support.hierarchical.HierarchicalTestExecutor.execute(HierarchicalTestExecutor.java:57)
	at org.junit.platform.engine.support.hierarchical.HierarchicalTestEngine.execute(HierarchicalTestEngine.java:54)
	at org.junit.platform.launcher.core.EngineExecutionOrchestrator.execute(EngineExecutionOrchestrator.java:198)
	at org.junit.platform.launcher.core.EngineExecutionOrchestrator.execute(EngineExecutionOrchestrator.java:169)
	at org.junit.platform.launcher.core.EngineExecutionOrchestrator.execute(EngineExecutionOrchestrator.java:93)
	at org.junit.platform.launcher.core.EngineExecutionOrchestrator.lambda$execute$0(EngineExecutionOrchestrator.java:58)
	at org.junit.platform.launcher.core.EngineExecutionOrchestrator.withInterceptedStreams(EngineExecutionOrchestrator.java:141)
	at org.junit.platform.launcher.core.EngineExecutionOrchestrator.execute(EngineExecutionOrchestrator.java:57)
	at org.junit.platform.launcher.core.DefaultLauncher.execute(DefaultLauncher.java:103)
	at org.junit.platform.launcher.core.DefaultLauncher.execute(DefaultLauncher.java:85)
	at org.junit.platform.launcher.core.DelegatingLauncher.execute(DelegatingLauncher.java:47)
	at org.apache.maven.surefire.junitplatform.LazyLauncher.execute(LazyLauncher.java:56)
	at org.apache.maven.surefire.junitplatform.JUnitPlatformProvider.execute(JUnitPlatformProvider.java:194)
	at org.apache.maven.surefire.junitplatform.JUnitPlatformProvider.invokeAllTests(JUnitPlatformProvider.java:150)
	at org.apache.maven.surefire.junitplatform.JUnitPlatformProvider.invoke(JUnitPlatformProvider.java:124)
	at org.apache.maven.surefire.booter.ForkedBooter.runSuitesInProcess(ForkedBooter.java:385)
	at org.apache.maven.surefire.booter.ForkedBooter.execute(ForkedBooter.java:162)
	at org.apache.maven.surefire.booter.ForkedBooter.run(ForkedBooter.java:507)
	at org.apache.maven.surefire.booter.ForkedBooter.main(ForkedBooter.java:495)
[INFO] Tests run: 5, Failures: 0, Errors: 0, Skipped: 0, Time elapsed: 0.008 s -- in com.objwww.pr.control.eval.application.EvalRunWorkerTest
[INFO] Running com.objwww.pr.control.eval.application.EvalCommandServiceTest
[INFO] Tests run: 9, Failures: 0, Errors: 0, Skipped: 0, Time elapsed: 0.018 s -- in com.objwww.pr.control.eval.application.EvalCommandServiceTest
[INFO] Running com.objwww.pr.control.eval.interfaces.EvalQueryControllerTest
01:15:32.999 [main] INFO org.springframework.mock.web.MockServletContext -- Initializing Spring TestDispatcherServlet ''
01:15:32.999 [main] INFO org.springframework.test.web.servlet.TestDispatcherServlet -- Initializing Servlet ''
01:15:32.999 [main] INFO org.springframework.test.web.servlet.TestDispatcherServlet -- Completed initialization in 0 ms
01:15:33.021 [main] INFO org.springframework.mock.web.MockServletContext -- Initializing Spring TestDispatcherServlet ''
01:15:33.021 [main] INFO org.springframework.test.web.servlet.TestDispatcherServlet -- Initializing Servlet ''
01:15:33.021 [main] INFO org.springframework.test.web.servlet.TestDispatcherServlet -- Completed initialization in 0 ms
01:15:33.046 [main] INFO org.springframework.mock.web.MockServletContext -- Initializing Spring TestDispatcherServlet ''
01:15:33.046 [main] INFO org.springframework.test.web.servlet.TestDispatcherServlet -- Initializing Servlet ''
01:15:33.046 [main] INFO org.springframework.test.web.servlet.TestDispatcherServlet -- Completed initialization in 0 ms
01:15:33.071 [main] INFO org.springframework.mock.web.MockServletContext -- Initializing Spring TestDispatcherServlet ''
01:15:33.072 [main] INFO org.springframework.test.web.servlet.TestDispatcherServlet -- Initializing Servlet ''
01:15:33.072 [main] INFO org.springframework.test.web.servlet.TestDispatcherServlet -- Completed initialization in 0 ms
01:15:33.099 [main] INFO org.springframework.mock.web.MockServletContext -- Initializing Spring TestDispatcherServlet ''
01:15:33.099 [main] INFO org.springframework.test.web.servlet.TestDispatcherServlet -- Initializing Servlet ''
01:15:33.099 [main] INFO org.springframework.test.web.servlet.TestDispatcherServlet -- Completed initialization in 0 ms
01:15:33.127 [main] INFO org.springframework.mock.web.MockServletContext -- Initializing Spring TestDispatcherServlet ''
01:15:33.127 [main] INFO org.springframework.test.web.servlet.TestDispatcherServlet -- Initializing Servlet ''
01:15:33.127 [main] INFO org.springframework.test.web.servlet.TestDispatcherServlet -- Completed initialization in 0 ms
01:15:33.144 [main] INFO org.springframework.mock.web.MockServletContext -- Initializing Spring TestDispatcherServlet ''
01:15:33.144 [main] INFO org.springframework.test.web.servlet.TestDispatcherServlet -- Initializing Servlet ''
01:15:33.144 [main] INFO org.springframework.test.web.servlet.TestDispatcherServlet -- Completed initialization in 0 ms
[INFO] Tests run: 7, Failures: 0, Errors: 0, Skipped: 0, Time elapsed: 0.173 s -- in com.objwww.pr.control.eval.interfaces.EvalQueryControllerTest
[INFO] Running com.objwww.pr.control.infrastructure.config.AlertAm4ConfigTest
[INFO] Tests run: 3, Failures: 0, Errors: 0, Skipped: 0, Time elapsed: 0.029 s -- in com.objwww.pr.control.infrastructure.config.AlertAm4ConfigTest
[INFO] Running com.objwww.pr.control.infrastructure.config.EngineComparisonRecorderWiringTest
[INFO] Tests run: 2, Failures: 0, Errors: 0, Skipped: 0, Time elapsed: 0.006 s -- in com.objwww.pr.control.infrastructure.config.EngineComparisonRecorderWiringTest
[INFO] Running com.objwww.pr.control.infrastructure.config.AlertFlowConfigTest
[INFO] Tests run: 2, Failures: 0, Errors: 0, Skipped: 0, Time elapsed: 0.002 s -- in com.objwww.pr.control.infrastructure.config.AlertFlowConfigTest
[INFO] Running com.objwww.pr.control.infrastructure.config.ModelPriceBindingTest
[INFO] Tests run: 3, Failures: 0, Errors: 0, Skipped: 0, Time elapsed: 0.070 s -- in com.objwww.pr.control.infrastructure.config.ModelPriceBindingTest
[INFO] Running com.objwww.pr.control.infrastructure.config.NativeCapabilityProbeTest
[INFO] Tests run: 5, Failures: 0, Errors: 0, Skipped: 0, Time elapsed: 0.003 s -- in com.objwww.pr.control.infrastructure.config.NativeCapabilityProbeTest
[INFO] Running com.objwww.pr.control.infrastructure.config.SecurityConfigTest
01:15:33.482 [main] INFO org.springframework.boot.test.context.SpringBootTestContextBootstrapper -- Found @SpringBootConfiguration com.objwww.pr.control.ControlApplication for test class com.objwww.pr.control.infrastructure.config.SecurityConfigTest

  .   ____          _            __ _ _
 /\\ / ___'_ __ _ _(_)_ __  __ _ \ \ \ \
( ( )\___ | '_ | '_| | '_ \/ _` | \ \ \ \
 \\/  ___)| |_)| | | | | || (_| |  ) ) ) )
  '  |____| .__|_| |_|_| |_\__, | / / / /
 =========|_|==============|___/=/_/_/_/

 :: Spring Boot ::                (v3.4.5)

2026-09-13T01:15:33.719+08:00  INFO 30645 --- [control-app] [           main] [                                                 ] c.o.p.c.i.config.SecurityConfigTest      : Starting SecurityConfigTest using Java 21.0.12.1 with PID 30645 (started by root in /opt/build/pr/control-app)
2026-09-13T01:15:33.726+08:00  INFO 30645 --- [control-app] [           main] [                                                 ] c.o.p.c.i.config.SecurityConfigTest      : No active profile set, falling back to 1 default profile: "default"
2026-09-13T01:15:35.499+08:00  WARN 30645 --- [control-app] [           main] [                                                 ] r$InitializeUserDetailsManagerConfigurer : Found 2 UserDetailsService beans, with names [authUserDetailsService, platformUserDetailsService]. Global Authentication Manager will not use a UserDetailsService for username/password login. Consider publishing a single UserDetailsService bean.
2026-09-13T01:15:36.044+08:00  INFO 30645 --- [control-app] [           main] [                                                 ] o.s.b.a.e.web.EndpointLinksResolver      : Exposing 3 endpoints beneath base path '/actuator'
2026-09-13T01:15:36.616+08:00  INFO 30645 --- [control-app] [           main] [                                                 ] o.s.b.t.m.w.SpringBootMockServletContext : Initializing Spring TestDispatcherServlet ''
2026-09-13T01:15:36.616+08:00  INFO 30645 --- [control-app] [           main] [                                                 ] o.s.t.web.servlet.TestDispatcherServlet  : Initializing Servlet ''
2026-09-13T01:15:36.617+08:00  INFO 30645 --- [control-app] [           main] [                                                 ] o.s.t.web.servlet.TestDispatcherServlet  : Completed initialization in 1 ms
2026-09-13T01:15:36.680+08:00  INFO 30645 --- [control-app] [           main] [                                                 ] c.o.p.c.i.config.SecurityConfigTest      : Started SecurityConfigTest in 3.153 seconds (process running for 8.62)
Mockito is currently self-attaching to enable the inline-mock-maker. This will no longer work in future releases of the JDK. Please add Mockito as an agent to your build what is described in Mockito's documentation: https://javadoc.io/doc/org.mockito/mockito-core/latest/org/mockito/Mockito.html#0.3
OpenJDK 64-Bit Server VM warning: Sharing is only supported for boot loader classes because bootstrap classpath has been appended
WARNING: A Java agent has been loaded dynamically (/root/.m2/repository/net/bytebuddy/byte-buddy-agent/1.15.11/byte-buddy-agent-1.15.11.jar)
WARNING: If a serviceability tool is in use, please run with -XX:+EnableDynamicAgentLoading to hide this warning
WARNING: If a serviceability tool is not in use, please run with -Djdk.instrument.traceUsage for more information
WARNING: Dynamic loading of agents will be disallowed by default in a future release
[INFO] Tests run: 19, Failures: 0, Errors: 0, Skipped: 0, Time elapsed: 5.382 s -- in com.objwww.pr.control.infrastructure.config.SecurityConfigTest
[INFO] Running com.objwww.pr.control.infrastructure.config.DataSourceBulkheadConfigTest
2026-09-13T01:15:38.666+08:00  INFO 30645 --- [control-app] [           main] [                                                 ] com.zaxxer.hikari.HikariDataSource       : alert-ingress - Starting...
2026-09-13T01:15:38.687+08:00  INFO 30645 --- [control-app] [           main] [                                                 ] com.zaxxer.hikari.HikariDataSource       : alert-ingress - Start completed.
2026-09-13T01:15:38.688+08:00  INFO 30645 --- [control-app] [           main] [                                                 ] com.zaxxer.hikari.HikariDataSource       : alert-worker - Starting...
2026-09-13T01:15:38.690+08:00  INFO 30645 --- [control-app] [           main] [                                                 ] com.zaxxer.hikari.HikariDataSource       : alert-worker - Start completed.
2026-09-13T01:15:38.691+08:00  INFO 30645 --- [control-app] [           main] [                                                 ] com.zaxxer.hikari.HikariDataSource       : alert-worker - Shutdown initiated...
2026-09-13T01:15:38.693+08:00  INFO 30645 --- [control-app] [           main] [                                                 ] com.zaxxer.hikari.HikariDataSource       : alert-worker - Shutdown completed.
2026-09-13T01:15:38.693+08:00  INFO 30645 --- [control-app] [           main] [                                                 ] com.zaxxer.hikari.HikariDataSource       : alert-ingress - Shutdown initiated...
2026-09-13T01:15:38.693+08:00  INFO 30645 --- [control-app] [           main] [                                                 ] com.zaxxer.hikari.HikariDataSource       : alert-ingress - Shutdown completed.
[INFO] Tests run: 3, Failures: 0, Errors: 0, Skipped: 0, Time elapsed: 0.036 s -- in com.objwww.pr.control.infrastructure.config.DataSourceBulkheadConfigTest
[INFO] Running com.objwww.pr.control.infrastructure.litellm.HttpLiteLlmAdminClientTest
[INFO] Tests run: 4, Failures: 0, Errors: 0, Skipped: 0, Time elapsed: 0.104 s -- in com.objwww.pr.control.infrastructure.litellm.HttpLiteLlmAdminClientTest
[INFO] Running com.objwww.pr.control.infrastructure.rag.RunbookExecutorsTest
[INFO] Tests run: 15, Failures: 0, Errors: 0, Skipped: 0, Time elapsed: 0.050 s -- in com.objwww.pr.control.infrastructure.rag.RunbookExecutorsTest
[INFO] Running com.objwww.pr.control.infrastructure.nativeexec.R7PrimaryModeExecutorTest
2026-09-13T01:15:38.886+08:00  INFO 30645 --- [control-app] [           main] [                                                 ] c.o.p.c.a.a.DeterministicSupervisor      : {"event":"r7_primary_started","ts":"2026-09-12T17:15:38.886403699Z","run_id":"1cddd1dc-0259-4c45-b7ce-b0d131d57fd8","role":"primary@1","task_id":"781fd69a-cb45-4647-b897-858ec494f46c"}
2026-09-13T01:15:38.887+08:00  WARN 30645 --- [control-app] [           main] [                                                 ] c.o.p.c.i.n.NativeInvestigationExecutor  : run 1cddd1dc-0259-4c45-b7ce-b0d131d57fd8 无冻结时间窗（存量行兼容面），回退执行时窗口——F14 冻结语义缺失
2026-09-13T01:15:38.906+08:00  INFO 30645 --- [control-app] [           main] [                                                 ] c.o.p.c.a.a.DeterministicSupervisor      : {"event":"r7_delegation_adjudicated","ts":"2026-09-12T17:15:38.905788460Z","batch_accepted":true,"run_id":"1cddd1dc-0259-4c45-b7ce-b0d131d57fd8","task_id":"781fd69a-cb45-4647-b897-858ec494f46c","approved":1,"requests":1}
2026-09-13T01:15:38.907+08:00  INFO 30645 --- [control-app] [           main] [                                                 ] c.o.p.c.i.n.NativeInvestigationExecutor  : 主任务转委派等待（sweep 转驱子任务，结清后唤醒）task=781fd69a-cb45-4647-b897-858ec494f46c reason=null
2026-09-13T01:15:38.916+08:00  INFO 30645 --- [control-app] [           main] [                                                 ] c.o.p.c.a.a.agent.BoundedLlmRoleRunner   : 主 FINAL 提案落检查点 task=781fd69a-cb45-4647-b897-858ec494f46c claims=1 downgraded=0 stripped=0
2026-09-13T01:15:38.917+08:00  INFO 30645 --- [control-app] [           main] [                                                 ] c.o.p.c.i.n.NativeInvestigationExecutor  : 主任务 FINAL 提案就绪 → DONE task=781fd69a-cb45-4647-b897-858ec494f46c reason=null
2026-09-13T01:15:38.919+08:00  INFO 30645 --- [control-app] [           main] [                                                 ] c.o.p.c.a.a.DeterministicSupervisor      : {"event":"am4_run_reporting","ts":"2026-09-12T17:15:38.919611378Z","run_id":"1cddd1dc-0259-4c45-b7ce-b0d131d57fd8"}
2026-09-13T01:15:38.919+08:00  INFO 30645 --- [control-app] [           main] [                                                 ] c.o.p.c.a.a.DeterministicSupervisor      : run 1cddd1dc-0259-4c45-b7ce-b0d131d57fd8 全任务终态 → REPORTING（报告链组装）
2026-09-13T01:15:38.931+08:00  INFO 30645 --- [control-app] [           main] [                                                 ] c.o.p.c.i.n.NativeInvestigationExecutor  : native 全链完成 run=1cddd1dc-0259-4c45-b7ce-b0d131d57fd8 reportOutcome=UNRESOLVED claims=1 validation=STRUCTURE_VALIDATED 快照=13d46b4255646143f757380c7deeb29ba173c094037d39ba24c8b0ceab785526 主模式=true
2026-09-13T01:15:38.936+08:00  INFO 30645 --- [control-app] [           main] [                                                 ] c.o.p.c.a.a.DeterministicSupervisor      : {"event":"r7_primary_started","ts":"2026-09-12T17:15:38.935904878Z","run_id":"2d8dd509-1da7-404f-a127-1ebdc4cce1f6","role":"primary@1","task_id":"e2b1a3ab-7610-4eb1-b341-f0c7c57f2402"}
2026-09-13T01:15:38.936+08:00  WARN 30645 --- [control-app] [           main] [                                                 ] c.o.p.c.i.n.NativeInvestigationExecutor  : run 2d8dd509-1da7-404f-a127-1ebdc4cce1f6 无冻结时间窗（存量行兼容面），回退执行时窗口——F14 冻结语义缺失
2026-09-13T01:15:38.938+08:00  INFO 30645 --- [control-app] [           main] [                                                 ] c.o.p.c.a.a.agent.BoundedLlmRoleRunner   : 主 FINAL 提案落检查点 task=e2b1a3ab-7610-4eb1-b341-f0c7c57f2402 claims=1 downgraded=0 stripped=0
2026-09-13T01:15:38.938+08:00  INFO 30645 --- [control-app] [           main] [                                                 ] c.o.p.c.i.n.NativeInvestigationExecutor  : 主任务 FINAL 提案就绪 → DONE task=e2b1a3ab-7610-4eb1-b341-f0c7c57f2402 reason=null
2026-09-13T01:15:38.938+08:00  INFO 30645 --- [control-app] [           main] [                                                 ] c.o.p.c.a.a.DeterministicSupervisor      : {"event":"am4_run_reporting","ts":"2026-09-12T17:15:38.938662090Z","run_id":"2d8dd509-1da7-404f-a127-1ebdc4cce1f6"}
2026-09-13T01:15:38.938+08:00  INFO 30645 --- [control-app] [           main] [                                                 ] c.o.p.c.a.a.DeterministicSupervisor      : run 2d8dd509-1da7-404f-a127-1ebdc4cce1f6 全任务终态 → REPORTING（报告链组装）
2026-09-13T01:15:38.939+08:00  INFO 30645 --- [control-app] [           main] [                                                 ] c.o.p.c.i.n.NativeInvestigationExecutor  : native 全链完成 run=2d8dd509-1da7-404f-a127-1ebdc4cce1f6 reportOutcome=UNRESOLVED claims=1 validation=STRUCTURE_VALIDATED 快照=a3c71174484e428491c46e1df9c11732cf3541383816311de29c4f0c8e0848c7 主模式=true
2026-09-13T01:15:38.941+08:00  INFO 30645 --- [control-app] [           main] [                                                 ] c.o.p.c.a.a.DeterministicSupervisor      : {"event":"r7_primary_started","ts":"2026-09-12T17:15:38.941536342Z","run_id":"a5063ae1-e825-4076-a651-359cbedc9346","role":"primary@1","task_id":"9f5d0e3a-c3b6-4f90-a19c-f695b8a583b4"}
2026-09-13T01:15:38.941+08:00  WARN 30645 --- [control-app] [           main] [                                                 ] c.o.p.c.i.n.NativeInvestigationExecutor  : run a5063ae1-e825-4076-a651-359cbedc9346 无冻结时间窗（存量行兼容面），回退执行时窗口——F14 冻结语义缺失
2026-09-13T01:15:38.944+08:00  INFO 30645 --- [control-app] [           main] [                                                 ] c.o.p.c.a.a.agent.BoundedLlmRoleRunner   : 主 FINAL 提案落检查点 task=9f5d0e3a-c3b6-4f90-a19c-f695b8a583b4 claims=0 downgraded=0 stripped=0
2026-09-13T01:15:38.945+08:00  INFO 30645 --- [control-app] [           main] [                                                 ] c.o.p.c.i.n.NativeInvestigationExecutor  : 主任务 FINAL 提案就绪 → DONE task=9f5d0e3a-c3b6-4f90-a19c-f695b8a583b4 reason=null
2026-09-13T01:15:38.945+08:00  INFO 30645 --- [control-app] [           main] [                                                 ] c.o.p.c.a.a.DeterministicSupervisor      : {"event":"am4_run_reporting","ts":"2026-09-12T17:15:38.945471512Z","run_id":"a5063ae1-e825-4076-a651-359cbedc9346"}
2026-09-13T01:15:38.945+08:00  INFO 30645 --- [control-app] [           main] [                                                 ] c.o.p.c.a.a.DeterministicSupervisor      : run a5063ae1-e825-4076-a651-359cbedc9346 全任务终态 → REPORTING（报告链组装）
2026-09-13T01:15:38.946+08:00  INFO 30645 --- [control-app] [           main] [                                                 ] c.o.p.c.i.n.NativeInvestigationExecutor  : native 全链完成 run=a5063ae1-e825-4076-a651-359cbedc9346 reportOutcome=UNRESOLVED claims=0 validation=STRUCTURE_VALIDATED 快照=dd510beb40809bcb1186f3329d07d712b8a5678029d2d73a876a7f9868a7199a 主模式=true
2026-09-13T01:15:38.949+08:00  INFO 30645 --- [control-app] [           main] [                                                 ] c.o.p.c.a.a.DeterministicSupervisor      : {"event":"r7_primary_started","ts":"2026-09-12T17:15:38.949207146Z","run_id":"0d3b8b87-7ca0-480a-b9e0-5670e37c0d15","role":"primary@1","task_id":"4614a0da-e693-493c-808b-5b3c5985a678"}
2026-09-13T01:15:38.949+08:00  WARN 30645 --- [control-app] [           main] [                                                 ] c.o.p.c.i.n.NativeInvestigationExecutor  : run 0d3b8b87-7ca0-480a-b9e0-5670e37c0d15 无冻结时间窗（存量行兼容面），回退执行时窗口——F14 冻结语义缺失
2026-09-13T01:15:38.951+08:00  INFO 30645 --- [control-app] [           main] [                                                 ] c.o.p.c.a.a.agent.BoundedLlmRoleRunner   : 主 FINAL 提案落检查点 task=4614a0da-e693-493c-808b-5b3c5985a678 claims=1 downgraded=0 stripped=0
2026-09-13T01:15:38.952+08:00  INFO 30645 --- [control-app] [           main] [                                                 ] c.o.p.c.i.n.NativeInvestigationExecutor  : 主任务 FINAL 提案就绪 → DONE task=4614a0da-e693-493c-808b-5b3c5985a678 reason=null
2026-09-13T01:15:38.952+08:00  INFO 30645 --- [control-app] [           main] [                                                 ] c.o.p.c.a.a.DeterministicSupervisor      : {"event":"am4_run_reporting","ts":"2026-09-12T17:15:38.952359121Z","run_id":"0d3b8b87-7ca0-480a-b9e0-5670e37c0d15"}
2026-09-13T01:15:38.952+08:00  INFO 30645 --- [control-app] [           main] [                                                 ] c.o.p.c.a.a.DeterministicSupervisor      : run 0d3b8b87-7ca0-480a-b9e0-5670e37c0d15 全任务终态 → REPORTING（报告链组装）
2026-09-13T01:15:38.953+08:00  INFO 30645 --- [control-app] [           main] [                                                 ] c.o.p.c.i.n.NativeInvestigationExecutor  : native 全链完成 run=0d3b8b87-7ca0-480a-b9e0-5670e37c0d15 reportOutcome=UNRESOLVED claims=1 validation=STRUCTURE_VALIDATED 快照=a3c71174484e428491c46e1df9c11732cf3541383816311de29c4f0c8e0848c7 主模式=true
2026-09-13T01:15:38.960+08:00  INFO 30645 --- [control-app] [           main] [                                                 ] c.o.p.c.a.a.RcaRunOrchestrator           : {"event":"rca_task_decision","ts":"2026-09-12T17:15:38.959986203Z","latency_ms":0,"decision":"COMPLETED","run_id":"0d3b8b87-7ca0-480a-b9e0-5670e37c0d15","task_id":"ca8d3b5b-96dd-4600-9909-8fcb3001cfea","attempt_id":"fd1137d9-b201-4dfe-a2f1-891cb01083ec"}
2026-09-13T01:15:38.962+08:00  WARN 30645 --- [control-app] [           main] [                                                 ] c.o.p.c.a.a.a.PrimaryFinalClaimProjector : 主 FINAL 提案零证据引用，不成断言（留检查点审计面）run=0a7fbf02-de49-4e22-b64a-46578f715bea claim=c3
2026-09-13T01:15:38.964+08:00  INFO 30645 --- [control-app] [           main] [                                                 ] c.o.p.c.a.a.DeterministicSupervisor      : {"event":"r7_primary_started","ts":"2026-09-12T17:15:38.964195930Z","run_id":"3a2655c4-c9b4-4d0e-a41f-f19015e38548","role":"primary@1","task_id":"f678e2cc-bdbb-4c6a-a59f-8d3931fa44d1"}
2026-09-13T01:15:38.964+08:00  INFO 30645 --- [control-app] [           main] [                                                 ] c.o.p.c.a.a.DeterministicSupervisor      : {"event":"r7_delegation_adjudicated","ts":"2026-09-12T17:15:38.964578630Z","batch_accepted":false,"run_id":"3a2655c4-c9b4-4d0e-a41f-f19015e38548","task_id":"f678e2cc-bdbb-4c6a-a59f-8d3931fa44d1","approved":0,"requests":1}
2026-09-13T01:15:38.969+08:00  INFO 30645 --- [control-app] [           main] [                                                 ] c.o.p.c.a.a.DeterministicSupervisor      : {"event":"r7_primary_started","ts":"2026-09-12T17:15:38.968998943Z","run_id":"22d04e8c-6612-451f-b1d8-5990dc92eefb","role":"primary@1","task_id":"d0b366bb-b6d8-4d38-9add-4379dd0e57bd"}
2026-09-13T01:15:38.970+08:00  INFO 30645 --- [control-app] [           main] [                                                 ] c.o.p.c.a.a.DeterministicSupervisor      : {"event":"r7_delegation_adjudicated","ts":"2026-09-12T17:15:38.970184977Z","batch_accepted":true,"run_id":"22d04e8c-6612-451f-b1d8-5990dc92eefb","task_id":"d0b366bb-b6d8-4d38-9add-4379dd0e57bd","approved":1,"requests":1}
2026-09-13T01:15:38.970+08:00  WARN 30645 --- [control-app] [           main] [                                                 ] c.o.p.c.i.n.NativeInvestigationExecutor  : run 22d04e8c-6612-451f-b1d8-5990dc92eefb 无冻结时间窗（存量行兼容面），回退执行时窗口——F14 冻结语义缺失
2026-09-13T01:15:38.972+08:00  INFO 30645 --- [control-app] [           main] [                                                 ] c.o.p.c.a.a.agent.BoundedLlmRoleRunner   : 主 FINAL 提案落检查点 task=d0b366bb-b6d8-4d38-9add-4379dd0e57bd claims=1 downgraded=0 stripped=0
2026-09-13T01:15:38.972+08:00  INFO 30645 --- [control-app] [           main] [                                                 ] c.o.p.c.i.n.NativeInvestigationExecutor  : 主任务 FINAL 提案就绪 → DONE task=d0b366bb-b6d8-4d38-9add-4379dd0e57bd reason=null
2026-09-13T01:15:38.972+08:00  INFO 30645 --- [control-app] [           main] [                                                 ] c.o.p.c.a.a.DeterministicSupervisor      : {"event":"am4_run_reporting","ts":"2026-09-12T17:15:38.972769103Z","run_id":"22d04e8c-6612-451f-b1d8-5990dc92eefb"}
2026-09-13T01:15:38.972+08:00  INFO 30645 --- [control-app] [           main] [                                                 ] c.o.p.c.a.a.DeterministicSupervisor      : run 22d04e8c-6612-451f-b1d8-5990dc92eefb 全任务终态 → REPORTING（报告链组装）
2026-09-13T01:15:38.973+08:00  INFO 30645 --- [control-app] [           main] [                                                 ] c.o.p.c.i.n.NativeInvestigationExecutor  : native 全链完成 run=22d04e8c-6612-451f-b1d8-5990dc92eefb reportOutcome=UNRESOLVED claims=1 validation=STRUCTURE_VALIDATED 快照=a3c71174484e428491c46e1df9c11732cf3541383816311de29c4f0c8e0848c7 主模式=true
[INFO] Tests run: 8, Failures: 0, Errors: 0, Skipped: 0, Time elapsed: 0.117 s -- in com.objwww.pr.control.infrastructure.nativeexec.R7PrimaryModeExecutorTest
[INFO] Running com.objwww.pr.control.infrastructure.nativeexec.NativeInvestigationExecutorTest
2026-09-13T01:15:38.983+08:00  WARN 30645 --- [control-app] [           main] [                                                 ] c.o.p.c.i.n.NativeInvestigationExecutor  : run d98ee54f-8b44-4a1e-9141-7c39e190f836 无冻结时间窗（存量行兼容面），回退执行时窗口——F14 冻结语义缺失
2026-09-13T01:15:38.991+08:00  INFO 30645 --- [control-app] [           main] [                                                 ] c.o.p.c.a.a.DeterministicSupervisor      : {"event":"am4_run_reporting","ts":"2026-09-12T17:15:38.991079581Z","run_id":"d98ee54f-8b44-4a1e-9141-7c39e190f836"}
2026-09-13T01:15:38.991+08:00  INFO 30645 --- [control-app] [           main] [                                                 ] c.o.p.c.a.a.DeterministicSupervisor      : run d98ee54f-8b44-4a1e-9141-7c39e190f836 全任务终态 → REPORTING（报告链组装）
2026-09-13T01:15:38.999+08:00  INFO 30645 --- [control-app] [           main] [                                                 ] c.o.p.c.i.n.NativeInvestigationExecutor  : native 全链完成 run=d98ee54f-8b44-4a1e-9141-7c39e190f836 reportOutcome=CONFIRMED claims=1 validation=STRUCTURE_VALIDATED 快照=3c20d71cff03bf8624ce3974a19841a1e8e315f5f3246fe536c3c3fc4af6addd 主模式=false
2026-09-13T01:15:39.000+08:00  INFO 30645 --- [control-app] [           main] [                                                 ] c.o.p.c.a.a.RcaRunOrchestrator           : {"event":"rca_task_decision","ts":"2026-09-12T17:15:39.000859327Z","latency_ms":0,"decision":"COMPLETED","run_id":"d98ee54f-8b44-4a1e-9141-7c39e190f836","task_id":"8403b857-589a-4246-a2f7-0fdeff5885d6","attempt_id":"410ded83-9618-4008-bf39-3182b92e80cf"}
2026-09-13T01:15:39.007+08:00  INFO 30645 --- [control-app] [           main] [                                                 ] c.o.p.c.a.a.DeterministicSupervisor      : {"event":"am4_run_reporting","ts":"2026-09-12T17:15:39.007191239Z","run_id":"f3e37f07-3b9f-4b5f-ae27-1cdbf64528bb"}
2026-09-13T01:15:39.007+08:00  INFO 30645 --- [control-app] [           main] [                                                 ] c.o.p.c.a.a.DeterministicSupervisor      : run f3e37f07-3b9f-4b5f-ae27-1cdbf64528bb 全任务终态 → REPORTING（报告链组装）
2026-09-13T01:15:39.007+08:00  INFO 30645 --- [control-app] [           main] [                                                 ] c.o.p.c.i.n.NativeInvestigationExecutor  : native 全链完成 run=f3e37f07-3b9f-4b5f-ae27-1cdbf64528bb reportOutcome=UNRESOLVED claims=0 validation=STRUCTURE_VALIDATED 快照=de17ef9df88e57234ba379dd5d3b62d694360536e41fcb7ee62c63bf314843f4 主模式=false
2026-09-13T01:15:39.040+08:00  INFO 30645 --- [control-app] [           main] [                                                 ] c.o.p.c.a.a.DeterministicSupervisor      : {"event":"am4_plan_rejected","ts":"2026-09-12T17:15:39.039988555Z","run_id":"52ebf8a9-818b-4770-8ca1-0465531b5353","reason":"schema_version 必须为 am4-plan.v1，实际: bogus"}
2026-09-13T01:15:39.040+08:00  WARN 30645 --- [control-app] [           main] [                                                 ] c.o.p.c.a.a.DeterministicSupervisor      : run 52ebf8a9-818b-4770-8ca1-0465531b5353 提案被确定性拒绝 → FAILED（schema_version 必须为 am4-plan.v1，实际: bogus）
2026-09-13T01:15:39.043+08:00  WARN 30645 --- [control-app] [           main] [                                                 ] c.o.p.c.i.n.NativeInvestigationExecutor  : run dadee0b7-9d47-4b7f-bf8f-297bb4aeda0a 无冻结时间窗（存量行兼容面），回退执行时窗口——F14 冻结语义缺失
2026-09-13T01:15:39.045+08:00  INFO 30645 --- [control-app] [           main] [                                                 ] c.o.p.c.a.a.DeterministicSupervisor      : {"event":"am4_run_reporting","ts":"2026-09-12T17:15:39.045223773Z","run_id":"dadee0b7-9d47-4b7f-bf8f-297bb4aeda0a"}
2026-09-13T01:15:39.045+08:00  INFO 30645 --- [control-app] [           main] [                                                 ] c.o.p.c.a.a.DeterministicSupervisor      : run dadee0b7-9d47-4b7f-bf8f-297bb4aeda0a 全任务终态 → REPORTING（报告链组装）
2026-09-13T01:15:39.046+08:00  INFO 30645 --- [control-app] [           main] [                                                 ] c.o.p.c.i.n.NativeInvestigationExecutor  : native 全链完成 run=dadee0b7-9d47-4b7f-bf8f-297bb4aeda0a reportOutcome=UNRESOLVED claims=0 validation=STRUCTURE_VALIDATED 快照=de17ef9df88e57234ba379dd5d3b62d694360536e41fcb7ee62c63bf314843f4 主模式=false
2026-09-13T01:15:39.047+08:00  WARN 30645 --- [control-app] [           main] [                                                 ] c.o.p.c.i.n.NativeInvestigationExecutor  : run dadee0b7-9d47-4b7f-bf8f-297bb4aeda0a 无冻结时间窗（存量行兼容面），回退执行时窗口——F14 冻结语义缺失
2026-09-13T01:15:39.047+08:00  WARN 30645 --- [control-app] [           main] [                                                 ] c.o.p.c.i.n.NativeInvestigationExecutor  : 阶段②恢复：悬挂 PENDING → UNKNOWN（发送后结果未知，预算占用保留）op=9d7b0e9c-510a-4c95-ad20-41e28689cba9
2026-09-13T01:15:39.054+08:00  INFO 30645 --- [control-app] [           main] [                                                 ] c.o.p.c.i.n.NativeInvestigationExecutor  : native 全链完成 run=dadee0b7-9d47-4b7f-bf8f-297bb4aeda0a reportOutcome=UNRESOLVED claims=0 validation=STRUCTURE_VALIDATED 快照=bca76dd8580d2ebf2325ef06dc5a1ec3333ff9292144b1a1347c0a1e3610a4b8 主模式=false
2026-09-13T01:15:39.058+08:00  WARN 30645 --- [control-app] [           main] [                                                 ] c.o.p.c.i.n.NativeInvestigationExecutor  : run 10d6edf4-258b-4bc8-8472-9d746c449d84 无冻结时间窗（存量行兼容面），回退执行时窗口——F14 冻结语义缺失
2026-09-13T01:15:39.060+08:00  INFO 30645 --- [control-app] [           main] [                                                 ] c.o.p.c.a.a.DeterministicSupervisor      : {"event":"am4_run_reporting","ts":"2026-09-12T17:15:39.060328355Z","run_id":"10d6edf4-258b-4bc8-8472-9d746c449d84"}
2026-09-13T01:15:39.060+08:00  INFO 30645 --- [control-app] [           main] [                                                 ] c.o.p.c.a.a.DeterministicSupervisor      : run 10d6edf4-258b-4bc8-8472-9d746c449d84 全任务终态 → REPORTING（报告链组装）
2026-09-13T01:15:39.061+08:00  INFO 30645 --- [control-app] [           main] [                                                 ] c.o.p.c.i.n.NativeInvestigationExecutor  : native 全链完成 run=10d6edf4-258b-4bc8-8472-9d746c449d84 reportOutcome=UNRESOLVED claims=0 validation=STRUCTURE_VALIDATED 快照=de17ef9df88e57234ba379dd5d3b62d694360536e41fcb7ee62c63bf314843f4 主模式=false
2026-09-13T01:15:39.061+08:00  WARN 30645 --- [control-app] [           main] [                                                 ] c.o.p.c.i.n.NativeInvestigationExecutor  : run 10d6edf4-258b-4bc8-8472-9d746c449d84 无冻结时间窗（存量行兼容面），回退执行时窗口——F14 冻结语义缺失
2026-09-13T01:15:39.062+08:00  INFO 30645 --- [control-app] [           main] [                                                 ] c.o.p.c.i.n.NativeInvestigationExecutor  : native 全链完成 run=10d6edf4-258b-4bc8-8472-9d746c449d84 reportOutcome=UNRESOLVED claims=0 validation=STRUCTURE_VALIDATED 快照=de17ef9df88e57234ba379dd5d3b62d694360536e41fcb7ee62c63bf314843f4 主模式=false
2026-09-13T01:15:39.066+08:00  WARN 30645 --- [control-app] [           main] [                                                 ] c.o.p.c.i.n.NativeInvestigationExecutor  : run da092bfa-560e-4c99-8753-75599e19cf16 无冻结时间窗（存量行兼容面），回退执行时窗口——F14 冻结语义缺失
2026-09-13T01:15:39.067+08:00  INFO 30645 --- [control-app] [           main] [                                                 ] c.o.p.c.a.a.DeterministicSupervisor      : {"event":"am4_run_reporting","ts":"2026-09-12T17:15:39.067808019Z","run_id":"da092bfa-560e-4c99-8753-75599e19cf16"}
2026-09-13T01:15:39.068+08:00  INFO 30645 --- [control-app] [           main] [                                                 ] c.o.p.c.a.a.DeterministicSupervisor      : run da092bfa-560e-4c99-8753-75599e19cf16 全任务终态 → REPORTING（报告链组装）
2026-09-13T01:15:39.068+08:00  INFO 30645 --- [control-app] [           main] [                                                 ] c.o.p.c.i.n.NativeInvestigationExecutor  : native 全链完成 run=da092bfa-560e-4c99-8753-75599e19cf16 reportOutcome=UNRESOLVED claims=0 validation=STRUCTURE_VALIDATED 快照=de17ef9df88e57234ba379dd5d3b62d694360536e41fcb7ee62c63bf314843f4 主模式=false
2026-09-13T01:15:39.069+08:00  WARN 30645 --- [control-app] [           main] [                                                 ] c.o.p.c.i.n.NativeInvestigationExecutor  : run da092bfa-560e-4c99-8753-75599e19cf16 无冻结时间窗（存量行兼容面），回退执行时窗口——F14 冻结语义缺失
2026-09-13T01:15:39.069+08:00  INFO 30645 --- [control-app] [           main] [                                                 ] c.o.p.c.i.n.NativeInvestigationExecutor  : DAG 任务 1e1cc7eb-d54d-453f-87b7-1905033337cf 阶段③恢复：result_ref 幂等收尾（零触网）key=investigate-metrics
2026-09-13T01:15:39.070+08:00  INFO 30645 --- [control-app] [           main] [                                                 ] c.o.p.c.i.n.NativeInvestigationExecutor  : native 全链完成 run=da092bfa-560e-4c99-8753-75599e19cf16 reportOutcome=UNRESOLVED claims=0 validation=STRUCTURE_VALIDATED 快照=de17ef9df88e57234ba379dd5d3b62d694360536e41fcb7ee62c63bf314843f4 主模式=false
2026-09-13T01:15:39.076+08:00  WARN 30645 --- [control-app] [           main] [                                                 ] c.o.p.c.i.n.NativeInvestigationExecutor  : run b164bb7e-d5d2-4dc3-b0d0-db2fe929534d 无冻结时间窗（存量行兼容面），回退执行时窗口——F14 冻结语义缺失
2026-09-13T01:15:39.078+08:00  INFO 30645 --- [control-app] [           main] [                                                 ] c.o.p.c.a.a.DeterministicSupervisor      : {"event":"am4_run_reporting","ts":"2026-09-12T17:15:39.078091362Z","run_id":"b164bb7e-d5d2-4dc3-b0d0-db2fe929534d"}
2026-09-13T01:15:39.078+08:00  INFO 30645 --- [control-app] [           main] [                                                 ] c.o.p.c.a.a.DeterministicSupervisor      : run b164bb7e-d5d2-4dc3-b0d0-db2fe929534d 全任务终态 → REPORTING（报告链组装）
2026-09-13T01:15:39.078+08:00  INFO 30645 --- [control-app] [           main] [                                                 ] c.o.p.c.i.n.NativeInvestigationExecutor  : native 全链完成 run=b164bb7e-d5d2-4dc3-b0d0-db2fe929534d reportOutcome=UNRESOLVED claims=0 validation=STRUCTURE_VALIDATED 快照=de17ef9df88e57234ba379dd5d3b62d694360536e41fcb7ee62c63bf314843f4 主模式=false
2026-09-13T01:15:39.082+08:00  WARN 30645 --- [control-app] [           main] [                                                 ] c.o.p.c.i.n.NativeInvestigationExecutor  : run 8cf3eac9-b89c-4462-858c-1ee5eadd0402 无冻结时间窗（存量行兼容面），回退执行时窗口——F14 冻结语义缺失
2026-09-13T01:15:39.083+08:00  INFO 30645 --- [control-app] [           main] [                                                 ] c.o.p.c.a.a.DeterministicSupervisor      : {"event":"am4_run_reporting","ts":"2026-09-12T17:15:39.083894209Z","run_id":"8cf3eac9-b89c-4462-858c-1ee5eadd0402"}
2026-09-13T01:15:39.084+08:00  INFO 30645 --- [control-app] [           main] [                                                 ] c.o.p.c.a.a.DeterministicSupervisor      : run 8cf3eac9-b89c-4462-858c-1ee5eadd0402 全任务终态 → REPORTING（报告链组装）
2026-09-13T01:15:39.084+08:00  INFO 30645 --- [control-app] [           main] [                                                 ] c.o.p.c.i.n.NativeInvestigationExecutor  : native 全链完成 run=8cf3eac9-b89c-4462-858c-1ee5eadd0402 reportOutcome=UNRESOLVED claims=0 validation=STRUCTURE_VALIDATED 快照=de17ef9df88e57234ba379dd5d3b62d694360536e41fcb7ee62c63bf314843f4 主模式=false
2026-09-13T01:15:39.085+08:00  WARN 30645 --- [control-app] [           main] [                                                 ] c.o.p.c.i.n.NativeInvestigationExecutor  : run 8cf3eac9-b89c-4462-858c-1ee5eadd0402 无冻结时间窗（存量行兼容面），回退执行时窗口——F14 冻结语义缺失
2026-09-13T01:15:39.087+08:00  INFO 30645 --- [control-app] [           main] [                                                 ] c.o.p.c.i.n.NativeInvestigationExecutor  : native 全链完成 run=8cf3eac9-b89c-4462-858c-1ee5eadd0402 reportOutcome=UNRESOLVED claims=0 validation=STRUCTURE_VALIDATED 快照=f0cc17646a02012863c0969e2820e7fda9d01e054a164afa574e9f22df606868 主模式=false
2026-09-13T01:15:39.088+08:00  WARN 30645 --- [control-app] [           main] [                                                 ] c.o.p.c.i.n.NativeInvestigationExecutor  : run 8cf3eac9-b89c-4462-858c-1ee5eadd0402 无冻结时间窗（存量行兼容面），回退执行时窗口——F14 冻结语义缺失
2026-09-13T01:15:39.088+08:00  WARN 30645 --- [control-app] [           main] [                                                 ] c.o.p.c.i.n.NativeInvestigationExecutor  : DAG 任务 e3c163ef-30cc-4ab4-b53f-8348109ec92d FAILED 回执孤儿 → DEAD（不重复调用）key=investigate-logs
2026-09-13T01:15:39.089+08:00  INFO 30645 --- [control-app] [           main] [                                                 ] c.o.p.c.i.n.NativeInvestigationExecutor  : native 全链完成 run=8cf3eac9-b89c-4462-858c-1ee5eadd0402 reportOutcome=UNRESOLVED claims=0 validation=STRUCTURE_VALIDATED 快照=f0cc17646a02012863c0969e2820e7fda9d01e054a164afa574e9f22df606868 主模式=false
[INFO] Tests run: 9, Failures: 0, Errors: 0, Skipped: 0, Time elapsed: 0.115 s -- in com.objwww.pr.control.infrastructure.nativeexec.NativeInvestigationExecutorTest
[INFO] Running com.objwww.pr.control.infrastructure.nativeexec.PrimaryFinalClaimProjectorConflictTest
2026-09-13T01:15:39.092+08:00  WARN 30645 --- [control-app] [           main] [                                                 ] c.o.p.c.a.a.a.PrimaryFinalClaimProjector : 主 FINAL 提案同 claimKey 状态冲突，强制 UNKNOWN+CONFLICT 并集呈堂 run=ff200027-f0d9-4cc0-bec1-a8d97636e8eb claim=c1 statuses=[TRUE, FALSE]
2026-09-13T01:15:39.094+08:00  WARN 30645 --- [control-app] [           main] [                                                 ] c.o.p.c.a.a.a.PrimaryFinalClaimProjector : 主 FINAL 提案零证据引用，不成断言（留检查点审计面）run=ff200027-f0d9-4cc0-bec1-a8d97636e8eb claim=c1
[INFO] Tests run: 4, Failures: 0, Errors: 0, Skipped: 0, Time elapsed: 0.003 s -- in com.objwww.pr.control.infrastructure.nativeexec.PrimaryFinalClaimProjectorConflictTest
[INFO] Running com.objwww.pr.control.infrastructure.persistence.UxMigrationContractTest
[INFO] Tests run: 1, Failures: 0, Errors: 0, Skipped: 0, Time elapsed: 0.009 s -- in com.objwww.pr.control.infrastructure.persistence.UxMigrationContractTest
[INFO] Running com.objwww.pr.control.infrastructure.persistence.Am5MigrationContractTest
[INFO] Tests run: 21, Failures: 0, Errors: 0, Skipped: 0, Time elapsed: 0.048 s -- in com.objwww.pr.control.infrastructure.persistence.Am5MigrationContractTest
[INFO] Running com.objwww.pr.control.infrastructure.persistence.EnMigrationContractTest
[INFO] Tests run: 9, Failures: 0, Errors: 0, Skipped: 0, Time elapsed: 0.010 s -- in com.objwww.pr.control.infrastructure.persistence.EnMigrationContractTest
[INFO] Running com.objwww.pr.control.infrastructure.persistence.Am6MigrationContractTest
[INFO] Tests run: 12, Failures: 0, Errors: 0, Skipped: 0, Time elapsed: 0.016 s -- in com.objwww.pr.control.infrastructure.persistence.Am6MigrationContractTest
[INFO] Running com.objwww.pr.control.infrastructure.persistence.PostgresClaimTaskKeyFilterContractTest
[INFO] Tests run: 2, Failures: 0, Errors: 0, Skipped: 0, Time elapsed: 0.004 s -- in com.objwww.pr.control.infrastructure.persistence.PostgresClaimTaskKeyFilterContractTest
[INFO] Running com.objwww.pr.control.infrastructure.persistence.M7MigrationContractTest
[INFO] Tests run: 7, Failures: 0, Errors: 0, Skipped: 0, Time elapsed: 0.014 s -- in com.objwww.pr.control.infrastructure.persistence.M7MigrationContractTest
[INFO] Running com.objwww.pr.control.infrastructure.persistence.PostgresArchiveManifestRepositoryFenceTest
[INFO] Tests run: 1, Failures: 0, Errors: 0, Skipped: 0, Time elapsed: 0.001 s -- in com.objwww.pr.control.infrastructure.persistence.PostgresArchiveManifestRepositoryFenceTest
[INFO] Running com.objwww.pr.control.infrastructure.persistence.Am7MigrationContractTest
[INFO] Tests run: 7, Failures: 0, Errors: 0, Skipped: 0, Time elapsed: 0.017 s -- in com.objwww.pr.control.infrastructure.persistence.Am7MigrationContractTest
[INFO] Running com.objwww.pr.control.infrastructure.selfcheck.ControlSelfCheckTest
2026-09-13T01:15:39.231+08:00  INFO 30645 --- [control-app] [           main] [                                                 ] c.o.p.c.i.s.StartupSelfCheckRunner       : [control] 启动自检通过（B25 运行时门）
[INFO] Tests run: 6, Failures: 0, Errors: 0, Skipped: 0, Time elapsed: 0.005 s -- in com.objwww.pr.control.infrastructure.selfcheck.ControlSelfCheckTest
[INFO] Running com.objwww.pr.control.infrastructure.tool.CodeSourceBindingTest
[INFO] Tests run: 3, Failures: 0, Errors: 0, Skipped: 0, Time elapsed: 0.038 s -- in com.objwww.pr.control.infrastructure.tool.CodeSourceBindingTest
[INFO] Running com.objwww.pr.control.infrastructure.tool.PrometheusApiExecutorTest
[INFO] Tests run: 9, Failures: 0, Errors: 0, Skipped: 0, Time elapsed: 1.066 s -- in com.objwww.pr.control.infrastructure.tool.PrometheusApiExecutorTest
[INFO] Running com.objwww.pr.control.infrastructure.tool.ChangeQueryExecutorTest
[INFO] Tests run: 6, Failures: 0, Errors: 0, Skipped: 0, Time elapsed: 0.032 s -- in com.objwww.pr.control.infrastructure.tool.ChangeQueryExecutorTest
[INFO] Running com.objwww.pr.control.infrastructure.tool.DockerInspectExecutorTest
[INFO] Tests run: 5, Failures: 0, Errors: 0, Skipped: 0, Time elapsed: 0.050 s -- in com.objwww.pr.control.infrastructure.tool.DockerInspectExecutorTest
[INFO] Running com.objwww.pr.control.infrastructure.tool.CodeReadExecutorTest
[INFO] Tests run: 3, Failures: 0, Errors: 0, Skipped: 0, Time elapsed: 0.011 s -- in com.objwww.pr.control.infrastructure.tool.CodeReadExecutorTest
[INFO] Running com.objwww.pr.control.infrastructure.tool.LogQueryExecutorTest
[INFO] Tests run: 8, Failures: 0, Errors: 0, Skipped: 0, Time elapsed: 0.088 s -- in com.objwww.pr.control.infrastructure.tool.LogQueryExecutorTest
[INFO] Running com.objwww.pr.control.infrastructure.tool.PrometheusMetricsWireMockTest
[INFO] Tests run: 5, Failures: 0, Errors: 0, Skipped: 0, Time elapsed: 0.083 s -- in com.objwww.pr.control.infrastructure.tool.PrometheusMetricsWireMockTest
[INFO] Running com.objwww.pr.control.infrastructure.tool.ChangeDiffExecutorTest
[INFO] Tests run: 5, Failures: 0, Errors: 0, Skipped: 0, Time elapsed: 0.007 s -- in com.objwww.pr.control.infrastructure.tool.ChangeDiffExecutorTest
[INFO] Running com.objwww.pr.control.infrastructure.tool.LokiAggregateExecutorTest
[INFO] Tests run: 4, Failures: 0, Errors: 0, Skipped: 0, Time elapsed: 0.123 s -- in com.objwww.pr.control.infrastructure.tool.LokiAggregateExecutorTest
[INFO] Running com.objwww.pr.control.infrastructure.tool.AlertHistoryExecutorTest
[INFO] Tests run: 3, Failures: 0, Errors: 0, Skipped: 0, Time elapsed: 0.005 s -- in com.objwww.pr.control.infrastructure.tool.AlertHistoryExecutorTest
[INFO] Running com.objwww.pr.control.infrastructure.tool.CodeSearchExecutorTest
[WARNING] Tests run: 5, Failures: 0, Errors: 0, Skipped: 1, Time elapsed: 0.027 s -- in com.objwww.pr.control.infrastructure.tool.CodeSearchExecutorTest
[INFO] Running com.objwww.pr.control.infrastructure.model.SpringAiRouteClientTest
2026-09-13T01:15:40.795+08:00  WARN 30645 --- [control-app] [           main] [                                                 ] c.o.p.c.i.model.SpringAiRouteClient      : route=route-test 空 content 带终止痕迹（finishReason=LENGTH, completionTokens=195）→ OUTPUT_BUDGET_EXHAUSTED
2026-09-13T01:15:40.800+08:00  WARN 30645 --- [control-app] [           main] [                                                 ] c.o.p.c.i.model.SpringAiRouteClient      : route=route-test 空 content 带终止痕迹（finishReason=STOP, completionTokens=300）→ OUTPUT_BUDGET_EXHAUSTED
2026-09-13T01:15:40.801+08:00  WARN 30645 --- [control-app] [           main] [                                                 ] c.o.p.c.i.model.SpringAiRouteClient      : route=route-test 返回空 content
[INFO] Tests run: 8, Failures: 0, Errors: 0, Skipped: 0, Time elapsed: 0.021 s -- in com.objwww.pr.control.infrastructure.model.SpringAiRouteClientTest
[INFO] Running com.objwww.pr.control.infrastructure.model.ProviderErrorClassifierTest
[INFO] Tests run: 18, Failures: 0, Errors: 0, Skipped: 0, Time elapsed: 0.015 s -- in com.objwww.pr.control.infrastructure.model.ProviderErrorClassifierTest
[INFO] Running com.objwww.pr.control.infrastructure.observability.GatusProbeConfigContractTest
[INFO] Tests run: 4, Failures: 0, Errors: 0, Skipped: 0, Time elapsed: 0.010 s -- in com.objwww.pr.control.infrastructure.observability.GatusProbeConfigContractTest
[INFO] Running com.objwww.pr.control.infrastructure.observability.StructuredLogTest
2026-09-13T01:15:40.829+08:00  INFO 30645 --- [control-app] [           main] [                                                 ] structured-log-test                      : {"event":"e","ts":"2026-09-12T17:15:40.829775817Z","error":null}
2026-09-13T01:15:40.830+08:00  INFO 30645 --- [control-app] [           main] [                                                 ] structured-log-test                      : {"event":"e","ts":"2026-09-12T17:15:40.830818180Z","secret_like":"quote\" and\nnewline\ttab"}
2026-09-13T01:15:40.831+08:00  INFO 30645 --- [control-app] [           main] [                                                 ] structured-log-test                      : {"event":"rca_task_decision","ts":"2026-09-12T17:15:40.831425363Z","run_id":"r-1","decision":"COMPLETED","latency_ms":42}
2026-09-13T01:15:40.835+08:00  WARN 30645 --- [control-app] [           main] [                                                 ] structured-log-test                      : structured log 序列化失败 event=e
[INFO] Tests run: 4, Failures: 0, Errors: 0, Skipped: 0, Time elapsed: 0.008 s -- in com.objwww.pr.control.infrastructure.observability.StructuredLogTest
[INFO] Running com.objwww.pr.control.infrastructure.observability.AlertMetricsLabelAllowlistTest
[INFO] Tests run: 3, Failures: 0, Errors: 0, Skipped: 0, Time elapsed: 0.005 s -- in com.objwww.pr.control.infrastructure.observability.AlertMetricsLabelAllowlistTest
[INFO] Running com.objwww.pr.control.infrastructure.observability.ControlCollectorConfigContractTest
[INFO] Tests run: 3, Failures: 0, Errors: 0, Skipped: 0, Time elapsed: 0.006 s -- in com.objwww.pr.control.infrastructure.observability.ControlCollectorConfigContractTest
[INFO] Running com.objwww.pr.control.infrastructure.observability.TracedTasksTest
2026-09-13T01:15:40.858+08:00  INFO 30645 --- [control-app] [           main] [                                                 ] brave.Tracer                             : {"traceId":"7a80e6a0338a4180","id":"7a80e6a0338a4180","name":"parent","timestamp":1789233340854232,"duration":2645,"localEndpoint":{"serviceName":"unknown","ipv4":"172.24.0.1"}}
[INFO] Tests run: 3, Failures: 0, Errors: 0, Skipped: 0, Time elapsed: 0.012 s -- in com.objwww.pr.control.infrastructure.observability.TracedTasksTest
[INFO] Running com.objwww.pr.control.infrastructure.mcp.En06McpSdkSpikeTest
2026-09-13T01:15:41.596+08:00  INFO 30645 --- [control-app] [ent-62-Worker-1] [                                                 ] i.m.client.LifecycleInitializer          : Server response with Protocol: 2025-11-25, Capabilities: ServerCapabilities[completions=null, experimental=null, logging=null, prompts=null, resources=null, tools=ToolCapabilities[listChanged=true]], Info: Implementation[name=spike-mcp, title=Spike, version=1.0.0, description=null, icons=null, websiteUrl=null] and Instructions null
2026-09-13T01:15:41.700+08:00  INFO 30645 --- [control-app] [ent-63-Worker-1] [                                                 ] i.m.client.LifecycleInitializer          : Server response with Protocol: 2025-11-25, Capabilities: ServerCapabilities[completions=null, experimental=null, logging=null, prompts=null, resources=null, tools=ToolCapabilities[listChanged=true]], Info: Implementation[name=spike-mcp, title=Spike, version=1.0.0, description=null, icons=null, websiteUrl=null] and Instructions null
[INFO] Tests run: 2, Failures: 0, Errors: 0, Skipped: 0, Time elapsed: 0.869 s -- in com.objwww.pr.control.infrastructure.mcp.En06McpSdkSpikeTest
[INFO] Running com.objwww.pr.control.ControlArchitectureTest
2026-09-13T01:15:41.750+08:00  INFO 30645 --- [control-app] [           main] [                                                 ] com.tngtech.archunit.core.PluginLoader   : Detected Java version 21.0.12.1
[INFO] Tests run: 21, Failures: 0, Errors: 0, Skipped: 0, Time elapsed: 4.432 s -- in com.objwww.pr.control.ControlArchitectureTest
[INFO] Running com.objwww.pr.control.alert.domain.statemachine.AlertStateMachineTest
[INFO] Tests run: 8, Failures: 0, Errors: 0, Skipped: 0, Time elapsed: 0.012 s -- in com.objwww.pr.control.alert.domain.statemachine.AlertStateMachineTest
[INFO] Running com.objwww.pr.control.alert.domain.statemachine.RcaStateContractTest
[INFO] Tests run: 8, Failures: 0, Errors: 0, Skipped: 0, Time elapsed: 0.004 s -- in com.objwww.pr.control.alert.domain.statemachine.RcaStateContractTest
[INFO] Running com.objwww.pr.control.alert.domain.agent.DelegationDecisionQuestionCapTest
[INFO] Tests run: 3, Failures: 0, Errors: 0, Skipped: 0, Time elapsed: 0.002 s -- in com.objwww.pr.control.alert.domain.agent.DelegationDecisionQuestionCapTest
[INFO] Running com.objwww.pr.control.alert.domain.agent.AgentProfileTest
[INFO] Tests run: 6, Failures: 0, Errors: 0, Skipped: 0, Time elapsed: 0.005 s -- in com.objwww.pr.control.alert.domain.agent.AgentProfileTest
[INFO] Running com.objwww.pr.control.alert.domain.agent.WorkingMemoryTest
[INFO] Tests run: 4, Failures: 0, Errors: 0, Skipped: 0, Time elapsed: 0.003 s -- in com.objwww.pr.control.alert.domain.agent.WorkingMemoryTest
[INFO] Running com.objwww.pr.control.alert.domain.dag.PlanProposalTest
[INFO] Tests run: 10, Failures: 0, Errors: 0, Skipped: 0, Time elapsed: 0.006 s -- in com.objwww.pr.control.alert.domain.dag.PlanProposalTest
[INFO] Running com.objwww.pr.control.alert.domain.dag.DagTaskStateTest
[INFO] Tests run: 3, Failures: 0, Errors: 0, Skipped: 0, Time elapsed: 0.002 s -- in com.objwww.pr.control.alert.domain.dag.DagTaskStateTest
[INFO] Running com.objwww.pr.control.alert.domain.dag.DagPromoterTest
[INFO] Tests run: 16, Failures: 0, Errors: 0, Skipped: 0, Time elapsed: 0.008 s -- in com.objwww.pr.control.alert.domain.dag.DagPromoterTest
[INFO] Running com.objwww.pr.control.alert.domain.dag.DagCycleDetectorTest
[INFO] Tests run: 10, Failures: 0, Errors: 0, Skipped: 0, Time elapsed: 0.004 s -- in com.objwww.pr.control.alert.domain.dag.DagCycleDetectorTest
[INFO] Running com.objwww.pr.control.alert.domain.classification.IncidentClassifierTest
[INFO] Tests run: 13, Failures: 0, Errors: 0, Skipped: 0, Time elapsed: 0.008 s -- in com.objwww.pr.control.alert.domain.classification.IncidentClassifierTest
[INFO] Running com.objwww.pr.control.alert.domain.tool.ToolReasonCodeTest
[INFO] Tests run: 2, Failures: 0, Errors: 0, Skipped: 0, Time elapsed: 0.001 s -- in com.objwww.pr.control.alert.domain.tool.ToolReasonCodeTest
[INFO] Running com.objwww.pr.control.alert.domain.tool.ToolArgsValidatorTest
[INFO] Tests run: 7, Failures: 0, Errors: 0, Skipped: 0, Time elapsed: 0.007 s -- in com.objwww.pr.control.alert.domain.tool.ToolArgsValidatorTest
[INFO] Running com.objwww.pr.control.alert.domain.tool.InternalCanonicalJsonV1Test
[INFO] Tests run: 9, Failures: 0, Errors: 0, Skipped: 0, Time elapsed: 0.004 s -- in com.objwww.pr.control.alert.domain.tool.InternalCanonicalJsonV1Test
[INFO] Running com.objwww.pr.control.alert.domain.tool.ActionDigestTest
[INFO] Tests run: 8, Failures: 0, Errors: 0, Skipped: 0, Time elapsed: 0.005 s -- in com.objwww.pr.control.alert.domain.tool.ActionDigestTest
[INFO] Running com.objwww.pr.control.alert.domain.tool.ToolPolicyTest
[INFO] Tests run: 3, Failures: 0, Errors: 0, Skipped: 0, Time elapsed: 0.002 s -- in com.objwww.pr.control.alert.domain.tool.ToolPolicyTest
[INFO] Running com.objwww.pr.control.alert.domain.tool.ToolDefinitionTest
[INFO] Tests run: 7, Failures: 0, Errors: 0, Skipped: 0, Time elapsed: 0.005 s -- in com.objwww.pr.control.alert.domain.tool.ToolDefinitionTest
[INFO] Running com.objwww.pr.control.alert.domain.tool.ArgsNormalizerTest
[INFO] Tests run: 6, Failures: 0, Errors: 0, Skipped: 0, Time elapsed: 0.003 s -- in com.objwww.pr.control.alert.domain.tool.ArgsNormalizerTest
[INFO] Running com.objwww.pr.control.alert.domain.model.RcaRunStateTest
[INFO] Tests run: 2, Failures: 0, Errors: 0, Skipped: 0, Time elapsed: 0.002 s -- in com.objwww.pr.control.alert.domain.model.RcaRunStateTest
[INFO] Running com.objwww.pr.control.alert.domain.model.EvidencePackageV2ContractTest
[INFO] Tests run: 6, Failures: 0, Errors: 0, Skipped: 0, Time elapsed: 0.009 s -- in com.objwww.pr.control.alert.domain.model.EvidencePackageV2ContractTest
[INFO] Running com.objwww.pr.control.alert.domain.budget.RunBudgetTest
[INFO] Tests run: 11, Failures: 0, Errors: 0, Skipped: 0, Time elapsed: 0.009 s -- in com.objwww.pr.control.alert.domain.budget.RunBudgetTest
[INFO] Running com.objwww.pr.control.alert.domain.budget.DoomLoopGuardTest
[INFO] Tests run: 7, Failures: 0, Errors: 0, Skipped: 0, Time elapsed: 0.005 s -- in com.objwww.pr.control.alert.domain.budget.DoomLoopGuardTest
[INFO] Running com.objwww.pr.control.alert.domain.claim.ClaimReducerTest
[INFO] Tests run: 20, Failures: 0, Errors: 0, Skipped: 0, Time elapsed: 0.014 s -- in com.objwww.pr.control.alert.domain.claim.ClaimReducerTest
[INFO] Running com.objwww.pr.control.alert.domain.claim.ClaimVerdictTest
[INFO] Tests run: 10, Failures: 0, Errors: 0, Skipped: 0, Time elapsed: 0.007 s -- in com.objwww.pr.control.alert.domain.claim.ClaimVerdictTest
[INFO] Running com.objwww.pr.control.alert.domain.claim.ClaimProjectionTest
[INFO] Tests run: 9, Failures: 0, Errors: 0, Skipped: 0, Time elapsed: 0.004 s -- in com.objwww.pr.control.alert.domain.claim.ClaimProjectionTest
[INFO] Running com.objwww.pr.control.alert.domain.claim.ReportAssemblerTest
[INFO] Tests run: 11, Failures: 0, Errors: 0, Skipped: 0, Time elapsed: 0.009 s -- in com.objwww.pr.control.alert.domain.claim.ReportAssemblerTest
[INFO] Running com.objwww.pr.control.alert.domain.claim.ClaimTest
[INFO] Tests run: 7, Failures: 0, Errors: 0, Skipped: 0, Time elapsed: 0.003 s -- in com.objwww.pr.control.alert.domain.claim.ClaimTest
[INFO] Running com.objwww.pr.control.alert.domain.identity.InvestigationIdentityTest
[INFO] Tests run: 7, Failures: 0, Errors: 0, Skipped: 0, Time elapsed: 0.008 s -- in com.objwww.pr.control.alert.domain.identity.InvestigationIdentityTest
[INFO] Running com.objwww.pr.control.alert.domain.evidence.EvidenceEnvelopeTest
[INFO] Tests run: 6, Failures: 0, Errors: 0, Skipped: 0, Time elapsed: 0.005 s -- in com.objwww.pr.control.alert.domain.evidence.EvidenceEnvelopeTest
[INFO] Running com.objwww.pr.control.alert.domain.evidence.EvidenceSnapshotBuilderTest
[INFO] Tests run: 5, Failures: 0, Errors: 0, Skipped: 0, Time elapsed: 0.002 s -- in com.objwww.pr.control.alert.domain.evidence.EvidenceSnapshotBuilderTest
[INFO] Running com.objwww.pr.control.alert.domain.service.AlertIdentityFactoryTest
[INFO] Tests run: 6, Failures: 0, Errors: 0, Skipped: 0, Time elapsed: 0.007 s -- in com.objwww.pr.control.alert.domain.service.AlertIdentityFactoryTest
[INFO] Running com.objwww.pr.control.alert.domain.service.SlaPolicyTest
[INFO] Tests run: 6, Failures: 0, Errors: 0, Skipped: 0, Time elapsed: 0.004 s -- in com.objwww.pr.control.alert.domain.service.SlaPolicyTest
[INFO] Running com.objwww.pr.control.alert.domain.service.DeferredPolicyTest
[INFO] Tests run: 2, Failures: 0, Errors: 0, Skipped: 0, Time elapsed: 0.001 s -- in com.objwww.pr.control.alert.domain.service.DeferredPolicyTest
[INFO] Running com.objwww.pr.control.alert.domain.service.EvidencePackageValidatorTest
[INFO] Tests run: 19, Failures: 0, Errors: 0, Skipped: 0, Time elapsed: 0.019 s -- in com.objwww.pr.control.alert.domain.service.EvidencePackageValidatorTest
[INFO] Running com.objwww.pr.control.alert.domain.service.EvidencePackageCanonicalOutputLockTest
[INFO] Tests run: 1, Failures: 0, Errors: 0, Skipped: 0, Time elapsed: 0.001 s -- in com.objwww.pr.control.alert.domain.service.EvidencePackageCanonicalOutputLockTest
[INFO] Running com.objwww.pr.control.alert.infrastructure.config.AlertConfigBridgeTest
[INFO] Tests run: 3, Failures: 0, Errors: 0, Skipped: 0, Time elapsed: 0.012 s -- in com.objwww.pr.control.alert.infrastructure.config.AlertConfigBridgeTest
[INFO] Running com.objwww.pr.control.alert.infrastructure.InMemoryRunBudgetLedgerTest
[INFO] Tests run: 3, Failures: 0, Errors: 0, Skipped: 0, Time elapsed: 0.001 s -- in com.objwww.pr.control.alert.infrastructure.InMemoryRunBudgetLedgerTest
[INFO] Running com.objwww.pr.control.alert.infrastructure.selfcheck.AlertSelfCheckTest
[INFO] Tests run: 6, Failures: 0, Errors: 0, Skipped: 0, Time elapsed: 0.003 s -- in com.objwww.pr.control.alert.infrastructure.selfcheck.AlertSelfCheckTest
[INFO] Running com.objwww.pr.control.alert.application.ReportQueryServiceTest
[INFO] Tests run: 6, Failures: 0, Errors: 0, Skipped: 0, Time elapsed: 0.006 s -- in com.objwww.pr.control.alert.application.ReportQueryServiceTest
[INFO] Running com.objwww.pr.control.alert.application.agent.R7DelegationBatchesKnobTest
2026-09-13T01:15:46.404+08:00  INFO 30645 --- [control-app] [           main] [                                                 ] c.o.p.c.a.a.DeterministicSupervisor      : {"event":"r7_primary_started","ts":"2026-09-12T17:15:46.404688170Z","run_id":"c6132c33-17b8-48c4-9100-46a31fbcbca3","role":"primary@1","task_id":"18ceaab0-29eb-4352-a6a8-ddfaa9723692"}
2026-09-13T01:15:46.412+08:00  INFO 30645 --- [control-app] [           main] [                                                 ] c.o.p.c.a.a.agent.BoundedLlmRoleRunner   : 主 FINAL 提案落检查点 task=18ceaab0-29eb-4352-a6a8-ddfaa9723692 claims=0 downgraded=0 stripped=0
2026-09-13T01:15:46.413+08:00  INFO 30645 --- [control-app] [           main] [                                                 ] c.o.p.c.a.a.DeterministicSupervisor      : {"event":"r7_delegation_adjudicated","ts":"2026-09-12T17:15:46.413492839Z","batch_accepted":false,"run_id":"c6132c33-17b8-48c4-9100-46a31fbcbca3","task_id":"18ceaab0-29eb-4352-a6a8-ddfaa9723692","approved":0,"requests":2}
2026-09-13T01:15:46.415+08:00  INFO 30645 --- [control-app] [           main] [                                                 ] c.o.p.c.a.a.DeterministicSupervisor      : {"event":"r7_primary_started","ts":"2026-09-12T17:15:46.415184555Z","run_id":"08729b5f-d5b3-4306-b94d-868ff642039a","role":"primary@1","task_id":"e6db10ea-5094-462f-8c2d-24749f9cf35f"}
2026-09-13T01:15:46.415+08:00  INFO 30645 --- [control-app] [           main] [                                                 ] c.o.p.c.a.a.DeterministicSupervisor      : {"event":"r7_delegation_adjudicated","ts":"2026-09-12T17:15:46.415543801Z","batch_accepted":true,"run_id":"08729b5f-d5b3-4306-b94d-868ff642039a","task_id":"e6db10ea-5094-462f-8c2d-24749f9cf35f","approved":1,"requests":1}
2026-09-13T01:15:46.415+08:00  INFO 30645 --- [control-app] [           main] [                                                 ] c.o.p.c.a.a.DeterministicSupervisor      : {"event":"r7_delegation_adjudicated","ts":"2026-09-12T17:15:46.415768084Z","batch_accepted":false,"run_id":"08729b5f-d5b3-4306-b94d-868ff642039a","task_id":"e6db10ea-5094-462f-8c2d-24749f9cf35f","approved":0,"requests":1}
2026-09-13T01:15:46.417+08:00  INFO 30645 --- [control-app] [           main] [                                                 ] c.o.p.c.a.a.DeterministicSupervisor      : {"event":"r7_primary_started","ts":"2026-09-12T17:15:46.417668693Z","run_id":"56c845b4-a001-466c-a99b-86db6a87c15e","role":"primary@1","task_id":"2d04960a-cbe6-4469-a136-2ac400e993c3"}
2026-09-13T01:15:46.418+08:00  INFO 30645 --- [control-app] [           main] [                                                 ] c.o.p.c.a.a.agent.BoundedLlmRoleRunner   : 主 FINAL 提案落检查点 task=2d04960a-cbe6-4469-a136-2ac400e993c3 claims=0 downgraded=0 stripped=0
2026-09-13T01:15:46.419+08:00  INFO 30645 --- [control-app] [           main] [                                                 ] c.o.p.c.a.a.DeterministicSupervisor      : {"event":"r7_delegation_adjudicated","ts":"2026-09-12T17:15:46.419212560Z","batch_accepted":true,"run_id":"56c845b4-a001-466c-a99b-86db6a87c15e","task_id":"2d04960a-cbe6-4469-a136-2ac400e993c3","approved":1,"requests":1}
2026-09-13T01:15:46.419+08:00  INFO 30645 --- [control-app] [           main] [                                                 ] c.o.p.c.a.a.DeterministicSupervisor      : {"event":"r7_delegation_adjudicated","ts":"2026-09-12T17:15:46.419570904Z","batch_accepted":true,"run_id":"56c845b4-a001-466c-a99b-86db6a87c15e","task_id":"2d04960a-cbe6-4469-a136-2ac400e993c3","approved":1,"requests":1}
2026-09-13T01:15:46.419+08:00  INFO 30645 --- [control-app] [           main] [                                                 ] c.o.p.c.a.a.DeterministicSupervisor      : {"event":"r7_delegation_adjudicated","ts":"2026-09-12T17:15:46.419919551Z","batch_accepted":false,"run_id":"56c845b4-a001-466c-a99b-86db6a87c15e","task_id":"2d04960a-cbe6-4469-a136-2ac400e993c3","approved":0,"requests":1}
2026-09-13T01:15:46.421+08:00  INFO 30645 --- [control-app] [           main] [                                                 ] c.o.p.c.a.a.agent.BoundedLlmRoleRunner   : 主 FINAL 提案落检查点 task=2d04960a-cbe6-4469-a136-2ac400e993c3 claims=0 downgraded=0 stripped=0
[INFO] Tests run: 4, Failures: 0, Errors: 0, Skipped: 0, Time elapsed: 0.020 s -- in com.objwww.pr.control.alert.application.agent.R7DelegationBatchesKnobTest
[INFO] Running com.objwww.pr.control.alert.application.agent.Mc24QueryReuseTest
2026-09-13T01:15:46.430+08:00  INFO 30645 --- [control-app] [           main] [                                                 ] c.o.p.c.a.a.a.SingleToolEvidenceAgent    : MC24 查询复用 run=908dcb87-b7a9-43ba-b074-3a8ed80cca6f task=7e07a570-e300-45fb-a688-736de60ebf06 tool=prometheus.instant evidence=61031afe-f212-4f34-9417-c96b22d52372（零新工具执行）
2026-09-13T01:15:46.441+08:00  INFO 30645 --- [control-app] [           main] [                                                 ] c.o.p.c.a.a.a.SingleToolEvidenceAgent    : MC24 查询复用 run=908dcb87-b7a9-43ba-b074-3a8ed80cca6f task=7e07a570-e300-45fb-a688-736de60ebf06 tool=prometheus.instant evidence=15b34611-944b-4dac-b95e-2aa1986c3374（零新工具执行）
[INFO] Tests run: 3, Failures: 0, Errors: 0, Skipped: 0, Time elapsed: 0.020 s -- in com.objwww.pr.control.alert.application.agent.Mc24QueryReuseTest
[INFO] Running com.objwww.pr.control.alert.application.agent.R7ModelGatewayTest
2026-09-13T01:15:46.449+08:00  WARN 30645 --- [control-app] [           main] [                                                 ] c.o.p.c.a.a.agent.RcaModelGateway        : 输入超模型可用窗硬限，零触网（primary）: approxTokens=101 maxInputTokens=100
2026-09-13T01:15:46.451+08:00  WARN 30645 --- [control-app] [           main] [                                                 ] c.o.p.c.a.a.agent.RcaModelGateway        : rca_model_call PENDING 写失败，零触网（primary）: DuplicateKeyException
2026-09-13T01:15:46.453+08:00  WARN 30645 --- [control-app] [           main] [                                                 ] c.o.p.c.a.a.agent.RcaModelGateway        : rca_model_input 捕获写失败，零触网（primary）: IllegalStateException
2026-09-13T01:15:46.459+08:00  WARN 30645 --- [control-app] [           main] [                                                 ] c.o.pr.control.application.ModelGateway  : 账本 STARTED 写失败，零触网（D5）: IllegalStateException
2026-09-13T01:15:46.462+08:00  INFO 30645 --- [control-app] [           main] [                                                 ] c.o.p.c.a.a.agent.RcaModelGateway        : rca_model_call EPOCH_FENCE，零触网（primary）: EPOCH_FENCE: 动作 configEpoch=1 已落后于当前代际 2，零触网拒绝发送
2026-09-13T01:15:46.465+08:00  WARN 30645 --- [control-app] [           main] [                                                 ] c.o.p.c.a.a.agent.RcaModelGateway        : 输入超模型可用窗硬限，零触网（primary）: approxTokens=101 maxInputTokens=100
[INFO] Tests run: 17, Failures: 0, Errors: 0, Skipped: 0, Time elapsed: 0.024 s -- in com.objwww.pr.control.alert.application.agent.R7ModelGatewayTest
[INFO] Running com.objwww.pr.control.alert.application.agent.R7RoleRunnerTest
2026-09-13T01:15:46.471+08:00  INFO 30645 --- [control-app] [           main] [                                                 ] c.o.p.c.a.a.DeterministicSupervisor      : {"event":"r7_primary_started","ts":"2026-09-12T17:15:46.471311400Z","run_id":"52f0e844-2dde-4667-82d9-72e70bbc307a","role":"primary@1","task_id":"82338620-ab4d-447d-b84f-03966d2543cb"}
2026-09-13T01:15:46.474+08:00  INFO 30645 --- [control-app] [           main] [                                                 ] c.o.p.c.a.a.agent.BoundedLlmRoleRunner   : 主 FINAL 提案落检查点 task=82338620-ab4d-447d-b84f-03966d2543cb claims=2 downgraded=1 stripped=1
2026-09-13T01:15:46.476+08:00  INFO 30645 --- [control-app] [           main] [                                                 ] c.o.p.c.a.a.DeterministicSupervisor      : {"event":"r7_primary_started","ts":"2026-09-12T17:15:46.476029985Z","run_id":"f76dab64-2041-4a05-a1eb-3776216e955d","role":"primary@1","task_id":"5dcea866-08c2-4340-a3f9-7312ef41017b"}
2026-09-13T01:15:46.476+08:00  WARN 30645 --- [control-app] [           main] [                                                 ] c.o.p.c.a.a.agent.BoundedLlmRoleRunner   : 主任务步数耗尽 → 确定性未决 FINAL（零模型调用）task=5dcea866-08c2-4340-a3f9-7312ef41017b steps=1
2026-09-13T01:15:46.478+08:00  INFO 30645 --- [control-app] [           main] [                                                 ] c.o.p.c.a.a.DeterministicSupervisor      : {"event":"r7_primary_started","ts":"2026-09-12T17:15:46.478695584Z","run_id":"4da9600d-5338-4b04-8f05-9ced363e638d","role":"primary@1","task_id":"c1000797-dcaf-4b7a-9245-4f8d5ed17ce3"}
2026-09-13T01:15:46.480+08:00  WARN 30645 --- [control-app] [           main] [                                                 ] c.o.p.c.a.a.agent.BoundedLlmRoleRunner   : TOOL_CALL 参数形状拒绝（INVALID_ARGS），计步重驱 task=c1000797-dcaf-4b7a-9245-4f8d5ed17ce3 tool=logs.query
2026-09-13T01:15:46.481+08:00  INFO 30645 --- [control-app] [           main] [                                                 ] c.o.p.c.a.a.DeterministicSupervisor      : {"event":"r7_primary_started","ts":"2026-09-12T17:15:46.481225589Z","run_id":"0488ed4d-9b0f-47e6-a41a-5665348c85df","role":"primary@1","task_id":"c843fc3e-e609-49cc-aef8-4ff58885900e"}
2026-09-13T01:15:46.482+08:00  WARN 30645 --- [control-app] [           main] [                                                 ] c.o.p.c.a.a.agent.BoundedLlmRoleRunner   : 主决策不可解析（JsonParseException），计步重驱 task=c843fc3e-e609-49cc-aef8-4ff58885900e
2026-09-13T01:15:46.483+08:00  INFO 30645 --- [control-app] [           main] [                                                 ] c.o.p.c.a.a.DeterministicSupervisor      : {"event":"r7_primary_started","ts":"2026-09-12T17:15:46.483272543Z","run_id":"28f82192-09ac-4e5e-ab66-ac1fe548769b","role":"primary@1","task_id":"2f869701-ca90-490b-9bd3-7bf8c38a66e7"}
2026-09-13T01:15:46.483+08:00  INFO 30645 --- [control-app] [           main] [                                                 ] c.o.p.c.a.a.DeterministicSupervisor      : {"event":"r7_delegation_adjudicated","ts":"2026-09-12T17:15:46.483605109Z","batch_accepted":true,"run_id":"28f82192-09ac-4e5e-ab66-ac1fe548769b","task_id":"2f869701-ca90-490b-9bd3-7bf8c38a66e7","approved":1,"requests":1}
2026-09-13T01:15:46.485+08:00  INFO 30645 --- [control-app] [           main] [                                                 ] c.o.p.c.a.a.DeterministicSupervisor      : {"event":"r7_primary_started","ts":"2026-09-12T17:15:46.485821302Z","run_id":"bcdfb7eb-a465-4e75-897c-0e40c7c04c31","role":"primary@1","task_id":"8783cf5d-25a8-45d7-b30d-514d819fc6f2"}
2026-09-13T01:15:46.486+08:00  INFO 30645 --- [control-app] [           main] [                                                 ] c.o.p.c.a.a.DeterministicSupervisor      : {"event":"r7_delegation_adjudicated","ts":"2026-09-12T17:15:46.486260209Z","batch_accepted":true,"run_id":"bcdfb7eb-a465-4e75-897c-0e40c7c04c31","task_id":"8783cf5d-25a8-45d7-b30d-514d819fc6f2","approved":1,"requests":1}
2026-09-13T01:15:46.489+08:00  INFO 30645 --- [control-app] [           main] [                                                 ] c.o.p.c.a.a.DeterministicSupervisor      : {"event":"r7_primary_started","ts":"2026-09-12T17:15:46.488963820Z","run_id":"1156edcd-0f40-4167-b8cc-1c59429661e0","role":"primary@1","task_id":"04f3160c-b1a6-4760-91bc-3687dd74672d"}
2026-09-13T01:15:46.491+08:00  WARN 30645 --- [control-app] [           main] [                                                 ] c.o.p.c.a.a.agent.BoundedLlmRoleRunner   : 主任务同签名模型失败 ×2 → 确定性未决 FINAL（零模型调用）task=04f3160c-b1a6-4760-91bc-3687dd74672d code=PROTOCOL_ERROR
2026-09-13T01:15:46.492+08:00  INFO 30645 --- [control-app] [           main] [                                                 ] c.o.p.c.a.a.DeterministicSupervisor      : {"event":"r7_primary_started","ts":"2026-09-12T17:15:46.492776308Z","run_id":"a4659b66-8e54-4e2e-b4c7-2be7b0ebff35","role":"primary@1","task_id":"2a17ab83-d6d7-4877-8199-8fac8cc4bec4"}
2026-09-13T01:15:46.493+08:00  INFO 30645 --- [control-app] [           main] [                                                 ] c.o.p.c.a.a.DeterministicSupervisor      : {"event":"r7_delegation_adjudicated","ts":"2026-09-12T17:15:46.493859187Z","batch_accepted":false,"run_id":"a4659b66-8e54-4e2e-b4c7-2be7b0ebff35","task_id":"2a17ab83-d6d7-4877-8199-8fac8cc4bec4","approved":0,"requests":1}
2026-09-13T01:15:46.496+08:00  INFO 30645 --- [control-app] [           main] [                                                 ] c.o.p.c.a.a.agent.BoundedLlmRoleRunner   : 主 FINAL 提案落检查点 task=68d9e800-0dd9-48ef-847a-c29a59f5f830 claims=0 downgraded=0 stripped=0
2026-09-13T01:15:46.498+08:00  INFO 30645 --- [control-app] [           main] [                                                 ] c.o.p.c.a.a.DeterministicSupervisor      : {"event":"r7_primary_started","ts":"2026-09-12T17:15:46.498101426Z","run_id":"4f2e7246-c430-4c1d-8f00-896efd5741d2","role":"primary@1","task_id":"a983b382-f880-4652-8490-4b44b39b6f61"}
2026-09-13T01:15:46.499+08:00  INFO 30645 --- [control-app] [           main] [                                                 ] c.o.p.c.a.a.agent.BoundedLlmRoleRunner   : 主 FINAL 提案落检查点 task=a983b382-f880-4652-8490-4b44b39b6f61 claims=0 downgraded=0 stripped=0
2026-09-13T01:15:46.500+08:00  INFO 30645 --- [control-app] [           main] [                                                 ] c.o.p.c.a.a.DeterministicSupervisor      : {"event":"r7_primary_started","ts":"2026-09-12T17:15:46.500161504Z","run_id":"9ada6bae-2fb6-45d0-8d6a-3d0feb5bad0d","role":"primary@1","task_id":"dd10f219-be91-4504-8923-09766b190866"}
2026-09-13T01:15:46.502+08:00  INFO 30645 --- [control-app] [           main] [                                                 ] c.o.p.c.a.a.DeterministicSupervisor      : {"event":"r7_primary_started","ts":"2026-09-12T17:15:46.501984447Z","run_id":"7415d9d4-f456-481e-9887-364cca28c65d","role":"primary@1","task_id":"2fd6815a-afe7-4160-aff4-3625739fe7ee"}
2026-09-13T01:15:46.502+08:00  WARN 30645 --- [control-app] [           main] [                                                 ] c.o.p.c.a.a.agent.BoundedLlmRoleRunner   : TOOL_CALL 越权拒绝（不在 allowlist），计步重驱 task=2fd6815a-afe7-4160-aff4-3625739fe7ee tool=code.search
2026-09-13T01:15:46.504+08:00  INFO 30645 --- [control-app] [           main] [                                                 ] c.o.p.c.a.a.DeterministicSupervisor      : {"event":"r7_primary_started","ts":"2026-09-12T17:15:46.504090894Z","run_id":"f98decd9-573c-4885-b5f8-61a02c3135c3","role":"primary@1","task_id":"e76f17d4-0e1d-49d0-9c8e-b0640ab3fc8d"}
2026-09-13T01:15:46.507+08:00  INFO 30645 --- [control-app] [           main] [                                                 ] c.o.p.c.a.a.DeterministicSupervisor      : {"event":"r7_primary_started","ts":"2026-09-12T17:15:46.507773237Z","run_id":"80f8d104-1fa8-48a0-a914-fe5d786e552d","role":"primary@1","task_id":"564bc641-d317-4b6e-ab86-68731ee5902f"}
[INFO] Tests run: 17, Failures: 0, Errors: 0, Skipped: 0, Time elapsed: 0.047 s -- in com.objwww.pr.control.alert.application.agent.R7RoleRunnerTest
[INFO] Running com.objwww.pr.control.alert.application.agent.R3ProtocolConsistencyTest
[INFO] Tests run: 3, Failures: 0, Errors: 0, Skipped: 0, Time elapsed: 0.003 s -- in com.objwww.pr.control.alert.application.agent.R3ProtocolConsistencyTest
[INFO] Running com.objwww.pr.control.alert.application.agent.En05DirectToolChainTest
[INFO] Tests run: 3, Failures: 0, Errors: 0, Skipped: 0, Time elapsed: 0.014 s -- in com.objwww.pr.control.alert.application.agent.En05DirectToolChainTest
[INFO] Running com.objwww.pr.control.alert.application.agent.ContextCompactionServiceTest
2026-09-13T01:15:46.540+08:00  INFO 30645 --- [control-app] [           main] [                                                 ] c.o.p.c.a.a.a.ContextCompactionService   : 上下文压缩提交 run=e4a98c2d-a722-4584-a400-eb4bf7c24396 task=dcfe5881-d5a6-43e2-ae3d-410884318962 source=src-digest-1 区间=[0,1] token 800→2 required=1 omitted=0
2026-09-13T01:15:46.543+08:00  INFO 30645 --- [control-app] [           main] [                                                 ] c.o.p.c.a.a.a.ContextCompactionService   : 上下文压缩提交 run=9cf04cf8-0a5d-4e36-8bdf-6e23e28ebba2 task=08f56c21-dd4c-49e0-829a-322410e7e74b source=src-digest-1 区间=[3,3] token 800→3 required=1 omitted=0
2026-09-13T01:15:46.544+08:00  INFO 30645 --- [control-app] [           main] [                                                 ] c.o.p.c.a.a.a.ContextCompactionService   : 上下文压缩提交 run=27b61065-eb87-45ad-9a54-e02a205f9540 task=00448caa-d2ff-49d9-9c45-c1027b8b880d source=src-digest-1 区间=[0,1] token 800→5 required=1 omitted=0
[INFO] Tests run: 15, Failures: 0, Errors: 0, Skipped: 0, Time elapsed: 0.020 s -- in com.objwww.pr.control.alert.application.agent.ContextCompactionServiceTest
[INFO] Running com.objwww.pr.control.alert.application.agent.MetricsAgentTest
[INFO] Tests run: 19, Failures: 0, Errors: 0, Skipped: 0, Time elapsed: 0.069 s -- in com.objwww.pr.control.alert.application.agent.MetricsAgentTest
[INFO] Running com.objwww.pr.control.alert.application.agent.DelegationReceiptServiceTest
2026-09-13T01:15:46.629+08:00  WARN 30645 --- [control-app] [           main] [                                                 ] c.o.p.c.a.a.a.DelegationReceiptService   : 回执准入 REJECTED_SHAPE run=d223337b-5c50-448b-ba65-b06ac2237a31 child=a4f7e150-c82c-4c24-8bdd-280e3e9e1f4e gap=g-logs
2026-09-13T01:15:46.633+08:00  WARN 30645 --- [control-app] [           main] [                                                 ] c.o.p.c.a.a.a.DelegationReceiptService   : 回执准入 OVERSIZED run=78b08482-a1c7-48fe-a016-39eae50204d1 child=bc2b882c-5d14-475c-9351-f8c468725ee5 gap=g-logs
2026-09-13T01:15:46.636+08:00  WARN 30645 --- [control-app] [           main] [                                                 ] c.o.p.c.a.a.a.DelegationReceiptService   : 回执准入 REJECTED_SHAPE run=4e6e6208-0161-449f-a929-613771084671 child=c8ca45b6-7da1-4818-94ad-602dda596248 gap=g-logs
2026-09-13T01:15:46.637+08:00  INFO 30645 --- [control-app] [           main] [                                                 ] c.o.p.c.a.a.a.DelegationReceiptService   : 回执准入 ACCEPTED run=4e6e6208-0161-449f-a929-613771084671 child=c8ca45b6-7da1-4818-94ad-602dda596248 gap=g-logs bytes=137
2026-09-13T01:15:46.639+08:00  INFO 30645 --- [control-app] [           main] [                                                 ] c.o.p.c.a.a.a.DelegationReceiptService   : 回执准入 ACCEPTED run=872d39bd-cb69-437e-95d0-25be1002d6e2 child=02422483-c5e3-4ba0-a80a-ff3fb844cb70 gap=g-logs bytes=125
[INFO] Tests run: 7, Failures: 0, Errors: 0, Skipped: 0, Time elapsed: 0.019 s -- in com.objwww.pr.control.alert.application.agent.DelegationReceiptServiceTest
[INFO] Running com.objwww.pr.control.alert.application.agent.ContextAssemblerTest
[INFO] Tests run: 17, Failures: 0, Errors: 0, Skipped: 0, Time elapsed: 0.024 s -- in com.objwww.pr.control.alert.application.agent.ContextAssemblerTest
[INFO] Running com.objwww.pr.control.alert.application.agent.HarnessAuditCharacterizationTest
[INFO] Tests run: 5, Failures: 0, Errors: 0, Skipped: 0, Time elapsed: 0.483 s -- in com.objwww.pr.control.alert.application.agent.HarnessAuditCharacterizationTest
[INFO] Running com.objwww.pr.control.alert.application.agent.ChangeAgentTest
[INFO] Tests run: 4, Failures: 0, Errors: 0, Skipped: 0, Time elapsed: 0.020 s -- in com.objwww.pr.control.alert.application.agent.ChangeAgentTest
[INFO] Running com.objwww.pr.control.alert.application.agent.R3DelegationHonestyTest
2026-09-13T01:15:47.218+08:00  INFO 30645 --- [control-app] [           main] [                                                 ] c.o.p.c.a.a.DeterministicSupervisor      : {"event":"r7_primary_started","ts":"2026-09-12T17:15:47.218211467Z","run_id":"10bf89b9-f95e-48ed-bd3d-dad84a01d2a8","role":"primary@1","task_id":"9edf44b2-7957-4f39-8855-5ce8bc5ee804"}
2026-09-13T01:15:47.220+08:00  INFO 30645 --- [control-app] [           main] [                                                 ] c.o.p.c.a.a.DeterministicSupervisor      : {"event":"r7_delegation_adjudicated","ts":"2026-09-12T17:15:47.220038007Z","batch_accepted":true,"run_id":"10bf89b9-f95e-48ed-bd3d-dad84a01d2a8","task_id":"9edf44b2-7957-4f39-8855-5ce8bc5ee804","approved":1,"requests":1}
[INFO] Tests run: 3, Failures: 0, Errors: 0, Skipped: 0, Time elapsed: 0.019 s -- in com.objwww.pr.control.alert.application.agent.R3DelegationHonestyTest
[INFO] Running com.objwww.pr.control.alert.application.agent.R7ActionGuardAdmissionTest
2026-09-13T01:15:47.245+08:00  WARN 30645 --- [control-app] [           main] [                                                 ] c.o.p.c.a.a.agent.RcaModelGateway        : rca_model_call PENDING 写失败，零触网（primary）: DuplicateKeyException
2026-09-13T01:15:47.254+08:00  WARN 30645 --- [control-app] [           main] [                                                 ] c.o.pr.control.application.ModelGateway  : 账本 STARTED 写失败，零触网（D5）: IllegalStateException
[INFO] Tests run: 11, Failures: 0, Errors: 0, Skipped: 0, Time elapsed: 0.034 s -- in com.objwww.pr.control.alert.application.agent.R7ActionGuardAdmissionTest
[INFO] Running com.objwww.pr.control.alert.application.agent.AgentRegistryTest
[INFO] Tests run: 5, Failures: 0, Errors: 0, Skipped: 0, Time elapsed: 0.011 s -- in com.objwww.pr.control.alert.application.agent.AgentRegistryTest
[INFO] Running com.objwww.pr.control.alert.application.agent.NativeRcaAgentTest
[INFO] Tests run: 12, Failures: 0, Errors: 0, Skipped: 0, Time elapsed: 0.020 s -- in com.objwww.pr.control.alert.application.agent.NativeRcaAgentTest
[INFO] Running com.objwww.pr.control.alert.application.agent.En07RagChainTest
[INFO] Tests run: 2, Failures: 0, Errors: 0, Skipped: 0, Time elapsed: 0.013 s -- in com.objwww.pr.control.alert.application.agent.En07RagChainTest
[INFO] Running com.objwww.pr.control.alert.application.agent.LogsAgentTest
[INFO] Tests run: 5, Failures: 0, Errors: 0, Skipped: 0, Time elapsed: 0.027 s -- in com.objwww.pr.control.alert.application.agent.LogsAgentTest
[INFO] Running com.objwww.pr.control.alert.application.RcaWorkerTest
2026-09-13T01:15:47.530+08:00  INFO 30645 --- [control-app] [           main] [                                                 ] c.o.p.c.alert.application.RcaWorker      : RcaWorker 启动 owner=worker-expire scope=rca
2026-09-13T01:15:47.803+08:00  INFO 30645 --- [control-app] [           main] [                                                 ] c.o.p.c.a.a.RcaRunOrchestrator           : {"event":"rca_task_decision","ts":"2026-09-12T17:15:47.803116662Z","latency_ms":0,"decision":"COMPLETED","run_id":"db6be03e-0728-4c5f-8551-0d2a6d5aa88d","task_id":"983f5334-f127-4838-8029-13d0ac9e1ca6","attempt_id":"a06d1d9f-7f7b-4c0c-a76a-d488c1d59625"}
2026-09-13T01:15:47.804+08:00  INFO 30645 --- [control-app] [           main] [                                                 ] c.o.p.c.a.a.RcaRunOrchestrator           : incident 0a063fb6-9e6d-49b2-be89-16aaaccbdc82 材料变化，铸 RERUN run
2026-09-13T01:15:47.812+08:00  INFO 30645 --- [control-app] [           main] [                                                 ] c.o.p.c.a.a.RcaRunOrchestrator           : {"event":"report_publication_loser","ts":"2026-09-12T17:15:47.812215765Z","generation":0,"report_id":"45e47a88-91b9-46b8-97a9-e3ca7964202d","run_id":"d4c13f58-07c1-4206-bc17-0a53eb0fbe81","incident_id":"0a063fb6-9e6d-49b2-be89-16aaaccbdc82"}
2026-09-13T01:15:47.812+08:00  INFO 30645 --- [control-app] [           main] [                                                 ] c.o.p.c.a.a.RcaRunOrchestrator           : report 45e47a88-91b9-46b8-97a9-e3ca7964202d 输给 generation 发布赢家（incident=0a063fb6-9e6d-49b2-be89-16aaaccbdc82, gen=0），落档不发布
2026-09-13T01:15:47.813+08:00  INFO 30645 --- [control-app] [           main] [                                                 ] c.o.p.c.a.a.RcaRunOrchestrator           : {"event":"rca_task_decision","ts":"2026-09-12T17:15:47.813011123Z","latency_ms":0,"decision":"COMPLETED","run_id":"d4c13f58-07c1-4206-bc17-0a53eb0fbe81","task_id":"3f175ecb-c9c7-4188-bde4-f29346f52e75","attempt_id":"1242a9f7-a681-4088-bb6d-a18cd7cc6486"}
2026-09-13T01:15:47.818+08:00  INFO 30645 --- [control-app] [           main] [                                                 ] c.o.p.c.a.a.RcaRunOrchestrator           : {"event":"rca_task_decision","ts":"2026-09-12T17:15:47.818617660Z","latency_ms":0,"decision":"RETRY_SCHEDULED","run_id":"7cda9f2a-560b-43a1-894f-a965479e0330","task_id":"9e96b781-89e8-4af5-af81-66cb37469d97","attempt_id":"8c0ae9b5-ffc5-4a44-a025-aac1e6697392"}
2026-09-13T01:15:47.819+08:00  INFO 30645 --- [control-app] [           main] [                                                 ] c.o.p.c.a.a.RcaRunOrchestrator           : {"event":"rca_task_decision","ts":"2026-09-12T17:15:47.819326354Z","latency_ms":0,"decision":"RETRY_SCHEDULED","run_id":"7cda9f2a-560b-43a1-894f-a965479e0330","task_id":"9e96b781-89e8-4af5-af81-66cb37469d97","attempt_id":"bcb80493-9f95-4d14-b592-dd7c32fadfb0"}
2026-09-13T01:15:47.819+08:00  INFO 30645 --- [control-app] [           main] [                                                 ] c.o.p.c.a.a.RcaRunOrchestrator           : {"event":"rca_task_decision","ts":"2026-09-12T17:15:47.819890015Z","latency_ms":0,"decision":"DEAD","run_id":"7cda9f2a-560b-43a1-894f-a965479e0330","task_id":"9e96b781-89e8-4af5-af81-66cb37469d97","attempt_id":"58bd62ac-cff0-40ac-91a3-c349656f4d66"}
2026-09-13T01:15:47.834+08:00  WARN 30645 --- [control-app] [           main] [                                                 ] c.o.p.c.alert.application.RcaWorker      : task 0d103f4e-8c0b-4731-9a23-46e1a8641ada 租约过期回收 owner=worker-a → RETRY_WAIT
2026-09-13T01:15:47.834+08:00  WARN 30645 --- [control-app] [           main] [                                                 ] c.o.p.c.alert.application.RcaWorker      : 悬挂账本 1042d1c9-6321-4435-aa32-ff94ea951318 STARTED→UNKNOWN（崩溃回收）
2026-09-13T01:15:47.843+08:00  INFO 30645 --- [control-app] [           main] [                                                 ] c.o.p.c.a.a.RcaRunOrchestrator           : {"event":"rca_task_decision","ts":"2026-09-12T17:15:47.842871329Z","latency_ms":0,"decision":"COMPLETED","run_id":"b9070182-ab45-4bbb-8237-8435cc2c1396","task_id":"cdbd7cbd-27d5-4240-85b7-1db3b17c59f1","attempt_id":"63ea93b6-3edd-415b-955d-7bbc3af036ac"}
2026-09-13T01:15:47.855+08:00  WARN 30645 --- [control-app] [           main] [                                                 ] c.o.p.c.alert.application.RcaWorker      : 悬挂调查记录 c4dd5773-14d2-422e-b7a8-57535dedc737 STARTED→UNKNOWN（崩溃回收）
2026-09-13T01:15:47.870+08:00  INFO 30645 --- [control-app] [           main] [                                                 ] c.o.p.c.alert.application.RcaWorker      : RcaWorker 启动 owner=worker-expire-fail scope=rca
2026-09-13T01:15:47.871+08:00  WARN 30645 --- [control-app] [ker-expire-fail] [                                                 ] c.o.p.c.alert.application.RcaWorker      : task e0cc45d0-9ef0-4b2b-ba5e-a125f199ed8b 租约过期回收 owner=dead-worker → STALE
2026-09-13T01:15:47.872+08:00 ERROR 30645 --- [control-app] [ker-expire-fail] [                                                 ] c.o.p.c.alert.application.RcaWorker      : expireOverdue 拍失败，下拍重试

java.lang.RuntimeException: expireOverdue 拍失败模拟
	at com.objwww.pr.control.alert.application.RunConfigSwitchService.expireOverdue(RunConfigSwitchService.java:164) ~[classes/:na]
	at com.objwww.pr.control.alert.application.RcaWorker.loop(RcaWorker.java:361) ~[classes/:na]
	at java.base/java.lang.VirtualThread.run(VirtualThread.java:329) ~[na:na]

2026-09-13T01:15:47.925+08:00 ERROR 30645 --- [control-app] [ker-expire-fail] [                                                 ] c.o.p.c.alert.application.RcaWorker      : expireOverdue 拍失败，下拍重试

java.lang.RuntimeException: expireOverdue 拍失败模拟
	at com.objwww.pr.control.alert.application.RunConfigSwitchService.expireOverdue(RunConfigSwitchService.java:164) ~[classes/:na]
	at com.objwww.pr.control.alert.application.RcaWorker.loop(RcaWorker.java:361) ~[classes/:na]
	at java.base/java.lang.VirtualThread.run(VirtualThread.java:329) ~[na:na]

2026-09-13T01:15:47.976+08:00 ERROR 30645 --- [control-app] [ker-expire-fail] [                                                 ] c.o.p.c.alert.application.RcaWorker      : expireOverdue 拍失败，下拍重试

java.lang.RuntimeException: expireOverdue 拍失败模拟
	at com.objwww.pr.control.alert.application.RunConfigSwitchService.expireOverdue(RunConfigSwitchService.java:164) ~[classes/:na]
	at com.objwww.pr.control.alert.application.RcaWorker.loop(RcaWorker.java:361) ~[classes/:na]
	at java.base/java.lang.VirtualThread.run(VirtualThread.java:329) ~[na:na]

2026-09-13T01:15:47.984+08:00  INFO 30645 --- [control-app] [           main] [                                                 ] c.o.p.c.alert.application.RcaWorker      : RcaWorker 启动 owner=worker-expire-stop scope=rca
2026-09-13T01:15:48.606+08:00  INFO 30645 --- [control-app] [           main] [                                                 ] c.o.p.c.a.a.RcaRunOrchestrator           : {"event":"rca_task_decision","ts":"2026-09-12T17:15:48.606299849Z","latency_ms":0,"decision":"DEAD","run_id":"4c0d004a-2c28-4bf9-bca3-fa465d4a34df","task_id":"9dea0cd3-4270-4386-9383-62724f291688","attempt_id":"0901c055-705d-4ea3-97c9-6d12e4c2b489"}
2026-09-13T01:15:48.610+08:00  WARN 30645 --- [control-app] [           main] [                                                 ] c.o.p.c.alert.application.RcaWorker      : 工具调用账本 1 行 PENDING→UNKNOWN（崩溃回收）
2026-09-13T01:15:48.615+08:00  WARN 30645 --- [control-app] [           main] [                                                 ] c.o.p.c.alert.application.RcaWorker      : task 3a82d771-91cd-4683-b006-9c87089607b6 租约过期回收 owner=worker-a → STALE
2026-09-13T01:15:48.620+08:00  INFO 30645 --- [control-app] [           main] [                                                 ] c.o.p.c.a.a.RcaRunOrchestrator           : {"event":"rca_task_decision","ts":"2026-09-12T17:15:48.619822502Z","latency_ms":0,"decision":"COMPLETED","run_id":"3c33f3f6-ab04-4ed2-a08a-3a58824334f4","task_id":"d5e3249b-1bf4-45af-907e-4dceb1bed580","attempt_id":"4c283f07-5b54-4d8b-ad1c-4e00cd5a0a1a"}
2026-09-13T01:15:48.625+08:00  INFO 30645 --- [control-app] [           main] [                                                 ] c.o.p.c.a.a.RcaRunOrchestrator           : {"event":"rca_task_decision","ts":"2026-09-12T17:15:48.625328499Z","latency_ms":0,"decision":"RETRY_SCHEDULED","run_id":"60297a09-ed5b-475d-be4f-99b2755b2764","task_id":"79f97244-4282-40c6-981e-e68402fc22f4","attempt_id":"2a7389e5-7f9e-4242-b97c-102e247f4f76"}
2026-09-13T01:15:48.632+08:00  INFO 30645 --- [control-app] [           main] [                                                 ] c.o.p.c.a.a.RcaRunOrchestrator           : {"event":"rca_task_decision","ts":"2026-09-12T17:15:48.632311979Z","latency_ms":0,"decision":"COMPLETED","run_id":"60297a09-ed5b-475d-be4f-99b2755b2764","task_id":"79f97244-4282-40c6-981e-e68402fc22f4","attempt_id":"a42c6743-98bc-42b4-8a98-f7e9c194bd53"}
2026-09-13T01:15:48.636+08:00  INFO 30645 --- [control-app] [           main] [                                                 ] c.o.p.c.a.a.RcaRunOrchestrator           : {"event":"rca_task_decision","ts":"2026-09-12T17:15:48.636409985Z","latency_ms":0,"decision":"COMPLETED","run_id":"11353dd0-bf31-4c1b-af55-53473bc844f5","task_id":"4c9d2145-9640-43d1-9e7d-0ec6540770ff","attempt_id":"16fc71c9-6954-4c5e-a8b3-20bf7ab14cc8"}
2026-09-13T01:15:48.645+08:00  INFO 30645 --- [control-app] [           main] [                                                 ] c.o.p.c.a.a.RcaRunOrchestrator           : {"event":"rca_task_decision","ts":"2026-09-12T17:15:48.644995411Z","decision":"STALE_GENERATION","run_id":"6f023a27-14a5-41e1-bb95-1492a3dcb0e3","task_id":"6799ccb4-c0e3-487d-973e-fc979f55b070","attempt_id":"bc6c2f55-4d66-4711-a126-11fe5e84b472","run_state":"SUPERSEDED"}
2026-09-13T01:15:48.645+08:00  WARN 30645 --- [control-app] [           main] [                                                 ] c.o.p.c.a.a.RcaRunOrchestrator           : task 6799ccb4-c0e3-487d-973e-fc979f55b070 旧代结果作废（run 6f023a27-14a5-41e1-bb95-1492a3dcb0e3 state=SUPERSEDED），task→STALE 零落档
2026-09-13T01:15:48.650+08:00  WARN 30645 --- [control-app] [           main] [                                                 ] c.o.p.c.alert.application.RcaWorker      : task 473a6919-29a9-4e88-bca5-f001bbec946d 租约过期回收 owner=worker-a → RETRY_WAIT
2026-09-13T01:15:48.651+08:00  INFO 30645 --- [control-app] [           main] [                                                 ] c.o.p.c.a.a.RcaRunOrchestrator           : {"event":"rca_task_decision","ts":"2026-09-12T17:15:48.651741124Z","latency_ms":0,"decision":"COMPLETED","run_id":"f47f3b1a-8021-4be7-843e-cd50f6b6f4ce","task_id":"473a6919-29a9-4e88-bca5-f001bbec946d","attempt_id":"0da7ef79-e553-4366-bc86-9bd09f8c750c"}
2026-09-13T01:15:48.652+08:00  WARN 30645 --- [control-app] [           main] [                                                 ] c.o.p.c.a.a.RcaRunOrchestrator           : task 473a6919-29a9-4e88-bca5-f001bbec946d 旧租约提交被拒 owner=worker-a epoch=1
[INFO] Tests run: 20, Failures: 0, Errors: 0, Skipped: 0, Time elapsed: 1.310 s -- in com.objwww.pr.control.alert.application.RcaWorkerTest
[INFO] Running com.objwww.pr.control.alert.application.EventQueryServiceTest
[INFO] Tests run: 5, Failures: 0, Errors: 0, Skipped: 0, Time elapsed: 0.015 s -- in com.objwww.pr.control.alert.application.EventQueryServiceTest
[INFO] Running com.objwww.pr.control.alert.application.IncidentProjectorClassificationTest
2026-09-13T01:15:48.755+08:00  INFO 30645 --- [control-app] [           main] [                                                 ] c.o.p.c.a.application.IncidentProjector  : incident 4adba79c-de9d-4f25-9c86-ea76cd0a2604 路由决策 BUCKETED_HOLMES 为 HOLMES 意愿：第二引擎已退场，决策照记不铸 run
2026-09-13T01:15:48.759+08:00  INFO 30645 --- [control-app] [           main] [                                                 ] c.o.p.c.a.application.IncidentProjector  : incident 03f701a2-459f-4945-b52a-e346d9ae7826 路由决策 BUCKETED_HOLMES 为 HOLMES 意愿：第二引擎已退场，决策照记不铸 run
2026-09-13T01:15:48.762+08:00  INFO 30645 --- [control-app] [           main] [                                                 ] c.o.p.c.a.application.IncidentProjector  : incident 114a51fc-5ff1-40e9-8cf9-a010a9075157 路由决策 BUCKETED_HOLMES 为 HOLMES 意愿：第二引擎已退场，决策照记不铸 run
2026-09-13T01:15:48.765+08:00  INFO 30645 --- [control-app] [           main] [                                                 ] c.o.p.c.a.application.IncidentProjector  : incident 60d6001d-d737-424f-a2c6-d1120cfb97d6 路由决策 BUCKETED_HOLMES 为 HOLMES 意愿：第二引擎已退场，决策照记不铸 run
2026-09-13T01:15:48.765+08:00  INFO 30645 --- [control-app] [           main] [                                                 ] c.o.p.c.a.application.IncidentProjector  : incident 60d6001d-d737-424f-a2c6-d1120cfb97d6 路由决策 BUCKETED_HOLMES 为 HOLMES 意愿：第二引擎已退场，决策照记不铸 run
2026-09-13T01:15:48.768+08:00  INFO 30645 --- [control-app] [           main] [                                                 ] c.o.p.c.a.application.IncidentProjector  : incident 60f88de3-ff05-4865-83fb-4c0352837211 路由决策 BUCKETED_HOLMES 为 HOLMES 意愿：第二引擎已退场，决策照记不铸 run
2026-09-13T01:15:48.770+08:00  INFO 30645 --- [control-app] [           main] [                                                 ] c.o.p.c.a.application.IncidentProjector  : incident 4d70e779-e02e-42b7-b4c1-8c2bfe01c381 路由决策 BUCKETED_HOLMES 为 HOLMES 意愿：第二引擎已退场，决策照记不铸 run
2026-09-13T01:15:48.773+08:00  INFO 30645 --- [control-app] [           main] [                                                 ] c.o.p.c.a.application.IncidentProjector  : incident 4d70e779-e02e-42b7-b4c1-8c2bfe01c381 路由决策 BUCKETED_HOLMES 为 HOLMES 意愿：第二引擎已退场，决策照记不铸 run
[INFO] Tests run: 6, Failures: 0, Errors: 0, Skipped: 0, Time elapsed: 0.101 s -- in com.objwww.pr.control.alert.application.IncidentProjectorClassificationTest
[INFO] Running com.objwww.pr.control.alert.application.EventPayloadSanitizerTest
[INFO] Tests run: 6, Failures: 0, Errors: 0, Skipped: 0, Time elapsed: 0.006 s -- in com.objwww.pr.control.alert.application.EventPayloadSanitizerTest
[INFO] Running com.objwww.pr.control.alert.application.IncidentQueryServiceTest
[INFO] Tests run: 10, Failures: 0, Errors: 0, Skipped: 0, Time elapsed: 0.033 s -- in com.objwww.pr.control.alert.application.IncidentQueryServiceTest
[INFO] Running com.objwww.pr.control.alert.application.HolmesShadowWorkerTest
2026-09-13T01:15:48.826+08:00  INFO 30645 --- [control-app] [           main] [                                                 ] c.o.p.c.a.a.HolmesShadowWorker           : {"event":"rca_holmes_shadow_work","ts":"2026-09-12T17:15:48.826782122Z","outcome":"FAILED","error_class":"BASELINE_MISSING","shadow_key":"holmes-calib:9e2510c8-0a78-488c-9b5b-183a1de23904"}
2026-09-13T01:15:48.830+08:00  INFO 30645 --- [control-app] [           main] [                                                 ] c.o.p.c.a.a.HolmesShadowWorker           : {"event":"rca_holmes_shadow_work","ts":"2026-09-12T17:15:48.830783316Z","shadow_run_id":"ebbd0435-78f0-4633-ad2c-bc2e3a4bf06f","outcome":"COMPARISON_LANDED","shadow_key":"holmes-shadow:7697c3c2-46ad-4330-aec9-5528ffa0a815"}
2026-09-13T01:15:48.834+08:00  INFO 30645 --- [control-app] [           main] [                                                 ] c.o.p.c.a.a.HolmesShadowWorker           : {"event":"rca_holmes_shadow_work","ts":"2026-09-12T17:15:48.834279019Z","outcome":"FAILED","error_class":"MISSING_ANCHOR","shadow_key":"holmes-shadow:ghost"}
2026-09-13T01:15:48.836+08:00  INFO 30645 --- [control-app] [           main] [                                                 ] c.o.p.c.a.a.HolmesShadowWorker           : {"event":"rca_holmes_shadow_work","ts":"2026-09-12T17:15:48.836167074Z","outcome":"CAS_LOST","shadow_key":"holmes-shadow:2cebfeaa-82b8-4325-a22d-cb2dfb1ccda1"}
2026-09-13T01:15:48.839+08:00  INFO 30645 --- [control-app] [           main] [                                                 ] c.o.p.c.a.a.HolmesShadowWorker           : {"event":"rca_holmes_shadow_work","ts":"2026-09-12T17:15:48.839296918Z","outcome":"FAILED","error_class":"TIMEOUT","shadow_key":"holmes-shadow:6fc9cf1a-3365-4556-8734-1ae45a29b99b"}
2026-09-13T01:15:48.840+08:00  INFO 30645 --- [control-app] [           main] [                                                 ] c.o.p.c.a.a.HolmesShadowWorker           : {"event":"rca_holmes_shadow_work","ts":"2026-09-12T17:15:48.840661848Z","outcome":"FAILED","error_class":"TIMEOUT","shadow_key":"holmes-shadow:6fc9cf1a-3365-4556-8734-1ae45a29b99b"}
2026-09-13T01:15:48.841+08:00  INFO 30645 --- [control-app] [           main] [                                                 ] c.o.p.c.a.a.HolmesShadowWorker           : {"event":"rca_holmes_shadow_work","ts":"2026-09-12T17:15:48.841053235Z","outcome":"FAILED","error_class":"TIMEOUT","shadow_key":"holmes-shadow:6fc9cf1a-3365-4556-8734-1ae45a29b99b"}
2026-09-13T01:15:48.842+08:00  INFO 30645 --- [control-app] [           main] [                                                 ] c.o.p.c.a.a.HolmesShadowWorker           : {"event":"rca_holmes_shadow_work","ts":"2026-09-12T17:15:48.842792229Z","shadow_run_id":"3c7d5d98-2ae4-4fbb-8d10-8133cd48858f","outcome":"COMPARISON_LANDED","shadow_key":"holmes-shadow:2416eaf1-0f21-4fff-a10b-94edb78ba179"}
2026-09-13T01:15:48.844+08:00  INFO 30645 --- [control-app] [           main] [                                                 ] c.o.p.c.a.a.HolmesShadowWorker           : {"event":"rca_holmes_shadow_work","ts":"2026-09-12T17:15:48.844393384Z","shadow_run_id":"582a2e9a-152c-4d95-8a01-94571371ff78","outcome":"CALIBRATION_LANDED","shadow_key":"holmes-calib:2416eaf1-0f21-4fff-a10b-94edb78ba179"}
[INFO] Tests run: 7, Failures: 0, Errors: 0, Skipped: 0, Time elapsed: 0.026 s -- in com.objwww.pr.control.alert.application.HolmesShadowWorkerTest
[INFO] Running com.objwww.pr.control.alert.application.holmes.HolmesEvidenceAdapterTest
[INFO] Tests run: 5, Failures: 0, Errors: 0, Skipped: 0, Time elapsed: 0.015 s -- in com.objwww.pr.control.alert.application.holmes.HolmesEvidenceAdapterTest
[INFO] Running com.objwww.pr.control.alert.application.rag.RunbookCorpusTest
[INFO] Tests run: 9, Failures: 0, Errors: 0, Skipped: 0, Time elapsed: 0.015 s -- in com.objwww.pr.control.alert.application.rag.RunbookCorpusTest
[INFO] Running com.objwww.pr.control.alert.application.SseStreamServiceTest
2026-09-13T01:15:48.881+08:00  WARN 30645 --- [control-app] [           main] [                                                 ] c.o.p.c.a.application.SseStreamService   : sse drain gap: runId=4bbdd37f-c042-433b-bf3e-fd72b79c1d5d cursor=1 latestSeq=4 → resync
[INFO] Tests run: 4, Failures: 0, Errors: 0, Skipped: 0, Time elapsed: 0.006 s -- in com.objwww.pr.control.alert.application.SseStreamServiceTest
[INFO] Running com.objwww.pr.control.alert.application.PlanCompilerTest
[INFO] Tests run: 9, Failures: 0, Errors: 0, Skipped: 0, Time elapsed: 0.018 s -- in com.objwww.pr.control.alert.application.PlanCompilerTest
[INFO] Running com.objwww.pr.control.alert.application.EvidencePackageJsonCodecTest
[INFO] Tests run: 4, Failures: 0, Errors: 0, Skipped: 0, Time elapsed: 0.005 s -- in com.objwww.pr.control.alert.application.EvidencePackageJsonCodecTest
[INFO] Running com.objwww.pr.control.alert.application.HolmesShadowSamplerTest
2026-09-13T01:15:48.912+08:00  INFO 30645 --- [control-app] [           main] [                                                 ] c.o.p.c.a.a.HolmesShadowSampler          : {"event":"rca_holmes_shadow_sample","ts":"2026-09-12T17:15:48.912657755Z","run_id":"d733d12f-9e55-4192-894f-b87f74038e89","outcome":"DISABLED","incident_id":"61dca4fd-46de-44a2-a554-c13fe1e0176c"}
2026-09-13T01:15:48.914+08:00  INFO 30645 --- [control-app] [           main] [                                                 ] c.o.p.c.a.a.HolmesShadowSampler          : {"event":"rca_holmes_shadow_sample","ts":"2026-09-12T17:15:48.914535570Z","run_id":"8696955a-6b4f-4539-8289-71e3ca8ac5b8","outcome":"ENQUEUED","incident_id":"91558748-bb11-481f-bbb0-e809884d438c"}
2026-09-13T01:15:48.914+08:00  INFO 30645 --- [control-app] [           main] [                                                 ] c.o.p.c.a.a.HolmesShadowSampler          : {"event":"rca_holmes_shadow_sample","ts":"2026-09-12T17:15:48.914774280Z","run_id":"8696955a-6b4f-4539-8289-71e3ca8ac5b8","outcome":"ALREADY_ENQUEUED","incident_id":"91558748-bb11-481f-bbb0-e809884d438c"}
2026-09-13T01:15:48.915+08:00  INFO 30645 --- [control-app] [           main] [                                                 ] c.o.p.c.a.a.HolmesShadowSampler          : {"event":"rca_holmes_shadow_sample","ts":"2026-09-12T17:15:48.915715041Z","run_id":"282884d9-195b-4ed5-bee7-49c78b17acb7","outcome":"RATE_NOT_SELECTED","incident_id":"7f8ec0ed-3fb3-426d-b6bb-85ed2297c40a"}
2026-09-13T01:15:48.916+08:00  INFO 30645 --- [control-app] [           main] [                                                 ] c.o.p.c.a.a.HolmesShadowSampler          : {"event":"rca_holmes_shadow_sample","ts":"2026-09-12T17:15:48.915980151Z","run_id":"282884d9-195b-4ed5-bee7-49c78b17acb7","outcome":"ENQUEUED","incident_id":"7f8ec0ed-3fb3-426d-b6bb-85ed2297c40a"}
2026-09-13T01:15:48.916+08:00  INFO 30645 --- [control-app] [           main] [                                                 ] c.o.p.c.a.a.HolmesShadowSampler          : {"event":"rca_holmes_shadow_sample","ts":"2026-09-12T17:15:48.916169767Z","run_id":"282884d9-195b-4ed5-bee7-49c78b17acb7","outcome":"ALREADY_ENQUEUED","incident_id":"7f8ec0ed-3fb3-426d-b6bb-85ed2297c40a"}
2026-09-13T01:15:48.921+08:00  INFO 30645 --- [control-app] [           main] [                                                 ] c.o.p.c.a.a.HolmesShadowSampler          : {"event":"rca_holmes_shadow_sample","ts":"2026-09-12T17:15:48.921488423Z","run_id":"f887b576-e6ca-46e8-9aaf-d52e4903a47a","outcome":"NOT_NATIVE","incident_id":"a9da032c-d3ed-411c-96a8-50d73ed00faa"}
2026-09-13T01:15:48.923+08:00  INFO 30645 --- [control-app] [           main] [                                                 ] c.o.p.c.a.a.HolmesShadowSampler          : {"event":"rca_holmes_shadow_sample","ts":"2026-09-12T17:15:48.922956927Z","run_id":"7282c469-1285-4472-bde8-832510106e52","outcome":"BUDGET_EXHAUSTED","incident_id":"b1d88b0c-f001-467d-b884-cc918b3b695a"}
2026-09-13T01:15:48.923+08:00  INFO 30645 --- [control-app] [           main] [                                                 ] c.o.p.c.a.a.HolmesShadowSampler          : {"event":"rca_holmes_shadow_sample","ts":"2026-09-12T17:15:48.923875006Z","run_id":"3f042bd2-f1dd-4bd1-bcac-af4c1983473f","outcome":"NOT_TERMINAL","incident_id":"703e24ee-52bb-4bea-9b30-7478f09974d3"}
2026-09-13T01:15:48.924+08:00  INFO 30645 --- [control-app] [           main] [                                                 ] c.o.p.c.a.a.HolmesShadowSampler          : {"event":"rca_holmes_shadow_sample","ts":"2026-09-12T17:15:48.924136529Z","run_id":"3f042bd2-f1dd-4bd1-bcac-af4c1983473f","outcome":"NOT_SUCCEEDED","incident_id":"703e24ee-52bb-4bea-9b30-7478f09974d3"}
2026-09-13T01:15:48.926+08:00  INFO 30645 --- [control-app] [           main] [                                                 ] c.o.p.c.a.a.HolmesShadowSampler          : {"event":"rca_holmes_shadow_sample","ts":"2026-09-12T17:15:48.926148036Z","run_id":"dae515d1-ef62-41ec-bd88-2b5c68a58a06","outcome":"ENQUEUED","incident_id":"f3474c42-d5e7-4138-827d-e5adcc203508"}
[INFO] Tests run: 7, Failures: 0, Errors: 0, Skipped: 0, Time elapsed: 0.016 s -- in com.objwww.pr.control.alert.application.HolmesShadowSamplerTest
[INFO] Running com.objwww.pr.control.alert.application.R7PrimaryStateTest
2026-09-13T01:15:48.935+08:00  INFO 30645 --- [control-app] [           main] [                                                 ] c.o.p.c.a.a.DeterministicSupervisor      : {"event":"r7_primary_started","ts":"2026-09-12T17:15:48.935101295Z","run_id":"7dc87230-6597-4bdc-9b0e-8e822284ff97","role":"primary@1","task_id":"ae19b175-89f3-4f62-b986-cc75761259a9"}
2026-09-13T01:15:48.936+08:00  INFO 30645 --- [control-app] [           main] [                                                 ] c.o.p.c.a.a.DeterministicSupervisor      : {"event":"r7_delegation_adjudicated","ts":"2026-09-12T17:15:48.936134019Z","batch_accepted":true,"run_id":"7dc87230-6597-4bdc-9b0e-8e822284ff97","task_id":"ae19b175-89f3-4f62-b986-cc75761259a9","approved":2,"requests":2}
2026-09-13T01:15:48.938+08:00  INFO 30645 --- [control-app] [           main] [                                                 ] c.o.p.c.a.a.DeterministicSupervisor      : {"event":"r7_primary_started","ts":"2026-09-12T17:15:48.938426316Z","run_id":"4fcb8dcb-6a5a-4514-aae6-49841219059a","role":"primary@1","task_id":"9209f47b-8e2b-40ba-a9c8-a16f2606ee91"}
2026-09-13T01:15:48.939+08:00  WARN 30645 --- [control-app] [           main] [                                                 ] c.o.p.c.a.a.DeterministicSupervisor      : 委派裁决撞既成台账（gap=gap-1），以先到者为准
2026-09-13T01:15:48.939+08:00  INFO 30645 --- [control-app] [           main] [                                                 ] c.o.p.c.a.a.DeterministicSupervisor      : {"event":"r7_delegation_adjudicated","ts":"2026-09-12T17:15:48.939255658Z","batch_accepted":true,"run_id":"4fcb8dcb-6a5a-4514-aae6-49841219059a","task_id":"9209f47b-8e2b-40ba-a9c8-a16f2606ee91","approved":1,"requests":2}
2026-09-13T01:15:48.940+08:00  WARN 30645 --- [control-app] [           main] [                                                 ] c.o.p.c.a.a.DeterministicSupervisor      : 委派裁决撞既成台账（gap=gap-1），以先到者为准
2026-09-13T01:15:48.940+08:00  INFO 30645 --- [control-app] [           main] [                                                 ] c.o.p.c.a.a.DeterministicSupervisor      : {"event":"r7_delegation_adjudicated","ts":"2026-09-12T17:15:48.940275898Z","batch_accepted":false,"run_id":"4fcb8dcb-6a5a-4514-aae6-49841219059a","task_id":"9209f47b-8e2b-40ba-a9c8-a16f2606ee91","approved":0,"requests":1}
2026-09-13T01:15:48.942+08:00  INFO 30645 --- [control-app] [           main] [                                                 ] c.o.p.c.a.a.DeterministicSupervisor      : {"event":"r7_primary_started","ts":"2026-09-12T17:15:48.941908763Z","run_id":"98f12f01-2745-409b-a4fe-0ad0749f329e","role":"primary@1","task_id":"bc050bc2-c72a-455e-a490-0cdc8a54ddd8"}
2026-09-13T01:15:48.942+08:00  INFO 30645 --- [control-app] [           main] [                                                 ] c.o.p.c.a.a.DeterministicSupervisor      : {"event":"r7_delegation_adjudicated","ts":"2026-09-12T17:15:48.942559669Z","batch_accepted":true,"run_id":"98f12f01-2745-409b-a4fe-0ad0749f329e","task_id":"bc050bc2-c72a-455e-a490-0cdc8a54ddd8","approved":2,"requests":2}
2026-09-13T01:15:48.945+08:00  INFO 30645 --- [control-app] [           main] [                                                 ] c.o.p.c.a.a.DeterministicSupervisor      : {"event":"r7_primary_started","ts":"2026-09-12T17:15:48.945044288Z","run_id":"ae2d6b4e-2e78-4596-821b-e36b50035cf9","role":"primary@1","task_id":"bf4e0334-b130-4a9d-ada0-d17da1b27d1b"}
2026-09-13T01:15:48.946+08:00  INFO 30645 --- [control-app] [           main] [                                                 ] c.o.p.c.a.a.DeterministicSupervisor      : {"event":"r7_primary_started","ts":"2026-09-12T17:15:48.946657324Z","run_id":"6cd38495-685f-4922-b2f2-30fd3522c1dc","role":"primary@1","task_id":"520db6cf-c4b8-4b4f-8849-c0753281b659"}
2026-09-13T01:15:48.947+08:00  INFO 30645 --- [control-app] [           main] [                                                 ] c.o.p.c.a.a.DeterministicSupervisor      : {"event":"r7_delegation_adjudicated","ts":"2026-09-12T17:15:48.947086372Z","batch_accepted":true,"run_id":"6cd38495-685f-4922-b2f2-30fd3522c1dc","task_id":"520db6cf-c4b8-4b4f-8849-c0753281b659","approved":1,"requests":1}
2026-09-13T01:15:48.947+08:00  INFO 30645 --- [control-app] [           main] [                                                 ] c.o.p.c.a.a.DeterministicSupervisor      : {"event":"r7_delegation_adjudicated","ts":"2026-09-12T17:15:48.947496014Z","batch_accepted":true,"run_id":"6cd38495-685f-4922-b2f2-30fd3522c1dc","task_id":"520db6cf-c4b8-4b4f-8849-c0753281b659","approved":1,"requests":1}
2026-09-13T01:15:48.948+08:00  INFO 30645 --- [control-app] [           main] [                                                 ] c.o.p.c.a.a.DeterministicSupervisor      : {"event":"r7_primary_started","ts":"2026-09-12T17:15:48.948891010Z","run_id":"87d3e7c6-629a-431c-8e01-a1da6532039d","role":"primary@1","task_id":"f77fde2a-5c89-400c-928a-63b505bd9c3c"}
2026-09-13T01:15:48.949+08:00  INFO 30645 --- [control-app] [           main] [                                                 ] c.o.p.c.a.a.DeterministicSupervisor      : {"event":"r7_delegation_adjudicated","ts":"2026-09-12T17:15:48.949293398Z","batch_accepted":false,"run_id":"87d3e7c6-629a-431c-8e01-a1da6532039d","task_id":"f77fde2a-5c89-400c-928a-63b505bd9c3c","approved":0,"requests":1}
2026-09-13T01:15:48.950+08:00  INFO 30645 --- [control-app] [           main] [                                                 ] c.o.p.c.a.a.DeterministicSupervisor      : {"event":"r7_primary_started","ts":"2026-09-12T17:15:48.950674619Z","run_id":"47b20b74-7a83-45b3-93bd-c1ac9498da07","role":"primary@1","task_id":"c1fc5283-0a63-42a4-8640-80df13bce8e2"}
2026-09-13T01:15:48.951+08:00  INFO 30645 --- [control-app] [           main] [                                                 ] c.o.p.c.a.a.DeterministicSupervisor      : {"event":"r7_delegation_adjudicated","ts":"2026-09-12T17:15:48.951463394Z","batch_accepted":true,"run_id":"47b20b74-7a83-45b3-93bd-c1ac9498da07","task_id":"c1fc5283-0a63-42a4-8640-80df13bce8e2","approved":1,"requests":2}
2026-09-13T01:15:48.954+08:00  INFO 30645 --- [control-app] [           main] [                                                 ] c.o.p.c.a.a.DeterministicSupervisor      : {"event":"r7_primary_started","ts":"2026-09-12T17:15:48.954178307Z","run_id":"00461dab-f994-4c1d-bbd0-3f5865f203eb","role":"primary@1","task_id":"321a20f5-4780-4a05-9c7e-d9632fd36e28"}
2026-09-13T01:15:48.955+08:00  INFO 30645 --- [control-app] [           main] [                                                 ] c.o.p.c.a.a.DeterministicSupervisor      : {"event":"r7_delegation_adjudicated","ts":"2026-09-12T17:15:48.955181776Z","batch_accepted":true,"run_id":"00461dab-f994-4c1d-bbd0-3f5865f203eb","task_id":"321a20f5-4780-4a05-9c7e-d9632fd36e28","approved":2,"requests":2}
2026-09-13T01:15:48.955+08:00  INFO 30645 --- [control-app] [           main] [                                                 ] c.o.p.c.a.a.DeterministicSupervisor      : {"event":"r7_delegation_adjudicated","ts":"2026-09-12T17:15:48.955887495Z","batch_accepted":true,"run_id":"00461dab-f994-4c1d-bbd0-3f5865f203eb","task_id":"321a20f5-4780-4a05-9c7e-d9632fd36e28","approved":2,"requests":2}
2026-09-13T01:15:48.956+08:00  INFO 30645 --- [control-app] [           main] [                                                 ] c.o.p.c.a.a.DeterministicSupervisor      : {"event":"r7_delegation_adjudicated","ts":"2026-09-12T17:15:48.956154989Z","batch_accepted":false,"run_id":"00461dab-f994-4c1d-bbd0-3f5865f203eb","task_id":"321a20f5-4780-4a05-9c7e-d9632fd36e28","approved":0,"requests":1}
2026-09-13T01:15:48.959+08:00  INFO 30645 --- [control-app] [           main] [                                                 ] c.o.p.c.a.a.DeterministicSupervisor      : {"event":"r7_primary_started","ts":"2026-09-12T17:15:48.959147233Z","run_id":"9f220a3c-2684-45b9-98df-c37830becda6","role":"primary@1","task_id":"24fb9be9-a496-4c94-8fbc-18340fbaf697"}
2026-09-13T01:15:48.959+08:00  INFO 30645 --- [control-app] [           main] [                                                 ] c.o.p.c.a.a.DeterministicSupervisor      : {"event":"r7_delegation_adjudicated","ts":"2026-09-12T17:15:48.959629491Z","batch_accepted":true,"run_id":"9f220a3c-2684-45b9-98df-c37830becda6","task_id":"24fb9be9-a496-4c94-8fbc-18340fbaf697","approved":1,"requests":1}
2026-09-13T01:15:48.963+08:00  INFO 30645 --- [control-app] [           main] [                                                 ] c.o.p.c.a.a.DeterministicSupervisor      : {"event":"r7_primary_started","ts":"2026-09-12T17:15:48.963043610Z","run_id":"3e50c4de-f94e-40fd-bffb-0b4d6e288557","role":"primary@1","task_id":"da502207-9554-45f7-95a5-f58cfc0d7163"}
2026-09-13T01:15:48.966+08:00  INFO 30645 --- [control-app] [           main] [                                                 ] c.o.p.c.a.a.DeterministicSupervisor      : {"event":"r7_primary_started","ts":"2026-09-12T17:15:48.966373190Z","run_id":"646ffc5d-85f0-4368-86ae-998c9a2fd6e2","role":"primary@1","task_id":"95414417-99db-4f26-8ede-d16ae085c2b2"}
2026-09-13T01:15:48.967+08:00  INFO 30645 --- [control-app] [           main] [                                                 ] c.o.p.c.a.a.DeterministicSupervisor      : {"event":"r7_delegation_adjudicated","ts":"2026-09-12T17:15:48.967227348Z","batch_accepted":false,"run_id":"646ffc5d-85f0-4368-86ae-998c9a2fd6e2","task_id":"95414417-99db-4f26-8ede-d16ae085c2b2","approved":0,"requests":3}
2026-09-13T01:15:48.969+08:00  INFO 30645 --- [control-app] [           main] [                                                 ] c.o.p.c.a.a.DeterministicSupervisor      : {"event":"am4_plan_rejected","ts":"2026-09-12T17:15:48.969288299Z","run_id":"4b8da318-79dc-459e-9ed4-79b2907283f7","reason":"主模式编译只接受 PRIMARY 阶段 Profile，实际: metrics-expert phase=INVESTIGATE"}
2026-09-13T01:15:48.969+08:00  WARN 30645 --- [control-app] [           main] [                                                 ] c.o.p.c.a.a.DeterministicSupervisor      : run 4b8da318-79dc-459e-9ed4-79b2907283f7 提案被确定性拒绝 → FAILED（主模式编译只接受 PRIMARY 阶段 Profile，实际: metrics-expert phase=INVESTIGATE）
[INFO] Tests run: 18, Failures: 0, Errors: 0, Skipped: 0, Time elapsed: 0.041 s -- in com.objwww.pr.control.alert.application.R7PrimaryStateTest
[INFO] Running com.objwww.pr.control.alert.application.ControlAlertRouterTest
2026-09-13T01:15:48.975+08:00  INFO 30645 --- [control-app] [           main] [                                                 ] c.o.p.c.a.a.ControlAlertRouter           : {"event":"CONTROL_ALERT_REJECTED","ts":"2026-09-12T17:15:48.975735508Z","receiver":"rca-oncall","gate":"identity"}
2026-09-13T01:15:48.978+08:00  INFO 30645 --- [control-app] [           main] [                                                 ] c.o.p.c.a.a.ControlAlertRouter           : {"event":"CONTROL_ALERT_ONCALL","ts":"2026-09-12T17:15:48.978348959Z","inbox_id":"c3422a58-5325-4b18-a6cc-c213b95b7040","receiver":"rca-oncall","group_key":"g:RCA_SYSTEM_CollectorDown","alertnames":"RCA_SYSTEM_CollectorDown","scopes":"rca_system","alert_count":1}
2026-09-13T01:15:48.982+08:00  INFO 30645 --- [control-app] [           main] [                                                 ] c.o.p.c.a.a.ControlAlertRouter           : {"event":"CONTROL_ALERT_REJECTED","ts":"2026-09-12T17:15:48.982769764Z","receiver":"rca-oncall","gate":"identity"}
2026-09-13T01:15:48.985+08:00  INFO 30645 --- [control-app] [           main] [                                                 ] c.o.p.c.a.a.ControlAlertRouter           : {"event":"CONTROL_ALERT_REJECTED","ts":"2026-09-12T17:15:48.985149294Z","receiver":"zhongtai","gate":"route_not_allowlisted"}
2026-09-13T01:15:48.986+08:00  INFO 30645 --- [control-app] [           main] [                                                 ] c.o.p.c.a.a.ControlAlertRouter           : {"event":"CONTROL_ALERT_ONCALL","ts":"2026-09-12T17:15:48.986540083Z","inbox_id":"798894fe-c851-4891-949b-7373c0cbcaa1","receiver":"rca-oncall","group_key":"g:Gatus_CanaryProbe","alertnames":"Gatus_CanaryProbe","scopes":"rca_system","alert_count":1}
2026-09-13T01:15:48.987+08:00  INFO 30645 --- [control-app] [           main] [                                                 ] c.o.p.c.a.a.ControlAlertRouter           : {"event":"CONTROL_ALERT_REJECTED","ts":"2026-09-12T17:15:48.987656285Z","receiver":"rca-oncall","gate":"scope_not_allowlisted"}
2026-09-13T01:15:48.988+08:00  INFO 30645 --- [control-app] [           main] [                                                 ] c.o.p.c.a.a.ControlAlertRouter           : {"event":"CONTROL_ALERT_REJECTED","ts":"2026-09-12T17:15:48.988832670Z","receiver":"rca-oncall","gate":"scope_not_allowlisted"}
2026-09-13T01:15:48.991+08:00  INFO 30645 --- [control-app] [           main] [                                                 ] c.o.p.c.a.a.ControlAlertRouter           : {"event":"CONTROL_ALERT_ONCALL","ts":"2026-09-12T17:15:48.991163950Z","inbox_id":"1b02f8ac-826a-4ce0-94ac-f6839007b353","receiver":"rca-oncall","group_key":"g:RCA_SYSTEM_X","alertnames":"RCA_SYSTEM_X","scopes":"rca_system","alert_count":1}
[INFO] Tests run: 10, Failures: 0, Errors: 0, Skipped: 0, Time elapsed: 0.019 s -- in com.objwww.pr.control.alert.application.ControlAlertRouterTest
[INFO] Running com.objwww.pr.control.alert.application.Am4ShadowFullChainG2Test
2026-09-13T01:15:49.020+08:00  INFO 30645 --- [control-app] [           main] [                                                 ] c.o.p.c.a.a.DeterministicSupervisor      : {"event":"am4_run_reporting","ts":"2026-09-12T17:15:49.020463309Z","run_id":"1fe4423d-8f8b-429d-af9b-d7dfe984aa69"}
2026-09-13T01:15:49.020+08:00  INFO 30645 --- [control-app] [           main] [                                                 ] c.o.p.c.a.a.DeterministicSupervisor      : run 1fe4423d-8f8b-429d-af9b-d7dfe984aa69 全任务终态 → REPORTING（报告链组装）
[INFO] Tests run: 3, Failures: 0, Errors: 0, Skipped: 0, Time elapsed: 0.049 s -- in com.objwww.pr.control.alert.application.Am4ShadowFullChainG2Test
[INFO] Running com.objwww.pr.control.alert.application.CommandServiceTest
[INFO] Tests run: 10, Failures: 0, Errors: 0, Skipped: 0, Time elapsed: 0.012 s -- in com.objwww.pr.control.alert.application.CommandServiceTest
[INFO] Running com.objwww.pr.control.alert.application.RunBudgetGateTest
[INFO] Tests run: 10, Failures: 0, Errors: 0, Skipped: 0, Time elapsed: 0.014 s -- in com.objwww.pr.control.alert.application.RunBudgetGateTest
[INFO] Running com.objwww.pr.control.alert.application.tool.ToolGatewayWireMockTest
[INFO] Tests run: 3, Failures: 0, Errors: 0, Skipped: 0, Time elapsed: 0.864 s -- in com.objwww.pr.control.alert.application.tool.ToolGatewayWireMockTest
[INFO] Running com.objwww.pr.control.alert.application.tool.ReplayToolGatewayTest
[INFO] Tests run: 8, Failures: 0, Errors: 0, Skipped: 0, Time elapsed: 0.013 s -- in com.objwww.pr.control.alert.application.tool.ReplayToolGatewayTest
[INFO] Running com.objwww.pr.control.alert.application.tool.ToolRegistryTest
[INFO] Tests run: 4, Failures: 0, Errors: 0, Skipped: 0, Time elapsed: 0.007 s -- in com.objwww.pr.control.alert.application.tool.ToolRegistryTest
[INFO] Running com.objwww.pr.control.alert.application.tool.ToolGatewayTest
[INFO] Tests run: 11, Failures: 0, Errors: 0, Skipped: 0, Time elapsed: 0.223 s -- in com.objwww.pr.control.alert.application.tool.ToolGatewayTest
[INFO] Running com.objwww.pr.control.alert.application.DagExecutionServiceTest
[INFO] Tests run: 10, Failures: 0, Errors: 0, Skipped: 0, Time elapsed: 0.008 s -- in com.objwww.pr.control.alert.application.DagExecutionServiceTest
[INFO] Running com.objwww.pr.control.alert.application.Am4ShadowTriggerTest
AM4_SHADOW_TASK=investigate-change=EVIDENCE_PRODUCED
AM4_SHADOW_TASK=investigate-metrics=EVIDENCE_PRODUCED
AM4_SHADOW_TASK=investigate-logs=EVIDENCE_PRODUCED
AM4_SHADOW_TASK=snapshot=f93a344a6b48b4fe5fd8e2734d5a146f46bd68cf8d77536ed0e2d8e2c03edd51
2026-09-13T01:15:50.222+08:00  INFO 30645 --- [control-app] [           main] [                                                 ] c.o.p.c.a.a.DeterministicSupervisor      : {"event":"am4_run_reporting","ts":"2026-09-12T17:15:50.222587294Z","run_id":"967eb88d-e77c-47ae-a7c9-2a1a6bd56dc5"}
2026-09-13T01:15:50.222+08:00  INFO 30645 --- [control-app] [           main] [                                                 ] c.o.p.c.a.a.DeterministicSupervisor      : run 967eb88d-e77c-47ae-a7c9-2a1a6bd56dc5 全任务终态 → REPORTING（报告链组装）
AM4_SHADOW_RUN_ID=967eb88d-e77c-47ae-a7c9-2a1a6bd56dc5
[INFO] Tests run: 5, Failures: 0, Errors: 0, Skipped: 0, Time elapsed: 0.029 s -- in com.objwww.pr.control.alert.application.Am4ShadowTriggerTest
[INFO] Running com.objwww.pr.control.alert.application.ExA4bIncidentProjectorTest
2026-09-13T01:15:50.250+08:00  INFO 30645 --- [control-app] [           main] [                                                 ] c.o.p.c.a.application.IncidentProjector  : incident 688fde7e-195c-41e2-958a-19f19316940b 路由决策 BUCKETED_HOLMES 为 HOLMES 意愿：第二引擎已退场，决策照记不铸 run
2026-09-13T01:15:50.252+08:00  INFO 30645 --- [control-app] [           main] [                                                 ] c.o.p.c.a.a.IncidentWaitingRedrive       : incident 688fde7e-195c-41e2-958a-19f19316940b 等待重驱完成：原因=WAITING_CAPABILITY 路由决策=BUCKETED_NATIVE run=1ae25f31-7d83-46d4-9201-a9d0148cf82a
2026-09-13T01:15:50.254+08:00  INFO 30645 --- [control-app] [           main] [                                                 ] c.o.p.c.a.application.IncidentProjector  : incident 3a5c263a-d140-4f29-bd17-9fa8bdf4c630 路由决策 BUCKETED_HOLMES 为 HOLMES 意愿：第二引擎已退场，决策照记不铸 run
[INFO] Tests run: 8, Failures: 0, Errors: 0, Skipped: 0, Time elapsed: 0.021 s -- in com.objwww.pr.control.alert.application.ExA4bIncidentProjectorTest
[INFO] Running com.objwww.pr.control.alert.application.RunQueryServiceTest
[INFO] Tests run: 8, Failures: 0, Errors: 0, Skipped: 0, Time elapsed: 0.019 s -- in com.objwww.pr.control.alert.application.RunQueryServiceTest
[INFO] Running com.objwww.pr.control.alert.application.RcaStateBackfillJobTest
2026-09-13T01:15:50.283+08:00  INFO 30645 --- [control-app] [           main] [                                                 ] c.o.p.c.a.a.RcaStateBackfillJob          : {"event":"rca_state_backfill_progress","ts":"2026-09-12T17:15:50.283540748Z","rows":2,"table":"rca_task","violations":0,"batches":1}
2026-09-13T01:15:50.288+08:00  INFO 30645 --- [control-app] [           main] [                                                 ] c.o.p.c.a.a.RcaStateBackfillJob          : {"event":"rca_state_backfill_progress","ts":"2026-09-12T17:15:50.288336569Z","rows":4,"table":"rca_task","violations":0,"batches":2}
2026-09-13T01:15:50.288+08:00  INFO 30645 --- [control-app] [           main] [                                                 ] c.o.p.c.a.a.RcaStateBackfillJob          : {"event":"rca_state_backfill_progress","ts":"2026-09-12T17:15:50.288617638Z","rows":5,"table":"rca_task","violations":0,"batches":3}
2026-09-13T01:15:50.289+08:00  INFO 30645 --- [control-app] [           main] [                                                 ] c.o.p.c.a.a.RcaStateBackfillJob          : {"event":"rca_state_backfill_progress","ts":"2026-09-12T17:15:50.288947769Z","rows":2,"table":"rca_run","violations":0,"batches":1}
2026-09-13T01:15:50.289+08:00  INFO 30645 --- [control-app] [           main] [                                                 ] c.o.p.c.a.a.RcaStateBackfillJob          : {"event":"rca_state_backfill_progress","ts":"2026-09-12T17:15:50.289096499Z","rows":3,"table":"rca_run","violations":0,"batches":2}
2026-09-13T01:15:50.289+08:00  INFO 30645 --- [control-app] [           main] [                                                 ] c.o.p.c.a.a.RcaStateBackfillJob          : {"event":"rca_state_backfill_reconciled","ts":"2026-09-12T17:15:50.289431401Z","task_rows":5,"violations":0,"run_rows":3,"batches":5,"digest":"4ca1357fd4b199d31c370842c907357ab131a659696953f6c76f10069f374c5d"}
2026-09-13T01:15:50.290+08:00  INFO 30645 --- [control-app] [           main] [                                                 ] c.o.p.c.a.a.RcaStateBackfillJob          : {"event":"rca_state_backfill_progress","ts":"2026-09-12T17:15:50.290033253Z","rows":2,"table":"rca_task","violations":0,"batches":1}
2026-09-13T01:15:50.290+08:00  INFO 30645 --- [control-app] [           main] [                                                 ] c.o.p.c.a.a.RcaStateBackfillJob          : {"event":"rca_state_backfill_progress","ts":"2026-09-12T17:15:50.290162727Z","rows":4,"table":"rca_task","violations":0,"batches":2}
2026-09-13T01:15:50.290+08:00  INFO 30645 --- [control-app] [           main] [                                                 ] c.o.p.c.a.a.RcaStateBackfillJob          : {"event":"rca_state_backfill_progress","ts":"2026-09-12T17:15:50.290272504Z","rows":5,"table":"rca_task","violations":0,"batches":3}
2026-09-13T01:15:50.290+08:00  INFO 30645 --- [control-app] [           main] [                                                 ] c.o.p.c.a.a.RcaStateBackfillJob          : {"event":"rca_state_backfill_progress","ts":"2026-09-12T17:15:50.290361982Z","rows":2,"table":"rca_run","violations":0,"batches":1}
2026-09-13T01:15:50.290+08:00  INFO 30645 --- [control-app] [           main] [                                                 ] c.o.p.c.a.a.RcaStateBackfillJob          : {"event":"rca_state_backfill_progress","ts":"2026-09-12T17:15:50.290457633Z","rows":3,"table":"rca_run","violations":0,"batches":2}
2026-09-13T01:15:50.290+08:00  INFO 30645 --- [control-app] [           main] [                                                 ] c.o.p.c.a.a.RcaStateBackfillJob          : {"event":"rca_state_backfill_reconciled","ts":"2026-09-12T17:15:50.290561058Z","task_rows":5,"violations":0,"run_rows":3,"batches":5,"digest":"4ca1357fd4b199d31c370842c907357ab131a659696953f6c76f10069f374c5d"}
2026-09-13T01:15:50.291+08:00  INFO 30645 --- [control-app] [           main] [                                                 ] c.o.p.c.a.a.RcaStateBackfillJob          : {"event":"rca_state_backfill_progress","ts":"2026-09-12T17:15:50.291574505Z","rows":1,"table":"rca_task","violations":0,"batches":1}
2026-09-13T01:15:50.292+08:00  INFO 30645 --- [control-app] [           main] [                                                 ] c.o.p.c.a.a.RcaStateBackfillJob          : {"event":"rca_state_backfill_progress","ts":"2026-09-12T17:15:50.292314379Z","rows":1,"table":"rca_task","violations":0,"batches":1}
2026-09-13T01:15:50.292+08:00  INFO 30645 --- [control-app] [           main] [                                                 ] c.o.p.c.a.a.RcaStateBackfillJob          : {"event":"rca_state_backfill_progress","ts":"2026-09-12T17:15:50.292455435Z","rows":2,"table":"rca_task","violations":0,"batches":2}
2026-09-13T01:15:50.292+08:00  INFO 30645 --- [control-app] [           main] [                                                 ] c.o.p.c.a.a.RcaStateBackfillJob          : {"event":"rca_state_backfill_progress","ts":"2026-09-12T17:15:50.292538350Z","rows":3,"table":"rca_task","violations":0,"batches":3}
2026-09-13T01:15:50.292+08:00  INFO 30645 --- [control-app] [           main] [                                                 ] c.o.p.c.a.a.RcaStateBackfillJob          : {"event":"rca_state_backfill_progress","ts":"2026-09-12T17:15:50.292621477Z","rows":4,"table":"rca_task","violations":0,"batches":4}
2026-09-13T01:15:50.292+08:00  INFO 30645 --- [control-app] [           main] [                                                 ] c.o.p.c.a.a.RcaStateBackfillJob          : {"event":"rca_state_backfill_progress","ts":"2026-09-12T17:15:50.292706918Z","rows":5,"table":"rca_task","violations":0,"batches":5}
2026-09-13T01:15:50.292+08:00  INFO 30645 --- [control-app] [           main] [                                                 ] c.o.p.c.a.a.RcaStateBackfillJob          : {"event":"rca_state_backfill_progress","ts":"2026-09-12T17:15:50.292786287Z","rows":6,"table":"rca_task","violations":0,"batches":6}
2026-09-13T01:15:50.294+08:00  INFO 30645 --- [control-app] [           main] [                                                 ] c.o.p.c.a.a.RcaStateBackfillJob          : {"event":"rca_state_backfill_progress","ts":"2026-09-12T17:15:50.294334162Z","rows":7,"table":"rca_task","violations":0,"batches":7}
2026-09-13T01:15:50.294+08:00  INFO 30645 --- [control-app] [           main] [                                                 ] c.o.p.c.a.a.RcaStateBackfillJob          : {"event":"rca_state_backfill_progress","ts":"2026-09-12T17:15:50.294508841Z","rows":7,"table":"rca_task","violations":0,"batches":8}
2026-09-13T01:15:50.294+08:00  INFO 30645 --- [control-app] [           main] [                                                 ] c.o.p.c.a.a.RcaStateBackfillJob          : {"event":"rca_state_backfill_progress","ts":"2026-09-12T17:15:50.294593621Z","rows":1,"table":"rca_run","violations":0,"batches":1}
2026-09-13T01:15:50.294+08:00  INFO 30645 --- [control-app] [           main] [                                                 ] c.o.p.c.a.a.RcaStateBackfillJob          : {"event":"rca_state_backfill_progress","ts":"2026-09-12T17:15:50.294670205Z","rows":1,"table":"rca_run","violations":0,"batches":2}
2026-09-13T01:15:50.294+08:00  INFO 30645 --- [control-app] [           main] [                                                 ] c.o.p.c.a.a.RcaStateBackfillJob          : {"event":"rca_state_backfill_reconciled","ts":"2026-09-12T17:15:50.294768480Z","task_rows":7,"violations":0,"run_rows":1,"batches":10,"digest":"2fdb1966afacb8c902f0e49771770522ad967f6eda2dcf5d56fb99480f565edb"}
2026-09-13T01:15:50.294+08:00  INFO 30645 --- [control-app] [           main] [                                                 ] c.o.p.c.a.a.RcaStateBackfillJob          : {"event":"rca_state_backfill_progress","ts":"2026-09-12T17:15:50.294923331Z","rows":7,"table":"rca_task","violations":0,"batches":1}
2026-09-13T01:15:50.295+08:00  INFO 30645 --- [control-app] [           main] [                                                 ] c.o.p.c.a.a.RcaStateBackfillJob          : {"event":"rca_state_backfill_progress","ts":"2026-09-12T17:15:50.295043888Z","rows":1,"table":"rca_run","violations":0,"batches":1}
2026-09-13T01:15:50.295+08:00  INFO 30645 --- [control-app] [           main] [                                                 ] c.o.p.c.a.a.RcaStateBackfillJob          : {"event":"rca_state_backfill_reconciled","ts":"2026-09-12T17:15:50.295143646Z","task_rows":7,"violations":0,"run_rows":1,"batches":2,"digest":"2fdb1966afacb8c902f0e49771770522ad967f6eda2dcf5d56fb99480f565edb"}
2026-09-13T01:15:50.295+08:00  INFO 30645 --- [control-app] [           main] [                                                 ] c.o.p.c.a.a.RcaStateBackfillJob          : {"event":"rca_state_backfill_progress","ts":"2026-09-12T17:15:50.295876766Z","rows":2,"table":"rca_task","violations":1,"batches":1}
2026-09-13T01:15:50.296+08:00  INFO 30645 --- [control-app] [           main] [                                                 ] c.o.p.c.a.a.RcaStateBackfillJob          : {"event":"rca_state_backfill_progress","ts":"2026-09-12T17:15:50.295990621Z","rows":1,"table":"rca_run","violations":0,"batches":1}
2026-09-13T01:15:50.296+08:00  INFO 30645 --- [control-app] [           main] [                                                 ] c.o.p.c.a.a.RcaStateBackfillJob          : {"event":"rca_state_backfill_reconciled","ts":"2026-09-12T17:15:50.296093585Z","task_rows":2,"violations":1,"run_rows":1,"batches":2,"digest":"266d86814df7b18c146e096c5e63a7a2140e4c5217df8b306b76267cff8357de"}
[INFO] Tests run: 5, Failures: 0, Errors: 0, Skipped: 0, Time elapsed: 0.017 s -- in com.objwww.pr.control.alert.application.RcaStateBackfillJobTest
[INFO] Running com.objwww.pr.control.alert.application.CategoryOverrideServiceTest
[INFO] Tests run: 9, Failures: 0, Errors: 0, Skipped: 0, Time elapsed: 0.007 s -- in com.objwww.pr.control.alert.application.CategoryOverrideServiceTest
[INFO] Running com.objwww.pr.control.alert.application.NativeEngineWiringTest
2026-09-13T01:15:50.307+08:00  INFO 30645 --- [control-app] [           main] [                                                 ] c.o.p.c.a.application.IncidentProjector  : incident 621b0d36-d949-44a3-8a6d-2d2d5191178b 路由决策 BUCKETED_HOLMES 为 HOLMES 意愿：第二引擎已退场，决策照记不铸 run
2026-09-13T01:15:50.311+08:00  INFO 30645 --- [control-app] [           main] [                                                 ] c.o.p.c.a.a.RcaRunOrchestrator           : {"event":"rca_task_decision","ts":"2026-09-12T17:15:50.311613138Z","latency_ms":0,"decision":"COMPLETED","run_id":"e1d5df73-24f4-45e7-849d-b463391f94f8","task_id":"1af8f381-db71-4af7-8a0d-bcc33825693e","attempt_id":"4a00c4c1-c686-4e05-92c7-1994187b24db"}
2026-09-13T01:15:50.314+08:00  INFO 30645 --- [control-app] [           main] [                                                 ] c.o.p.c.a.a.RcaRunOrchestrator           : {"event":"rca_task_decision","ts":"2026-09-12T17:15:50.314220668Z","latency_ms":0,"decision":"COMPLETED","run_id":"6b3f996c-9e61-4564-9084-c69e785e8352","task_id":"2ba839e1-f2a8-4045-945c-2ae605a119be","attempt_id":"272a4f03-9751-49f1-a27c-a72479ac9298"}
2026-09-13T01:15:50.314+08:00  INFO 30645 --- [control-app] [           main] [                                                 ] c.o.p.c.a.a.RcaRunOrchestrator           : incident c29a29c5-f8b4-44c3-bd66-69d51d4e34b4 材料变化，铸 RERUN run
2026-09-13T01:15:50.317+08:00  INFO 30645 --- [control-app] [           main] [                                                 ] c.o.p.c.a.a.RcaRunOrchestrator           : {"event":"rca_task_decision","ts":"2026-09-12T17:15:50.317580955Z","latency_ms":0,"decision":"DEAD","run_id":"b8b89a00-77dc-4002-a6cb-c63224ac8bb7","task_id":"9e2099d8-38d6-46f6-85f0-700ecb257755","attempt_id":"d4baa534-0d22-41b7-ab67-7d6e6530397a"}
2026-09-13T01:15:50.319+08:00  INFO 30645 --- [control-app] [           main] [                                                 ] c.o.p.c.a.a.RcaRunOrchestrator           : {"event":"rca_task_decision","ts":"2026-09-12T17:15:50.319453231Z","latency_ms":0,"decision":"COMPLETED","run_id":"1f63dcdd-88ac-4758-8989-d6158942a821","task_id":"83737c5e-a687-48bb-a38e-15209dfea442","attempt_id":"d7fb5f9a-161e-44d8-b1ec-ef15cd16e92f"}
2026-09-13T01:15:50.321+08:00  INFO 30645 --- [control-app] [           main] [                                                 ] c.o.p.c.a.a.RcaRunOrchestrator           : {"event":"rca_task_decision","ts":"2026-09-12T17:15:50.321334583Z","latency_ms":0,"decision":"DEAD","run_id":"f6bb53c1-57ce-4c24-92e8-d98e601e122b","task_id":"bd655469-76f1-4940-baf9-d6ac4ca81d71","attempt_id":"a9de4bc2-8d20-45dd-ba09-3d2bd0f75bd5"}
2026-09-13T01:15:50.323+08:00  INFO 30645 --- [control-app] [           main] [                                                 ] c.o.p.c.a.a.RcaRunOrchestrator           : {"event":"rca_task_decision","ts":"2026-09-12T17:15:50.323316895Z","latency_ms":0,"decision":"DEAD","run_id":"25d1669d-d6b2-48a9-b027-16820989c6c1","task_id":"566cc371-a3a3-4ea2-8be3-9f6ff2b9187d","attempt_id":"b8273cbf-c0eb-4aa9-8ec0-1025e89e601e"}
[INFO] Tests run: 9, Failures: 0, Errors: 0, Skipped: 0, Time elapsed: 0.019 s -- in com.objwww.pr.control.alert.application.NativeEngineWiringTest
[INFO] Running com.objwww.pr.control.alert.application.FallbackServiceTest
2026-09-13T01:15:50.326+08:00  INFO 30645 --- [control-app] [           main] [                                                 ] c.o.p.c.a.application.FallbackService    : {"event":"rca_fallback_decision","ts":"2026-09-12T17:15:50.326729772Z","error_class":"TIMEOUT","outcome":"DISABLED","source_run_id":"887f74c3-5c83-4d3e-8639-96fd0d9ade62","incident_id":"7f70084e-902d-42ae-ada2-7c3d028b962e"}
2026-09-13T01:15:50.328+08:00  WARN 30645 --- [control-app] [           main] [                                                 ] c.o.p.c.a.application.FallbackService    : NATIVE run 5ccfc4ff-0dfa-4074-88b0-b1189203e903 失败（PROPOSAL_MISSING）→ 恰一次铸 HOLMES fallback run df50f718-cede-4f19-a93f-4efcff8638bc
2026-09-13T01:15:50.328+08:00  INFO 30645 --- [control-app] [           main] [                                                 ] c.o.p.c.a.application.FallbackService    : {"event":"rca_fallback_decision","ts":"2026-09-12T17:15:50.328326349Z","error_class":"PROPOSAL_MISSING","outcome":"CAST","source_run_id":"5ccfc4ff-0dfa-4074-88b0-b1189203e903","incident_id":"b2cca2a0-6b5a-4c49-a758-d6be77dc443a"}
2026-09-13T01:15:50.329+08:00  INFO 30645 --- [control-app] [           main] [                                                 ] c.o.p.c.a.application.FallbackService    : {"event":"rca_fallback_decision","ts":"2026-09-12T17:15:50.329269966Z","error_class":"ADAPTER_PACKAGE_REJECTED","outcome":"INELIGIBLE_ERROR_CLASS","source_run_id":"35e3ecb1-00a0-4cc0-82aa-c7477f52ef68","incident_id":"053e4cbf-7d93-43dc-b1ad-999fd1f385d7"}
2026-09-13T01:15:50.329+08:00  INFO 30645 --- [control-app] [           main] [                                                 ] c.o.p.c.a.application.FallbackService    : {"event":"rca_fallback_decision","ts":"2026-09-12T17:15:50.329463941Z","error_class":"PLAN_REJECTED","outcome":"INELIGIBLE_ERROR_CLASS","source_run_id":"8e70002b-85cd-4b1d-847f-87aa236b7ea3","incident_id":"9346b671-3f18-44fb-bf26-46c0e8213b8b"}
2026-09-13T01:15:50.329+08:00  INFO 30645 --- [control-app] [           main] [                                                 ] c.o.p.c.a.application.FallbackService    : {"event":"rca_fallback_decision","ts":"2026-09-12T17:15:50.329589828Z","error_class":"SOME_FUTURE_CLASS","outcome":"INELIGIBLE_ERROR_CLASS","source_run_id":"0240d5c3-7249-4148-a77d-7c5898e8861c","incident_id":"8f726a6d-7902-446d-b787-3f12232c4543"}
2026-09-13T01:15:50.330+08:00  WARN 30645 --- [control-app] [           main] [                                                 ] c.o.p.c.a.application.FallbackService    : NATIVE run 0170ac5c-47a9-4ac8-824e-c8e9c39e211b 失败（TIMEOUT）→ 恰一次铸 HOLMES fallback run e68fdd33-3a36-4ed4-b3b8-f6c074951fc7
2026-09-13T01:15:50.330+08:00  INFO 30645 --- [control-app] [           main] [                                                 ] c.o.p.c.a.application.FallbackService    : {"event":"rca_fallback_decision","ts":"2026-09-12T17:15:50.330394934Z","error_class":"TIMEOUT","outcome":"CAST","source_run_id":"0170ac5c-47a9-4ac8-824e-c8e9c39e211b","incident_id":"c3ce37bb-11ea-4a47-9499-c446300b2d08"}
2026-09-13T01:15:50.330+08:00  INFO 30645 --- [control-app] [           main] [                                                 ] c.o.p.c.a.application.FallbackService    : {"event":"rca_fallback_decision","ts":"2026-09-12T17:15:50.330555096Z","error_class":"TIMEOUT","outcome":"BUDGET_EXHAUSTED","source_run_id":"92a21f0d-144e-4ff4-9911-6a87a15ede5c","incident_id":"9b7a7b4b-6afa-4449-93ef-eaae8366032e"}
2026-09-13T01:15:50.330+08:00  WARN 30645 --- [control-app] [           main] [                                                 ] c.o.p.c.a.application.FallbackService    : NATIVE run ac954f17-e696-4bf8-92cd-8cedd853b910 失败（TIMEOUT）→ 恰一次铸 HOLMES fallback run 98c41a00-590c-408b-88ce-21b1bbabaa1c
2026-09-13T01:15:50.330+08:00  INFO 30645 --- [control-app] [           main] [                                                 ] c.o.p.c.a.application.FallbackService    : {"event":"rca_fallback_decision","ts":"2026-09-12T17:15:50.330804846Z","error_class":"TIMEOUT","outcome":"CAST","source_run_id":"ac954f17-e696-4bf8-92cd-8cedd853b910","incident_id":"ea07d426-ae35-494e-b1d9-324583007357"}
2026-09-13T01:15:50.331+08:00  WARN 30645 --- [control-app] [           main] [                                                 ] c.o.p.c.a.application.FallbackService    : NATIVE run 0e5b21c9-2a36-4b04-88ec-acf31e0f323a 失败（EXECUTOR_ERROR）→ 恰一次铸 HOLMES fallback run 87fd1843-a23b-4a7f-afff-0371d7779d19
2026-09-13T01:15:50.331+08:00  INFO 30645 --- [control-app] [           main] [                                                 ] c.o.p.c.a.application.FallbackService    : {"event":"rca_fallback_decision","ts":"2026-09-12T17:15:50.331483153Z","error_class":"EXECUTOR_ERROR","outcome":"CAST","source_run_id":"0e5b21c9-2a36-4b04-88ec-acf31e0f323a","incident_id":"f979bf98-3244-4b43-aabf-ebd3febc8b69"}
2026-09-13T01:15:50.331+08:00  INFO 30645 --- [control-app] [           main] [                                                 ] c.o.p.c.a.application.FallbackService    : {"event":"rca_fallback_decision","ts":"2026-09-12T17:15:50.331805189Z","error_class":"EXECUTOR_ERROR","outcome":"INELIGIBLE_ENGINE","source_run_id":"87fd1843-a23b-4a7f-afff-0371d7779d19","incident_id":"f979bf98-3244-4b43-aabf-ebd3febc8b69"}
2026-09-13T01:15:50.332+08:00  WARN 30645 --- [control-app] [           main] [                                                 ] c.o.p.c.a.application.FallbackService    : NATIVE run 2bbdbfb9-c434-4f2d-8c4b-af8ba0944ab3 失败（TIMEOUT）→ 恰一次铸 HOLMES fallback run 7f874e65-26dc-43ce-9bf6-bd3fb3a66d93
2026-09-13T01:15:50.332+08:00  INFO 30645 --- [control-app] [           main] [                                                 ] c.o.p.c.a.application.FallbackService    : {"event":"rca_fallback_decision","ts":"2026-09-12T17:15:50.332577503Z","error_class":"TIMEOUT","outcome":"CAST","source_run_id":"2bbdbfb9-c434-4f2d-8c4b-af8ba0944ab3","incident_id":"d7157d1c-1b03-4df4-a1d5-b28a14e1e391"}
2026-09-13T01:15:50.332+08:00  INFO 30645 --- [control-app] [           main] [                                                 ] c.o.p.c.a.application.FallbackService    : {"event":"rca_fallback_decision","ts":"2026-09-12T17:15:50.332695435Z","error_class":"TIMEOUT","outcome":"ALREADY_CAST","source_run_id":"2bbdbfb9-c434-4f2d-8c4b-af8ba0944ab3","incident_id":"d7157d1c-1b03-4df4-a1d5-b28a14e1e391"}
2026-09-13T01:15:50.333+08:00  INFO 30645 --- [control-app] [           main] [                                                 ] c.o.p.c.a.application.FallbackService    : {"event":"rca_fallback_decision","ts":"2026-09-12T17:15:50.333201599Z","error_class":"TIMEOUT","outcome":"INCIDENT_BUSY","source_run_id":"1690f548-88e3-47e7-a255-667407f30d08","incident_id":"e25d6897-7c62-4a15-badc-3ad0baf6186f"}
[INFO] Tests run: 7, Failures: 0, Errors: 0, Skipped: 0, Time elapsed: 0.008 s -- in com.objwww.pr.control.alert.application.FallbackServiceTest
[INFO] Running com.objwww.pr.control.alert.application.PublicationWinnerGateTest
2026-09-13T01:15:50.337+08:00  INFO 30645 --- [control-app] [           main] [                                                 ] c.o.p.c.a.a.RcaRunOrchestrator           : {"event":"rca_task_decision","ts":"2026-09-12T17:15:50.337712353Z","latency_ms":0,"decision":"COMPLETED","run_id":"e3dbd5bc-8490-4b65-8c71-ae9777ded477","task_id":"c67ff07e-71bd-48ce-9444-f6fe57f0d942","attempt_id":"a38fa9a9-013d-4b5c-abbc-ba355f811cf1"}
2026-09-13T01:15:50.339+08:00  INFO 30645 --- [control-app] [           main] [                                                 ] c.o.p.c.a.a.RcaRunOrchestrator           : {"event":"report_publication_loser","ts":"2026-09-12T17:15:50.339010377Z","generation":0,"report_id":"50303b2c-c3aa-48a9-a489-71d6fdc8cbf7","run_id":"23cee3c2-8d34-4889-9e95-467afcc49ef2","incident_id":"203f21c2-1b00-4568-89d0-96a5c72d7541"}
2026-09-13T01:15:50.339+08:00  INFO 30645 --- [control-app] [           main] [                                                 ] c.o.p.c.a.a.RcaRunOrchestrator           : report 50303b2c-c3aa-48a9-a489-71d6fdc8cbf7 输给 generation 发布赢家（incident=203f21c2-1b00-4568-89d0-96a5c72d7541, gen=0），落档不发布
2026-09-13T01:15:50.340+08:00  INFO 30645 --- [control-app] [           main] [                                                 ] c.o.p.c.a.a.RcaRunOrchestrator           : {"event":"rca_task_decision","ts":"2026-09-12T17:15:50.340337145Z","latency_ms":0,"decision":"COMPLETED","run_id":"23cee3c2-8d34-4889-9e95-467afcc49ef2","task_id":"03891f65-629a-4164-afda-395b19e9afca","attempt_id":"6814e3b9-6da1-4b18-a7b8-483d97524e27"}
[INFO] Tests run: 1, Failures: 0, Errors: 0, Skipped: 0, Time elapsed: 0.007 s -- in com.objwww.pr.control.alert.application.PublicationWinnerGateTest
[INFO] Running com.objwww.pr.control.alert.application.mcp.McpToolInvokerTest
[INFO] Tests run: 6, Failures: 0, Errors: 0, Skipped: 0, Time elapsed: 0.018 s -- in com.objwww.pr.control.alert.application.mcp.McpToolInvokerTest
[INFO] Running com.objwww.pr.control.alert.application.mcp.McpMountManagerTest
[INFO] Tests run: 10, Failures: 0, Errors: 0, Skipped: 0, Time elapsed: 0.291 s -- in com.objwww.pr.control.alert.application.mcp.McpMountManagerTest
[INFO] Running com.objwww.pr.control.alert.application.AlertInboxProcessorTest
2026-09-13T01:15:50.664+08:00  WARN 30645 --- [control-app] [           main] [                                                 ] c.o.p.c.a.a.AlertInboxProcessor          : alert_inbox 21580129-35c1-4e16-ac34-d71263dc43c9 死信: payload_raw JSON 解析失败: Unexpected character ('n' (code 110)): was expecting double-quote to start field name
 at [Source: REDACTED (`StreamReadFeature.INCLUDE_SOURCE_IN_LOCATION` disabled); line: 1, column: 2]
2026-09-13T01:15:50.694+08:00  WARN 30645 --- [control-app] [           main] [                                                 ] c.o.p.c.a.a.AlertInboxProcessor          : alert_inbox 877ccc5d-507a-44b2-bad1-1457580f9e91 死信: 缺少 alertname 标签，无法铸造 incidentKey
[INFO] Tests run: 16, Failures: 0, Errors: 0, Skipped: 0, Time elapsed: 0.042 s -- in com.objwww.pr.control.alert.application.AlertInboxProcessorTest
[INFO] Running com.objwww.pr.control.alert.application.RunConfigSwitchServiceTest
[INFO] Tests run: 18, Failures: 0, Errors: 0, Skipped: 0, Time elapsed: 0.050 s -- in com.objwww.pr.control.alert.application.RunConfigSwitchServiceTest
[INFO] Running com.objwww.pr.control.alert.application.reconcile.ReconcileBudgetGateTest
[INFO] Tests run: 9, Failures: 0, Errors: 0, Skipped: 0, Time elapsed: 0.009 s -- in com.objwww.pr.control.alert.application.reconcile.ReconcileBudgetGateTest
[INFO] Running com.objwww.pr.control.alert.application.reconcile.IncidentSourceReconcilerTest
[INFO] Tests run: 6, Failures: 0, Errors: 0, Skipped: 0, Time elapsed: 0.013 s -- in com.objwww.pr.control.alert.application.reconcile.IncidentSourceReconcilerTest
[INFO] Running com.objwww.pr.control.alert.application.DeterministicSupervisorTest
2026-09-13T01:15:50.799+08:00  INFO 30645 --- [control-app] [           main] [                                                 ] c.o.p.c.a.a.DeterministicSupervisor      : {"event":"am4_run_reporting","ts":"2026-09-12T17:15:50.798807455Z","run_id":"43f78bd0-2772-4074-addf-d37bf45b6357"}
2026-09-13T01:15:50.799+08:00  INFO 30645 --- [control-app] [           main] [                                                 ] c.o.p.c.a.a.DeterministicSupervisor      : run 43f78bd0-2772-4074-addf-d37bf45b6357 全任务终态 → REPORTING（报告链组装）
2026-09-13T01:15:50.806+08:00  INFO 30645 --- [control-app] [           main] [                                                 ] c.o.p.c.a.a.DeterministicSupervisor      : {"event":"am4_run_reporting","ts":"2026-09-12T17:15:50.806375255Z","run_id":"94261c3d-834d-4e8a-9ce0-0e39c9a2b6f2"}
2026-09-13T01:15:50.806+08:00  INFO 30645 --- [control-app] [           main] [                                                 ] c.o.p.c.a.a.DeterministicSupervisor      : run 94261c3d-834d-4e8a-9ce0-0e39c9a2b6f2 全任务终态 → REPORTING（报告链组装）
2026-09-13T01:15:50.807+08:00  INFO 30645 --- [control-app] [           main] [                                                 ] c.o.p.c.a.a.DeterministicSupervisor      : {"event":"am4_plan_rejected","ts":"2026-09-12T17:15:50.807411405Z","run_id":"0e57f204-4579-489e-b074-0464935af448","reason":"提案成环: a -> b -> a"}
2026-09-13T01:15:50.807+08:00  WARN 30645 --- [control-app] [           main] [                                                 ] c.o.p.c.a.a.DeterministicSupervisor      : run 0e57f204-4579-489e-b074-0464935af448 提案被确定性拒绝 → FAILED（提案成环: a -> b -> a）
2026-09-13T01:15:50.812+08:00  INFO 30645 --- [control-app] [           main] [                                                 ] c.o.p.c.a.a.DeterministicSupervisor      : {"event":"am4_run_reporting","ts":"2026-09-12T17:15:50.812377457Z","run_id":"b657bc4a-a00c-40f8-9295-42b7d0221de5"}
2026-09-13T01:15:50.812+08:00  INFO 30645 --- [control-app] [           main] [                                                 ] c.o.p.c.a.a.DeterministicSupervisor      : run b657bc4a-a00c-40f8-9295-42b7d0221de5 全任务终态 → REPORTING（报告链组装）
[INFO] Tests run: 11, Failures: 0, Errors: 0, Skipped: 0, Time elapsed: 0.019 s -- in com.objwww.pr.control.alert.application.DeterministicSupervisorTest
[INFO] Running com.objwww.pr.control.alert.application.replay.SnapshotShadowRouterTest
[INFO] Tests run: 3, Failures: 0, Errors: 0, Skipped: 0, Time elapsed: 0.007 s -- in com.objwww.pr.control.alert.application.replay.SnapshotShadowRouterTest
[INFO] Running com.objwww.pr.control.alert.application.replay.InputReplayVerifierTest
[INFO] Tests run: 8, Failures: 0, Errors: 0, Skipped: 0, Time elapsed: 0.007 s -- in com.objwww.pr.control.alert.application.replay.InputReplayVerifierTest
[INFO] Running com.objwww.pr.control.alert.application.replay.AgentReplayRunnerTest
[INFO] Tests run: 4, Failures: 0, Errors: 0, Skipped: 0, Time elapsed: 0.019 s -- in com.objwww.pr.control.alert.application.replay.AgentReplayRunnerTest
[INFO] Running com.objwww.pr.control.alert.application.replay.ReadOnlyToolFaceTest
[INFO] Tests run: 3, Failures: 0, Errors: 0, Skipped: 0, Time elapsed: 0.018 s -- in com.objwww.pr.control.alert.application.replay.ReadOnlyToolFaceTest
[INFO] Running com.objwww.pr.control.alert.application.OperatorMaterialServiceTest
2026-09-13T01:15:50.875+08:00  INFO 30645 --- [control-app] [           main] [                                                 ] c.o.p.c.a.a.OperatorMaterialService      : 人工材料 ACCEPTED incident=85f40367-0f6f-4f52-96c9-1cc5a3e1140d rev=1 kind=EVIDENCE_LINK operator=op-1
2026-09-13T01:15:50.876+08:00  INFO 30645 --- [control-app] [           main] [                                                 ] c.o.p.c.a.a.OperatorMaterialService      : 人工材料 ACCEPTED incident=85f40367-0f6f-4f52-96c9-1cc5a3e1140d rev=2 kind=OBSERVATION operator=op-2
2026-09-13T01:15:50.876+08:00  INFO 30645 --- [control-app] [           main] [                                                 ] c.o.p.c.a.a.OperatorMaterialService      : 人工材料 ACCEPTED incident=4841e29d-7da3-44f6-81ac-768289d16ea4 rev=1 kind=EVIDENCE_LINK operator=op-1
2026-09-13T01:15:50.876+08:00  INFO 30645 --- [control-app] [           main] [                                                 ] c.o.p.c.a.a.OperatorMaterialService      : 人工材料 CAS 冲突 incident=4841e29d-7da3-44f6-81ac-768289d16ea4 base=0 current=1
2026-09-13T01:15:50.877+08:00  INFO 30645 --- [control-app] [           main] [                                                 ] c.o.p.c.a.a.OperatorMaterialService      : 人工材料 ACCEPTED incident=59c7a5c7-87ae-4eff-b2a5-b214e1d2924a rev=1 kind=JUDGMENT operator=op-1
2026-09-13T01:15:50.877+08:00  INFO 30645 --- [control-app] [           main] [                                                 ] c.o.p.c.a.a.OperatorMaterialService      : 人工材料 REJECTED_LATE incident=b1ac4769-94b5-4bc3-a9d2-e0a632cf9722 rev=1（终态明确）
[INFO] Tests run: 6, Failures: 0, Errors: 0, Skipped: 0, Time elapsed: 0.008 s -- in com.objwww.pr.control.alert.application.OperatorMaterialServiceTest
[INFO] Running com.objwww.pr.control.alert.application.NativeReportAdapterTest
[INFO] Tests run: 3, Failures: 0, Errors: 0, Skipped: 0, Time elapsed: 0.006 s -- in com.objwww.pr.control.alert.application.NativeReportAdapterTest
[INFO] Running com.objwww.pr.control.alert.application.ReportCompletedNotifierTest
[INFO] Tests run: 6, Failures: 0, Errors: 0, Skipped: 0, Time elapsed: 0.011 s -- in com.objwww.pr.control.alert.application.ReportCompletedNotifierTest
[INFO] Running com.objwww.pr.control.alert.interfaces.McpMountControllerTest
[INFO] Tests run: 2, Failures: 0, Errors: 0, Skipped: 0, Time elapsed: 0.005 s -- in com.objwww.pr.control.alert.interfaces.McpMountControllerTest
[INFO] Running com.objwww.pr.control.alert.interfaces.RunCommandControllerTest
2026-09-13T01:15:50.929+08:00  INFO 30645 --- [control-app] [           main] [                                                 ] o.s.mock.web.MockServletContext          : Initializing Spring TestDispatcherServlet ''
2026-09-13T01:15:50.929+08:00  INFO 30645 --- [control-app] [           main] [                                                 ] o.s.t.web.servlet.TestDispatcherServlet  : Initializing Servlet ''
2026-09-13T01:15:50.929+08:00  INFO 30645 --- [control-app] [           main] [                                                 ] o.s.t.web.servlet.TestDispatcherServlet  : Completed initialization in 0 ms
2026-09-13T01:15:50.947+08:00  INFO 30645 --- [control-app] [           main] [                                                 ] o.s.mock.web.MockServletContext          : Initializing Spring TestDispatcherServlet ''
2026-09-13T01:15:50.947+08:00  INFO 30645 --- [control-app] [           main] [                                                 ] o.s.t.web.servlet.TestDispatcherServlet  : Initializing Servlet ''
2026-09-13T01:15:50.948+08:00  INFO 30645 --- [control-app] [           main] [                                                 ] o.s.t.web.servlet.TestDispatcherServlet  : Completed initialization in 1 ms
2026-09-13T01:15:50.976+08:00  INFO 30645 --- [control-app] [           main] [                                                 ] o.s.mock.web.MockServletContext          : Initializing Spring TestDispatcherServlet ''
2026-09-13T01:15:50.976+08:00  INFO 30645 --- [control-app] [           main] [                                                 ] o.s.t.web.servlet.TestDispatcherServlet  : Initializing Servlet ''
2026-09-13T01:15:50.976+08:00  INFO 30645 --- [control-app] [           main] [                                                 ] o.s.t.web.servlet.TestDispatcherServlet  : Completed initialization in 0 ms
[INFO] Tests run: 3, Failures: 0, Errors: 0, Skipped: 0, Time elapsed: 0.075 s -- in com.objwww.pr.control.alert.interfaces.RunCommandControllerTest
[INFO] Running com.objwww.pr.control.alert.interfaces.AlertWebhookControllerTest
2026-09-13T01:15:51.007+08:00  INFO 30645 --- [control-app] [           main] [                                                 ] o.s.mock.web.MockServletContext          : Initializing Spring TestDispatcherServlet ''
2026-09-13T01:15:51.007+08:00  INFO 30645 --- [control-app] [           main] [                                                 ] o.s.t.web.servlet.TestDispatcherServlet  : Initializing Servlet ''
2026-09-13T01:15:51.007+08:00  INFO 30645 --- [control-app] [           main] [                                                 ] o.s.t.web.servlet.TestDispatcherServlet  : Completed initialization in 0 ms
2026-09-13T01:15:51.017+08:00  INFO 30645 --- [control-app] [           main] [                                                 ] o.s.mock.web.MockServletContext          : Initializing Spring TestDispatcherServlet ''
2026-09-13T01:15:51.018+08:00  INFO 30645 --- [control-app] [           main] [                                                 ] o.s.t.web.servlet.TestDispatcherServlet  : Initializing Servlet ''
2026-09-13T01:15:51.018+08:00  INFO 30645 --- [control-app] [           main] [                                                 ] o.s.t.web.servlet.TestDispatcherServlet  : Completed initialization in 0 ms
2026-09-13T01:15:51.027+08:00  INFO 30645 --- [control-app] [           main] [                                                 ] o.s.mock.web.MockServletContext          : Initializing Spring TestDispatcherServlet ''
2026-09-13T01:15:51.027+08:00  INFO 30645 --- [control-app] [           main] [                                                 ] o.s.t.web.servlet.TestDispatcherServlet  : Initializing Servlet ''
2026-09-13T01:15:51.027+08:00  INFO 30645 --- [control-app] [           main] [                                                 ] o.s.t.web.servlet.TestDispatcherServlet  : Completed initialization in 0 ms
2026-09-13T01:15:51.035+08:00  INFO 30645 --- [control-app] [           main] [                                                 ] o.s.mock.web.MockServletContext          : Initializing Spring TestDispatcherServlet ''
2026-09-13T01:15:51.035+08:00  INFO 30645 --- [control-app] [           main] [                                                 ] o.s.t.web.servlet.TestDispatcherServlet  : Initializing Servlet ''
2026-09-13T01:15:51.035+08:00  INFO 30645 --- [control-app] [           main] [                                                 ] o.s.t.web.servlet.TestDispatcherServlet  : Completed initialization in 0 ms
2026-09-13T01:15:51.038+08:00  INFO 30645 --- [control-app] [           main] [                                                 ] o.s.mock.web.MockServletContext          : Initializing Spring TestDispatcherServlet ''
2026-09-13T01:15:51.038+08:00  INFO 30645 --- [control-app] [           main] [                                                 ] o.s.t.web.servlet.TestDispatcherServlet  : Initializing Servlet ''
2026-09-13T01:15:51.039+08:00  INFO 30645 --- [control-app] [           main] [                                                 ] o.s.t.web.servlet.TestDispatcherServlet  : Completed initialization in 1 ms
2026-09-13T01:15:51.046+08:00  INFO 30645 --- [control-app] [           main] [                                                 ] o.s.mock.web.MockServletContext          : Initializing Spring TestDispatcherServlet ''
2026-09-13T01:15:51.046+08:00  INFO 30645 --- [control-app] [           main] [                                                 ] o.s.t.web.servlet.TestDispatcherServlet  : Initializing Servlet ''
2026-09-13T01:15:51.047+08:00  INFO 30645 --- [control-app] [           main] [                                                 ] o.s.t.web.servlet.TestDispatcherServlet  : Completed initialization in 1 ms
2026-09-13T01:15:51.055+08:00  INFO 30645 --- [control-app] [           main] [                                                 ] o.s.mock.web.MockServletContext          : Initializing Spring TestDispatcherServlet ''
2026-09-13T01:15:51.055+08:00  INFO 30645 --- [control-app] [           main] [                                                 ] o.s.t.web.servlet.TestDispatcherServlet  : Initializing Servlet ''
2026-09-13T01:15:51.055+08:00  INFO 30645 --- [control-app] [           main] [                                                 ] o.s.t.web.servlet.TestDispatcherServlet  : Completed initialization in 0 ms
2026-09-13T01:15:51.066+08:00  INFO 30645 --- [control-app] [           main] [                                                 ] o.s.mock.web.MockServletContext          : Initializing Spring TestDispatcherServlet ''
2026-09-13T01:15:51.066+08:00  INFO 30645 --- [control-app] [           main] [                                                 ] o.s.t.web.servlet.TestDispatcherServlet  : Initializing Servlet ''
2026-09-13T01:15:51.066+08:00  INFO 30645 --- [control-app] [           main] [                                                 ] o.s.t.web.servlet.TestDispatcherServlet  : Completed initialization in 0 ms
2026-09-13T01:15:51.073+08:00  INFO 30645 --- [control-app] [           main] [                                                 ] o.s.mock.web.MockServletContext          : Initializing Spring TestDispatcherServlet ''
2026-09-13T01:15:51.073+08:00  INFO 30645 --- [control-app] [           main] [                                                 ] o.s.t.web.servlet.TestDispatcherServlet  : Initializing Servlet ''
2026-09-13T01:15:51.073+08:00  INFO 30645 --- [control-app] [           main] [                                                 ] o.s.t.web.servlet.TestDispatcherServlet  : Completed initialization in 0 ms
2026-09-13T01:15:51.082+08:00  INFO 30645 --- [control-app] [           main] [                                                 ] o.s.mock.web.MockServletContext          : Initializing Spring TestDispatcherServlet ''
2026-09-13T01:15:51.082+08:00  INFO 30645 --- [control-app] [           main] [                                                 ] o.s.t.web.servlet.TestDispatcherServlet  : Initializing Servlet ''
2026-09-13T01:15:51.082+08:00  INFO 30645 --- [control-app] [           main] [                                                 ] o.s.t.web.servlet.TestDispatcherServlet  : Completed initialization in 0 ms
2026-09-13T01:15:51.091+08:00  INFO 30645 --- [control-app] [           main] [                                                 ] o.s.mock.web.MockServletContext          : Initializing Spring TestDispatcherServlet ''
2026-09-13T01:15:51.091+08:00  INFO 30645 --- [control-app] [           main] [                                                 ] o.s.t.web.servlet.TestDispatcherServlet  : Initializing Servlet ''
2026-09-13T01:15:51.093+08:00  INFO 30645 --- [control-app] [           main] [                                                 ] o.s.t.web.servlet.TestDispatcherServlet  : Completed initialization in 0 ms
2026-09-13T01:15:51.095+08:00  INFO 30645 --- [control-app] [           main] [                                                 ] c.o.p.c.a.a.ControlAlertRouter           : {"event":"CONTROL_ALERT_REJECTED","ts":"2026-09-12T17:15:51.095421784Z","receiver":"control-app","gate":"identity"}
2026-09-13T01:15:51.108+08:00  INFO 30645 --- [control-app] [           main] [                                                 ] o.s.mock.web.MockServletContext          : Initializing Spring TestDispatcherServlet ''
2026-09-13T01:15:51.108+08:00  INFO 30645 --- [control-app] [           main] [                                                 ] o.s.t.web.servlet.TestDispatcherServlet  : Initializing Servlet ''
2026-09-13T01:15:51.108+08:00  INFO 30645 --- [control-app] [           main] [                                                 ] o.s.t.web.servlet.TestDispatcherServlet  : Completed initialization in 0 ms
2026-09-13T01:15:51.116+08:00  INFO 30645 --- [control-app] [           main] [                                                 ] o.s.mock.web.MockServletContext          : Initializing Spring TestDispatcherServlet ''
2026-09-13T01:15:51.116+08:00  INFO 30645 --- [control-app] [           main] [                                                 ] o.s.t.web.servlet.TestDispatcherServlet  : Initializing Servlet ''
2026-09-13T01:15:51.116+08:00  INFO 30645 --- [control-app] [           main] [                                                 ] o.s.t.web.servlet.TestDispatcherServlet  : Completed initialization in 0 ms
2026-09-13T01:15:51.119+08:00  INFO 30645 --- [control-app] [           main] [                                                 ] o.s.mock.web.MockServletContext          : Initializing Spring TestDispatcherServlet ''
2026-09-13T01:15:51.119+08:00  INFO 30645 --- [control-app] [           main] [                                                 ] o.s.t.web.servlet.TestDispatcherServlet  : Initializing Servlet ''
2026-09-13T01:15:51.120+08:00  INFO 30645 --- [control-app] [           main] [                                                 ] o.s.t.web.servlet.TestDispatcherServlet  : Completed initialization in 1 ms
2026-09-13T01:15:51.121+08:00  INFO 30645 --- [control-app] [           main] [                                                 ] c.o.p.c.a.a.ControlAlertRouter           : {"event":"CONTROL_ALERT_ONCALL","ts":"2026-09-12T17:15:51.121682020Z","inbox_id":"08c1b1e1-d43f-4c2f-9d54-fb33974dd05c","receiver":"rca-oncall","group_key":"g:RCA_SYSTEM:collector","alertnames":"RCA_SYSTEM_CollectorDown","scopes":"rca_system","alert_count":1}
2026-09-13T01:15:51.127+08:00  INFO 30645 --- [control-app] [           main] [                                                 ] o.s.mock.web.MockServletContext          : Initializing Spring TestDispatcherServlet ''
2026-09-13T01:15:51.127+08:00  INFO 30645 --- [control-app] [           main] [                                                 ] o.s.t.web.servlet.TestDispatcherServlet  : Initializing Servlet ''
2026-09-13T01:15:51.128+08:00  INFO 30645 --- [control-app] [           main] [                                                 ] o.s.t.web.servlet.TestDispatcherServlet  : Completed initialization in 0 ms
2026-09-13T01:15:51.142+08:00  INFO 30645 --- [control-app] [           main] [                                                 ] o.s.mock.web.MockServletContext          : Initializing Spring TestDispatcherServlet ''
2026-09-13T01:15:51.143+08:00  INFO 30645 --- [control-app] [           main] [                                                 ] o.s.t.web.servlet.TestDispatcherServlet  : Initializing Servlet ''
2026-09-13T01:15:51.143+08:00  INFO 30645 --- [control-app] [           main] [                                                 ] o.s.t.web.servlet.TestDispatcherServlet  : Completed initialization in 0 ms
2026-09-13T01:15:51.146+08:00  INFO 30645 --- [control-app] [           main] [                                                 ] o.s.mock.web.MockServletContext          : Initializing Spring TestDispatcherServlet ''
2026-09-13T01:15:51.147+08:00  INFO 30645 --- [control-app] [           main] [                                                 ] o.s.t.web.servlet.TestDispatcherServlet  : Initializing Servlet ''
2026-09-13T01:15:51.147+08:00  INFO 30645 --- [control-app] [           main] [                                                 ] o.s.t.web.servlet.TestDispatcherServlet  : Completed initialization in 0 ms
2026-09-13T01:15:51.149+08:00  WARN 30645 --- [control-app] [           main] [                                                 ] c.o.p.c.a.i.AlertWebhookController       : 整组无法持久化，返回 503: db down
[INFO] Tests run: 12, Failures: 0, Errors: 0, Skipped: 0, Time elapsed: 0.167 s -- in com.objwww.pr.control.alert.interfaces.AlertWebhookControllerTest
[INFO] Running com.objwww.pr.control.alert.interfaces.EventQueryControllerTest
2026-09-13T01:15:51.164+08:00  INFO 30645 --- [control-app] [           main] [                                                 ] o.s.mock.web.MockServletContext          : Initializing Spring TestDispatcherServlet ''
2026-09-13T01:15:51.164+08:00  INFO 30645 --- [control-app] [           main] [                                                 ] o.s.t.web.servlet.TestDispatcherServlet  : Initializing Servlet ''
2026-09-13T01:15:51.165+08:00  INFO 30645 --- [control-app] [           main] [                                                 ] o.s.t.web.servlet.TestDispatcherServlet  : Completed initialization in 0 ms
2026-09-13T01:15:51.177+08:00  INFO 30645 --- [control-app] [           main] [                                                 ] o.s.mock.web.MockServletContext          : Initializing Spring TestDispatcherServlet ''
2026-09-13T01:15:51.178+08:00  INFO 30645 --- [control-app] [           main] [                                                 ] o.s.t.web.servlet.TestDispatcherServlet  : Initializing Servlet ''
2026-09-13T01:15:51.178+08:00  INFO 30645 --- [control-app] [           main] [                                                 ] o.s.t.web.servlet.TestDispatcherServlet  : Completed initialization in 0 ms
2026-09-13T01:15:51.188+08:00  INFO 30645 --- [control-app] [           main] [                                                 ] o.s.mock.web.MockServletContext          : Initializing Spring TestDispatcherServlet ''
2026-09-13T01:15:51.188+08:00  INFO 30645 --- [control-app] [           main] [                                                 ] o.s.t.web.servlet.TestDispatcherServlet  : Initializing Servlet ''
2026-09-13T01:15:51.189+08:00  INFO 30645 --- [control-app] [           main] [                                                 ] o.s.t.web.servlet.TestDispatcherServlet  : Completed initialization in 1 ms
2026-09-13T01:15:51.204+08:00  INFO 30645 --- [control-app] [           main] [                                                 ] o.s.mock.web.MockServletContext          : Initializing Spring TestDispatcherServlet ''
2026-09-13T01:15:51.204+08:00  INFO 30645 --- [control-app] [           main] [                                                 ] o.s.t.web.servlet.TestDispatcherServlet  : Initializing Servlet ''
2026-09-13T01:15:51.204+08:00  INFO 30645 --- [control-app] [           main] [                                                 ] o.s.t.web.servlet.TestDispatcherServlet  : Completed initialization in 0 ms
2026-09-13T01:15:51.247+08:00  INFO 30645 --- [control-app] [           main] [                                                 ] o.s.mock.web.MockServletContext          : Initializing Spring TestDispatcherServlet ''
2026-09-13T01:15:51.247+08:00  INFO 30645 --- [control-app] [           main] [                                                 ] o.s.t.web.servlet.TestDispatcherServlet  : Initializing Servlet ''
2026-09-13T01:15:51.247+08:00  INFO 30645 --- [control-app] [           main] [                                                 ] o.s.t.web.servlet.TestDispatcherServlet  : Completed initialization in 0 ms
[INFO] Tests run: 5, Failures: 0, Errors: 0, Skipped: 0, Time elapsed: 0.093 s -- in com.objwww.pr.control.alert.interfaces.EventQueryControllerTest
[INFO] Running com.objwww.pr.control.alert.interfaces.ReportQueryControllerTest
2026-09-13T01:15:51.255+08:00  INFO 30645 --- [control-app] [           main] [                                                 ] o.s.mock.web.MockServletContext          : Initializing Spring TestDispatcherServlet ''
2026-09-13T01:15:51.255+08:00  INFO 30645 --- [control-app] [           main] [                                                 ] o.s.t.web.servlet.TestDispatcherServlet  : Initializing Servlet ''
2026-09-13T01:15:51.256+08:00  INFO 30645 --- [control-app] [           main] [                                                 ] o.s.t.web.servlet.TestDispatcherServlet  : Completed initialization in 1 ms
2026-09-13T01:15:51.263+08:00  INFO 30645 --- [control-app] [           main] [                                                 ] o.s.mock.web.MockServletContext          : Initializing Spring TestDispatcherServlet ''
2026-09-13T01:15:51.263+08:00  INFO 30645 --- [control-app] [           main] [                                                 ] o.s.t.web.servlet.TestDispatcherServlet  : Initializing Servlet ''
2026-09-13T01:15:51.264+08:00  INFO 30645 --- [control-app] [           main] [                                                 ] o.s.t.web.servlet.TestDispatcherServlet  : Completed initialization in 0 ms
2026-09-13T01:15:51.270+08:00  INFO 30645 --- [control-app] [           main] [                                                 ] o.s.mock.web.MockServletContext          : Initializing Spring TestDispatcherServlet ''
2026-09-13T01:15:51.271+08:00  INFO 30645 --- [control-app] [           main] [                                                 ] o.s.t.web.servlet.TestDispatcherServlet  : Initializing Servlet ''
2026-09-13T01:15:51.271+08:00  INFO 30645 --- [control-app] [           main] [                                                 ] o.s.t.web.servlet.TestDispatcherServlet  : Completed initialization in 0 ms
2026-09-13T01:15:51.285+08:00  INFO 30645 --- [control-app] [           main] [                                                 ] o.s.mock.web.MockServletContext          : Initializing Spring TestDispatcherServlet ''
2026-09-13T01:15:51.285+08:00  INFO 30645 --- [control-app] [           main] [                                                 ] o.s.t.web.servlet.TestDispatcherServlet  : Initializing Servlet ''
2026-09-13T01:15:51.285+08:00  INFO 30645 --- [control-app] [           main] [                                                 ] o.s.t.web.servlet.TestDispatcherServlet  : Completed initialization in 0 ms
2026-09-13T01:15:51.290+08:00  INFO 30645 --- [control-app] [           main] [                                                 ] o.s.mock.web.MockServletContext          : Initializing Spring TestDispatcherServlet ''
2026-09-13T01:15:51.290+08:00  INFO 30645 --- [control-app] [           main] [                                                 ] o.s.t.web.servlet.TestDispatcherServlet  : Initializing Servlet ''
2026-09-13T01:15:51.290+08:00  INFO 30645 --- [control-app] [           main] [                                                 ] o.s.t.web.servlet.TestDispatcherServlet  : Completed initialization in 0 ms
2026-09-13T01:15:51.297+08:00  INFO 30645 --- [control-app] [           main] [                                                 ] o.s.mock.web.MockServletContext          : Initializing Spring TestDispatcherServlet ''
2026-09-13T01:15:51.297+08:00  INFO 30645 --- [control-app] [           main] [                                                 ] o.s.t.web.servlet.TestDispatcherServlet  : Initializing Servlet ''
2026-09-13T01:15:51.297+08:00  INFO 30645 --- [control-app] [           main] [                                                 ] o.s.t.web.servlet.TestDispatcherServlet  : Completed initialization in 0 ms
2026-09-13T01:15:51.306+08:00  INFO 30645 --- [control-app] [           main] [                                                 ] o.s.mock.web.MockServletContext          : Initializing Spring TestDispatcherServlet ''
2026-09-13T01:15:51.306+08:00  INFO 30645 --- [control-app] [           main] [                                                 ] o.s.t.web.servlet.TestDispatcherServlet  : Initializing Servlet ''
2026-09-13T01:15:51.306+08:00  INFO 30645 --- [control-app] [           main] [                                                 ] o.s.t.web.servlet.TestDispatcherServlet  : Completed initialization in 0 ms
2026-09-13T01:15:51.316+08:00  INFO 30645 --- [control-app] [           main] [                                                 ] o.s.mock.web.MockServletContext          : Initializing Spring TestDispatcherServlet ''
2026-09-13T01:15:51.316+08:00  INFO 30645 --- [control-app] [           main] [                                                 ] o.s.t.web.servlet.TestDispatcherServlet  : Initializing Servlet ''
2026-09-13T01:15:51.316+08:00  INFO 30645 --- [control-app] [           main] [                                                 ] o.s.t.web.servlet.TestDispatcherServlet  : Completed initialization in 0 ms
[INFO] Tests run: 8, Failures: 0, Errors: 0, Skipped: 0, Time elapsed: 0.068 s -- in com.objwww.pr.control.alert.interfaces.ReportQueryControllerTest
[INFO] Running com.objwww.pr.control.alert.interfaces.RunConfigEpochControllerTest
[INFO] Tests run: 3, Failures: 0, Errors: 0, Skipped: 0, Time elapsed: 0.006 s -- in com.objwww.pr.control.alert.interfaces.RunConfigEpochControllerTest
[INFO] Running com.objwww.pr.control.alert.support.AlertInMemoryStoresTest
[INFO] Tests run: 6, Failures: 0, Errors: 0, Skipped: 0, Time elapsed: 0.004 s -- in com.objwww.pr.control.alert.support.AlertInMemoryStoresTest
[INFO] Running com.objwww.pr.control.application.ModelGatewayTest
2026-09-13T01:15:51.332+08:00  WARN 30645 --- [control-app] [           main] [                                                 ] c.o.pr.control.application.ModelGateway  : 账本 STARTED 写失败，零触网（D5）: RuntimeException
2026-09-13T01:15:51.340+08:00  WARN 30645 --- [control-app] [           main] [                                                 ] c.o.pr.control.application.ModelGateway  : 账本终态写失败（SUCCEEDED），转 UNKNOWN 语义: RuntimeException
[INFO] Tests run: 10, Failures: 0, Errors: 0, Skipped: 0, Time elapsed: 0.014 s -- in com.objwww.pr.control.application.ModelGatewayTest
[INFO] Running com.objwww.pr.control.ControlContextSmokeTest
2026-09-13T01:15:51.352+08:00  INFO 30645 --- [control-app] [           main] [                                                 ] t.c.s.AnnotationConfigContextLoaderUtils : Could not detect default configuration classes for test class [com.objwww.pr.control.ControlContextSmokeTest]: ControlContextSmokeTest does not declare any static, non-private, non-final, nested classes annotated with @Configuration.
2026-09-13T01:15:51.412+08:00  INFO 30645 --- [control-app] [           main] [                                                 ] .b.t.c.SpringBootTestContextBootstrapper : Found @SpringBootConfiguration com.objwww.pr.control.ControlApplication for test class com.objwww.pr.control.ControlContextSmokeTest

  .   ____          _            __ _ _
 /\\ / ___'_ __ _ _(_)_ __  __ _ \ \ \ \
( ( )\___ | '_ | '_| | '_ \/ _` | \ \ \ \
 \\/  ___)| |_)| | | | | || (_| |  ) ) ) )
  '  |____| .__|_| |_|_| |_\__, | / / / /
 =========|_|==============|___/=/_/_/_/

 :: Spring Boot ::                (v3.4.5)

2026-09-13T01:15:51.465+08:00  INFO 30645 --- [control-app] [           main] [                                                 ] c.o.pr.control.ControlContextSmokeTest   : Starting ControlContextSmokeTest using Java 21.0.12.1 with PID 30645 (started by root in /opt/build/pr/control-app)
2026-09-13T01:15:51.465+08:00  INFO 30645 --- [control-app] [           main] [                                                 ] c.o.pr.control.ControlContextSmokeTest   : No active profile set, falling back to 1 default profile: "default"
2026-09-13T01:15:52.576+08:00  INFO 30645 --- [control-app] [           main] [                                                 ] r$InitializeUserDetailsManagerConfigurer : Global AuthenticationManager configured with UserDetailsService bean with name authUserDetailsService
2026-09-13T01:15:52.757+08:00  INFO 30645 --- [control-app] [           main] [                                                 ] o.s.b.a.e.web.EndpointLinksResolver      : Exposing 3 endpoints beneath base path '/actuator'
2026-09-13T01:15:52.972+08:00  INFO 30645 --- [control-app] [           main] [                                                 ] c.o.pr.control.ControlContextSmokeTest   : Started ControlContextSmokeTest in 1.557 seconds (process running for 24.912)
[INFO] Tests run: 1, Failures: 0, Errors: 0, Skipped: 0, Time elapsed: 1.637 s -- in com.objwww.pr.control.ControlContextSmokeTest
[INFO] Running com.objwww.pr.control.ops.domain.statemachine.OperatorCaseStateMachineTest
[INFO] Tests run: 4, Failures: 0, Errors: 0, Skipped: 0, Time elapsed: 0.005 s -- in com.objwww.pr.control.ops.domain.statemachine.OperatorCaseStateMachineTest
[INFO] Running com.objwww.pr.control.ops.domain.model.RetentionPolicyTest
[INFO] Tests run: 5, Failures: 0, Errors: 0, Skipped: 0, Time elapsed: 0.004 s -- in com.objwww.pr.control.ops.domain.model.RetentionPolicyTest
[INFO] Running com.objwww.pr.control.ops.application.MetricsWhitelistServiceTest
[INFO] Tests run: 7, Failures: 0, Errors: 0, Skipped: 0, Time elapsed: 0.013 s -- in com.objwww.pr.control.ops.application.MetricsWhitelistServiceTest
[INFO] Running com.objwww.pr.control.ops.application.ArchiveServiceTest
2026-09-13T01:15:53.013+08:00  INFO 30645 --- [control-app] [           main] [                                                 ] c.o.p.c.ops.application.ArchiveService   : CONTROL_ARCHIVE_REJECTED table=rca_event partition=rca_event_2026_07 gate=verify_failed
2026-09-13T01:15:53.015+08:00  INFO 30645 --- [control-app] [           main] [                                                 ] c.o.p.c.ops.application.ArchiveService   : CONTROL_ARCHIVE_REJECTED table=rca_event partition=rca_event_2026_07 gate=legal_hold
2026-09-13T01:15:53.015+08:00  INFO 30645 --- [control-app] [           main] [                                                 ] c.o.p.c.ops.application.ArchiveService   : CONTROL_ARCHIVE_REJECTED table=rca_event partition=rca_event_2026_07 gate=export_failed
[INFO] Tests run: 7, Failures: 0, Errors: 0, Skipped: 0, Time elapsed: 0.006 s -- in com.objwww.pr.control.ops.application.ArchiveServiceTest
[INFO] Running com.objwww.pr.control.ops.application.RetentionServiceTest
[INFO] Tests run: 8, Failures: 0, Errors: 0, Skipped: 0, Time elapsed: 0.005 s -- in com.objwww.pr.control.ops.application.RetentionServiceTest
[INFO] Running com.objwww.pr.control.ops.application.AgentOpsSummaryServiceTest
[INFO] Tests run: 4, Failures: 0, Errors: 0, Skipped: 0, Time elapsed: 0.005 s -- in com.objwww.pr.control.ops.application.AgentOpsSummaryServiceTest
[INFO] Running com.objwww.pr.control.ops.application.OperatorCaseServiceTest
2026-09-13T01:15:53.033+08:00  INFO 30645 --- [control-app] [           main] [                                                 ] c.o.p.c.o.a.OperatorCaseService          : {"event":"operator_case_transition","ts":"2026-09-12T17:15:53.031997625Z","caseId":"3f7780a7-46ab-4d53-ad5b-44ee7968d65c","rule":"T00_CREATE","to":"OPEN","revision":1}
2026-09-13T01:15:53.036+08:00  INFO 30645 --- [control-app] [           main] [                                                 ] c.o.p.c.o.a.OperatorCaseService          : {"event":"operator_case_transition","ts":"2026-09-12T17:15:53.035732768Z","caseId":"3f7780a7-46ab-4d53-ad5b-44ee7968d65c","rule":"T10_CLAIM","to":"ACKED","revision":2}
2026-09-13T01:15:53.037+08:00  INFO 30645 --- [control-app] [           main] [                                                 ] c.o.p.c.o.a.OperatorCaseService          : {"event":"operator_case_transition","ts":"2026-09-12T17:15:53.037109019Z","caseId":"3f7780a7-46ab-4d53-ad5b-44ee7968d65c","rule":"T31_RESOLVE","to":"RESOLVED","revision":3}
2026-09-13T01:15:53.038+08:00  INFO 30645 --- [control-app] [           main] [                                                 ] c.o.p.c.o.a.OperatorCaseService          : {"event":"operator_case_transition","ts":"2026-09-12T17:15:53.038209582Z","caseId":"7d73a612-1179-471b-a0ab-b882249fba96","rule":"T00_CREATE","to":"OPEN","revision":1}
2026-09-13T01:15:53.038+08:00  INFO 30645 --- [control-app] [           main] [                                                 ] c.o.p.c.o.a.OperatorCaseService          : {"event":"operator_case_transition","ts":"2026-09-12T17:15:53.038622770Z","caseId":"7d73a612-1179-471b-a0ab-b882249fba96","rule":"T50_MERGE","to":"OPEN","revision":2}
2026-09-13T01:15:53.040+08:00  INFO 30645 --- [control-app] [           main] [                                                 ] c.o.p.c.o.a.OperatorCaseService          : {"event":"operator_case_transition","ts":"2026-09-12T17:15:53.039366942Z","caseId":"12b09735-4a6b-4f62-a62c-6e73c601fa75","rule":"T00_CREATE","to":"OPEN","revision":1}
2026-09-13T01:15:53.041+08:00  INFO 30645 --- [control-app] [           main] [                                                 ] c.o.p.c.o.a.OperatorCaseService          : {"event":"operator_case_transition","ts":"2026-09-12T17:15:53.040990899Z","caseId":"12b09735-4a6b-4f62-a62c-6e73c601fa75","rule":"T40_ASSIGN","to":"OPEN","revision":2}
2026-09-13T01:15:53.041+08:00  INFO 30645 --- [control-app] [           main] [                                                 ] c.o.p.c.o.a.OperatorCaseService          : {"event":"operator_case_transition","ts":"2026-09-12T17:15:53.041668605Z","caseId":"9171df32-27f8-4eae-9386-3b6c83f7ece8","rule":"T00_CREATE","to":"OPEN","revision":1}
2026-09-13T01:15:53.041+08:00  INFO 30645 --- [control-app] [           main] [                                                 ] c.o.p.c.o.a.OperatorCaseService          : {"event":"operator_case_transition","ts":"2026-09-12T17:15:53.041821152Z","caseId":"9171df32-27f8-4eae-9386-3b6c83f7ece8","rule":"T10_CLAIM","to":"ACKED","revision":2}
2026-09-13T01:15:53.042+08:00  INFO 30645 --- [control-app] [           main] [                                                 ] c.o.p.c.o.a.OperatorCaseService          : {"event":"operator_case_transition","ts":"2026-09-12T17:15:53.042376688Z","caseId":"2364bfb3-f68a-45ba-9166-294c074621f8","rule":"T00_CREATE","to":"OPEN","revision":1}
2026-09-13T01:15:53.042+08:00  INFO 30645 --- [control-app] [           main] [                                                 ] c.o.p.c.o.a.OperatorCaseService          : {"event":"operator_case_transition","ts":"2026-09-12T17:15:53.042546940Z","caseId":"2364bfb3-f68a-45ba-9166-294c074621f8","rule":"T30_RESOLVE","to":"RESOLVED","revision":2}
2026-09-13T01:15:53.043+08:00  INFO 30645 --- [control-app] [           main] [                                                 ] c.o.p.c.o.a.OperatorCaseService          : {"event":"operator_case_transition","ts":"2026-09-12T17:15:53.043926056Z","caseId":"6bfd96b1-c85e-4462-ba50-f79215951e92","rule":"T00_CREATE","to":"OPEN","revision":1}
2026-09-13T01:15:53.044+08:00  INFO 30645 --- [control-app] [           main] [                                                 ] c.o.p.c.o.a.OperatorCaseService          : {"event":"operator_case_transition","ts":"2026-09-12T17:15:53.044137464Z","caseId":"6bfd96b1-c85e-4462-ba50-f79215951e92","rule":"T60_ESCALATE","to":"OPEN","revision":2}
2026-09-13T01:15:53.044+08:00  INFO 30645 --- [control-app] [           main] [                                                 ] c.o.p.c.o.a.OperatorCaseService          : {"event":"operator_case_transition","ts":"2026-09-12T17:15:53.044687951Z","caseId":"24aad5be-94ce-4630-a45e-461dc6efa5dc","rule":"T00_CREATE","to":"OPEN","revision":1}
2026-09-13T01:15:53.044+08:00  INFO 30645 --- [control-app] [           main] [                                                 ] c.o.p.c.o.a.OperatorCaseService          : {"event":"operator_case_transition","ts":"2026-09-12T17:15:53.044860175Z","caseId":"24aad5be-94ce-4630-a45e-461dc6efa5dc","rule":"T10_CLAIM","to":"ACKED","revision":2}
2026-09-13T01:15:53.045+08:00  INFO 30645 --- [control-app] [           main] [                                                 ] c.o.p.c.o.a.OperatorCaseService          : {"event":"operator_case_transition","ts":"2026-09-12T17:15:53.045037038Z","caseId":"24aad5be-94ce-4630-a45e-461dc6efa5dc","rule":"T31_RESOLVE","to":"RESOLVED","revision":3}
2026-09-13T01:15:53.045+08:00  INFO 30645 --- [control-app] [           main] [                                                 ] c.o.p.c.o.a.OperatorCaseService          : {"event":"operator_case_transition","ts":"2026-09-12T17:15:53.045251161Z","caseId":"24aad5be-94ce-4630-a45e-461dc6efa5dc","rule":"T52_MERGE","to":"RESOLVED","revision":4}
2026-09-13T01:15:53.046+08:00  INFO 30645 --- [control-app] [           main] [                                                 ] c.o.p.c.o.a.OperatorCaseService          : {"event":"operator_case_transition","ts":"2026-09-12T17:15:53.046002406Z","caseId":"759adb32-3f4c-47e8-8cca-bf7cec2369f2","rule":"T00_CREATE","to":"OPEN","revision":1}
2026-09-13T01:15:53.046+08:00  INFO 30645 --- [control-app] [           main] [                                                 ] c.o.p.c.o.a.OperatorCaseService          : {"event":"operator_case_transition","ts":"2026-09-12T17:15:53.046587929Z","caseId":"f310fc6d-da95-4ba6-801f-c3d6fa24526e","rule":"T00_CREATE","to":"OPEN","revision":1}
2026-09-13T01:15:53.046+08:00  INFO 30645 --- [control-app] [           main] [                                                 ] c.o.p.c.o.a.OperatorCaseService          : {"event":"operator_case_transition","ts":"2026-09-12T17:15:53.046728884Z","caseId":"f310fc6d-da95-4ba6-801f-c3d6fa24526e","rule":"T10_CLAIM","to":"ACKED","revision":2}
2026-09-13T01:15:53.048+08:00  INFO 30645 --- [control-app] [           main] [                                                 ] c.o.p.c.o.a.OperatorCaseService          : {"event":"operator_case_transition","ts":"2026-09-12T17:15:53.047977455Z","caseId":"ef0974c4-a5e1-40ba-83f6-1925d5df625a","rule":"T00_CREATE","to":"OPEN","revision":1}
2026-09-13T01:15:53.048+08:00  INFO 30645 --- [control-app] [           main] [                                                 ] c.o.p.c.o.a.OperatorCaseService          : {"event":"operator_case_transition","ts":"2026-09-12T17:15:53.048204012Z","caseId":"ef0974c4-a5e1-40ba-83f6-1925d5df625a","rule":"T10_CLAIM","to":"ACKED","revision":2}
2026-09-13T01:15:53.048+08:00  INFO 30645 --- [control-app] [           main] [                                                 ] c.o.p.c.o.a.OperatorCaseService          : {"event":"operator_case_transition","ts":"2026-09-12T17:15:53.048811185Z","caseId":"a523f2e9-90bf-450d-b96b-f441d37f3bab","rule":"T00_CREATE","to":"OPEN","revision":1}
2026-09-13T01:15:53.049+08:00  INFO 30645 --- [control-app] [           main] [                                                 ] c.o.p.c.o.a.OperatorCaseService          : {"event":"operator_case_transition","ts":"2026-09-12T17:15:53.049019817Z","caseId":"a523f2e9-90bf-450d-b96b-f441d37f3bab","rule":"T50_MERGE","to":"OPEN","revision":2}
2026-09-13T01:15:53.049+08:00  INFO 30645 --- [control-app] [           main] [                                                 ] c.o.p.c.o.a.OperatorCaseService          : {"event":"operator_case_transition","ts":"2026-09-12T17:15:53.049210086Z","caseId":"a523f2e9-90bf-450d-b96b-f441d37f3bab","rule":"T50_MERGE","to":"OPEN","revision":3}
2026-09-13T01:15:53.049+08:00  INFO 30645 --- [control-app] [           main] [                                                 ] c.o.p.c.o.a.OperatorCaseService          : {"event":"operator_case_transition","ts":"2026-09-12T17:15:53.049704126Z","caseId":"a9d03c49-761c-46bb-a551-c986587616be","rule":"T00_CREATE","to":"OPEN","revision":1}
2026-09-13T01:15:53.049+08:00  INFO 30645 --- [control-app] [           main] [                                                 ] c.o.p.c.o.a.OperatorCaseService          : {"event":"operator_case_transition","ts":"2026-09-12T17:15:53.049858897Z","caseId":"a9d03c49-761c-46bb-a551-c986587616be","rule":"T60_ESCALATE","to":"OPEN","revision":2}
2026-09-13T01:15:53.050+08:00  INFO 30645 --- [control-app] [           main] [                                                 ] c.o.p.c.o.a.OperatorCaseService          : {"event":"operator_case_transition","ts":"2026-09-12T17:15:53.050772347Z","caseId":"51e623e2-59e4-48ca-89cb-f976de2083ca","rule":"T00_CREATE","to":"OPEN","revision":1}
2026-09-13T01:15:53.051+08:00  INFO 30645 --- [control-app] [           main] [                                                 ] c.o.p.c.o.a.OperatorCaseService          : {"event":"operator_case_transition","ts":"2026-09-12T17:15:53.050972394Z","caseId":"51e623e2-59e4-48ca-89cb-f976de2083ca","rule":"T10_CLAIM","to":"ACKED","revision":2}
2026-09-13T01:15:53.051+08:00  INFO 30645 --- [control-app] [           main] [                                                 ] c.o.p.c.o.a.OperatorCaseService          : {"event":"operator_case_transition","ts":"2026-09-12T17:15:53.051620484Z","caseId":"51e623e2-59e4-48ca-89cb-f976de2083ca","rule":"T31_RESOLVE","to":"RESOLVED","revision":3}
2026-09-13T01:15:53.052+08:00  INFO 30645 --- [control-app] [           main] [                                                 ] c.o.p.c.o.a.OperatorCaseService          : {"event":"operator_case_transition","ts":"2026-09-12T17:15:53.052257494Z","caseId":"3e59b348-0ec1-499a-8351-82580016c036","rule":"T00_CREATE","to":"OPEN","revision":1}
2026-09-13T01:15:53.052+08:00  INFO 30645 --- [control-app] [           main] [                                                 ] c.o.p.c.o.a.OperatorCaseService          : {"event":"operator_case_transition","ts":"2026-09-12T17:15:53.052425761Z","caseId":"3e59b348-0ec1-499a-8351-82580016c036","rule":"T40_ASSIGN","to":"OPEN","revision":2}
2026-09-13T01:15:53.054+08:00  INFO 30645 --- [control-app] [           main] [                                                 ] c.o.p.c.o.a.OperatorCaseService          : {"event":"operator_case_transition","ts":"2026-09-12T17:15:53.054173152Z","caseId":"7ba30170-954b-4826-a2eb-3a21e6ea26d3","rule":"T00_CREATE","to":"OPEN","revision":1}
2026-09-13T01:15:53.054+08:00  INFO 30645 --- [control-app] [           main] [                                                 ] c.o.p.c.o.a.OperatorCaseService          : {"event":"operator_case_transition","ts":"2026-09-12T17:15:53.054408825Z","caseId":"7ba30170-954b-4826-a2eb-3a21e6ea26d3","rule":"T10_CLAIM","to":"ACKED","revision":2}
[INFO] Tests run: 16, Failures: 0, Errors: 0, Skipped: 0, Time elapsed: 0.028 s -- in com.objwww.pr.control.ops.application.OperatorCaseServiceTest
[INFO] Running com.objwww.pr.control.ops.application.OperatorQueryServiceEvidenceClaimsTest
2026-09-13T01:15:53.067+08:00  INFO 30645 --- [control-app] [           main] [                                                 ] o.s.mock.web.MockServletContext          : Initializing Spring TestDispatcherServlet ''
2026-09-13T01:15:53.067+08:00  INFO 30645 --- [control-app] [           main] [                                                 ] o.s.t.web.servlet.TestDispatcherServlet  : Initializing Servlet ''
2026-09-13T01:15:53.067+08:00  INFO 30645 --- [control-app] [           main] [                                                 ] o.s.t.web.servlet.TestDispatcherServlet  : Completed initialization in 0 ms
2026-09-13T01:15:53.068+08:00  INFO 30645 --- [control-app] [           main] [                                                 ] c.o.p.c.o.a.OperatorCaseService          : {"event":"operator_case_transition","ts":"2026-09-12T17:15:53.068543420Z","caseId":"33c5643c-f0ee-49bc-b258-e322ef067582","rule":"T00_CREATE","to":"OPEN","revision":1}
2026-09-13T01:15:53.076+08:00  INFO 30645 --- [control-app] [           main] [                                                 ] c.o.p.c.o.a.OperatorCaseService          : {"event":"operator_case_transition","ts":"2026-09-12T17:15:53.075906926Z","caseId":"4c907179-c3cd-4d4e-a8ea-2ef2bdf7391f","rule":"T00_CREATE","to":"OPEN","revision":1}
2026-09-13T01:15:53.077+08:00  INFO 30645 --- [control-app] [           main] [                                                 ] c.o.p.c.o.a.OperatorCaseService          : {"event":"operator_case_transition","ts":"2026-09-12T17:15:53.077019481Z","caseId":"24f93503-aa94-4605-bd58-b6f06a52d1fb","rule":"T00_CREATE","to":"OPEN","revision":1}
2026-09-13T01:15:53.077+08:00  INFO 30645 --- [control-app] [           main] [                                                 ] c.o.p.c.o.a.OperatorCaseService          : {"event":"operator_case_transition","ts":"2026-09-12T17:15:53.077631092Z","caseId":"b8aa2a4c-6a9b-4814-a03f-fa51fdddc23c","rule":"T00_CREATE","to":"OPEN","revision":1}
2026-09-13T01:15:53.078+08:00  INFO 30645 --- [control-app] [           main] [                                                 ] c.o.p.c.o.a.OperatorCaseService          : {"event":"operator_case_transition","ts":"2026-09-12T17:15:53.078631175Z","caseId":"51b81b75-9ee8-40f5-8388-2a0c23512370","rule":"T00_CREATE","to":"OPEN","revision":1}
2026-09-13T01:15:53.079+08:00  INFO 30645 --- [control-app] [           main] [                                                 ] c.o.p.c.o.a.OperatorCaseService          : {"event":"operator_case_transition","ts":"2026-09-12T17:15:53.079248848Z","caseId":"0e9c62ac-844f-483f-9c7d-a922211bdbb2","rule":"T00_CREATE","to":"OPEN","revision":1}
2026-09-13T01:15:53.079+08:00  INFO 30645 --- [control-app] [           main] [                                                 ] c.o.p.c.o.a.OperatorCaseService          : {"event":"operator_case_transition","ts":"2026-09-12T17:15:53.079811388Z","caseId":"70f6c888-c3fb-4463-8ab3-9c0992c19eb4","rule":"T00_CREATE","to":"OPEN","revision":1}
2026-09-13T01:15:53.080+08:00  INFO 30645 --- [control-app] [           main] [                                                 ] c.o.p.c.o.a.OperatorCaseService          : {"event":"operator_case_transition","ts":"2026-09-12T17:15:53.080467814Z","caseId":"349355cf-c7d5-4ea1-9351-b4ea011699f9","rule":"T00_CREATE","to":"OPEN","revision":1}
[INFO] Tests run: 8, Failures: 0, Errors: 0, Skipped: 0, Time elapsed: 0.024 s -- in com.objwww.pr.control.ops.application.OperatorQueryServiceEvidenceClaimsTest
[INFO] Running com.objwww.pr.control.ops.dutybot.domain.BotIntentRecognizerTest
[INFO] Tests run: 10, Failures: 0, Errors: 0, Skipped: 0, Time elapsed: 0.008 s -- in com.objwww.pr.control.ops.dutybot.domain.BotIntentRecognizerTest
[INFO] Running com.objwww.pr.control.ops.dutybot.application.DutyBotServiceTest
[INFO] Tests run: 15, Failures: 0, Errors: 0, Skipped: 0, Time elapsed: 0.045 s -- in com.objwww.pr.control.ops.dutybot.application.DutyBotServiceTest
[INFO] Running com.objwww.pr.control.ops.interfaces.MetricsQueryControllerTest
2026-09-13T01:15:53.139+08:00  INFO 30645 --- [control-app] [           main] [                                                 ] o.s.mock.web.MockServletContext          : Initializing Spring TestDispatcherServlet ''
2026-09-13T01:15:53.140+08:00  INFO 30645 --- [control-app] [           main] [                                                 ] o.s.t.web.servlet.TestDispatcherServlet  : Initializing Servlet ''
2026-09-13T01:15:53.140+08:00  INFO 30645 --- [control-app] [           main] [                                                 ] o.s.t.web.servlet.TestDispatcherServlet  : Completed initialization in 0 ms
2026-09-13T01:15:53.147+08:00  INFO 30645 --- [control-app] [           main] [                                                 ] o.s.mock.web.MockServletContext          : Initializing Spring TestDispatcherServlet ''
2026-09-13T01:15:53.147+08:00  INFO 30645 --- [control-app] [           main] [                                                 ] o.s.t.web.servlet.TestDispatcherServlet  : Initializing Servlet ''
2026-09-13T01:15:53.147+08:00  INFO 30645 --- [control-app] [           main] [                                                 ] o.s.t.web.servlet.TestDispatcherServlet  : Completed initialization in 0 ms
2026-09-13T01:15:53.149+08:00  INFO 30645 --- [control-app] [           main] [                                                 ] o.s.mock.web.MockServletContext          : Initializing Spring TestDispatcherServlet ''
2026-09-13T01:15:53.149+08:00  INFO 30645 --- [control-app] [           main] [                                                 ] o.s.t.web.servlet.TestDispatcherServlet  : Initializing Servlet ''
2026-09-13T01:15:53.149+08:00  INFO 30645 --- [control-app] [           main] [                                                 ] o.s.t.web.servlet.TestDispatcherServlet  : Completed initialization in 0 ms
2026-09-13T01:15:53.154+08:00  INFO 30645 --- [control-app] [           main] [                                                 ] o.s.mock.web.MockServletContext          : Initializing Spring TestDispatcherServlet ''
2026-09-13T01:15:53.154+08:00  INFO 30645 --- [control-app] [           main] [                                                 ] o.s.t.web.servlet.TestDispatcherServlet  : Initializing Servlet ''
2026-09-13T01:15:53.154+08:00  INFO 30645 --- [control-app] [           main] [                                                 ] o.s.t.web.servlet.TestDispatcherServlet  : Completed initialization in 0 ms
2026-09-13T01:15:53.162+08:00  INFO 30645 --- [control-app] [           main] [                                                 ] o.s.mock.web.MockServletContext          : Initializing Spring TestDispatcherServlet ''
2026-09-13T01:15:53.162+08:00  INFO 30645 --- [control-app] [           main] [                                                 ] o.s.t.web.servlet.TestDispatcherServlet  : Initializing Servlet ''
2026-09-13T01:15:53.163+08:00  INFO 30645 --- [control-app] [           main] [                                                 ] o.s.t.web.servlet.TestDispatcherServlet  : Completed initialization in 1 ms
2026-09-13T01:15:53.165+08:00  INFO 30645 --- [control-app] [           main] [                                                 ] o.s.mock.web.MockServletContext          : Initializing Spring TestDispatcherServlet ''
2026-09-13T01:15:53.165+08:00  INFO 30645 --- [control-app] [           main] [                                                 ] o.s.t.web.servlet.TestDispatcherServlet  : Initializing Servlet ''
2026-09-13T01:15:53.165+08:00  INFO 30645 --- [control-app] [           main] [                                                 ] o.s.t.web.servlet.TestDispatcherServlet  : Completed initialization in 0 ms
2026-09-13T01:15:53.175+08:00  INFO 30645 --- [control-app] [           main] [                                                 ] o.s.mock.web.MockServletContext          : Initializing Spring TestDispatcherServlet ''
2026-09-13T01:15:53.175+08:00  INFO 30645 --- [control-app] [           main] [                                                 ] o.s.t.web.servlet.TestDispatcherServlet  : Initializing Servlet ''
2026-09-13T01:15:53.175+08:00  INFO 30645 --- [control-app] [           main] [                                                 ] o.s.t.web.servlet.TestDispatcherServlet  : Completed initialization in 0 ms
[INFO] Tests run: 5, Failures: 0, Errors: 0, Skipped: 0, Time elapsed: 0.042 s -- in com.objwww.pr.control.ops.interfaces.MetricsQueryControllerTest
[INFO] Running com.objwww.pr.control.ops.interfaces.OperatorApiControllerTest
2026-09-13T01:15:53.184+08:00  INFO 30645 --- [control-app] [           main] [                                                 ] o.s.mock.web.MockServletContext          : Initializing Spring TestDispatcherServlet ''
2026-09-13T01:15:53.184+08:00  INFO 30645 --- [control-app] [           main] [                                                 ] o.s.t.web.servlet.TestDispatcherServlet  : Initializing Servlet ''
2026-09-13T01:15:53.184+08:00  INFO 30645 --- [control-app] [           main] [                                                 ] o.s.t.web.servlet.TestDispatcherServlet  : Completed initialization in 0 ms
2026-09-13T01:15:53.191+08:00  INFO 30645 --- [control-app] [           main] [                                                 ] o.s.mock.web.MockServletContext          : Initializing Spring TestDispatcherServlet ''
2026-09-13T01:15:53.191+08:00  INFO 30645 --- [control-app] [           main] [                                                 ] o.s.t.web.servlet.TestDispatcherServlet  : Initializing Servlet ''
2026-09-13T01:15:53.191+08:00  INFO 30645 --- [control-app] [           main] [                                                 ] o.s.t.web.servlet.TestDispatcherServlet  : Completed initialization in 0 ms
2026-09-13T01:15:53.192+08:00  INFO 30645 --- [control-app] [           main] [                                                 ] c.o.p.c.o.a.OperatorCaseService          : {"event":"operator_case_transition","ts":"2026-09-12T17:15:53.192278591Z","caseId":"3414e518-45c2-441e-a804-e76b4973791d","rule":"T00_CREATE","to":"OPEN","revision":1}
2026-09-13T01:15:53.192+08:00  INFO 30645 --- [control-app] [           main] [                                                 ] c.o.p.c.o.a.OperatorCaseService          : {"event":"operator_case_transition","ts":"2026-09-12T17:15:53.192538159Z","caseId":"8af842bd-9358-4e06-ab6f-5cf8ef79fb2c","rule":"T00_CREATE","to":"OPEN","revision":1}
2026-09-13T01:15:53.192+08:00  INFO 30645 --- [control-app] [           main] [                                                 ] c.o.p.c.o.a.OperatorCaseService          : {"event":"operator_case_transition","ts":"2026-09-12T17:15:53.192674777Z","caseId":"8af842bd-9358-4e06-ab6f-5cf8ef79fb2c","rule":"T10_CLAIM","to":"ACKED","revision":2}
2026-09-13T01:15:53.192+08:00  INFO 30645 --- [control-app] [           main] [                                                 ] c.o.p.c.o.a.OperatorCaseService          : {"event":"operator_case_transition","ts":"2026-09-12T17:15:53.192891255Z","caseId":"f03b5cec-3ee4-4a75-982d-f46bf32421a3","rule":"T00_CREATE","to":"OPEN","revision":1}
2026-09-13T01:15:53.193+08:00  INFO 30645 --- [control-app] [           main] [                                                 ] c.o.p.c.o.a.OperatorCaseService          : {"event":"operator_case_transition","ts":"2026-09-12T17:15:53.193107021Z","caseId":"1827abbf-3154-4683-bd8c-b7244acd03b6","rule":"T00_CREATE","to":"OPEN","revision":1}
2026-09-13T01:15:53.193+08:00  INFO 30645 --- [control-app] [           main] [                                                 ] c.o.p.c.o.a.OperatorCaseService          : {"event":"operator_case_transition","ts":"2026-09-12T17:15:53.193255590Z","caseId":"1827abbf-3154-4683-bd8c-b7244acd03b6","rule":"T10_CLAIM","to":"ACKED","revision":2}
2026-09-13T01:15:53.193+08:00  INFO 30645 --- [control-app] [           main] [                                                 ] c.o.p.c.o.a.OperatorCaseService          : {"event":"operator_case_transition","ts":"2026-09-12T17:15:53.193469774Z","caseId":"33716a88-53ec-42fb-ab84-8fc3748685bd","rule":"T00_CREATE","to":"OPEN","revision":1}
2026-09-13T01:15:53.193+08:00  INFO 30645 --- [control-app] [           main] [                                                 ] c.o.p.c.o.a.OperatorCaseService          : {"event":"operator_case_transition","ts":"2026-09-12T17:15:53.193655083Z","caseId":"33716a88-53ec-42fb-ab84-8fc3748685bd","rule":"T30_RESOLVE","to":"RESOLVED","revision":2}
2026-09-13T01:15:53.200+08:00  INFO 30645 --- [control-app] [           main] [                                                 ] o.s.mock.web.MockServletContext          : Initializing Spring TestDispatcherServlet ''
2026-09-13T01:15:53.200+08:00  INFO 30645 --- [control-app] [           main] [                                                 ] o.s.t.web.servlet.TestDispatcherServlet  : Initializing Servlet ''
2026-09-13T01:15:53.200+08:00  INFO 30645 --- [control-app] [           main] [                                                 ] o.s.t.web.servlet.TestDispatcherServlet  : Completed initialization in 0 ms
2026-09-13T01:15:53.201+08:00  INFO 30645 --- [control-app] [           main] [                                                 ] c.o.p.c.o.a.OperatorCaseService          : {"event":"operator_case_transition","ts":"2026-09-12T17:15:53.201291101Z","caseId":"fb9e0f35-c075-4c0f-a540-3d9d7f27e44b","rule":"T00_CREATE","to":"OPEN","revision":1}
2026-09-13T01:15:53.201+08:00  INFO 30645 --- [control-app] [           main] [                                                 ] c.o.p.c.o.a.OperatorCaseService          : {"event":"operator_case_transition","ts":"2026-09-12T17:15:53.201485878Z","caseId":"fb9e0f35-c075-4c0f-a540-3d9d7f27e44b","rule":"T10_CLAIM","to":"ACKED","revision":2}
2026-09-13T01:15:53.204+08:00  INFO 30645 --- [control-app] [           main] [                                                 ] c.o.p.c.o.i.OperatorApiController        : operator-case resolve: case=fb9e0f35-c075-4c0f-a540-3d9d7f27e44b idem-key=ui-5 operator=operator-a
2026-09-13T01:15:53.204+08:00  INFO 30645 --- [control-app] [           main] [                                                 ] c.o.p.c.o.a.OperatorCaseService          : {"event":"operator_case_transition","ts":"2026-09-12T17:15:53.204830957Z","caseId":"fb9e0f35-c075-4c0f-a540-3d9d7f27e44b","rule":"T31_RESOLVE","to":"RESOLVED","revision":3}
2026-09-13T01:15:53.210+08:00  INFO 30645 --- [control-app] [           main] [                                                 ] o.s.mock.web.MockServletContext          : Initializing Spring TestDispatcherServlet ''
2026-09-13T01:15:53.210+08:00  INFO 30645 --- [control-app] [           main] [                                                 ] o.s.t.web.servlet.TestDispatcherServlet  : Initializing Servlet ''
2026-09-13T01:15:53.211+08:00  INFO 30645 --- [control-app] [           main] [                                                 ] o.s.t.web.servlet.TestDispatcherServlet  : Completed initialization in 1 ms
2026-09-13T01:15:53.211+08:00  INFO 30645 --- [control-app] [           main] [                                                 ] c.o.p.c.o.a.OperatorCaseService          : {"event":"operator_case_transition","ts":"2026-09-12T17:15:53.211439761Z","caseId":"54a148bb-cb69-4bdd-844f-bc78d58c49c1","rule":"T00_CREATE","to":"OPEN","revision":1}
2026-09-13T01:15:53.213+08:00  INFO 30645 --- [control-app] [           main] [                                                 ] c.o.p.c.o.i.OperatorApiController        : operator-case assign: case=54a148bb-cb69-4bdd-844f-bc78d58c49c1 idem-key=ui-6 operator=dispatcher
2026-09-13T01:15:53.213+08:00  INFO 30645 --- [control-app] [           main] [                                                 ] c.o.p.c.o.a.OperatorCaseService          : {"event":"operator_case_transition","ts":"2026-09-12T17:15:53.213523264Z","caseId":"54a148bb-cb69-4bdd-844f-bc78d58c49c1","rule":"T40_ASSIGN","to":"OPEN","revision":2}
2026-09-13T01:15:53.215+08:00  INFO 30645 --- [control-app] [           main] [                                                 ] c.o.p.c.o.i.OperatorApiController        : operator-case assign: case=54a148bb-cb69-4bdd-844f-bc78d58c49c1 idem-key=ui-7 operator=dispatcher
2026-09-13T01:15:53.216+08:00  INFO 30645 --- [control-app] [           main] [                                                 ] c.o.p.c.o.a.OperatorCaseService          : {"event":"operator_case_transition","ts":"2026-09-12T17:15:53.215914918Z","caseId":"54a148bb-cb69-4bdd-844f-bc78d58c49c1","rule":"T40_ASSIGN","to":"OPEN","revision":3}
2026-09-13T01:15:53.220+08:00  INFO 30645 --- [control-app] [           main] [                                                 ] o.s.mock.web.MockServletContext          : Initializing Spring TestDispatcherServlet ''
2026-09-13T01:15:53.220+08:00  INFO 30645 --- [control-app] [           main] [                                                 ] o.s.t.web.servlet.TestDispatcherServlet  : Initializing Servlet ''
2026-09-13T01:15:53.221+08:00  INFO 30645 --- [control-app] [           main] [                                                 ] o.s.t.web.servlet.TestDispatcherServlet  : Completed initialization in 1 ms
2026-09-13T01:15:53.221+08:00  INFO 30645 --- [control-app] [           main] [                                                 ] c.o.p.c.o.a.OperatorCaseService          : {"event":"operator_case_transition","ts":"2026-09-12T17:15:53.221399746Z","caseId":"480ce0a2-ffb0-467e-ba94-2b8b3306ce32","rule":"T00_CREATE","to":"OPEN","revision":1}
2026-09-13T01:15:53.221+08:00  INFO 30645 --- [control-app] [           main] [                                                 ] c.o.p.c.o.a.OperatorCaseService          : {"event":"operator_case_transition","ts":"2026-09-12T17:15:53.221560889Z","caseId":"480ce0a2-ffb0-467e-ba94-2b8b3306ce32","rule":"T10_CLAIM","to":"ACKED","revision":2}
2026-09-13T01:15:53.229+08:00  INFO 30645 --- [control-app] [           main] [                                                 ] o.s.mock.web.MockServletContext          : Initializing Spring TestDispatcherServlet ''
2026-09-13T01:15:53.229+08:00  INFO 30645 --- [control-app] [           main] [                                                 ] o.s.t.web.servlet.TestDispatcherServlet  : Initializing Servlet ''
2026-09-13T01:15:53.229+08:00  INFO 30645 --- [control-app] [           main] [                                                 ] o.s.t.web.servlet.TestDispatcherServlet  : Completed initialization in 0 ms
2026-09-13T01:15:53.230+08:00  INFO 30645 --- [control-app] [           main] [                                                 ] c.o.p.c.o.a.OperatorCaseService          : {"event":"operator_case_transition","ts":"2026-09-12T17:15:53.230088496Z","caseId":"cee8d2a0-30cb-41be-a356-1c32c99e9d9c","rule":"T00_CREATE","to":"OPEN","revision":1}
2026-09-13T01:15:53.230+08:00  INFO 30645 --- [control-app] [           main] [                                                 ] c.o.p.c.o.a.OperatorCaseService          : {"event":"operator_case_transition","ts":"2026-09-12T17:15:53.230272413Z","caseId":"cee8d2a0-30cb-41be-a356-1c32c99e9d9c","rule":"T30_RESOLVE","to":"RESOLVED","revision":2}
2026-09-13T01:15:53.232+08:00  INFO 30645 --- [control-app] [           main] [                                                 ] c.o.p.c.o.i.OperatorApiController        : operator-case claim: case=cee8d2a0-30cb-41be-a356-1c32c99e9d9c idem-key=ui-8 operator=sre-b
2026-09-13T01:15:53.234+08:00  INFO 30645 --- [control-app] [           main] [                                                 ] c.o.p.c.o.i.OperatorApiController        : operator-case claim: case=c0bb8470-f887-4dc2-bde7-abd738141b7c idem-key=ui-9 operator=sre-b
2026-09-13T01:15:53.238+08:00  INFO 30645 --- [control-app] [           main] [                                                 ] o.s.mock.web.MockServletContext          : Initializing Spring TestDispatcherServlet ''
2026-09-13T01:15:53.238+08:00  INFO 30645 --- [control-app] [           main] [                                                 ] o.s.t.web.servlet.TestDispatcherServlet  : Initializing Servlet ''
2026-09-13T01:15:53.238+08:00  INFO 30645 --- [control-app] [           main] [                                                 ] o.s.t.web.servlet.TestDispatcherServlet  : Completed initialization in 0 ms
2026-09-13T01:15:53.239+08:00  INFO 30645 --- [control-app] [           main] [                                                 ] c.o.p.c.o.a.OperatorCaseService          : {"event":"operator_case_transition","ts":"2026-09-12T17:15:53.238950012Z","caseId":"99c461d5-62d4-4151-95a6-d299d07084e4","rule":"T00_CREATE","to":"OPEN","revision":1}
2026-09-13T01:15:53.240+08:00  INFO 30645 --- [control-app] [           main] [                                                 ] c.o.p.c.o.i.OperatorApiController        : operator-case claim: case=99c461d5-62d4-4151-95a6-d299d07084e4 idem-key=ui-1 operator=sre-li
2026-09-13T01:15:53.240+08:00  INFO 30645 --- [control-app] [           main] [                                                 ] c.o.p.c.o.a.OperatorCaseService          : {"event":"operator_case_transition","ts":"2026-09-12T17:15:53.240742958Z","caseId":"99c461d5-62d4-4151-95a6-d299d07084e4","rule":"T10_CLAIM","to":"ACKED","revision":2}
2026-09-13T01:15:53.246+08:00  INFO 30645 --- [control-app] [           main] [                                                 ] o.s.mock.web.MockServletContext          : Initializing Spring TestDispatcherServlet ''
2026-09-13T01:15:53.246+08:00  INFO 30645 --- [control-app] [           main] [                                                 ] o.s.t.web.servlet.TestDispatcherServlet  : Initializing Servlet ''
2026-09-13T01:15:53.246+08:00  INFO 30645 --- [control-app] [           main] [                                                 ] o.s.t.web.servlet.TestDispatcherServlet  : Completed initialization in 0 ms
2026-09-13T01:15:53.247+08:00  INFO 30645 --- [control-app] [           main] [                                                 ] c.o.p.c.o.a.OperatorCaseService          : {"event":"operator_case_transition","ts":"2026-09-12T17:15:53.247173838Z","caseId":"dde47d95-2f0e-42ae-9413-ddf4a0cbf69c","rule":"T00_CREATE","to":"OPEN","revision":1}
2026-09-13T01:15:53.247+08:00  INFO 30645 --- [control-app] [           main] [                                                 ] c.o.p.c.o.a.OperatorCaseService          : {"event":"operator_case_transition","ts":"2026-09-12T17:15:53.247436823Z","caseId":"4bc9b54d-88b9-4db7-8434-72546b7d3c98","rule":"T00_CREATE","to":"OPEN","revision":1}
2026-09-13T01:15:53.247+08:00  INFO 30645 --- [control-app] [           main] [                                                 ] c.o.p.c.o.a.OperatorCaseService          : {"event":"operator_case_transition","ts":"2026-09-12T17:15:53.247682154Z","caseId":"80a93d51-d031-4a7b-9be3-f8d156c62805","rule":"T00_CREATE","to":"OPEN","revision":1}
2026-09-13T01:15:53.257+08:00  INFO 30645 --- [control-app] [           main] [                                                 ] o.s.mock.web.MockServletContext          : Initializing Spring TestDispatcherServlet ''
2026-09-13T01:15:53.257+08:00  INFO 30645 --- [control-app] [           main] [                                                 ] o.s.t.web.servlet.TestDispatcherServlet  : Initializing Servlet ''
2026-09-13T01:15:53.257+08:00  INFO 30645 --- [control-app] [           main] [                                                 ] o.s.t.web.servlet.TestDispatcherServlet  : Completed initialization in 0 ms
2026-09-13T01:15:53.258+08:00  INFO 30645 --- [control-app] [           main] [                                                 ] c.o.p.c.o.a.OperatorCaseService          : {"event":"operator_case_transition","ts":"2026-09-12T17:15:53.258135187Z","caseId":"5a813866-ede8-4a39-bad5-51ec33d701af","rule":"T00_CREATE","to":"OPEN","revision":1}
2026-09-13T01:15:53.258+08:00  INFO 30645 --- [control-app] [           main] [                                                 ] c.o.p.c.o.a.OperatorCaseService          : {"event":"operator_case_transition","ts":"2026-09-12T17:15:53.258304055Z","caseId":"5a813866-ede8-4a39-bad5-51ec33d701af","rule":"T10_CLAIM","to":"ACKED","revision":2}
2026-09-13T01:15:53.262+08:00  INFO 30645 --- [control-app] [           main] [                                                 ] c.o.p.c.o.i.OperatorApiController        : operator-case resolve: case=5a813866-ede8-4a39-bad5-51ec33d701af idem-key=ui-4 operator=operator-a
2026-09-13T01:15:53.262+08:00  INFO 30645 --- [control-app] [           main] [                                                 ] c.o.p.c.o.a.OperatorCaseService          : {"event":"operator_case_transition","ts":"2026-09-12T17:15:53.262250256Z","caseId":"5a813866-ede8-4a39-bad5-51ec33d701af","rule":"T31_RESOLVE","to":"RESOLVED","revision":3}
2026-09-13T01:15:53.267+08:00  INFO 30645 --- [control-app] [           main] [                                                 ] o.s.mock.web.MockServletContext          : Initializing Spring TestDispatcherServlet ''
2026-09-13T01:15:53.267+08:00  INFO 30645 --- [control-app] [           main] [                                                 ] o.s.t.web.servlet.TestDispatcherServlet  : Initializing Servlet ''
2026-09-13T01:15:53.267+08:00  INFO 30645 --- [control-app] [           main] [                                                 ] o.s.t.web.servlet.TestDispatcherServlet  : Completed initialization in 0 ms
2026-09-13T01:15:53.268+08:00  INFO 30645 --- [control-app] [           main] [                                                 ] c.o.p.c.o.a.OperatorCaseService          : {"event":"operator_case_transition","ts":"2026-09-12T17:15:53.268014790Z","caseId":"6c508a4e-6001-483a-993c-ccc9d96cd927","rule":"T00_CREATE","to":"OPEN","revision":1}
2026-09-13T01:15:53.268+08:00  INFO 30645 --- [control-app] [           main] [                                                 ] c.o.p.c.o.a.OperatorCaseService          : {"event":"operator_case_transition","ts":"2026-09-12T17:15:53.268219176Z","caseId":"6c508a4e-6001-483a-993c-ccc9d96cd927","rule":"T40_ASSIGN","to":"OPEN","revision":2}
2026-09-13T01:15:53.269+08:00  INFO 30645 --- [control-app] [           main] [                                                 ] c.o.p.c.o.i.OperatorApiController        : operator-case claim: case=6c508a4e-6001-483a-993c-ccc9d96cd927 idem-key=ui-2 operator=sre-b
2026-09-13T01:15:53.275+08:00  INFO 30645 --- [control-app] [           main] [                                                 ] o.s.mock.web.MockServletContext          : Initializing Spring TestDispatcherServlet ''
2026-09-13T01:15:53.275+08:00  INFO 30645 --- [control-app] [           main] [                                                 ] o.s.t.web.servlet.TestDispatcherServlet  : Initializing Servlet ''
2026-09-13T01:15:53.275+08:00  INFO 30645 --- [control-app] [           main] [                                                 ] o.s.t.web.servlet.TestDispatcherServlet  : Completed initialization in 0 ms
2026-09-13T01:15:53.276+08:00  INFO 30645 --- [control-app] [           main] [                                                 ] c.o.p.c.o.a.OperatorCaseService          : {"event":"operator_case_transition","ts":"2026-09-12T17:15:53.276248254Z","caseId":"41534985-edc2-49fb-a0eb-b8f975857b1e","rule":"T00_CREATE","to":"OPEN","revision":1}
2026-09-13T01:15:53.276+08:00  INFO 30645 --- [control-app] [           main] [                                                 ] c.o.p.c.o.a.OperatorCaseService          : {"event":"operator_case_transition","ts":"2026-09-12T17:15:53.276451446Z","caseId":"41534985-edc2-49fb-a0eb-b8f975857b1e","rule":"T10_CLAIM","to":"ACKED","revision":2}
2026-09-13T01:15:53.276+08:00  INFO 30645 --- [control-app] [           main] [                                                 ] c.o.p.c.o.a.OperatorCaseService          : {"event":"operator_case_transition","ts":"2026-09-12T17:15:53.276592652Z","caseId":"3a008f1c-adc9-443e-bad7-87b2301835e6","rule":"T00_CREATE","to":"OPEN","revision":1}
[INFO] Tests run: 11, Failures: 0, Errors: 0, Skipped: 0, Time elapsed: 0.102 s -- in com.objwww.pr.control.ops.interfaces.OperatorApiControllerTest
[INFO] Running com.objwww.pr.control.ops.duty.domain.DutyResolverTest
[INFO] Tests run: 7, Failures: 0, Errors: 0, Skipped: 0, Time elapsed: 0.003 s -- in com.objwww.pr.control.ops.duty.domain.DutyResolverTest
[INFO] Running com.objwww.pr.control.ops.duty.domain.RotationMathTest
[INFO] Tests run: 7, Failures: 0, Errors: 0, Skipped: 0, Time elapsed: 0.003 s -- in com.objwww.pr.control.ops.duty.domain.RotationMathTest
[INFO] Running com.objwww.pr.control.ops.duty.application.DutyDispatchServiceTest
2026-09-13T01:15:53.292+08:00  INFO 30645 --- [control-app] [           main] [                                                 ] c.o.p.c.o.d.a.DutyDispatchService        : {"event":"DUTY_DISPATCH_NO_CHANNEL","ts":"2026-09-12T17:15:53.292666699Z","notification_id":"9649440d-05f5-46a4-9690-1cc2d9097c11","source":"RCA_SYSTEM","episode_id":"c1a9585c51d49e59048e71f327d1adcb237326bd0cdf3e6e3705ce2c99d93910","reason":"no_channel_configured"}
2026-09-13T01:15:53.295+08:00  INFO 30645 --- [control-app] [           main] [                                                 ] c.o.p.c.o.d.a.DutyDispatchService        : {"event":"DUTY_DISPATCH_NO_CHANNEL","ts":"2026-09-12T17:15:53.295264291Z","notification_id":"c82561ec-215a-3e31-807c-eedf3b3bd25e","source":"MANUAL","episode_id":"5e878cf7-d7a7-4f27-980a-36ca1032aa5a","reason":"no_channel_configured"}
2026-09-13T01:15:53.295+08:00  INFO 30645 --- [control-app] [           main] [                                                 ] c.o.p.c.o.d.a.DutyDispatchService        : {"event":"DUTY_DISPATCH_NO_CHANNEL","ts":"2026-09-12T17:15:53.295481680Z","notification_id":"a6bbc91a-e73d-321c-8533-f735470a9cd0","source":"MANUAL","episode_id":"e7908c51-583e-40e1-9cfc-d968e4110d6d","reason":"no_channel_configured"}
2026-09-13T01:15:53.296+08:00  INFO 30645 --- [control-app] [           main] [                                                 ] c.o.p.c.o.d.a.DutyDispatchService        : {"event":"DUTY_DISPATCH_NO_CHANNEL","ts":"2026-09-12T17:15:53.296940136Z","notification_id":"c82561ec-215a-3e31-807c-eedf3b3bd25e","source":"RCA_SYSTEM","episode_id":"a4f724be1a3a5392512887fb10b511f976f4f4fe101b7a85636e4bef50950796","reason":"no_channel_configured"}
[INFO] Tests run: 5, Failures: 0, Errors: 0, Skipped: 0, Time elapsed: 0.008 s -- in com.objwww.pr.control.ops.duty.application.DutyDispatchServiceTest
[INFO] Running com.objwww.pr.control.ops.duty.application.DutyFallbackWatcherTest
2026-09-13T01:15:53.300+08:00  INFO 30645 --- [control-app] [           main] [                                                 ] c.o.p.c.o.d.a.DutyFallbackWatcher        : {"event":"DUTY_DEGRADE_DEADLINE","ts":"2026-09-12T17:15:53.300626558Z","notification_id":"adb31a28-4d6d-4162-9d70-5b76c4e14647","dead_priority":1,"reason":"age_beyond_max"}
2026-09-13T01:15:53.301+08:00  INFO 30645 --- [control-app] [           main] [                                                 ] c.o.p.c.o.d.a.DutyFallbackWatcher        : {"event":"DUTY_CHAIN_EXHAUSTED","ts":"2026-09-12T17:15:53.301272004Z","notification_id":"12dbf676-634d-4a9f-a6b3-d1bc21b65b29","dead_priority":1,"reason":"no_next_channel"}
[INFO] Tests run: 5, Failures: 0, Errors: 0, Skipped: 0, Time elapsed: 0.004 s -- in com.objwww.pr.control.ops.duty.application.DutyFallbackWatcherTest
[INFO] Running com.objwww.pr.control.ops.duty.interfaces.DutyAdminControllerTest
2026-09-13T01:15:53.415+08:00  INFO 30645 --- [control-app] [           main] [                                                 ] o.s.mock.web.MockServletContext          : Initializing Spring TestDispatcherServlet ''
2026-09-13T01:15:53.415+08:00  INFO 30645 --- [control-app] [           main] [                                                 ] o.s.t.web.servlet.TestDispatcherServlet  : Initializing Servlet ''
2026-09-13T01:15:53.415+08:00  INFO 30645 --- [control-app] [           main] [                                                 ] o.s.t.web.servlet.TestDispatcherServlet  : Completed initialization in 0 ms
2026-09-13T01:15:53.432+08:00  INFO 30645 --- [control-app] [           main] [                                                 ] o.s.mock.web.MockServletContext          : Initializing Spring TestDispatcherServlet ''
2026-09-13T01:15:53.433+08:00  INFO 30645 --- [control-app] [           main] [                                                 ] o.s.t.web.servlet.TestDispatcherServlet  : Initializing Servlet ''
2026-09-13T01:15:53.433+08:00  INFO 30645 --- [control-app] [           main] [                                                 ] o.s.t.web.servlet.TestDispatcherServlet  : Completed initialization in 0 ms
2026-09-13T01:15:53.447+08:00  INFO 30645 --- [control-app] [           main] [                                                 ] o.s.mock.web.MockServletContext          : Initializing Spring TestDispatcherServlet ''
2026-09-13T01:15:53.447+08:00  INFO 30645 --- [control-app] [           main] [                                                 ] o.s.t.web.servlet.TestDispatcherServlet  : Initializing Servlet ''
2026-09-13T01:15:53.448+08:00  INFO 30645 --- [control-app] [           main] [                                                 ] o.s.t.web.servlet.TestDispatcherServlet  : Completed initialization in 1 ms
2026-09-13T01:15:53.466+08:00  INFO 30645 --- [control-app] [           main] [                                                 ] o.s.mock.web.MockServletContext          : Initializing Spring TestDispatcherServlet ''
2026-09-13T01:15:53.466+08:00  INFO 30645 --- [control-app] [           main] [                                                 ] o.s.t.web.servlet.TestDispatcherServlet  : Initializing Servlet ''
2026-09-13T01:15:53.467+08:00  INFO 30645 --- [control-app] [           main] [                                                 ] o.s.t.web.servlet.TestDispatcherServlet  : Completed initialization in 1 ms
[INFO] Tests run: 4, Failures: 0, Errors: 0, Skipped: 0, Time elapsed: 0.183 s -- in com.objwww.pr.control.ops.duty.interfaces.DutyAdminControllerTest
[INFO] Running com.objwww.pr.control.ops.duty.interfaces.DutyQueryControllerTest
2026-09-13T01:15:53.493+08:00  INFO 30645 --- [control-app] [           main] [                                                 ] o.s.mock.web.MockServletContext          : Initializing Spring TestDispatcherServlet ''
2026-09-13T01:15:53.493+08:00  INFO 30645 --- [control-app] [           main] [                                                 ] o.s.t.web.servlet.TestDispatcherServlet  : Initializing Servlet ''
2026-09-13T01:15:53.493+08:00  INFO 30645 --- [control-app] [           main] [                                                 ] o.s.t.web.servlet.TestDispatcherServlet  : Completed initialization in 0 ms
2026-09-13T01:15:53.513+08:00  INFO 30645 --- [control-app] [           main] [                                                 ] o.s.mock.web.MockServletContext          : Initializing Spring TestDispatcherServlet ''
2026-09-13T01:15:53.513+08:00  INFO 30645 --- [control-app] [           main] [                                                 ] o.s.t.web.servlet.TestDispatcherServlet  : Initializing Servlet ''
2026-09-13T01:15:53.513+08:00  INFO 30645 --- [control-app] [           main] [                                                 ] o.s.t.web.servlet.TestDispatcherServlet  : Completed initialization in 0 ms
2026-09-13T01:15:53.522+08:00  INFO 30645 --- [control-app] [           main] [                                                 ] o.s.mock.web.MockServletContext          : Initializing Spring TestDispatcherServlet ''
2026-09-13T01:15:53.522+08:00  INFO 30645 --- [control-app] [           main] [                                                 ] o.s.t.web.servlet.TestDispatcherServlet  : Initializing Servlet ''
2026-09-13T01:15:53.523+08:00  INFO 30645 --- [control-app] [           main] [                                                 ] o.s.t.web.servlet.TestDispatcherServlet  : Completed initialization in 1 ms
2026-09-13T01:15:53.534+08:00  INFO 30645 --- [control-app] [           main] [                                                 ] o.s.mock.web.MockServletContext          : Initializing Spring TestDispatcherServlet ''
2026-09-13T01:15:53.534+08:00  INFO 30645 --- [control-app] [           main] [                                                 ] o.s.t.web.servlet.TestDispatcherServlet  : Initializing Servlet ''
2026-09-13T01:15:53.534+08:00  INFO 30645 --- [control-app] [           main] [                                                 ] o.s.t.web.servlet.TestDispatcherServlet  : Completed initialization in 0 ms
2026-09-13T01:15:53.545+08:00  INFO 30645 --- [control-app] [           main] [                                                 ] o.s.mock.web.MockServletContext          : Initializing Spring TestDispatcherServlet ''
2026-09-13T01:15:53.545+08:00  INFO 30645 --- [control-app] [           main] [                                                 ] o.s.t.web.servlet.TestDispatcherServlet  : Initializing Servlet ''
2026-09-13T01:15:53.545+08:00  INFO 30645 --- [control-app] [           main] [                                                 ] o.s.t.web.servlet.TestDispatcherServlet  : Completed initialization in 0 ms
2026-09-13T01:15:53.547+08:00  INFO 30645 --- [control-app] [           main] [                                                 ] c.o.p.c.o.d.a.DutyDispatchService        : {"event":"DUTY_DISPATCH_NO_CHANNEL","ts":"2026-09-12T17:15:53.547463196Z","notification_id":"de267d6f-37d1-4449-bca4-dd1990879012","source":"MANUAL","episode_id":"cc092b3a-c6d7-46e6-af95-3a3adff8238c","reason":"no_channel_configured"}
2026-09-13T01:15:53.553+08:00  INFO 30645 --- [control-app] [           main] [                                                 ] o.s.mock.web.MockServletContext          : Initializing Spring TestDispatcherServlet ''
2026-09-13T01:15:53.553+08:00  INFO 30645 --- [control-app] [           main] [                                                 ] o.s.t.web.servlet.TestDispatcherServlet  : Initializing Servlet ''
2026-09-13T01:15:53.553+08:00  INFO 30645 --- [control-app] [           main] [                                                 ] o.s.t.web.servlet.TestDispatcherServlet  : Completed initialization in 0 ms
[INFO] Tests run: 6, Failures: 0, Errors: 0, Skipped: 0, Time elapsed: 0.071 s -- in com.objwww.pr.control.ops.duty.interfaces.DutyQueryControllerTest
[INFO] Running com.objwww.pr.control.auth.interfaces.AuthUserAdminControllerTest
2026-09-13T01:15:53.650+08:00  INFO 30645 --- [control-app] [           main] [                                                 ] o.s.mock.web.MockServletContext          : Initializing Spring TestDispatcherServlet ''
2026-09-13T01:15:53.650+08:00  INFO 30645 --- [control-app] [           main] [                                                 ] o.s.t.web.servlet.TestDispatcherServlet  : Initializing Servlet ''
2026-09-13T01:15:53.650+08:00  INFO 30645 --- [control-app] [           main] [                                                 ] o.s.t.web.servlet.TestDispatcherServlet  : Completed initialization in 0 ms
2026-09-13T01:15:53.912+08:00  INFO 30645 --- [control-app] [           main] [                                                 ] o.s.mock.web.MockServletContext          : Initializing Spring TestDispatcherServlet ''
2026-09-13T01:15:53.912+08:00  INFO 30645 --- [control-app] [           main] [                                                 ] o.s.t.web.servlet.TestDispatcherServlet  : Initializing Servlet ''
2026-09-13T01:15:53.912+08:00  INFO 30645 --- [control-app] [           main] [                                                 ] o.s.t.web.servlet.TestDispatcherServlet  : Completed initialization in 0 ms
2026-09-13T01:15:54.003+08:00  INFO 30645 --- [control-app] [           main] [                                                 ] o.s.mock.web.MockServletContext          : Initializing Spring TestDispatcherServlet ''
2026-09-13T01:15:54.003+08:00  INFO 30645 --- [control-app] [           main] [                                                 ] o.s.t.web.servlet.TestDispatcherServlet  : Initializing Servlet ''
2026-09-13T01:15:54.003+08:00  INFO 30645 --- [control-app] [           main] [                                                 ] o.s.t.web.servlet.TestDispatcherServlet  : Completed initialization in 0 ms
2026-09-13T01:15:54.016+08:00  INFO 30645 --- [control-app] [           main] [                                                 ] o.s.mock.web.MockServletContext          : Initializing Spring TestDispatcherServlet ''
2026-09-13T01:15:54.016+08:00  INFO 30645 --- [control-app] [           main] [                                                 ] o.s.t.web.servlet.TestDispatcherServlet  : Initializing Servlet ''
2026-09-13T01:15:54.016+08:00  INFO 30645 --- [control-app] [           main] [                                                 ] o.s.t.web.servlet.TestDispatcherServlet  : Completed initialization in 0 ms
2026-09-13T01:15:54.023+08:00  INFO 30645 --- [control-app] [           main] [                                                 ] o.s.mock.web.MockServletContext          : Initializing Spring TestDispatcherServlet ''
2026-09-13T01:15:54.024+08:00  INFO 30645 --- [control-app] [           main] [                                                 ] o.s.t.web.servlet.TestDispatcherServlet  : Initializing Servlet ''
2026-09-13T01:15:54.024+08:00  INFO 30645 --- [control-app] [           main] [                                                 ] o.s.t.web.servlet.TestDispatcherServlet  : Completed initialization in 0 ms
[INFO] Tests run: 5, Failures: 0, Errors: 0, Skipped: 0, Time elapsed: 0.549 s -- in com.objwww.pr.control.auth.interfaces.AuthUserAdminControllerTest
2026-09-13T01:15:54.123+08:00  INFO 30645 --- [control-app] [           main] [                                                 ] org.testcontainers.DockerClientFactory   : Testcontainers version: 1.20.4
2026-09-13T01:15:54.316+08:00  INFO 30645 --- [control-app] [           main] [                                                 ] o.t.d.DockerClientProviderStrategy       : Loaded org.testcontainers.dockerclient.UnixSocketClientProviderStrategy from ~/.testcontainers.properties, will try it first
2026-09-13T01:15:54.736+08:00  INFO 30645 --- [control-app] [           main] [                                                 ] o.t.d.DockerClientProviderStrategy       : Found Docker environment with local Unix socket (unix:///var/run/docker.sock)
2026-09-13T01:15:54.738+08:00  INFO 30645 --- [control-app] [           main] [                                                 ] org.testcontainers.DockerClientFactory   : Docker host IP address is localhost
2026-09-13T01:15:54.779+08:00  INFO 30645 --- [control-app] [           main] [                                                 ] org.testcontainers.DockerClientFactory   : Connected to docker: 
  Server Version: 26.1.4
  API Version: 1.45
  Operating System: CentOS Linux 7 (Core)
  Total Memory: 7725 MB
2026-09-13T01:15:54.796+08:00  INFO 30645 --- [control-app] [           main] [                                                 ] org.testcontainers.images.PullPolicy     : Image pull policy will be performed by: DefaultPullPolicy()
2026-09-13T01:15:54.798+08:00  INFO 30645 --- [control-app] [           main] [                                                 ] o.t.utility.ImageNameSubstitutor         : Image name substitution will be performed by: DefaultImageNameSubstitutor (composite of 'ConfigurationFileImageNameSubstitutor' and 'PrefixingImageNameSubstitutor')
2026-09-13T01:15:54.986+08:00  INFO 30645 --- [control-app] [           main] [                                                 ] tc.testcontainers/ryuk:0.11.0            : Creating container for image: testcontainers/ryuk:0.11.0
2026-09-13T01:15:54.992+08:00  INFO 30645 --- [control-app] [           main] [                                                 ] o.t.utility.RegistryAuthLocator          : Failure when attempting to lookup auth config. Please ignore if you don't have images in an authenticated registry. Details: (dockerImageName: testcontainers/ryuk:0.11.0, configFile: /root/.docker/config.json, configEnv: DOCKER_AUTH_CONFIG). Falling back to docker-java default behaviour. Exception message: Status 404: No config supplied. Checked in order: /root/.docker/config.json (file not found), DOCKER_AUTH_CONFIG (not set)
2026-09-13T01:15:55.172+08:00  INFO 30645 --- [control-app] [           main] [                                                 ] tc.testcontainers/ryuk:0.11.0            : Container testcontainers/ryuk:0.11.0 is starting: 4f2082f3eb3c099ea6819ba5d63ba1ce25221e6852ce4e65db66df657ec7dde9
2026-09-13T01:15:55.733+08:00  INFO 30645 --- [control-app] [           main] [                                                 ] tc.testcontainers/ryuk:0.11.0            : Container testcontainers/ryuk:0.11.0 started in PT0.747151311S
2026-09-13T01:15:55.737+08:00  INFO 30645 --- [control-app] [           main] [                                                 ] o.t.utility.RyukResourceReaper           : Ryuk started - will monitor and terminate Testcontainers containers on JVM exit
2026-09-13T01:15:55.737+08:00  INFO 30645 --- [control-app] [           main] [                                                 ] org.testcontainers.DockerClientFactory   : Checking the system...
2026-09-13T01:15:55.737+08:00  INFO 30645 --- [control-app] [           main] [                                                 ] org.testcontainers.DockerClientFactory   : ✔︎ Docker server version should be at least 1.6.0
[INFO] Running com.objwww.pr.control.it.PostgresDatasetPartitionAccessTest
2026-09-13T01:15:55.742+08:00  INFO 30645 --- [control-app] [           main] [                                                 ] tc.postgres:16-alpine                    : Creating container for image: postgres:16-alpine
2026-09-13T01:15:55.805+08:00  INFO 30645 --- [control-app] [           main] [                                                 ] tc.postgres:16-alpine                    : Container postgres:16-alpine is starting: 34942b6500a7a65acb71b97404b9f9202e1f82487e1433f22f409209462714be
2026-09-13T01:15:57.222+08:00  INFO 30645 --- [control-app] [           main] [                                                 ] tc.postgres:16-alpine                    : Container postgres:16-alpine started in PT1.480479553S
2026-09-13T01:15:57.223+08:00  INFO 30645 --- [control-app] [           main] [                                                 ] tc.postgres:16-alpine                    : Container is started (JDBC URL: jdbc:postgresql://localhost:33678/test?loggerLevel=OFF)
2026-09-13T01:15:57.225+08:00  INFO 30645 --- [control-app] [           main] [                                                 ] com.zaxxer.hikari.HikariDataSource       : HikariPool-1 - Starting...
2026-09-13T01:15:57.354+08:00  INFO 30645 --- [control-app] [           main] [                                                 ] com.zaxxer.hikari.pool.HikariPool        : HikariPool-1 - Added connection org.postgresql.jdbc.PgConnection@3603afa4
2026-09-13T01:15:57.354+08:00  INFO 30645 --- [control-app] [           main] [                                                 ] com.zaxxer.hikari.HikariDataSource       : HikariPool-1 - Start completed.
2026-09-13T01:15:57.531+08:00  INFO 30645 --- [control-app] [           main] [                                                 ] org.flywaydb.core.FlywayExecutor         : Database: jdbc:postgresql://localhost:33678/test?loggerLevel=OFF (PostgreSQL 16.15)
2026-09-13T01:15:57.622+08:00  INFO 30645 --- [control-app] [           main] [                                                 ] o.f.c.i.s.JdbcTableSchemaHistory         : Schema history table "public"."flyway_schema_history" does not exist yet
2026-09-13T01:15:57.626+08:00  INFO 30645 --- [control-app] [           main] [                                                 ] o.f.core.internal.command.DbValidate     : Successfully validated 71 migrations (execution time 00:00.070s)
2026-09-13T01:15:57.644+08:00  INFO 30645 --- [control-app] [           main] [                                                 ] o.f.c.i.s.JdbcTableSchemaHistory         : Creating Schema History table "public"."flyway_schema_history" ...
2026-09-13T01:15:57.682+08:00  INFO 30645 --- [control-app] [           main] [                                                 ] o.f.core.internal.command.DbMigrate      : Current version of schema "public": << Empty Schema >>
2026-09-13T01:15:57.720+08:00  INFO 30645 --- [control-app] [           main] [                                                 ] o.f.core.internal.command.DbMigrate      : Migrating schema "public" to version "1 - m0 schema"
2026-09-13T01:15:57.803+08:00  INFO 30645 --- [control-app] [           main] [                                                 ] o.f.core.internal.command.DbMigrate      : Migrating schema "public" to version "2 - grants"
2026-09-13T01:15:57.824+08:00  INFO 30645 --- [control-app] [           main] [                                                 ] o.f.core.internal.command.DbMigrate      : Migrating schema "public" to version "3 - m1 inbox reconcile"
2026-09-13T01:15:57.857+08:00  INFO 30645 --- [control-app] [           main] [                                                 ] o.f.core.internal.command.DbMigrate      : Migrating schema "public" to version "4 - m2 checkpoint repair"
2026-09-13T01:15:57.898+08:00  INFO 30645 --- [control-app] [           main] [                                                 ] o.f.core.internal.command.DbMigrate      : Migrating schema "public" to version "5 - m3 model governance"
2026-09-13T01:15:57.944+08:00  INFO 30645 --- [control-app] [           main] [                                                 ] o.f.core.internal.command.DbMigrate      : Migrating schema "public" to version "6 - m4 sandbox"
2026-09-13T01:15:58.032+08:00  INFO 30645 --- [control-app] [           main] [                                                 ] o.f.core.internal.command.DbMigrate      : Migrating schema "public" to version "7 - am1 alert domain"
2026-09-13T01:15:58.140+08:00  INFO 30645 --- [control-app] [           main] [                                                 ] o.f.core.internal.command.DbMigrate      : Migrating schema "public" to version "8 - am1 dag reserve"
2026-09-13T01:15:58.171+08:00  INFO 30645 --- [control-app] [           main] [                                                 ] o.f.core.internal.command.DbMigrate      : Migrating schema "public" to version "9 - am3 eval notify"
2026-09-13T01:15:58.273+08:00  INFO 30645 --- [control-app] [           main] [                                                 ] o.f.core.internal.command.DbMigrate      : Migrating schema "public" to version "10 - am3 eval run"
2026-09-13T01:15:58.300+08:00  INFO 30645 --- [control-app] [           main] [                                                 ] o.f.core.internal.command.DbMigrate      : Migrating schema "public" to version "11 - am3 eval readonly"
2026-09-13T01:15:58.312+08:00  INFO 30645 --- [control-app] [           main] [                                                 ] o.f.core.internal.command.DbMigrate      : Migrating schema "public" to version "12 - am4 state expansion"
2026-09-13T01:15:58.332+08:00  INFO 30645 --- [control-app] [           main] [                                                 ] o.f.core.internal.command.DbMigrate      : Migrating schema "public" to version "13 - am4 budget ledger"
2026-09-13T01:15:58.355+08:00  INFO 30645 --- [control-app] [           main] [                                                 ] o.f.core.internal.command.DbMigrate      : Migrating schema "public" to version "14 - am4 rca event"
2026-09-13T01:15:58.383+08:00  INFO 30645 --- [control-app] [           main] [                                                 ] o.f.core.internal.command.DbMigrate      : Migrating schema "public" to version "15 - am4 tool invocation ledger"
2026-09-13T01:15:58.406+08:00  INFO 30645 --- [control-app] [           main] [                                                 ] o.f.core.internal.command.DbMigrate      : Migrating schema "public" to version "16 - am4 evidence snapshot"
2026-09-13T01:15:58.428+08:00  INFO 30645 --- [control-app] [           main] [                                                 ] o.f.core.internal.command.DbMigrate      : Migrating schema "public" to version "17 - am4 claim"
2026-09-13T01:15:58.444+08:00  INFO 30645 --- [control-app] [           main] [                                                 ] o.f.core.internal.command.DbMigrate      : Migrating schema "public" to version "18 - am4 task edge run scope"
2026-09-13T01:15:58.460+08:00  INFO 30645 --- [control-app] [           main] [                                                 ] o.f.core.internal.command.DbMigrate      : Migrating schema "public" to version "19 - am4 tool replay"
2026-09-13T01:15:58.474+08:00  INFO 30645 --- [control-app] [           main] [                                                 ] o.f.core.internal.command.DbMigrate      : Migrating schema "public" to version "20 - am5 dataset version"
2026-09-13T01:15:58.494+08:00  INFO 30645 --- [control-app] [           main] [                                                 ] o.f.core.internal.command.DbMigrate      : Migrating schema "public" to version "21 - am5 dataset partition"
2026-09-13T01:15:58.520+08:00  INFO 30645 --- [control-app] [           main] [                                                 ] o.f.core.internal.command.DbMigrate      : Migrating schema "public" to version "22 - am5 golden candidate"
2026-09-13T01:15:58.539+08:00  INFO 30645 --- [control-app] [           main] [                                                 ] o.f.core.internal.command.DbMigrate      : Migrating schema "public" to version "23 - am5 sampling fingerprint"
2026-09-13T01:15:58.554+08:00  INFO 30645 --- [control-app] [           main] [                                                 ] o.f.core.internal.command.DbMigrate      : Migrating schema "public" to version "24 - am5 config bundle"
2026-09-13T01:15:58.580+08:00  INFO 30645 --- [control-app] [           main] [                                                 ] o.f.core.internal.command.DbMigrate      : Migrating schema "public" to version "25 - am5 canary route"
2026-09-13T01:15:58.608+08:00  INFO 30645 --- [control-app] [           main] [                                                 ] o.f.core.internal.command.DbMigrate      : Migrating schema "public" to version "26 - am5 operator case"
2026-09-13T01:15:58.626+08:00  INFO 30645 --- [control-app] [           main] [                                                 ] o.f.core.internal.command.DbMigrate      : Migrating schema "public" to version "27 - am5 operator command"
2026-09-13T01:15:58.655+08:00  INFO 30645 --- [control-app] [           main] [                                                 ] o.f.core.internal.command.DbMigrate      : Migrating schema "public" to version "28 - am5 monthly partition"
2026-09-13T01:15:58.701+08:00  INFO 30645 --- [control-app] [           main] [                                                 ] o.f.core.internal.command.DbMigrate      : Migrating schema "public" to version "29 - am5 retention archive"
2026-09-13T01:15:58.739+08:00  INFO 30645 --- [control-app] [           main] [                                                 ] o.f.core.internal.command.DbMigrate      : Migrating schema "public" to version "30 - am6 canary window verdict"
2026-09-13T01:15:58.779+08:00  INFO 30645 --- [control-app] [           main] [                                                 ] o.f.core.internal.command.DbMigrate      : Migrating schema "public" to version "31 - ba52 canary decision fk deferred"
2026-09-13T01:15:58.790+08:00  INFO 30645 --- [control-app] [           main] [                                                 ] o.f.core.internal.command.DbMigrate      : Migrating schema "public" to version "32 - am6 engine comparison"
2026-09-13T01:15:58.812+08:00  INFO 30645 --- [control-app] [           main] [                                                 ] o.f.core.internal.command.DbMigrate      : Migrating schema "public" to version "33 - am6 run fallback"
2026-09-13T01:15:58.840+08:00  INFO 30645 --- [control-app] [           main] [                                                 ] o.f.core.internal.command.DbMigrate      : Migrating schema "public" to version "34 - am6 engine shadow work"
2026-09-13T01:15:58.859+08:00  INFO 30645 --- [control-app] [           main] [                                                 ] o.f.core.internal.command.DbMigrate      : Migrating schema "public" to version "35 - m607 holmes wish decision run id nullable"
2026-09-13T01:15:58.870+08:00  INFO 30645 --- [control-app] [           main] [                                                 ] o.f.core.internal.command.DbMigrate      : Migrating schema "public" to version "36 - exa0 investigation identity"
2026-09-13T01:15:58.880+08:00  INFO 30645 --- [control-app] [           main] [                                                 ] o.f.core.internal.command.DbMigrate      : Migrating schema "public" to version "37 - exa4a claim kind"
2026-09-13T01:15:58.889+08:00  INFO 30645 --- [control-app] [           main] [                                                 ] o.f.core.internal.command.DbMigrate      : Migrating schema "public" to version "38 - exa3 tool invocation result ref"
2026-09-13T01:15:58.899+08:00  INFO 30645 --- [control-app] [           main] [                                                 ] o.f.core.internal.command.DbMigrate      : Migrating schema "public" to version "39 - b21 operator command state widen"
2026-09-13T01:15:58.909+08:00  INFO 30645 --- [control-app] [           main] [                                                 ] o.f.core.internal.command.DbMigrate      : Migrating schema "public" to version "40 - exb1 change event"
2026-09-13T01:15:58.923+08:00  INFO 30645 --- [control-app] [           main] [                                                 ] o.f.core.internal.command.DbMigrate      : Migrating schema "public" to version "41 - exa4b incident waiting reason"
2026-09-13T01:15:58.931+08:00  INFO 30645 --- [control-app] [           main] [                                                 ] o.f.core.internal.command.DbMigrate      : Migrating schema "public" to version "42 - exc3a auth event"
2026-09-13T01:15:58.948+08:00  INFO 30645 --- [control-app] [           main] [                                                 ] o.f.core.internal.command.DbMigrate      : Migrating schema "public" to version "43 - am7 duty"
2026-09-13T01:15:58.992+08:00  INFO 30645 --- [control-app] [           main] [                                                 ] o.f.core.internal.command.DbMigrate      : Migrating schema "public" to version "44 - auth1 platform user"
2026-09-13T01:15:59.023+08:00  INFO 30645 --- [control-app] [           main] [                                                 ] o.f.core.internal.command.DbMigrate      : Migrating schema "public" to version "45 - ui5 eval readonly grants"
2026-09-13T01:15:59.047+08:00  INFO 30645 --- [control-app] [           main] [                                                 ] o.f.core.internal.command.DbMigrate      : Migrating schema "public" to version "46 - r7x1 task execution binding"
2026-09-13T01:15:59.068+08:00  INFO 30645 --- [control-app] [           main] [                                                 ] o.f.core.internal.command.DbMigrate      : Migrating schema "public" to version "47 - r7x4 primary state"
2026-09-13T01:15:59.094+08:00  INFO 30645 --- [control-app] [           main] [                                                 ] o.f.core.internal.command.DbMigrate      : Migrating schema "public" to version "48 - r7a1 rca model call"
2026-09-13T01:15:59.108+08:00  INFO 30645 --- [control-app] [           main] [                                                 ] o.f.core.internal.command.DbMigrate      : Migrating schema "public" to version "60 - en01 release asset"
2026-09-13T01:15:59.119+08:00  INFO 30645 --- [control-app] [           main] [                                                 ] o.f.core.internal.command.DbMigrate      : Migrating schema "public" to version "61 - en02 release qualification"
2026-09-13T01:15:59.139+08:00  INFO 30645 --- [control-app] [           main] [                                                 ] o.f.core.internal.command.DbMigrate      : Migrating schema "public" to version "62 - en09 eval grader version"
2026-09-13T01:15:59.148+08:00  INFO 30645 --- [control-app] [           main] [                                                 ] o.f.core.internal.command.DbMigrate      : Migrating schema "public" to version "63 - en04 run config epoch"
2026-09-13T01:15:59.166+08:00  INFO 30645 --- [control-app] [           main] [                                                 ] o.f.core.internal.command.DbMigrate      : Migrating schema "public" to version "64 - en06 mcp server registry"
2026-09-13T01:15:59.180+08:00  INFO 30645 --- [control-app] [           main] [                                                 ] o.f.core.internal.command.DbMigrate      : Migrating schema "public" to version "80 - ev03 eval projection contract"
2026-09-13T01:15:59.203+08:00  INFO 30645 --- [control-app] [           main] [                                                 ] o.f.core.internal.command.DbMigrate      : Migrating schema "public" to version "81 - ev04 eval lifecycle"
2026-09-13T01:15:59.225+08:00  INFO 30645 --- [control-app] [           main] [                                                 ] o.f.core.internal.command.DbMigrate      : Migrating schema "public" to version "82 - ux01 incident classification"
2026-09-13T01:15:59.254+08:00  INFO 30645 --- [control-app] [           main] [                                                 ] o.f.core.internal.command.DbMigrate      : Migrating schema "public" to version "83 - ux02 duty bot"
2026-09-13T01:15:59.272+08:00  INFO 30645 --- [control-app] [           main] [                                                 ] o.f.core.internal.command.DbMigrate      : Migrating schema "public" to version "85 - ev07 eval comparison"
2026-09-13T01:15:59.297+08:00  INFO 30645 --- [control-app] [           main] [                                                 ] o.f.core.internal.command.DbMigrate      : Migrating schema "public" to version "86 - dr02 drill job"
2026-09-13T01:15:59.326+08:00  INFO 30645 --- [control-app] [           main] [                                                 ] o.f.core.internal.command.DbMigrate      : Migrating schema "public" to version "87 - ev08 eval review"
2026-09-13T01:15:59.350+08:00  INFO 30645 --- [control-app] [           main] [                                                 ] o.f.core.internal.command.DbMigrate      : Migrating schema "public" to version "88 - r7 checkpoint last error"
2026-09-13T01:15:59.358+08:00  INFO 30645 --- [control-app] [           main] [                                                 ] o.f.core.internal.command.DbMigrate      : Migrating schema "public" to version "89 - en07 release asset kinds"
2026-09-13T01:15:59.371+08:00  INFO 30645 --- [control-app] [           main] [                                                 ] o.f.core.internal.command.DbMigrate      : Migrating schema "public" to version "90 - r2 input capture"
2026-09-13T01:15:59.385+08:00  INFO 30645 --- [control-app] [           main] [                                                 ] o.f.core.internal.command.DbMigrate      : Migrating schema "public" to version "91 - r10 working memory"
2026-09-13T01:15:59.406+08:00  INFO 30645 --- [control-app] [           main] [                                                 ] o.f.core.internal.command.DbMigrate      : Migrating schema "public" to version "92 - r11 context summary"
2026-09-13T01:15:59.420+08:00  INFO 30645 --- [control-app] [           main] [                                                 ] o.f.core.internal.command.DbMigrate      : Migrating schema "public" to version "93 - r6 eval app model call grant"
2026-09-13T01:15:59.425+08:00  INFO 30645 --- [control-app] [           main] [                                                 ] o.f.core.internal.command.DbMigrate      : Migrating schema "public" to version "94 - ux03 case incident link"
2026-09-13T01:15:59.442+08:00  INFO 30645 --- [control-app] [           main] [                                                 ] o.f.core.internal.command.DbMigrate      : Migrating schema "public" to version "95 - dr05 flagd restore ledger"
2026-09-13T01:15:59.463+08:00  INFO 30645 --- [control-app] [           main] [                                                 ] o.f.core.internal.command.DbMigrate      : Migrating schema "public" to version "96 - mc2123 receipt and operator material"
2026-09-13T01:15:59.491+08:00  INFO 30645 --- [control-app] [           main] [                                                 ] o.f.core.internal.command.DbMigrate      : Migrating schema "public" to version "97 - en08 skill candidate"
2026-09-13T01:15:59.506+08:00  INFO 30645 --- [control-app] [           main] [                                                 ] o.f.core.internal.command.DbMigrate      : Migrating schema "public" to version "98 - context policy asset"
2026-09-13T01:15:59.518+08:00  INFO 30645 --- [control-app] [           main] [                                                 ] o.f.core.internal.command.DbMigrate      : Successfully applied 71 migrations to schema "public", now at version v98 (execution time 00:01.088s)
2026-09-13T01:15:59.521+08:00  INFO 30645 --- [control-app] [           main] [                                                 ] com.zaxxer.hikari.HikariDataSource       : HikariPool-2 - Starting...
2026-09-13T01:15:59.541+08:00  INFO 30645 --- [control-app] [           main] [                                                 ] com.zaxxer.hikari.pool.HikariPool        : HikariPool-2 - Added connection org.postgresql.jdbc.PgConnection@7ce9ec5b
2026-09-13T01:15:59.541+08:00  INFO 30645 --- [control-app] [           main] [                                                 ] com.zaxxer.hikari.HikariDataSource       : HikariPool-2 - Start completed.
2026-09-13T01:15:59.542+08:00  INFO 30645 --- [control-app] [           main] [                                                 ] com.zaxxer.hikari.HikariDataSource       : HikariPool-3 - Starting...
2026-09-13T01:15:59.577+08:00  INFO 30645 --- [control-app] [           main] [                                                 ] com.zaxxer.hikari.pool.HikariPool        : HikariPool-3 - Added connection org.postgresql.jdbc.PgConnection@3d30e1a
2026-09-13T01:15:59.577+08:00  INFO 30645 --- [control-app] [           main] [                                                 ] com.zaxxer.hikari.HikariDataSource       : HikariPool-3 - Start completed.
2026-09-13T01:15:59.578+08:00  INFO 30645 --- [control-app] [           main] [                                                 ] com.zaxxer.hikari.HikariDataSource       : HikariPool-4 - Starting...
2026-09-13T01:15:59.600+08:00  INFO 30645 --- [control-app] [           main] [                                                 ] com.zaxxer.hikari.pool.HikariPool        : HikariPool-4 - Added connection org.postgresql.jdbc.PgConnection@57db5929
2026-09-13T01:15:59.600+08:00  INFO 30645 --- [control-app] [           main] [                                                 ] com.zaxxer.hikari.HikariDataSource       : HikariPool-4 - Start completed.
2026-09-13T01:15:59.601+08:00  INFO 30645 --- [control-app] [           main] [                                                 ] com.zaxxer.hikari.HikariDataSource       : HikariPool-5 - Starting...
2026-09-13T01:15:59.620+08:00  INFO 30645 --- [control-app] [           main] [                                                 ] com.zaxxer.hikari.pool.HikariPool        : HikariPool-5 - Added connection org.postgresql.jdbc.PgConnection@44bd9e0c
2026-09-13T01:15:59.620+08:00  INFO 30645 --- [control-app] [           main] [                                                 ] com.zaxxer.hikari.HikariDataSource       : HikariPool-5 - Start completed.
2026-09-13T01:15:59.860+08:00  INFO 30645 --- [control-app] [           main] [                                                 ] com.zaxxer.hikari.HikariDataSource       : HikariPool-6 - Starting...
2026-09-13T01:15:59.881+08:00  INFO 30645 --- [control-app] [           main] [                                                 ] com.zaxxer.hikari.pool.HikariPool        : HikariPool-6 - Added connection org.postgresql.jdbc.PgConnection@5b7613bd
2026-09-13T01:15:59.881+08:00  INFO 30645 --- [control-app] [           main] [                                                 ] com.zaxxer.hikari.HikariDataSource       : HikariPool-6 - Start completed.
2026-09-13T01:16:00.118+08:00  INFO 30645 --- [control-app] [           main] [                                                 ] com.zaxxer.hikari.HikariDataSource       : HikariPool-7 - Starting...
2026-09-13T01:16:00.137+08:00  INFO 30645 --- [control-app] [           main] [                                                 ] com.zaxxer.hikari.pool.HikariPool        : HikariPool-7 - Added connection org.postgresql.jdbc.PgConnection@7c7ddb7a
2026-09-13T01:16:00.137+08:00  INFO 30645 --- [control-app] [           main] [                                                 ] com.zaxxer.hikari.HikariDataSource       : HikariPool-7 - Start completed.
2026-09-13T01:16:00.328+08:00  INFO 30645 --- [control-app] [           main] [                                                 ] com.zaxxer.hikari.HikariDataSource       : HikariPool-8 - Starting...
2026-09-13T01:16:00.338+08:00  INFO 30645 --- [control-app] [           main] [                                                 ] com.zaxxer.hikari.pool.HikariPool        : HikariPool-8 - Added connection org.postgresql.jdbc.PgConnection@4518a6d9
2026-09-13T01:16:00.339+08:00  INFO 30645 --- [control-app] [           main] [                                                 ] com.zaxxer.hikari.HikariDataSource       : HikariPool-8 - Start completed.
2026-09-13T01:16:00.482+08:00  INFO 30645 --- [control-app] [           main] [                                                 ] com.zaxxer.hikari.HikariDataSource       : HikariPool-9 - Starting...
2026-09-13T01:16:00.490+08:00  INFO 30645 --- [control-app] [           main] [                                                 ] com.zaxxer.hikari.pool.HikariPool        : HikariPool-9 - Added connection org.postgresql.jdbc.PgConnection@1b840f96
2026-09-13T01:16:00.490+08:00  INFO 30645 --- [control-app] [           main] [                                                 ] com.zaxxer.hikari.HikariDataSource       : HikariPool-9 - Start completed.
2026-09-13T01:16:00.620+08:00  INFO 30645 --- [control-app] [           main] [                                                 ] com.zaxxer.hikari.HikariDataSource       : HikariPool-10 - Starting...
2026-09-13T01:16:00.628+08:00  INFO 30645 --- [control-app] [           main] [                                                 ] com.zaxxer.hikari.pool.HikariPool        : HikariPool-10 - Added connection org.postgresql.jdbc.PgConnection@5d819c61
2026-09-13T01:16:00.629+08:00  INFO 30645 --- [control-app] [           main] [                                                 ] com.zaxxer.hikari.HikariDataSource       : HikariPool-10 - Start completed.
[INFO] Tests run: 5, Failures: 0, Errors: 0, Skipped: 0, Time elapsed: 4.897 s -- in com.objwww.pr.control.it.PostgresDatasetPartitionAccessTest
[INFO] Running com.objwww.pr.control.it.PostgresConfigBundleRepositoryTest
2026-09-13T01:16:00.782+08:00  INFO 30645 --- [control-app] [           main] [                                                 ] c.o.p.c.r.a.ConfigBundleService          : bundle 发布: 30ad808ed98886e339611e59f7bac711638e216776d0231c3aad2a5fe468382c revision=1 by=op-1 policy=policy-2026-09
2026-09-13T01:16:00.789+08:00  INFO 30645 --- [control-app] [           main] [                                                 ] c.o.p.c.r.a.ConfigBundleService          : 资格授予: candidate=30ad808ed98886e339611e59f7bac711638e216776d0231c3aad2a5fe468382c verdict=PASS usage=MATCHED by=it-grader
2026-09-13T01:16:00.796+08:00  INFO 30645 --- [control-app] [           main] [                                                 ] c.o.p.c.r.a.ConfigBundleService          : ACTIVATE 落位: 30ad808ed98886e339611e59f7bac711638e216776d0231c3aad2a5fe468382c revision=1 by=op-1
2026-09-13T01:16:00.924+08:00  INFO 30645 --- [control-app] [           main] [                                                 ] c.o.p.c.r.a.ConfigBundleService          : bundle 发布: 30ad808ed98886e339611e59f7bac711638e216776d0231c3aad2a5fe468382c revision=1 by=op-1 policy=policy-2026-09
2026-09-13T01:16:00.929+08:00  INFO 30645 --- [control-app] [           main] [                                                 ] c.o.p.c.r.a.ConfigBundleService          : 资格授予: candidate=30ad808ed98886e339611e59f7bac711638e216776d0231c3aad2a5fe468382c verdict=PASS usage=MATCHED by=it-grader
2026-09-13T01:16:01.070+08:00  INFO 30645 --- [control-app] [           main] [                                                 ] c.o.p.c.r.a.ConfigBundleService          : bundle 发布: 30ad808ed98886e339611e59f7bac711638e216776d0231c3aad2a5fe468382c revision=1 by=op-1 policy=policy-2026-09
2026-09-13T01:16:01.071+08:00  INFO 30645 --- [control-app] [           main] [                                                 ] c.o.p.c.r.a.ConfigBundleService          : bundle 发布: be840a4ff5d98fc58380e1ed2d6501f2a7edb25711430dc0e9023b687140db80 revision=2 by=op-1 policy=policy-2026-09
2026-09-13T01:16:01.073+08:00  INFO 30645 --- [control-app] [           main] [                                                 ] c.o.p.c.r.a.ConfigBundleService          : 资格授予: candidate=30ad808ed98886e339611e59f7bac711638e216776d0231c3aad2a5fe468382c verdict=PASS usage=MATCHED by=it-grader
2026-09-13T01:16:01.075+08:00  INFO 30645 --- [control-app] [           main] [                                                 ] c.o.p.c.r.a.ConfigBundleService          : 资格授予: candidate=be840a4ff5d98fc58380e1ed2d6501f2a7edb25711430dc0e9023b687140db80 verdict=PASS usage=MATCHED by=it-grader
2026-09-13T01:16:01.082+08:00  INFO 30645 --- [control-app] [           main] [                                                 ] c.o.p.c.r.a.ConfigBundleService          : ACTIVATE 落位: 30ad808ed98886e339611e59f7bac711638e216776d0231c3aad2a5fe468382c revision=1 by=op-1
2026-09-13T01:16:01.087+08:00  INFO 30645 --- [control-app] [           main] [                                                 ] c.o.p.c.r.a.ConfigBundleService          : ACTIVATE 落位: be840a4ff5d98fc58380e1ed2d6501f2a7edb25711430dc0e9023b687140db80 revision=2 by=op-1
2026-09-13T01:16:01.092+08:00  INFO 30645 --- [control-app] [           main] [                                                 ] c.o.p.c.r.a.ConfigBundleService          : ROLLBACK 落位: 30ad808ed98886e339611e59f7bac711638e216776d0231c3aad2a5fe468382c revision=1 by=op-2
2026-09-13T01:16:01.215+08:00  INFO 30645 --- [control-app] [           main] [                                                 ] c.o.p.c.r.a.ConfigBundleService          : bundle 发布: 30ad808ed98886e339611e59f7bac711638e216776d0231c3aad2a5fe468382c revision=1 by=op-1 policy=policy-2026-09
2026-09-13T01:16:01.217+08:00  INFO 30645 --- [control-app] [           main] [                                                 ] c.o.p.c.r.a.ConfigBundleService          : bundle 幂等重放: 30ad808ed98886e339611e59f7bac711638e216776d0231c3aad2a5fe468382c revision=1 by=op-2
[INFO] Tests run: 4, Failures: 0, Errors: 0, Skipped: 0, Time elapsed: 0.581 s -- in com.objwww.pr.control.it.PostgresConfigBundleRepositoryTest
[INFO] Running com.objwww.pr.control.it.PostgresModelCallLedgerRepositoryTest
[INFO] Tests run: 2, Failures: 0, Errors: 0, Skipped: 0, Time elapsed: 0.286 s -- in com.objwww.pr.control.it.PostgresModelCallLedgerRepositoryTest
[INFO] Running com.objwww.pr.control.it.PostgresGoldenCandidateRepositoryTest
2026-09-13T01:16:01.665+08:00  INFO 30645 --- [control-app] [           main] [                                                 ] com.zaxxer.hikari.HikariDataSource       : HikariPool-11 - Starting...
2026-09-13T01:16:01.672+08:00  INFO 30645 --- [control-app] [           main] [                                                 ] com.zaxxer.hikari.pool.HikariPool        : HikariPool-11 - Added connection org.postgresql.jdbc.PgConnection@6e9f90dc
2026-09-13T01:16:01.672+08:00  INFO 30645 --- [control-app] [           main] [                                                 ] com.zaxxer.hikari.HikariDataSource       : HikariPool-11 - Start completed.
2026-09-13T01:16:01.690+08:00  INFO 30645 --- [control-app] [           main] [                                                 ] com.zaxxer.hikari.HikariDataSource       : HikariPool-11 - Shutdown initiated...
2026-09-13T01:16:01.694+08:00  INFO 30645 --- [control-app] [           main] [                                                 ] com.zaxxer.hikari.HikariDataSource       : HikariPool-11 - Shutdown completed.
2026-09-13T01:16:01.822+08:00  INFO 30645 --- [control-app] [           main] [                                                 ] com.zaxxer.hikari.HikariDataSource       : HikariPool-12 - Starting...
2026-09-13T01:16:01.832+08:00  INFO 30645 --- [control-app] [           main] [                                                 ] com.zaxxer.hikari.pool.HikariPool        : HikariPool-12 - Added connection org.postgresql.jdbc.PgConnection@69cbb3a8
2026-09-13T01:16:01.832+08:00  INFO 30645 --- [control-app] [           main] [                                                 ] com.zaxxer.hikari.HikariDataSource       : HikariPool-12 - Start completed.
2026-09-13T01:16:01.837+08:00  INFO 30645 --- [control-app] [           main] [                                                 ] com.zaxxer.hikari.HikariDataSource       : HikariPool-12 - Shutdown initiated...
2026-09-13T01:16:01.837+08:00  INFO 30645 --- [control-app] [           main] [                                                 ] com.zaxxer.hikari.HikariDataSource       : HikariPool-12 - Shutdown completed.
2026-09-13T01:16:01.969+08:00  INFO 30645 --- [control-app] [           main] [                                                 ] com.zaxxer.hikari.HikariDataSource       : HikariPool-13 - Starting...
2026-09-13T01:16:01.980+08:00  INFO 30645 --- [control-app] [           main] [                                                 ] com.zaxxer.hikari.pool.HikariPool        : HikariPool-13 - Added connection org.postgresql.jdbc.PgConnection@63fc8ca4
2026-09-13T01:16:01.981+08:00  INFO 30645 --- [control-app] [           main] [                                                 ] com.zaxxer.hikari.HikariDataSource       : HikariPool-13 - Start completed.
2026-09-13T01:16:02.004+08:00  INFO 30645 --- [control-app] [           main] [                                                 ] com.zaxxer.hikari.HikariDataSource       : HikariPool-13 - Shutdown initiated...
2026-09-13T01:16:02.005+08:00  INFO 30645 --- [control-app] [           main] [                                                 ] com.zaxxer.hikari.HikariDataSource       : HikariPool-13 - Shutdown completed.
2026-09-13T01:16:02.132+08:00  INFO 30645 --- [control-app] [           main] [                                                 ] com.zaxxer.hikari.HikariDataSource       : HikariPool-14 - Starting...
2026-09-13T01:16:02.139+08:00  INFO 30645 --- [control-app] [           main] [                                                 ] com.zaxxer.hikari.pool.HikariPool        : HikariPool-14 - Added connection org.postgresql.jdbc.PgConnection@5270192e
2026-09-13T01:16:02.139+08:00  INFO 30645 --- [control-app] [           main] [                                                 ] com.zaxxer.hikari.HikariDataSource       : HikariPool-14 - Start completed.
2026-09-13T01:16:02.153+08:00  INFO 30645 --- [control-app] [           main] [                                                 ] com.zaxxer.hikari.HikariDataSource       : HikariPool-14 - Shutdown initiated...
2026-09-13T01:16:02.154+08:00  INFO 30645 --- [control-app] [           main] [                                                 ] com.zaxxer.hikari.HikariDataSource       : HikariPool-14 - Shutdown completed.
2026-09-13T01:16:02.278+08:00  INFO 30645 --- [control-app] [           main] [                                                 ] com.zaxxer.hikari.HikariDataSource       : HikariPool-15 - Starting...
2026-09-13T01:16:02.287+08:00  INFO 30645 --- [control-app] [           main] [                                                 ] com.zaxxer.hikari.pool.HikariPool        : HikariPool-15 - Added connection org.postgresql.jdbc.PgConnection@72baafbd
2026-09-13T01:16:02.287+08:00  INFO 30645 --- [control-app] [           main] [                                                 ] com.zaxxer.hikari.HikariDataSource       : HikariPool-15 - Start completed.
2026-09-13T01:16:02.302+08:00  INFO 30645 --- [control-app] [           main] [                                                 ] com.zaxxer.hikari.HikariDataSource       : HikariPool-15 - Shutdown initiated...
2026-09-13T01:16:02.302+08:00  INFO 30645 --- [control-app] [           main] [                                                 ] com.zaxxer.hikari.HikariDataSource       : HikariPool-15 - Shutdown completed.
[INFO] Tests run: 5, Failures: 0, Errors: 0, Skipped: 0, Time elapsed: 0.796 s -- in com.objwww.pr.control.it.PostgresGoldenCandidateRepositoryTest
[INFO] Running com.objwww.pr.control.it.PostgresDatasetVersionRepositoryTest
[INFO] Tests run: 5, Failures: 0, Errors: 0, Skipped: 0, Time elapsed: 0.672 s -- in com.objwww.pr.control.it.PostgresDatasetVersionRepositoryTest
[INFO] Running com.objwww.pr.control.it.PostgresReleaseAssetRepositoryTest
2026-09-13T01:16:03.118+08:00  INFO 30645 --- [control-app] [           main] [                                                 ] c.o.p.c.r.a.ConfigBundleService          : 资产注册: PROMPT 1c2cb70b06ff9fb87bacf727276b6730bb7451dd0953cd87c9e97b91c2190cb5 by=op-1
2026-09-13T01:16:03.119+08:00  INFO 30645 --- [control-app] [           main] [                                                 ] c.o.p.c.r.a.ConfigBundleService          : 资产注册: SKILL c620038518f08e426605f81f47c121ecb851dc46885c954dc9528092fa5911d3 by=op-1
2026-09-13T01:16:03.120+08:00  INFO 30645 --- [control-app] [           main] [                                                 ] c.o.p.c.r.a.ConfigBundleService          : 资产注册: TOOL_SCHEMA c3dcd8c37f33f564cd506ece7666493ae7938c2804117db2f4fa7468c92be37f by=op-1
2026-09-13T01:16:03.122+08:00  INFO 30645 --- [control-app] [           main] [                                                 ] c.o.p.c.r.a.ConfigBundleService          : release_manifest 依赖闭包通过: roles=[primary] skills=1 toolSchemas=1
2026-09-13T01:16:03.124+08:00  INFO 30645 --- [control-app] [           main] [                                                 ] c.o.p.c.r.a.ConfigBundleService          : bundle 发布: d75424d2b53b9451d2862936b9ff40200860203e72d671422029f7928ea16fc6 revision=1 by=op-1 policy=policy-2026-09
2026-09-13T01:16:03.126+08:00  INFO 30645 --- [control-app] [           main] [                                                 ] c.o.p.c.r.a.ConfigBundleService          : 资格授予: candidate=d75424d2b53b9451d2862936b9ff40200860203e72d671422029f7928ea16fc6 verdict=PASS usage=UNKNOWN by=op-1
2026-09-13T01:16:03.131+08:00  INFO 30645 --- [control-app] [           main] [                                                 ] c.o.p.c.r.a.ConfigBundleService          : ACTIVATE 落位: d75424d2b53b9451d2862936b9ff40200860203e72d671422029f7928ea16fc6 revision=1 by=op-1
[INFO] Tests run: 4, Failures: 0, Errors: 0, Skipped: 0, Time elapsed: 0.544 s -- in com.objwww.pr.control.it.PostgresReleaseAssetRepositoryTest
[INFO] Running com.objwww.pr.control.drill.domain.statemachine.DrillLifecycleTest
[INFO] Tests run: 5, Failures: 0, Errors: 0, Skipped: 0, Time elapsed: 0.003 s -- in com.objwww.pr.control.drill.domain.statemachine.DrillLifecycleTest
[INFO] Running com.objwww.pr.control.drill.domain.model.DrillJobTest
[INFO] Tests run: 4, Failures: 0, Errors: 0, Skipped: 0, Time elapsed: 0.002 s -- in com.objwww.pr.control.drill.domain.model.DrillJobTest
[INFO] Running com.objwww.pr.control.drill.application.DrillTimelineTest
[INFO] Tests run: 6, Failures: 0, Errors: 0, Skipped: 0, Time elapsed: 0.004 s -- in com.objwww.pr.control.drill.application.DrillTimelineTest
[INFO] Running com.objwww.pr.control.drill.application.DrillWorkerInjectionTest
2026-09-13T01:16:03.539+08:00  WARN 30645 --- [control-app] [           main] [                                                 ] c.o.p.c.drill.application.DrillWorker    : drill worker drill-worker-1 领取作业：drill=25d5e59f-f885-4c77-92ea-fb6878645b1f scenario=S3 env=arena-195
2026-09-13T01:16:06.544+08:00  WARN 30645 --- [control-app] [           main] [                                                 ] c.o.p.c.drill.application.DrillWorker    : drill 25d5e59f-f885-4c77-92ea-fb6878645b1f 已进入 OBSERVING——症状等待/恢复/核验推进随 DR-03/04 接线交付，本拍到此为止（作业保持活动占位）
[INFO] Tests run: 1, Failures: 0, Errors: 0, Skipped: 0, Time elapsed: 3.016 s -- in com.objwww.pr.control.drill.application.DrillWorkerInjectionTest
[INFO] Running com.objwww.pr.control.drill.application.DrillWorkerTest
2026-09-13T01:16:06.554+08:00  WARN 30645 --- [control-app] [           main] [                                                 ] c.o.p.c.drill.application.DrillWorker    : drill worker drill-worker-1 领取作业：drill=e145d544-286c-4f9a-8ca8-0e36b1b81b8d scenario=T1 env=arena-195
2026-09-13T01:16:06.554+08:00  WARN 30645 --- [control-app] [           main] [                                                 ] c.o.p.c.drill.application.DrillWorker    : drill e145d544-286c-4f9a-8ca8-0e36b1b81b8d 已进入 OBSERVING——症状等待/恢复/核验推进随 DR-03/04 接线交付，本拍到此为止（作业保持活动占位）
2026-09-13T01:16:06.556+08:00  WARN 30645 --- [control-app] [           main] [                                                 ] c.o.p.c.drill.application.DrillWorker    : drill worker drill-worker-1 领取作业：drill=b2a67f9e-94ff-41ec-9d8d-90ec18da807b scenario=T1 env=arena-195
2026-09-13T01:16:06.557+08:00  WARN 30645 --- [control-app] [           main] [                                                 ] c.o.p.c.drill.application.DrillWorker    : drill worker drill-worker-1 领取作业：drill=d9bdea65-f5bd-47bc-80d8-5976f6cb011a scenario=T1 env=arena-195
2026-09-13T01:16:06.559+08:00  WARN 30645 --- [control-app] [           main] [                                                 ] c.o.p.c.drill.application.DrillWorker    : drill worker drill-worker-1 领取作业：drill=81a93d7c-845b-4495-b90e-c83126dec4af scenario=T1 env=arena-195
2026-09-13T01:16:06.561+08:00  WARN 30645 --- [control-app] [           main] [                                                 ] c.o.p.c.drill.application.DrillWorker    : 孤儿 drill fcdaf895-48b6-43fa-9648-112a7e9fa57c → RECOVERY_FAILED（worker_lost，保留占位）
2026-09-13T01:16:06.563+08:00  WARN 30645 --- [control-app] [           main] [                                                 ] c.o.p.c.drill.application.DrillWorker    : 孤儿 drill 709ac98b-d644-4f78-b69b-2f5cd86b10d4 重排队（state=PRECHECK）
2026-09-13T01:16:06.565+08:00  WARN 30645 --- [control-app] [           main] [                                                 ] c.o.p.c.drill.application.DrillWorker    : drill worker drill-worker-1 领取作业：drill=e16524b8-27be-4b6d-a9c4-afca227994f6 scenario=T1 env=arena-195
2026-09-13T01:16:06.567+08:00  WARN 30645 --- [control-app] [           main] [                                                 ] c.o.p.c.drill.application.DrillWorker    : 孤儿 drill 8e2faa02-e047-4640-b9c9-3960df6cde52 → RECOVERY_FAILED（worker_lost，保留占位）
[INFO] Tests run: 8, Failures: 0, Errors: 0, Skipped: 0, Time elapsed: 0.018 s -- in com.objwww.pr.control.drill.application.DrillWorkerTest
[INFO] Running com.objwww.pr.control.drill.application.FlagdRestoreSweeperTest
2026-09-13T01:16:06.569+08:00  WARN 30645 --- [control-app] [           main] [                                                 ] c.o.p.c.d.a.FlagdRestoreSweeper          : flagd 截止清扫：flag=paymentFailure 冲突待处理（current=90%,generation=g1（非本次写入面：他者已改写——不覆盖、不宣称恢复成功））——不覆盖他者改写
2026-09-13T01:16:06.570+08:00  WARN 30645 --- [control-app] [           main] [                                                 ] c.o.p.c.d.a.FlagdRestoreSweeper          : flagd 截止清扫：flag=paymentFailure 已条件恢复原值（restored=off）
2026-09-13T01:16:06.570+08:00  WARN 30645 --- [control-app] [           main] [                                                 ] c.o.p.c.d.a.FlagdRestoreSweeper          : flagd 截止清扫：flag=paymentFailure 暂不可恢复（read_failed:flagd-admin 不可达）——留可恢复面重试
2026-09-13T01:16:06.571+08:00  WARN 30645 --- [control-app] [           main] [                                                 ] c.o.p.c.d.a.FlagdRestoreSweeper          : flagd 截止清扫：flag=paymentFailure 已条件恢复原值（restored=off）
[INFO] Tests run: 4, Failures: 0, Errors: 0, Skipped: 0, Time elapsed: 0.003 s -- in com.objwww.pr.control.drill.application.FlagdRestoreSweeperTest
[INFO] Running com.objwww.pr.control.drill.application.DrillWorkerFlagdDeadlineTest
2026-09-13T01:16:06.576+08:00  WARN 30645 --- [control-app] [           main] [                                                 ] c.o.p.c.drill.application.DrillWorker    : flagd drill 53c6b169-e8de-4189-8127-693c0286d4dc 超作业级截止 → RECOVERY_FAILED（保留占位）
2026-09-13T01:16:06.579+08:00  WARN 30645 --- [control-app] [           main] [                                                 ] c.o.p.c.drill.application.DrillWorker    : flagd drill adab17e9-6e9f-4cc2-b2ad-03108735cf93 超作业级截止 → RECOVERY_FAILED（保留占位）
2026-09-13T01:16:06.583+08:00  WARN 30645 --- [control-app] [           main] [                                                 ] c.o.p.c.drill.application.DrillWorker    : flagd drill e5602cce-1381-4ae1-acdd-746109958e03 超作业级截止 → RECOVERY_FAILED（保留占位）
2026-09-13T01:16:06.584+08:00  WARN 30645 --- [control-app] [           main] [                                                 ] c.o.p.c.drill.application.DrillWorker    : flagd drill 11d9b9e6-3dbe-4d68-8894-b9966cbb7069 超作业级截止 → RECOVERY_FAILED（保留占位）
[INFO] Tests run: 7, Failures: 0, Errors: 0, Skipped: 0, Time elapsed: 0.017 s -- in com.objwww.pr.control.drill.application.DrillWorkerFlagdDeadlineTest
[INFO] Running com.objwww.pr.control.drill.application.DrillJobServiceTest
[INFO] Tests run: 12, Failures: 0, Errors: 0, Skipped: 0, Time elapsed: 0.049 s -- in com.objwww.pr.control.drill.application.DrillJobServiceTest
[INFO] Running com.objwww.pr.control.drill.application.DrillWorkerCorrelationTest
2026-09-13T01:16:06.644+08:00  WARN 30645 --- [control-app] [           main] [                                                 ] c.o.p.c.drill.application.DrillWorker    : drill 05302998-f4df-471a-ba86-578e3eadfa29 关联回填：incident=9bf5a42a-52a7-4746-ba58-ce69ab8a61c3 run=null
2026-09-13T01:16:06.645+08:00  WARN 30645 --- [control-app] [           main] [                                                 ] c.o.p.c.drill.application.DrillWorker    : drill 08886945-1ef1-45dd-bafc-1b7ba00f7be6 关联回填：incident=8bd259c9-5455-4867-903f-b00befdf6454 run=9a7c47e6-2c17-474b-ba2a-1ee9a01831d3
2026-09-13T01:16:06.648+08:00  WARN 30645 --- [control-app] [           main] [                                                 ] c.o.p.c.drill.application.DrillWorker    : drill 04043a79-2613-4bcf-a5ef-66c057e1e665 关联回填：incident=9cbf64cd-c012-4158-bb00-fcdbb74e7684 run=badff7fa-09e7-441b-80ba-833591a6112c
[INFO] Tests run: 6, Failures: 0, Errors: 0, Skipped: 0, Time elapsed: 0.009 s -- in com.objwww.pr.control.drill.application.DrillWorkerCorrelationTest
[INFO] Running com.objwww.pr.control.drill.application.DrillTemplateCatalogTest
[INFO] Tests run: 5, Failures: 0, Errors: 0, Skipped: 0, Time elapsed: 0.016 s -- in com.objwww.pr.control.drill.application.DrillTemplateCatalogTest
[INFO] Running com.objwww.pr.control.drill.application.CompositeDrillInjectionTest
[INFO] Tests run: 15, Failures: 0, Errors: 0, Skipped: 0, Time elapsed: 6.082 s -- in com.objwww.pr.control.drill.application.CompositeDrillInjectionTest
[INFO] Running com.objwww.pr.control.drill.application.DrillPrecheckTest
[INFO] Tests run: 5, Failures: 0, Errors: 0, Skipped: 0, Time elapsed: 0.008 s -- in com.objwww.pr.control.drill.application.DrillPrecheckTest
[INFO] 
[INFO] Results:
[INFO] 
[WARNING] Tests run: 1787, Failures: 0, Errors: 0, Skipped: 1
[INFO] 
[INFO] ------------------------------------------------------------------------
[INFO] BUILD SUCCESS
[INFO] ------------------------------------------------------------------------
[INFO] Total time:  01:07 min
[INFO] Finished at: 2026-09-13T01:16:13+08:00
[INFO] ------------------------------------------------------------------------
